ReportNumber,VehicleCrashKey,DriverAtFault,DriverInjurySeverity,DriverSubstanceAbuse,DriverDistractedBy,VehicleType,VehicleMovement,VehicleGoingDir,VehicleDamageExtent,SpeedLimit,ParkedVehicle,SubstanceAbuseContributed,VehiclesCrashedTotal,VehicleKey,LocalCaseNumber,AgencyName,ACRSReportType,HitRun,LaneDirection,LaneNumber,NumberOfLanes,RoadGrade,NonTraffic,OffRoadIncident,AccidentAtFault,CollisionType,SurfaceCondition,Light,TrafficControl,Junction,IntersectionType,RoadAlignment,RoadCondition,RoadDivision,Latitude,Longitude,RoadKey_x,CrossStreetKey,NonMotoristTotal,NonMotoristInjury,NonMotoristFatal,DateHourKey,LocationAreaKey,Make,Year_x,BaseModel,BodyClass,Cylinders,Displacement,Transmission,Drivetrain,FuelType,CityMPG,HighwayMPG,RoadName_x,RouteType_x,RoadName_y,RouteType_y,RoadKey_y,Zipcode,MailCity,ShapeLength,ShapeArea,CentroidLatitude,CentroidLongitude,Temperature,Humidity,Precipitation,Rain,Snow,WindSpeed,WindDirection,WeatherKey,Datetime,Hour,TimeOfDay,DayNumber,WeekDayNumber,WeekDayName,WeekendFlag,MonthNumber,MonthName,Year_y,HolidayFlag,HolidayName
MCP32550017,DAA2788AC1484A75BEACD6C20E66445B,True,NO APPARENT INJURY,UNKNOWN,UNKNOWN,PASSENGER,MOVING CONSTANT SPEED,North,UNKNOWN,35,False,False,2,1586995011064898,210000855,Montgomery County Police,Property Damage ,True,North,0,3,LEVEL,False,False,DRIVER,SAME DIR REND RIGHT TURN,DRY,DUSK,UNKNOWN,UNKNOWN,UNKNOWN,STRAIGHT,NO DEFECTS,"TWO-WAY, DIVIDED, POSITIVE MEDIAN BARRIER",38.99608654,-77.07705633,1627793738140795,9551889019279983,0,0,0,2021010718,7707842038983818,Infiniti,2013,G37,Subcompact Cars,6.0,3.7,Automatic 7,RWD,Premium Gasoline,17,25,CONNECTICUT AVE,Maryland (State),MANOR RD,County,9551889019279983,20815,CHEVY CHASE,78258.2702851,151813895.483,38.98381860627773,-77.07842006190148,3.7245002,63.693363,0.0,0.0,0.0,7.7879906,303.6901,210107187078489838,2021-01-07 18:00:00,18,PM,7,3,Thursday,0,1,January,2021,0,Unknown
MCP3262000T,7780C4FA0F3249D3A82DACC826C3DC08,True,NO APPARENT INJURY,ALCOHOL,INATTENTIVE OR LOST IN THOUGHT,PASSENGER,SLOWING OR STOPPING,North,FUNCTIONAL,5,False,False,2,8319853372005277,210000864,Montgomery County Police,Property Damage ,True,North,0,1,GRADE DOWNHILL,False,False,DRIVER,SAME DIR REAR END,DRY,DARK LIGHTS ON,NO CONTROLS,RESIDENTIAL DRIVEWAY,UNKNOWN,STRAIGHT,NO DEFECTS,"TWO-WAY, NOT DIVIDED",39.00251228,-76.9860389,7883959838840872,896401397751295,0,0,0,2021010721,7698354239018293,Chevrolet,2007,Van 1500,"Vans, Cargo Type",8.0,5.3,Automatic 4,AWD,Regular Gasoline,13,16,PINEY BRANCH RD,Maryland (State),ENT TO APTS,UNKNOWN,896401397751295,20903,SILVER SPRING,50204.7192451,65972447.4483,39.01829365940637,-76.9835422251861,0.8845,73.79006,0.0,0.0,0.0,7.8625183,344.05453,210107216983590182,2021-01-07 21:00:00,21,PM,7,3,Thursday,0,1,January,2021,0,Unknown
MCP3262000T,AA66163652864E6981161A20EDFC8C34,False,NO APPARENT INJURY,UNKNOWN,NOT DISTRACTED,PASSENGER,PARKING,North,SUPERFICIAL,5,False,False,2,7871367620570760,210000864,Montgomery County Police,Property Damage ,True,North,0,1,GRADE DOWNHILL,False,False,DRIVER,SAME DIR REAR END,DRY,DARK LIGHTS ON,NO CONTROLS,RESIDENTIAL DRIVEWAY,UNKNOWN,STRAIGHT,NO DEFECTS,"TWO-WAY, NOT DIVIDED",39.00251228,-76.9860389,7883959838840872,896401397751295,0,0,0,2021010721,7698354239018293,Toyota,2019,RAV4,Small Sport Utility Vehicle 4WD,4.0,2.5,Automatic 8,AWD,Regular Gasoline,25,33,PINEY BRANCH RD,Maryland (State),ENT TO APTS,UNKNOWN,896401397751295,20903,SILVER SPRING,50204.7192451,65972447.4483,39.01829365940637,-76.9835422251861,0.8845,73.79006,0.0,0.0,0.0,7.8625183,344.05453,210107216983590182,2021-01-07 21:00:00,21,PM,7,3,Thursday,0,1,January,2021,0,Unknown
DM8376000Y,1426FF69A1F640DD8EDF9EFF8C7632AC,True,NO APPARENT INJURY,UNKNOWN,LOOKED BUT DID NOT SEE,EMERGENCY,MAKING LEFT TURN,East,NO DAMAGE,25,False,False,1,3777471195858314,210000868,Takoma Park Police Depart,Property Damage ,False,East,1,2,LEVEL,False,False,DRIVER,SINGLE VEHICLE,DRY,DARK LIGHTS ON,TRAFFIC SIGNAL,INTERSECTION,FOUR-WAY INTERSECTION,STRAIGHT,NO DEFECTS,"TWO-WAY, DIVIDED, UNPROTECTED PAINTED MIN 4 FEET",38.98487317,-76.99839933,1436926816846265,8859724431699981,0,0,0,2021010721,7700204038982546,Ford,2016,Explorer,Standard Sport Utility Vehicle 4WD,6.0,3.5,Automatic 6,AWD,Regular Gasoline,16,23,FLOWER AVE,Maryland (State),CARROLL AVE,Maryland (State),8859724431699981,20912,TAKOMA PARK,51232.0653417,65209197.2692,38.98254687160147,-77.00204079343348,0.948,75.74781,0.0,0.0,0.0,7.754637,338.19852,210107217002089825,2021-01-07 21:00:00,21,PM,7,3,Thursday,0,1,January,2021,0,Unknown
DM8490000K,03826D56654F42C299D0A08FD3750E95,False,NO APPARENT INJURY,UNKNOWN,NOT DISTRACTED,PASSENGER,MOVING CONSTANT SPEED,South,DISABLING,35,False,False,2,5082261840683242,210000961,Takoma Park Police Depart,Property Damage ,False,South,1,3,LEVEL,False,False,DRIVER,SAME DIR REAR END,DRY,DAYLIGHT,UNKNOWN,UNKNOWN,UNKNOWN,STRAIGHT,NO DEFECTS,OTHER,38.97918567,-76.99074533,8901981419077344,3278547711578598,0,0,0,2021010814,7700204038982546,Hyundai,2017,Elantra,Midsize Cars,4.0,2.0,Automatic 6,FWD,Regular Gasoline,24,32,NEW HAMPSHIRE AVE,Maryland (State),LINDEN AVE,Municipality,3278547711578598,20912,TAKOMA PARK,51232.0653417,65209197.2692,38.98254687160147,-77.00204079343348,1.4979999,62.688168,0.0,0.0,0.0,8.049845,333.43503,210108147002089825,2021-01-08 14:00:00,14,PM,8,4,Friday,0,1,January,2021,0,Unknown
DM8490000K,16F7D9ACBF544F98A1C3242629CC2AB1,True,NO APPARENT INJURY,UNKNOWN,LOOKED BUT DID NOT SEE,PASSENGER,ACCELERATING,South,DISABLING,35,False,False,2,2109319682015108,210000961,Takoma Park Police Depart,Property Damage ,False,South,1,3,LEVEL,False,False,DRIVER,SAME DIR REAR END,DRY,DAYLIGHT,UNKNOWN,UNKNOWN,UNKNOWN,STRAIGHT,NO DEFECTS,OTHER,38.97918567,-76.99074533,8901981419077344,3278547711578598,0,0,0,2021010814,7700204038982546,Acura,2006,MDX,Sport Utility Vehicle - 4WD,6.0,3.5,Automatic 5,AWD,Premium Gasoline,15,21,NEW HAMPSHIRE AVE,Maryland (State),LINDEN AVE,Municipality,3278547711578598,20912,TAKOMA PARK,51232.0653417,65209197.2692,38.98254687160147,-77.00204079343348,1.4979999,62.688168,0.0,0.0,0.0,8.049845,333.43503,210108147002089825,2021-01-08 14:00:00,14,PM,8,4,Friday,0,1,January,2021,0,Unknown
MCP2995007B,41D1F41367D348B8A303899D52BF4977,True,NO APPARENT INJURY,NONE,LOOKED BUT DID NOT SEE,PASSENGER,MOVING CONSTANT SPEED,North,DISABLING,35,False,False,2,1846971718216654,210000986,Montgomery County Police,Property Damage ,False,North,3,3,LEVEL,False,False,DRIVER,SAME DIR REAR END,DRY,DARK LIGHTS ON,NO CONTROLS,UNKNOWN,UNKNOWN,STRAIGHT,NO DEFECTS,"TWO-WAY, DIVIDED, UNPROTECTED PAINTED MIN 4 FEET",39.09881,-77.07747,8554262040045692,3786639377990067,0,0,0,2021010816,7705486039088590,Subaru,2002,Legacy/Outback,Compact Cars,4.0,2.5,Automatic 4,AWD,Regular Gasoline,19,25,GEORGIA AVE,Maryland (State),BEL PRE RD,County,3786639377990067,20906,SILVER SPRING,133207.174949,359110751.771,39.08859082555049,-77.05486091907257,3.0325,56.988914,0.0,0.0,0.0,7.072878,345.25638,210108167054890885,2021-01-08 16:00:00,16,PM,8,4,Friday,0,1,January,2021,0,Unknown
MCP2995007B,E898F1CB80D34B568D335CFE01C57DA0,False,NO APPARENT INJURY,NONE,NOT DISTRACTED,PASSENGER,MOVING CONSTANT SPEED,North,NO DAMAGE,35,False,False,2,3063454694624351,210000986,Montgomery County Police,Property Damage ,False,North,3,3,LEVEL,False,False,DRIVER,SAME DIR REAR END,DRY,DARK LIGHTS ON,NO CONTROLS,UNKNOWN,UNKNOWN,STRAIGHT,NO DEFECTS,"TWO-WAY, DIVIDED, UNPROTECTED PAINTED MIN 4 FEET",39.09881,-77.07747,8554262040045692,3786639377990067,0,0,0,2021010816,7705486039088590,Ford,2014,F150,Standard Pickup Trucks 4WD,6.0,3.5,Automatic 6,4WD,Regular Gasoline,15,21,GEORGIA AVE,Maryland (State),BEL PRE RD,County,3786639377990067,20906,SILVER SPRING,133207.174949,359110751.771,39.08859082555049,-77.05486091907257,3.0325,56.988914,0.0,0.0,0.0,7.072878,345.25638,210108167054890885,2021-01-08 16:00:00,16,PM,8,4,Friday,0,1,January,2021,0,Unknown
MCP3139002D,EBD41B2C993649619C425EE538CA70B4,True,NO APPARENT INJURY,ALCOHOL,OTHER DISTRACTION,PASSENGER,OTHER,East,SUPERFICIAL,0,False,False,2,5271482025660231,210000996,Montgomery County Police,Property Damage ,False,UNKNOWN,0,0,UNKNOWN,True,True,DRIVER,OTHER,UNKNOWN,DARK LIGHTS ON,NO CONTROLS,UNKNOWN,UNKNOWN,UNKNOWN,UNKNOWN,UNKNOWN,39.02088385,-76.97574542,7781945108562677,7781945108562677,0,0,0,2021010817,7698354239018293,Chevrolet,2007,Silverado,Standard Pickup Trucks 2WD,8.0,5.3,Automatic 4,AWD,Regular Gasoline,14,19,UNKNOWN,UNKNOWN,UNKNOWN,UNKNOWN,7781945108562677,20903,SILVER SPRING,50204.7192451,65972447.4483,39.01829365940637,-76.9835422251861,2.8845,58.913544,0.0,0.0,0.0,7.8625183,344.05453,210108176983590182,2021-01-08 17:00:00,17,PM,8,4,Friday,0,1,January,2021,0,Unknown
MCP3139002D,25A6543098574F918AC5B04408F6A06A,False,NO APPARENT INJURY,UNKNOWN,NOT DISTRACTED,PASSENGER,UNKNOWN,East,SUPERFICIAL,0,False,False,2,7285498133849713,210000996,Montgomery County Police,Property Damage ,False,UNKNOWN,0,0,UNKNOWN,True,True,DRIVER,OTHER,UNKNOWN,DARK LIGHTS ON,NO CONTROLS,UNKNOWN,UNKNOWN,UNKNOWN,UNKNOWN,UNKNOWN,39.02088385,-76.97574542,7781945108562677,7781945108562677,0,0,0,2021010817,7698354239018293,Honda,2002,Civic,Compact Cars,4.0,1.7,Manual 5,FWD,Regular Gasoline,26,36,UNKNOWN,UNKNOWN,UNKNOWN,UNKNOWN,7781945108562677,20903,SILVER SPRING,50204.7192451,65972447.4483,39.01829365940637,-76.9835422251861,2.8845,58.913544,0.0,0.0,0.0,7.8625183,344.05453,210108176983590182,2021-01-08 17:00:00,17,PM,8,4,Friday,0,1,January,2021,0,Unknown
MCP2739003T,82F85BEE27F74B12A6C1A9C74B1DC8CF,True,NO APPARENT INJURY,UNKNOWN,UNKNOWN,PASSENGER,UNKNOWN,North,FUNCTIONAL,40,False,False,2,3097115313653538,210001033,Montgomery County Police,Property Damage ,True,North,0,3,HILL UPHILL,False,False,DRIVER,SAME DIR REAR END,DRY,DARK LIGHTS ON,NO CONTROLS,NON INTERSECTION,UNKNOWN,STRAIGHT,NO DEFECTS,"TWO-WAY, DIVIDED, POSITIVE MEDIAN BARRIER",39.01112993,-76.97898574,8901981419077344,2997347885756929,0,0,0,2021010823,7698354239018293,Honda,2003,Accord,Midsize Cars,4.0,2.4,Automatic 5,FWD,Regular Gasoline,18,27,NEW HAMPSHIRE AVE,Maryland (State),ADELPHI RD,County,2997347885756929,20903,SILVER SPRING,50204.7192451,65972447.4483,39.01829365940637,-76.9835422251861,-0.8655,68.61231,0.0,0.0,0.0,13.527572,334.79892,210108236983590182,2021-01-08 23:00:00,23,PM,8,4,Friday,0,1,January,2021,0,Unknown
MCP2739003T,7FB53BD6BA2E476FBAD472A17934F514,False,NO APPARENT INJURY,NONE,NOT DISTRACTED,PASSENGER,MOVING CONSTANT SPEED,North,FUNCTIONAL,40,False,False,2,8525273538772488,210001033,Montgomery County Police,Property Damage ,True,North,0,3,HILL UPHILL,False,False,DRIVER,SAME DIR REAR END,DRY,DARK LIGHTS ON,NO CONTROLS,NON INTERSECTION,UNKNOWN,STRAIGHT,NO DEFECTS,"TWO-WAY, DIVIDED, POSITIVE MEDIAN BARRIER",39.01112993,-76.97898574,8901981419077344,2997347885756929,0,0,0,2021010823,7698354239018293,Toyota,2007,Camry,Compact Cars,4.0,2.4,Automatic 5,FWD,Regular Gasoline,21,31,NEW HAMPSHIRE AVE,Maryland (State),ADELPHI RD,County,2997347885756929,20903,SILVER SPRING,50204.7192451,65972447.4483,39.01829365940637,-76.9835422251861,-0.8655,68.61231,0.0,0.0,0.0,13.527572,334.79892,210108236983590182,2021-01-08 23:00:00,23,PM,8,4,Friday,0,1,January,2021,0,Unknown
MCP91130070,B416CFE035B4446C9891245E0FFAF645,False,NO APPARENT INJURY,NONE,NOT DISTRACTED,PASSENGER,MOVING CONSTANT SPEED,South,DISABLING,25,False,False,2,3958625701377399,210001100,Montgomery County Police,Property Damage ,False,South,1,1,LEVEL,False,False,DRIVER,STRAIGHT MOVEMENT ANGLE,DRY,DAYLIGHT,STOP SIGN,INTERSECTION,FOUR-WAY INTERSECTION,STRAIGHT,NO DEFECTS,"TWO-WAY, NOT DIVIDED",39.06148,-77.07553167,15643436862997,4713999508398201,1,0,0,2021010913,7705486039088590,GMC,2019,Terrain,Small Sport Utility Vehicle 2WD,4.0,1.5,Automatic 9,AWD,Diesel,28,28,ATHERTON DR,County,GREENLY ST,County,4713999508398201,20906,SILVER SPRING,133207.174949,359110751.771,39.08859082555049,-77.05486091907257,3.5325,32.97787,0.0,0.0,0.0,17.373497,325.9806,210109137054890885,2021-01-09 13:00:00,13,PM,9,5,Saturday,1,1,January,2021,0,Unknown
MCP91130070,2BD738E020EB4D57979B9AC04BAF4BAC,True,NO APPARENT INJURY,NONE,NOT DISTRACTED,PASSENGER,MAKING LEFT TURN,West,FUNCTIONAL,25,False,False,2,1875139562785746,210001100,Montgomery County Police,Property Damage ,False,South,1,1,LEVEL,False,False,DRIVER,STRAIGHT MOVEMENT ANGLE,DRY,DAYLIGHT,STOP SIGN,INTERSECTION,FOUR-WAY INTERSECTION,STRAIGHT,NO DEFECTS,"TWO-WAY, NOT DIVIDED",39.06148,-77.07553167,15643436862997,4713999508398201,1,0,0,2021010913,7705486039088590,BMW,2004,X3,Sport Utility Vehicle - 4WD,6.0,2.5,Automatic 5,AWD,Premium Gasoline,15,22,ATHERTON DR,County,GREENLY ST,County,4713999508398201,20906,SILVER SPRING,133207.174949,359110751.771,39.08859082555049,-77.05486091907257,3.5325,32.97787,0.0,0.0,0.0,17.373497,325.9806,210109137054890885,2021-01-09 13:00:00,13,PM,9,5,Saturday,1,1,January,2021,0,Unknown
DM8386001F,A13D02ADF6564BEB9899733DECDB72B8,False,NO APPARENT INJURY,UNKNOWN,UNKNOWN,PASSENGER,MOVING CONSTANT SPEED,South,UNKNOWN,25,False,False,2,5952593311845853,210001127,Takoma Park Police Depart,Property Damage ,True,UNKNOWN,1,1,LEVEL,False,False,DRIVER,ANGLE MEETS RIGHT TURN,DRY,DAYLIGHT,NO CONTROLS,INTERSECTION,T-INTERSECTION,STRAIGHT,NO DEFECTS,"TWO-WAY, NOT DIVIDED",38.97892594,-77.00544489,4323499834606588,8859724431699981,0,0,0,2021010914,7700204038982546,Honda,1995,Accord,Compact Cars,4.0,2.2,Automatic 4,FWD,Regular Gasoline,21,27,LEE AVE,Municipality,CARROLL AVE,Maryland (State),8859724431699981,20912,TAKOMA PARK,51232.0653417,65209197.2692,38.98254687160147,-77.00204079343348,4.998,31.253908,0.0,0.0,0.0,18.892282,329.03632,210109147002089825,2021-01-09 14:00:00,14,PM,9,5,Saturday,1,1,January,2021,0,Unknown
DM8386001F,13FDD507EAA24E6AB546215D9E0058A7,True,NO APPARENT INJURY,NONE,UNKNOWN,PASSENGER,MAKING RIGHT TURN,West,SUPERFICIAL,25,False,False,2,9530107350563546,210001127,Takoma Park Police Depart,Property Damage ,True,UNKNOWN,1,1,LEVEL,False,False,DRIVER,ANGLE MEETS RIGHT TURN,DRY,DAYLIGHT,NO CONTROLS,INTERSECTION,T-INTERSECTION,STRAIGHT,NO DEFECTS,"TWO-WAY, NOT DIVIDED",38.97892594,-77.00544489,4323499834606588,8859724431699981,0,0,0,2021010914,7700204038982546,Nissan,2010,Rogue,Sport Utility Vehicle - 2WD,4.0,2.5,Automatic CVT,AWD,Regular Gasoline,21,26,LEE AVE,Municipality,CARROLL AVE,Maryland (State),8859724431699981,20912,TAKOMA PARK,51232.0653417,65209197.2692,38.98254687160147,-77.00204079343348,4.998,31.253908,0.0,0.0,0.0,18.892282,329.03632,210109147002089825,2021-01-09 14:00:00,14,PM,9,5,Saturday,1,1,January,2021,0,Unknown
MCP1202004R,EBAEE823A0F34C8CBF92B5A88E87B39D,False,NO APPARENT INJURY,NONE,NOT DISTRACTED,PASSENGER,ACCELERATING,North,FUNCTIONAL,25,False,False,2,8522085088734485,210001103,Montgomery County Police,Property Damage ,False,North,1,2,HILL UPHILL,False,False,DRIVER,SAME DIRECTION LEFT TURN,DRY,DAYLIGHT,NO CONTROLS,INTERSECTION RELATED,T-INTERSECTION,CURVE LEFT,NO DEFECTS,"TWO-WAY, NOT DIVIDED",38.9615,-77.114,8685500709061015,7107354585663754,0,0,0,2021010914,7711806238956479,Audi,2018,A5,Subcompact Cars,4.0,2.0,Automatic 7,AWD,Premium Gasoline,24,34,BROOKEWAY DR,County,CHESTER BROOK RD,County,7107354585663754,20816,BETHESDA,58716.1248449,117565480.431,38.95647982277882,-77.11806249046538,4.8475,32.5984,0.0,0.0,0.0,18.971008,326.61145,210109147118089564,2021-01-09 14:00:00,14,PM,9,5,Saturday,1,1,January,2021,0,Unknown
MCP1202004R,27D2CE172848453B9BC14C7E5579751B,True,NO APPARENT INJURY,NONE,LOOKED BUT DID NOT SEE,PASSENGER,STARTING FROM PARKED,North,FUNCTIONAL,25,False,False,2,8690921057660712,210001103,Montgomery County Police,Property Damage ,False,North,1,2,HILL UPHILL,False,False,DRIVER,SAME DIRECTION LEFT TURN,DRY,DAYLIGHT,NO CONTROLS,INTERSECTION RELATED,T-INTERSECTION,CURVE LEFT,NO DEFECTS,"TWO-WAY, NOT DIVIDED",38.9615,-77.114,8685500709061015,7107354585663754,0,0,0,2021010914,7711806238956479,Ford,2000,Windstar,Minivan - 2WD,6.0,3.0,Automatic 4,FWD,Regular Gasoline,15,21,BROOKEWAY DR,County,CHESTER BROOK RD,County,7107354585663754,20816,BETHESDA,58716.1248449,117565480.431,38.95647982277882,-77.11806249046538,4.8475,32.5984,0.0,0.0,0.0,18.971008,326.61145,210109147118089564,2021-01-09 14:00:00,14,PM,9,5,Saturday,1,1,January,2021,0,Unknown
MCP2313001B,72282918C36842479347CF52370BF0D2,True,NO APPARENT INJURY,ALCOHOL,UNKNOWN,PASSENGER,MOVING CONSTANT SPEED,North,DESTROYED,30,False,False,1,5552969937752727,210001149,Montgomery County Police,Property Damage ,False,North,1,1,GRADE DOWNHILL,False,False,DRIVER,SINGLE VEHICLE,DRY,DARK LIGHTS ON,NO CONTROLS,INTERSECTION,T-INTERSECTION,STRAIGHT,NO DEFECTS,"TWO-WAY, NOT DIVIDED",38.9924477,-76.99296521,8859724431699981,7881664133005444,0,0,0,2021010919,7700204038982546,Chevrolet,2010,Silverado,Standard Pickup Trucks 2WD,8.0,5.3,Automatic 6,RWD,Regular Gasoline,15,19,CARROLL AVE,Maryland (State),MERRIMAC DR,Municipality,7881664133005444,20912,TAKOMA PARK,51232.0653417,65209197.2692,38.98254687160147,-77.00204079343348,3.698,50.46998,0.0,0.0,0.0,15.379206,327.42596,210109197002089825,2021-01-09 19:00:00,19,PM,9,5,Saturday,1,1,January,2021,0,Unknown
MCP2739003V,B23DBF1A952448189DEEBD3206823456,False,NO APPARENT INJURY,NONE,NOT DISTRACTED,PASSENGER,MOVING CONSTANT SPEED,North,DISABLING,40,False,False,2,8243785693790468,210001162,Montgomery County Police,Property Damage ,True,North,2,3,HILL UPHILL,False,False,DRIVER,STRAIGHT MOVEMENT ANGLE,DRY,DARK LIGHTS ON,TRAFFIC SIGNAL,INTERSECTION,FOUR-WAY INTERSECTION,STRAIGHT,NO DEFECTS,"TWO-WAY, DIVIDED, POSITIVE MEDIAN BARRIER",39.01189333,-76.978795,8901981419077344,2997347885756929,0,0,0,2021010922,7698354239018293,Toyota,2010,Camry,Midsize Cars,4.0,2.5,Automatic 6,FWD,Regular Gasoline,22,28,NEW HAMPSHIRE AVE,Maryland (State),ADELPHI RD,County,2997347885756929,20903,SILVER SPRING,50204.7192451,65972447.4483,39.01829365940637,-76.9835422251861,2.4845002,57.710396,0.0,0.0,0.0,20.150354,318.62158,210109226983590182,2021-01-09 22:00:00,22,PM,9,5,Saturday,1,1,January,2021,0,Unknown
MCP2739003V,3E795A1DFBCC49D9A015D10E850036EE,True,NO APPARENT INJURY,UNKNOWN,UNKNOWN,PASSENGER,RIGHT TURN ON RED,West,FUNCTIONAL,40,False,False,2,1456581757444973,210001162,Montgomery County Police,Property Damage ,True,North,2,3,HILL UPHILL,False,False,DRIVER,STRAIGHT MOVEMENT ANGLE,DRY,DARK LIGHTS ON,TRAFFIC SIGNAL,INTERSECTION,FOUR-WAY INTERSECTION,STRAIGHT,NO DEFECTS,"TWO-WAY, DIVIDED, POSITIVE MEDIAN BARRIER",39.01189333,-76.978795,8901981419077344,2997347885756929,0,0,0,2021010922,7698354239018293,Dodge,2001,Neon,Compact Cars,4.0,2.0,Automatic 3,FWD,Regular Gasoline,21,28,NEW HAMPSHIRE AVE,Maryland (State),ADELPHI RD,County,2997347885756929,20903,SILVER SPRING,50204.7192451,65972447.4483,39.01829365940637,-76.9835422251861,2.4845002,57.710396,0.0,0.0,0.0,20.150354,318.62158,210109226983590182,2021-01-09 22:00:00,22,PM,9,5,Saturday,1,1,January,2021,0,Unknown
MCP3214000Z,F299D3F81BB24647B3C4469C1DF1D390,True,SUSPECTED MINOR INJURY,NONE,OTHER DISTRACTION,PASSENGER,MOVING CONSTANT SPEED,North,DISABLING,25,False,False,1,3706795429459167,210001176,Montgomery County Police,Injury ,True,UNKNOWN,0,0,UNKNOWN,True,True,DRIVER,OTHER,UNKNOWN,DARK NO LIGHTS,NO CONTROLS,UNKNOWN,UNKNOWN,UNKNOWN,UNKNOWN,UNKNOWN,39.09112824,-77.05373648,7781945108562677,7781945108562677,0,0,0,2021011002,7705486039088590,Mercedes-Benz,0,Unknown,Unknown,0.0,0.0,Unknown,Unknown,Unknown,0,0,UNKNOWN,UNKNOWN,UNKNOWN,UNKNOWN,7781945108562677,20906,SILVER SPRING,133207.174949,359110751.771,39.08859082555049,-77.05486091907257,0.8325,59.96311,0.0,0.0,0.0,16.704155,322.88306,210110027054890885,2021-01-10 02:00:00,2,AM,10,6,Sunday,1,1,January,2021,0,Unknown
MCP2182002F,CB6800A167064EDF82D01E050BB69FCE,False,NO APPARENT INJURY,NONE,NOT DISTRACTED,PASSENGER,MOVING CONSTANT SPEED,West,DISABLING,35,False,False,2,9624692253622767,210001188,Montgomery County Police,Property Damage ,False,West,1,2,LEVEL,False,False,UNKNOWN,STRAIGHT MOVEMENT ANGLE,DRY,DAWN,TRAFFIC SIGNAL,INTERSECTION,FOUR-WAY INTERSECTION,STRAIGHT,NO DEFECTS,"TWO-WAY, DIVIDED, UNPROTECTED PAINTED MIN 4 FEET",39.090648,-77.0480694,3786639377990067,6376360919158303,0,0,0,2021011007,7705486039088590,Mazda,2015,5,Minivan - 2WD,4.0,2.5,Automatic 5,FWD,Regular Gasoline,21,28,BEL PRE RD,County,PARKER FARM WAY,Other Public Roadway,6376360919158303,20906,SILVER SPRING,133207.174949,359110751.771,39.08859082555049,-77.05486091907257,-1.6675,68.70157,0.0,0.0,0.0,10.195057,317.86246,210110077054890885,2021-01-10 07:00:00,7,AM,10,6,Sunday,1,1,January,2021,0,Unknown
MCP2182002F,92A9D21FD961481AA7EC09BED4C7A9FE,False,NO APPARENT INJURY,NONE,NOT DISTRACTED,PASSENGER,MAKING LEFT TURN,North,FUNCTIONAL,35,False,False,2,5867016767515145,210001188,Montgomery County Police,Property Damage ,False,West,1,2,LEVEL,False,False,UNKNOWN,STRAIGHT MOVEMENT ANGLE,DRY,DAWN,TRAFFIC SIGNAL,INTERSECTION,FOUR-WAY INTERSECTION,STRAIGHT,NO DEFECTS,"TWO-WAY, DIVIDED, UNPROTECTED PAINTED MIN 4 FEET",39.090648,-77.0480694,3786639377990067,6376360919158303,0,0,0,2021011007,7705486039088590,Honda,2017,CR-V,Small Sport Utility Vehicle 2WD,4.0,1.5,Automatic CVT,AWD,Regular Gasoline,25,31,BEL PRE RD,County,PARKER FARM WAY,Other Public Roadway,6376360919158303,20906,SILVER SPRING,133207.174949,359110751.771,39.08859082555049,-77.05486091907257,-1.6675,68.70157,0.0,0.0,0.0,10.195057,317.86246,210110077054890885,2021-01-10 07:00:00,7,AM,10,6,Sunday,1,1,January,2021,0,Unknown
MCP3122003T,8FD67B29AF9D41BD8374C81219B1ED00,True,SUSPECTED MINOR INJURY,NONE,NOT DISTRACTED,PASSENGER,ACCELERATING,East,DISABLING,10,False,False,1,2128459630309150,210001199,Montgomery County Police,Injury ,False,UNKNOWN,0,0,UNKNOWN,True,True,DRIVER,SINGLE VEHICLE,UNKNOWN,DAYLIGHT,UNKNOWN,UNKNOWN,UNKNOWN,UNKNOWN,UNKNOWN,UNKNOWN,39.11199833,-77.068645,7781945108562677,7781945108562677,0,0,0,2021011010,7705486039088590,Subaru,2011,Legacy/Outback,Midsize Cars,4.0,2.5,Manual 6,AWD,Regular Gasoline,18,24,UNKNOWN,UNKNOWN,UNKNOWN,UNKNOWN,7781945108562677,20906,SILVER SPRING,133207.174949,359110751.771,39.08859082555049,-77.05486091907257,0.98249996,60.69052,0.0,0.0,0.0,12.096214,306.52896,210110107054890885,2021-01-10 10:00:00,10,AM,10,6,Sunday,1,1,January,2021,0,Unknown
MCP93860082,DE59A455196C41CBBD155C1ACC7BE59A,True,NO APPARENT INJURY,UNKNOWN,UNKNOWN,UNKNOWN,UNKNOWN,UNKNOWN,UNKNOWN,15,False,False,1,8168321465439775,210001280,Montgomery County Police,Property Damage ,True,UNKNOWN,0,0,UNKNOWN,True,True,DRIVER,SAME DIRECTION SIDESWIPE,UNKNOWN,UNKNOWN,NO CONTROLS,UNKNOWN,UNKNOWN,UNKNOWN,UNKNOWN,UNKNOWN,38.99133415,-77.09776682,7781945108562677,7781945108562677,0,0,0,2021011107,7710072538987731,Unknown,0,Unknown,Unknown,0.0,0.0,Unknown,Unknown,Unknown,0,0,UNKNOWN,UNKNOWN,UNKNOWN,UNKNOWN,7781945108562677,20814,BETHESDA,46411.6876883,47837334.4314,38.98773167577017,-77.10072590539887,-1.9015,79.647224,0.0,0.0,0.0,5.937272,75.96373,210111077100789877,2021-01-11 07:00:00,7,AM,11,0,Monday,0,1,January,2021,0,Unknown