ReportNumber,VehicleCrashKey,DriverAtFault,DriverInjurySeverity,DriverSubstanceAbuse,DriverDistractedBy,VehicleType,VehicleMovement,VehicleGoingDir,VehicleDamageExtent,SpeedLimit,ParkedVehicle,SubstanceAbuseContributed,VehiclesCrashedTotal,VehicleKey,LocalCaseNumber,AgencyName,ACRSReportType,HitRun,LaneDirection,LaneNumber,NumberOfLanes,RoadGrade,NonTraffic,OffRoadIncident,AccidentAtFault,CollisionType,SurfaceCondition,Light,TrafficControl,Junction,IntersectionType,RoadAlignment,RoadCondition,RoadDivision,Latitude,Longitude,RoadKey_x,CrossStreetKey,NonMotoristTotal,NonMotoristInjury,NonMotoristFatal,DateHourKey,LocationAreaKey,Make,Year_x,BaseModel,BodyClass,Cylinders,Displacement,Transmission,Drivetrain,FuelType,CityMPG,HighwayMPG,RoadName_x,RouteType_x,RoadName_y,RouteType_y,RoadKey_y,Zipcode,MailCity,ShapeLength,ShapeArea,CentroidLatitude,CentroidLongitude,Temperature,Humidity,Precipitation,Rain,Snow,WindSpeed,WindDirection,WeatherKey,Datetime,Hour,TimeOfDay,DayNumber,WeekDayNumber,WeekDayName,WeekendFlag,MonthNumber,MonthName,Year_y,HolidayFlag,HolidayName
MCP1323001C,CC5D2CDF4FA04837B97E8F6E44AA8386,False,NO APPARENT INJURY,NONE,NOT DISTRACTED,PASSENGER,PARKED,UNKNOWN,SUPERFICIAL,5,True,False,2,2815627384783423,210002331,Montgomery County Police,Property Damage ,True,UNKNOWN,0,0,UNKNOWN,True,True,UNKNOWN,OPPOSITE DIR BOTH LEFT TURN,UNKNOWN,OTHER,NO CONTROLS,UNKNOWN,UNKNOWN,UNKNOWN,UNKNOWN,UNKNOWN,38.99191684,-77.0285277,7781945108562677,7781945108562677,0,0,0,2021011911,7703596439001907,Honda,2017,Accord,Midsize Cars,4.0,2.4,Automatic 6,FWD,Regular Gasoline,21,32,UNKNOWN,UNKNOWN,UNKNOWN,UNKNOWN,7781945108562677,20910,SILVER SPRING,82846.1568889,126320091.137,39.00190768010143,-77.03596497235911,2.7465,60.221188,0.0,0.0,0.0,10.685391,212.61923,210119117035990019,2021-01-19 11:00:00,11,AM,19,1,Tuesday,0,1,January,2021,0,Unknown
MCP1323001C,C025DBDE91E4428E9B0C5E58B9465488,False,NO APPARENT INJURY,NONE,NOT DISTRACTED,PASSENGER,MAKING LEFT TURN,UNKNOWN,NO DAMAGE,5,False,False,2,799640412659055,210002331,Montgomery County Police,Property Damage ,True,UNKNOWN,0,0,UNKNOWN,True,True,UNKNOWN,OPPOSITE DIR BOTH LEFT TURN,UNKNOWN,OTHER,NO CONTROLS,UNKNOWN,UNKNOWN,UNKNOWN,UNKNOWN,UNKNOWN,38.99191684,-77.0285277,7781945108562677,7781945108562677,0,0,0,2021011911,7703596439001907,Jeep,2019,Compass,Small Sport Utility Vehicle 2WD,4.0,2.4,Manual 6,AWD,Regular Gasoline,22,31,UNKNOWN,UNKNOWN,UNKNOWN,UNKNOWN,7781945108562677,20910,SILVER SPRING,82846.1568889,126320091.137,39.00190768010143,-77.03596497235911,2.7465,60.221188,0.0,0.0,0.0,10.685391,212.61923,210119117035990019,2021-01-19 11:00:00,11,AM,19,1,Tuesday,0,1,January,2021,0,Unknown
MCP2353008S,1E5CD5ED7E8244379ECFC828CF3C75C3,True,NO APPARENT INJURY,NONE,LOOKED BUT DID NOT SEE,PASSENGER,BACKING,West,SUPERFICIAL,15,False,False,1,5376091160887863,210002327,Montgomery County Police,Property Damage ,True,UNKNOWN,0,0,UNKNOWN,True,True,DRIVER,OTHER,UNKNOWN,UNKNOWN,NO CONTROLS,UNKNOWN,UNKNOWN,UNKNOWN,UNKNOWN,UNKNOWN,39.02821333,-77.07692667,7781945108562677,7781945108562677,0,0,0,2021011912,7707527239025656,Mercedes-Benz,2012,SLS AMG,Two Seaters,8.0,6.2,Automatic 7,RWD,Premium Gasoline,14,20,UNKNOWN,UNKNOWN,UNKNOWN,UNKNOWN,7781945108562677,20895,KENSINGTON,70838.1492765,106180148.023,39.02565657266069,-77.07527294437958,4.3455,55.23219,0.0,0.0,0.0,10.296251,216.46933,210119127075290256,2021-01-19 12:00:00,12,PM,19,1,Tuesday,0,1,January,2021,0,Unknown
MCP3069003C,574F31EEE66E43B7A9D9B7F7320EAF2F,True,NO APPARENT INJURY,NONE,INATTENTIVE OR LOST IN THOUGHT,PASSENGER,ACCELERATING,East,FUNCTIONAL,25,False,False,2,6700993124432378,210002329,Montgomery County Police,Property Damage ,False,East,1,1,LEVEL,False,False,DRIVER,OPPOSITE DIRECTION SIDESWIPE,DRY,DAYLIGHT,STOP SIGN,INTERSECTION,FOUR-WAY INTERSECTION,STRAIGHT,NO DEFECTS,"TWO-WAY, DIVIDED, POSITIVE MEDIAN BARRIER",39.03289928,-77.07375884,5963249679537482,1512347540465936,0,0,0,2021011912,7707527239025656,Mercedes-Benz,2017,GLE-Class,Standard Sport Utility Vehicle 4WD,6.0,3.0,Automatic 7,4WD,Premium Gasoline,18,23,UNIVERSITY BLVD W,Maryland (State),PERRY AVE,Municipality,1512347540465936,20895,KENSINGTON,70838.1492765,106180148.023,39.02565657266069,-77.07527294437958,4.3455,55.23219,0.0,0.0,0.0,10.296251,216.46933,210119127075290256,2021-01-19 12:00:00,12,PM,19,1,Tuesday,0,1,January,2021,0,Unknown
MCP3069003C,0FC1E02E4C3D4B3F927C76B57492C28C,False,NO APPARENT INJURY,NONE,NOT DISTRACTED,PASSENGER,MAKING LEFT TURN,North,DISABLING,35,False,False,2,125890939277759,210002329,Montgomery County Police,Property Damage ,False,East,1,1,LEVEL,False,False,DRIVER,OPPOSITE DIRECTION SIDESWIPE,DRY,DAYLIGHT,STOP SIGN,INTERSECTION,FOUR-WAY INTERSECTION,STRAIGHT,NO DEFECTS,"TWO-WAY, DIVIDED, POSITIVE MEDIAN BARRIER",39.03289928,-77.07375884,5963249679537482,1512347540465936,0,0,0,2021011912,7707527239025656,Volkswagen,2016,Passat,Midsize Cars,4.0,1.8,Automatic 6,FWD,Regular Gasoline,20,28,UNIVERSITY BLVD W,Maryland (State),PERRY AVE,Municipality,1512347540465936,20895,KENSINGTON,70838.1492765,106180148.023,39.02565657266069,-77.07527294437958,4.3455,55.23219,0.0,0.0,0.0,10.296251,216.46933,210119127075290256,2021-01-19 12:00:00,12,PM,19,1,Tuesday,0,1,January,2021,0,Unknown
MCP2891009Q,469A77F18B424E0E846ECAA961EBDD9D,False,NO APPARENT INJURY,UNKNOWN,UNKNOWN,PASSENGER,MOVING CONSTANT SPEED,North,FUNCTIONAL,35,False,False,2,660615385035114,210002352,Montgomery County Police,Property Damage ,True,North,4,4,HILL UPHILL,False,False,UNKNOWN,SAME DIRECTION SIDESWIPE,DRY,DAYLIGHT,YIELD SIGN,OTHER,OTHER,OTHER,UNKNOWN,"TWO-WAY, DIVIDED, POSITIVE MEDIAN BARRIER",39.01439218,-77.04214841,8554262040045692,6307990782939571,0,0,0,2021011914,7703596439001907,Ford,0,Unknown,Unknown,0.0,0.0,Unknown,Unknown,Unknown,0,0,GEORGIA AVE,Maryland (State),RAMP 2 FR IS 495 WB TO MD 97 NB,Ramp,6307990782939571,20910,SILVER SPRING,82846.1568889,126320091.137,39.00190768010143,-77.03596497235911,6.9465,44.431377,0.0,0.0,0.0,22.033648,274.68582,210119147035990019,2021-01-19 14:00:00,14,PM,19,1,Tuesday,0,1,January,2021,0,Unknown
MCP2891009Q,58B3F3AD85D049E285AB90BFDF750253,False,NO APPARENT INJURY,NONE,NOT DISTRACTED,PASSENGER,ENTERING TRAFFIC LANE,North,NO DAMAGE,35,False,False,2,2401514327944083,210002352,Montgomery County Police,Property Damage ,True,North,4,4,HILL UPHILL,False,False,UNKNOWN,SAME DIRECTION SIDESWIPE,DRY,DAYLIGHT,YIELD SIGN,OTHER,OTHER,OTHER,UNKNOWN,"TWO-WAY, DIVIDED, POSITIVE MEDIAN BARRIER",39.01439218,-77.04214841,8554262040045692,6307990782939571,0,0,0,2021011914,7703596439001907,Kia,2020,Soul,Small Station Wagons,4.0,2.0,Automatic CVT,FWD,Regular Gasoline,27,31,GEORGIA AVE,Maryland (State),RAMP 2 FR IS 495 WB TO MD 97 NB,Ramp,6307990782939571,20910,SILVER SPRING,82846.1568889,126320091.137,39.00190768010143,-77.03596497235911,6.9465,44.431377,0.0,0.0,0.0,22.033648,274.68582,210119147035990019,2021-01-19 14:00:00,14,PM,19,1,Tuesday,0,1,January,2021,0,Unknown
MCP2671002J,58E24460B22346CB8FFDBE25BE90A79B,True,NO APPARENT INJURY,NONE,LOOKED BUT DID NOT SEE,PASSENGER,MAKING LEFT TURN,South,FUNCTIONAL,35,False,False,2,5082261840683242,210002364,Montgomery County Police,Property Damage ,False,South,1,2,GRADE DOWNHILL,False,False,DRIVER,HEAD ON LEFT TURN,UNKNOWN,DAYLIGHT,TRAFFIC SIGNAL,UNKNOWN,FOUR-WAY INTERSECTION,STRAIGHT,NO DEFECTS,"TWO-WAY, DIVIDED, POSITIVE MEDIAN BARRIER",38.98793019,-77.0235645,6732058886739677,5799511491379277,0,0,0,2021011915,7703596439001907,Hyundai,2017,Elantra,Midsize Cars,4.0,2.0,Automatic 6,FWD,Regular Gasoline,24,32,FENTON ST,County,PHILADELPHIA AVE,Maryland (State),5799511491379277,20910,SILVER SPRING,82846.1568889,126320091.137,39.00190768010143,-77.03596497235911,7.7965,39.171703,0.0,0.0,0.0,17.731598,275.82623,210119157035990019,2021-01-19 15:00:00,15,PM,19,1,Tuesday,0,1,January,2021,0,Unknown
MCP2671002J,5C23E1774656437493544482BD96B29F,False,NO APPARENT INJURY,NONE,NOT DISTRACTED,PASSENGER,SLOWING OR STOPPING,North,DISABLING,35,False,False,2,2556345928778096,210002364,Montgomery County Police,Property Damage ,False,South,1,2,GRADE DOWNHILL,False,False,DRIVER,HEAD ON LEFT TURN,UNKNOWN,DAYLIGHT,TRAFFIC SIGNAL,UNKNOWN,FOUR-WAY INTERSECTION,STRAIGHT,NO DEFECTS,"TWO-WAY, DIVIDED, POSITIVE MEDIAN BARRIER",38.98793019,-77.0235645,6732058886739677,5799511491379277,0,0,0,2021011915,7703596439001907,Ford,2011,Fusion,Midsize Cars,4.0,2.5,Automatic 6,FWD,Regular Gasoline,22,28,FENTON ST,County,PHILADELPHIA AVE,Maryland (State),5799511491379277,20910,SILVER SPRING,82846.1568889,126320091.137,39.00190768010143,-77.03596497235911,7.7965,39.171703,0.0,0.0,0.0,17.731598,275.82623,210119157035990019,2021-01-19 15:00:00,15,PM,19,1,Tuesday,0,1,January,2021,0,Unknown
MCP271700TB,9E06076B544543DDB8F4370335BD3E40,True,NO APPARENT INJURY,NONE,LOOKED BUT DID NOT SEE,PASSENGER,MAKING LEFT TURN,North,SUPERFICIAL,30,False,False,1,2815627351228185,210002365,Montgomery County Police,Injury ,False,South,2,3,LEVEL,False,False,DRIVER,OTHER,DRY,DAYLIGHT,TRAFFIC SIGNAL,INTERSECTION,FOUR-WAY INTERSECTION,STRAIGHT,NO DEFECTS,"TWO-WAY, DIVIDED, POSITIVE MEDIAN BARRIER",38.97779433,-77.07710317,1627793738140795,9043331264354651,1,1,0,2021011915,7707842038983818,Honda,2011,Accord,Compact Cars,4.0,2.4,Automatic 5,FWD,Regular Gasoline,22,32,CONNECTICUT AVE,Maryland (State),ROSEMARY ST #2,Municipality,9043331264354651,20815,CHEVY CHASE,78258.2702851,151813895.483,38.98381860627773,-77.07842006190148,7.8745003,39.19516,0.0,0.0,0.0,17.731598,275.82623,210119157078489838,2021-01-19 15:00:00,15,PM,19,1,Tuesday,0,1,January,2021,0,Unknown
MCP30390055,AC2E7A6208C14117A808EDBA6FCE65F1,True,NO APPARENT INJURY,NONE,BY MOVING OBJECT IN VEHICLE,BUS,SLOWING OR STOPPING,East,NO DAMAGE,30,False,False,2,6259949909495943,210001767,Montgomery County Police,Property Damage ,True,East,0,4,GRADE DOWNHILL,False,False,DRIVER,SAME DIR REAR END,DRY,DAYLIGHT,TRAFFIC SIGNAL,UNKNOWN,FOUR-WAY INTERSECTION,STRAIGHT,NO DEFECTS,"TWO-WAY, NOT DIVIDED",38.99352352,-77.03212171,4570729910170239,2838165004721940,0,0,0,2021011916,7703596439001907,New Flyer,0,Unknown,Unknown,0.0,0.0,Unknown,Unknown,Unknown,0,0,EAST WEST HWY,Maryland (State),COLESVILLE RD,Maryland (State),2838165004721940,20910,SILVER SPRING,82846.1568889,126320091.137,39.00190768010143,-77.03596497235911,8.0465,36.101173,0.0,0.0,0.0,16.595179,273.73132,210119167035990019,2021-01-19 16:00:00,16,PM,19,1,Tuesday,0,1,January,2021,0,Unknown
MCP30390055,0035C5023F194149919445F78E56B694,False,NO APPARENT INJURY,UNKNOWN,UNKNOWN,UNKNOWN,STOPPED IN TRAFFIC LANE,East,UNKNOWN,30,False,False,2,8168321465439775,210001767,Montgomery County Police,Property Damage ,True,East,0,4,GRADE DOWNHILL,False,False,DRIVER,SAME DIR REAR END,DRY,DAYLIGHT,TRAFFIC SIGNAL,UNKNOWN,FOUR-WAY INTERSECTION,STRAIGHT,NO DEFECTS,"TWO-WAY, NOT DIVIDED",38.99352352,-77.03212171,4570729910170239,2838165004721940,0,0,0,2021011916,7703596439001907,Unknown,0,Unknown,Unknown,0.0,0.0,Unknown,Unknown,Unknown,0,0,EAST WEST HWY,Maryland (State),COLESVILLE RD,Maryland (State),2838165004721940,20910,SILVER SPRING,82846.1568889,126320091.137,39.00190768010143,-77.03596497235911,8.0465,36.101173,0.0,0.0,0.0,16.595179,273.73132,210119167035990019,2021-01-19 16:00:00,16,PM,19,1,Tuesday,0,1,January,2021,0,Unknown
MCP22950001,C226DCAC70C54BCC90C99492DC9ECA9D,False,NO APPARENT INJURY,NONE,NOT DISTRACTED,PASSENGER,SLOWING OR STOPPING,East,SUPERFICIAL,30,False,False,2,7731084117060589,210003028,Montgomery County Police,Property Damage ,True,East,1,3,HILL CREST,False,False,DRIVER,OTHER,DRY,DARK LIGHTS ON,TRAFFIC SIGNAL,INTERSECTION RELATED,FOUR-WAY INTERSECTION,STRAIGHT,NO DEFECTS,"TWO-WAY, NOT DIVIDED",38.99554462,-77.02448335,6732058886739677,8825017167010994,0,0,0,2021011920,7703596439001907,Toyota,2019,Highlander,Standard Sport Utility Vehicle 4WD,6.0,3.5,Automatic 8,AWD,Regular Gasoline,20,27,FENTON ST,County,WAYNE AVE,County,8825017167010994,20910,SILVER SPRING,82846.1568889,126320091.137,39.00190768010143,-77.03596497235911,1.4965,60.58975,0.0,0.0,0.0,7.771331,283.39252,210119207035990019,2021-01-19 20:00:00,20,PM,19,1,Tuesday,0,1,January,2021,0,Unknown
MCP22950001,77FEEA69E2CF40408C5A37911B737866,True,NO APPARENT INJURY,UNKNOWN,DISTRACTED BY OUTSIDE PERSON OBJECT OR EVENT,PASSENGER,MOVING CONSTANT SPEED,East,SUPERFICIAL,30,False,False,2,2271652563195796,210003028,Montgomery County Police,Property Damage ,True,East,1,3,HILL CREST,False,False,DRIVER,OTHER,DRY,DARK LIGHTS ON,TRAFFIC SIGNAL,INTERSECTION RELATED,FOUR-WAY INTERSECTION,STRAIGHT,NO DEFECTS,"TWO-WAY, NOT DIVIDED",38.99554462,-77.02448335,6732058886739677,8825017167010994,0,0,0,2021011920,7703596439001907,BMW,2008,X5,Sport Utility Vehicle - 4WD,6.0,3.0,Automatic 6,AWD,Premium Gasoline,14,19,FENTON ST,County,WAYNE AVE,County,8825017167010994,20910,SILVER SPRING,82846.1568889,126320091.137,39.00190768010143,-77.03596497235911,1.4965,60.58975,0.0,0.0,0.0,7.771331,283.39252,210119207035990019,2021-01-19 20:00:00,20,PM,19,1,Tuesday,0,1,January,2021,0,Unknown
MCP2809004G,ED7233299BFE4FF69496ED6C73B6E881,True,NO APPARENT INJURY,UNKNOWN,UNKNOWN,PASSENGER,MOVING CONSTANT SPEED,UNKNOWN,DISABLING,25,False,False,2,2271652563195796,210002411,Montgomery County Police,Injury ,False,UNKNOWN,1,1,LEVEL,False,False,DRIVER,STRAIGHT MOVEMENT ANGLE,DRY,DARK LIGHTS ON,STOP SIGN,INTERSECTION,FOUR-WAY INTERSECTION,STRAIGHT,UNKNOWN,"TWO-WAY, NOT DIVIDED",38.98272833,-77.02057167,8860315359969399,1772296607942782,0,0,0,2021011920,7700204038982546,BMW,2008,X5,Sport Utility Vehicle - 4WD,6.0,3.0,Automatic 6,AWD,Premium Gasoline,14,19,FENTON ST,Municipality,ALBANY AVE (AHEAD),Municipality,1772296607942782,20912,TAKOMA PARK,51232.0653417,65209197.2692,38.98254687160147,-77.00204079343348,1.698,60.640457,0.0,0.0,0.0,7.771331,283.39252,210119207002089825,2021-01-19 20:00:00,20,PM,19,1,Tuesday,0,1,January,2021,0,Unknown
MCP2809004G,4EBF5653E53E474CA65CE5BFB811C44E,False,SUSPECTED MINOR INJURY,NONE,NOT DISTRACTED,PASSENGER,STARTING FROM LANE,UNKNOWN,DISABLING,25,False,False,2,8224256070751890,210002411,Montgomery County Police,Injury ,False,UNKNOWN,1,1,LEVEL,False,False,DRIVER,STRAIGHT MOVEMENT ANGLE,DRY,DARK LIGHTS ON,STOP SIGN,INTERSECTION,FOUR-WAY INTERSECTION,STRAIGHT,UNKNOWN,"TWO-WAY, NOT DIVIDED",38.98272833,-77.02057167,8860315359969399,1772296607942782,0,0,0,2021011920,7700204038982546,Toyota,2017,Prius,Midsize Cars,4.0,1.8,Automatic CVT,FWD,Regular Gasoline,54,50,FENTON ST,Municipality,ALBANY AVE (AHEAD),Municipality,1772296607942782,20912,TAKOMA PARK,51232.0653417,65209197.2692,38.98254687160147,-77.00204079343348,1.698,60.640457,0.0,0.0,0.0,7.771331,283.39252,210119207002089825,2021-01-19 20:00:00,20,PM,19,1,Tuesday,0,1,January,2021,0,Unknown
MCP211600CS,3ED90DAFD3B0427F9C875B6F7E729B63,False,NO APPARENT INJURY,NONE,NOT DISTRACTED,PASSENGER,MOVING CONSTANT SPEED,South,DISABLING,35,False,False,2,3706795429459167,210002436,Montgomery County Police,Property Damage ,False,South,4,7,HILL UPHILL,False,False,DRIVER,SAME DIRECTION LEFT TURN,WET,DARK LIGHTS ON,NO CONTROLS,NON INTERSECTION,UNKNOWN,STRAIGHT,NO DEFECTS,"TWO-WAY, NOT DIVIDED",39.01129833,-77.04123,8554262040045692,3741072132120167,0,0,0,2021012006,7703596439001907,Mercedes-Benz,0,Unknown,Unknown,0.0,0.0,Unknown,Unknown,Unknown,0,0,GEORGIA AVE,Maryland (State),FLORA LA,County,3741072132120167,20910,SILVER SPRING,82846.1568889,126320091.137,39.00190768010143,-77.03596497235911,-0.70350003,70.764755,0.6,0.0,0.42000002,10.483357,285.94547,210120067035990019,2021-01-20 06:00:00,6,AM,20,2,Wednesday,0,1,January,2021,0,Unknown
MCP211600CS,43DC2C6235F542B3AD043A0DAEEC9F3E,True,NO APPARENT INJURY,NONE,LOOKED BUT DID NOT SEE,PASSENGER,CHANGING LANES,South,DISABLING,35,False,False,2,3097115330431157,210002436,Montgomery County Police,Property Damage ,False,South,4,7,HILL UPHILL,False,False,DRIVER,SAME DIRECTION LEFT TURN,WET,DARK LIGHTS ON,NO CONTROLS,NON INTERSECTION,UNKNOWN,STRAIGHT,NO DEFECTS,"TWO-WAY, NOT DIVIDED",39.01129833,-77.04123,8554262040045692,3741072132120167,0,0,0,2021012006,7703596439001907,Honda,2002,Accord,Midsize Cars,4.0,2.3,Automatic 4,FWD,Regular Gasoline,20,28,GEORGIA AVE,Maryland (State),FLORA LA,County,3741072132120167,20910,SILVER SPRING,82846.1568889,126320091.137,39.00190768010143,-77.03596497235911,-0.70350003,70.764755,0.6,0.0,0.42000002,10.483357,285.94547,210120067035990019,2021-01-20 06:00:00,6,AM,20,2,Wednesday,0,1,January,2021,0,Unknown
MCP2891009N,7299B58FB275455E9A54586F40428E16,True,NO APPARENT INJURY,NONE,NOT DISTRACTED,EMERGENCY,MOVING CONSTANT SPEED,South,SUPERFICIAL,35,False,False,2,2250767647570290,210002437,Montgomery County Police,Property Damage ,False,South,4,4,HILL UPHILL,False,False,DRIVER,SAME DIRECTION SIDESWIPE,DRY,DAYLIGHT,UNKNOWN,INTERSECTION RELATED,FOUR-WAY INTERSECTION,STRAIGHT,UNKNOWN,"TWO-WAY, DIVIDED, UNPROTECTED PAINTED MIN 4 FEET",39.00557333,-77.022515,7228418003688286,3912318926152506,0,0,0,2021012007,7703596439001907,Freightliner,0,Unknown,Unknown,0.0,0.0,Unknown,Unknown,Unknown,0,0,COLESVILLE RD,US (State),DALE DR,County,3912318926152506,20910,SILVER SPRING,82846.1568889,126320091.137,39.00190768010143,-77.03596497235911,-0.0035000145,73.90141,0.1,0.0,0.07,12.783802,279.7275,210120077035990019,2021-01-20 07:00:00,7,AM,20,2,Wednesday,0,1,January,2021,0,Unknown
MCP2891009N,D53735CCBE7B4DBDBEB3302FE9B1903C,False,NO APPARENT INJURY,NONE,NOT DISTRACTED,BUS,STOPPED IN TRAFFIC LANE,South,SUPERFICIAL,35,False,False,2,240722642832247,210002437,Montgomery County Police,Property Damage ,False,South,4,4,HILL UPHILL,False,False,DRIVER,SAME DIRECTION SIDESWIPE,DRY,DAYLIGHT,UNKNOWN,INTERSECTION RELATED,FOUR-WAY INTERSECTION,STRAIGHT,UNKNOWN,"TWO-WAY, DIVIDED, UNPROTECTED PAINTED MIN 4 FEET",39.00557333,-77.022515,7228418003688286,3912318926152506,0,0,0,2021012007,7703596439001907,Gillig,0,Unknown,Unknown,0.0,0.0,Unknown,Unknown,Unknown,0,0,COLESVILLE RD,US (State),DALE DR,County,3912318926152506,20910,SILVER SPRING,82846.1568889,126320091.137,39.00190768010143,-77.03596497235911,-0.0035000145,73.90141,0.1,0.0,0.07,12.783802,279.7275,210120077035990019,2021-01-20 07:00:00,7,AM,20,2,Wednesday,0,1,January,2021,0,Unknown
MCP93860083,D499D3884D324506B3BF4D17CEA6D5E3,True,POSSIBLE INJURY,NONE,UNKNOWN,PASSENGER,MAKING LEFT TURN,North,DISABLING,40,False,False,2,7285498184182570,210002438,Montgomery County Police,Injury ,False,South,3,3,LEVEL,False,False,DRIVER,STRAIGHT MOVEMENT ANGLE,DRY,DAYLIGHT,TRAFFIC SIGNAL,INTERSECTION,T-INTERSECTION,STRAIGHT,NO DEFECTS,"TWO-WAY, DIVIDED, POSITIVE MEDIAN BARRIER",39.01633367,-77.11953133,4494898042244063,5081723985568651,0,0,0,2021012007,7715220038996189,Honda,2007,Civic,Subcompact Cars,4.0,1.8,Automatic 5,FWD,Regular Gasoline,20,36,OLD GEORGETOWN RD,Maryland (State),RAMP 5 FR MD 187 SB TO RAMP 4 (TO IS495),Ramp,5081723985568651,20817,BETHESDA,143234.920079,403664948.588,38.996189145680184,-77.15220044157795,0.493,77.37737,0.1,0.0,0.07,13.797912,277.49576,210120077152289961,2021-01-20 07:00:00,7,AM,20,2,Wednesday,0,1,January,2021,0,Unknown
MCP93860083,F3AC5C9311F942BCA6AC88CCA00180AD,False,NO APPARENT INJURY,NONE,NOT DISTRACTED,TRUCK,MOVING CONSTANT SPEED,South,DISABLING,40,False,False,2,3063454711401970,210002438,Montgomery County Police,Injury ,False,South,3,3,LEVEL,False,False,DRIVER,STRAIGHT MOVEMENT ANGLE,DRY,DAYLIGHT,TRAFFIC SIGNAL,INTERSECTION,T-INTERSECTION,STRAIGHT,NO DEFECTS,"TWO-WAY, DIVIDED, POSITIVE MEDIAN BARRIER",39.01633367,-77.11953133,4494898042244063,5081723985568651,0,0,0,2021012007,7715220038996189,Ford,2017,F150,Standard Pickup Trucks 4WD,6.0,3.5,Automatic 6,4WD,Regular Gasoline,17,22,OLD GEORGETOWN RD,Maryland (State),RAMP 5 FR MD 187 SB TO RAMP 4 (TO IS495),Ramp,5081723985568651,20817,BETHESDA,143234.920079,403664948.588,38.996189145680184,-77.15220044157795,0.493,77.37737,0.1,0.0,0.07,13.797912,277.49576,210120077152289961,2021-01-20 07:00:00,7,AM,20,2,Wednesday,0,1,January,2021,0,Unknown
MCP211600CT,393796438B5945A48AA558A5C6FAAAC6,False,NO APPARENT INJURY,NONE,NOT DISTRACTED,PASSENGER,PARKED,UNKNOWN,SUPERFICIAL,25,True,False,3,4469745466486479,210002455,Montgomery County Police,Property Damage ,False,East,1,2,HILL UPHILL,False,False,DRIVER,SAME DIRECTION LEFT TURN,DRY,DAYLIGHT,NO CONTROLS,NON INTERSECTION,UNKNOWN,STRAIGHT,NO DEFECTS,"TWO-WAY, NOT DIVIDED",38.99993,-77.02886667,8356792977061148,8959454969881647,0,0,0,2021012010,7703596439001907,Ford,2020,Escape,Small Sport Utility Vehicle 2WD,4.0,2.5,Automatic 8,FWD,Regular Gasoline,43,31,SPRING ST,County,FAIRVIEW RD,County,8959454969881647,20910,SILVER SPRING,82846.1568889,126320091.137,39.00190768010143,-77.03596497235911,2.8965,64.450554,0.0,0.0,0.0,18.03237,296.05344,210120107035990019,2021-01-20 10:00:00,10,AM,20,2,Wednesday,0,1,January,2021,0,Unknown
MCP211600CT,265AFC9C5E7A4ECFB8E5A2DE20EA6482,False,NO APPARENT INJURY,NONE,NOT DISTRACTED,PASSENGER,MOVING CONSTANT SPEED,East,DISABLING,25,False,False,3,4092822991776064,210002455,Montgomery County Police,Property Damage ,False,East,1,2,HILL UPHILL,False,False,DRIVER,SAME DIRECTION LEFT TURN,DRY,DAYLIGHT,NO CONTROLS,NON INTERSECTION,UNKNOWN,STRAIGHT,NO DEFECTS,"TWO-WAY, NOT DIVIDED",38.99993,-77.02886667,8356792977061148,8959454969881647,0,0,0,2021012010,7703596439001907,Kia,2019,Sedona,Minivan - 2WD,6.0,3.3,Automatic 8,FWD,Regular Gasoline,18,24,SPRING ST,County,FAIRVIEW RD,County,8959454969881647,20910,SILVER SPRING,82846.1568889,126320091.137,39.00190768010143,-77.03596497235911,2.8965,64.450554,0.0,0.0,0.0,18.03237,296.05344,210120107035990019,2021-01-20 10:00:00,10,AM,20,2,Wednesday,0,1,January,2021,0,Unknown
MCP211600CT,0DF73516163646149EDAB38C39B3A96B,True,NO APPARENT INJURY,NONE,NOT DISTRACTED,PASSENGER,MAKING U TURN,South,DISABLING,25,False,False,3,1068658423184002,210002455,Montgomery County Police,Property Damage ,False,East,1,2,HILL UPHILL,False,False,DRIVER,SAME DIRECTION LEFT TURN,DRY,DAYLIGHT,NO CONTROLS,NON INTERSECTION,UNKNOWN,STRAIGHT,NO DEFECTS,"TWO-WAY, NOT DIVIDED",38.99993,-77.02886667,8356792977061148,8959454969881647,0,0,0,2021012010,7703596439001907,Tesla,0,Unknown,Unknown,0.0,0.0,Unknown,Unknown,Unknown,0,0,SPRING ST,County,FAIRVIEW RD,County,8959454969881647,20910,SILVER SPRING,82846.1568889,126320091.137,39.00190768010143,-77.03596497235911,2.8965,64.450554,0.0,0.0,0.0,18.03237,296.05344,210120107035990019,2021-01-20 10:00:00,10,AM,20,2,Wednesday,0,1,January,2021,0,Unknown
MCP25880088,1CD867C3E4F54D528F1352F59D1B993C,True,NO APPARENT INJURY,UNKNOWN,UNKNOWN,PASSENGER,MOVING CONSTANT SPEED,UNKNOWN,DISABLING,25,False,False,2,8549799668525207,210002466,Montgomery County Police,Injury ,False,UNKNOWN,0,0,UNKNOWN,True,True,DRIVER,HEAD ON,UNKNOWN,DAYLIGHT,UNKNOWN,UNKNOWN,UNKNOWN,UNKNOWN,UNKNOWN,UNKNOWN,39.08493691,-77.07886643,7781945108562677,7781945108562677,0,0,0,2021012011,7705486039088590,Volvo,2004,C70,Subcompact Cars,5.0,2.3,Automatic 5,FWD,Premium Gasoline,16,23,UNKNOWN,UNKNOWN,UNKNOWN,UNKNOWN,7781945108562677,20906,SILVER SPRING,133207.174949,359110751.771,39.08859082555049,-77.05486091907257,3.4325001,56.667072,0.0,0.0,0.0,24.962307,303.23172,210120117054890885,2021-01-20 11:00:00,11,AM,20,2,Wednesday,0,1,January,2021,0,Unknown