ReportNumber,VehicleCrashKey,DriverAtFault,DriverInjurySeverity,DriverSubstanceAbuse,DriverDistractedBy,VehicleType,VehicleMovement,VehicleGoingDir,VehicleDamageExtent,SpeedLimit,ParkedVehicle,SubstanceAbuseContributed,VehiclesCrashedTotal,VehicleKey,LocalCaseNumber,AgencyName,ACRSReportType,HitRun,LaneDirection,LaneNumber,NumberOfLanes,RoadGrade,NonTraffic,OffRoadIncident,AccidentAtFault,CollisionType,SurfaceCondition,Light,TrafficControl,Junction,IntersectionType,RoadAlignment,RoadCondition,RoadDivision,Latitude,Longitude,RoadKey_x,CrossStreetKey,NonMotoristTotal,NonMotoristInjury,NonMotoristFatal,DateHourKey,LocationAreaKey,Make,Year_x,BaseModel,BodyClass,Cylinders,Displacement,Transmission,Drivetrain,FuelType,CityMPG,HighwayMPG,RoadName_x,RouteType_x,RoadName_y,RouteType_y,RoadKey_y,Zipcode,MailCity,ShapeLength,ShapeArea,CentroidLatitude,CentroidLongitude,Temperature,Humidity,Precipitation,Rain,Snow,WindSpeed,WindDirection,WeatherKey,Datetime,Hour,TimeOfDay,DayNumber,WeekDayNumber,WeekDayName,WeekendFlag,MonthNumber,MonthName,Year_y,HolidayFlag,HolidayName
MCP25880088,6CEC767BF32A4032A968B6A184410275,False,POSSIBLE INJURY,NONE,NOT DISTRACTED,PASSENGER,MAKING LEFT TURN,West,DESTROYED,25,False,False,2,7109429553076935,210002466,Montgomery County Police,Injury ,False,UNKNOWN,0,0,UNKNOWN,True,True,DRIVER,HEAD ON,UNKNOWN,DAYLIGHT,UNKNOWN,UNKNOWN,UNKNOWN,UNKNOWN,UNKNOWN,UNKNOWN,39.08493691,-77.07886643,7781945108562677,7781945108562677,0,0,0,2021012011,7705486039088590,Volvo,0,Unknown,Unknown,0.0,0.0,Unknown,Unknown,Unknown,0,0,UNKNOWN,UNKNOWN,UNKNOWN,UNKNOWN,7781945108562677,20906,SILVER SPRING,133207.174949,359110751.771,39.08859082555049,-77.05486091907257,3.4325001,56.667072,0.0,0.0,0.0,24.962307,303.23172,210120117054890885,2021-01-20 11:00:00,11,AM,20,2,Wednesday,0,1,January,2021,0,Unknown
MCP2904007T,5D8099A10C3D4662AA3F09A44DA1D9AD,False,SUSPECTED MINOR INJURY,NONE,NOT DISTRACTED,PASSENGER,MOVING CONSTANT SPEED,North,DISABLING,35,False,False,2,3097115414319252,210002467,Montgomery County Police,Injury ,False,North,2,3,LEVEL,False,False,DRIVER,HEAD ON LEFT TURN,DRY,DAYLIGHT,NO CONTROLS,UNKNOWN,T-INTERSECTION,STRAIGHT,NO DEFECTS,"TWO-WAY, NOT DIVIDED",39.00007333,-77.02569333,7228418003688286,4638142522778982,0,0,0,2021012012,7703596439001907,Honda,2009,Accord,Compact Cars,4.0,2.4,Automatic 5,FWD,Regular Gasoline,19,30,COLESVILLE RD,US (State),NOYES DR,County,4638142522778982,20910,SILVER SPRING,82846.1568889,126320091.137,39.00190768010143,-77.03596497235911,4.2965,48.572384,0.0,0.0,0.0,28.296091,306.72418,210120127035990019,2021-01-20 12:00:00,12,PM,20,2,Wednesday,0,1,January,2021,0,Unknown
MCP2904007T,4203CECC424048698B2EC5AFA42A3BE7,True,POSSIBLE INJURY,NONE,NOT DISTRACTED,PASSENGER,MAKING LEFT TURN,South,DISABLING,35,False,False,2,6359337385920207,210002467,Montgomery County Police,Injury ,False,North,2,3,LEVEL,False,False,DRIVER,HEAD ON LEFT TURN,DRY,DAYLIGHT,NO CONTROLS,UNKNOWN,T-INTERSECTION,STRAIGHT,NO DEFECTS,"TWO-WAY, NOT DIVIDED",39.00007333,-77.02569333,7228418003688286,4638142522778982,0,0,0,2021012012,7703596439001907,Nissan,2011,Armada,Sport Utility Vehicle - 2WD,8.0,5.6,Automatic 5,4WD,Regular Gasoline,12,18,COLESVILLE RD,US (State),NOYES DR,County,4638142522778982,20910,SILVER SPRING,82846.1568889,126320091.137,39.00190768010143,-77.03596497235911,4.2965,48.572384,0.0,0.0,0.0,28.296091,306.72418,210120127035990019,2021-01-20 12:00:00,12,PM,20,2,Wednesday,0,1,January,2021,0,Unknown
MCP3258000N,7ED4D65467BF4430AD38CB37B538EC9C,True,SUSPECTED SERIOUS INJURY,UNKNOWN,UNKNOWN,PASSENGER,MOVING CONSTANT SPEED,West,DESTROYED,30,False,False,1,2781967151639473,210002486,Montgomery County Police,Injury ,False,UNKNOWN,0,0,UNKNOWN,True,True,DRIVER,HEAD ON,UNKNOWN,DAYLIGHT,UNKNOWN,UNKNOWN,UNKNOWN,UNKNOWN,UNKNOWN,UNKNOWN,39.03903333,-77.07049667,7781945108562677,7781945108562677,0,0,0,2021012013,7707527239025656,Ford,2005,F150,Standard Pickup Trucks 2WD,8.0,4.2,Automatic 4,RWD,Regular Gasoline,13,17,UNKNOWN,UNKNOWN,UNKNOWN,UNKNOWN,7781945108562677,20895,KENSINGTON,70838.1492765,106180148.023,39.02565657266069,-77.07527294437958,4.6454997,46.68238,0.0,0.0,0.0,25.35637,308.65982,210120137075290256,2021-01-20 13:00:00,13,PM,20,2,Wednesday,0,1,January,2021,0,Unknown
MCP9318001D,27CCECDB6A4B4DD993C1B3BB092DA300,True,NO APPARENT INJURY,NONE,NOT DISTRACTED,PASSENGER,STARTING FROM LANE,South,DISABLING,40,False,False,2,6883910686933669,210002527,Montgomery County Police,Property Damage ,False,South,1,3,LEVEL,False,False,DRIVER,SAME DIR REAR END,DRY,DARK LIGHTS ON,TRAFFIC SIGNAL,NON INTERSECTION,UNKNOWN,STRAIGHT,NO DEFECTS,"TWO-WAY, DIVIDED, POSITIVE MEDIAN BARRIER",39.01533,-76.97791,8901981419077344,4460803811679484,0,0,0,2021012018,7698354239018293,Dodge,2019,Challenger,Midsize Cars,8.0,3.6,Automatic 8,RWD,Premium Gasoline,13,23,NEW HAMPSHIRE AVE,Maryland (State),NORTHAMPTON DR,County,4460803811679484,20903,SILVER SPRING,50204.7192451,65972447.4483,39.01829365940637,-76.9835422251861,0.8845,45.20909,0.0,0.0,0.0,12.88981,305.9098,210120186983590182,2021-01-20 18:00:00,18,PM,20,2,Wednesday,0,1,January,2021,0,Unknown
MCP9318001D,38F17AF25EDE429984DA4E7998E1C467,False,NO APPARENT INJURY,NONE,NOT DISTRACTED,PASSENGER,STOPPED IN TRAFFIC LANE,South,FUNCTIONAL,40,False,False,2,167655296883098,210002527,Montgomery County Police,Property Damage ,False,South,1,3,LEVEL,False,False,DRIVER,SAME DIR REAR END,DRY,DARK LIGHTS ON,TRAFFIC SIGNAL,NON INTERSECTION,UNKNOWN,STRAIGHT,NO DEFECTS,"TWO-WAY, DIVIDED, POSITIVE MEDIAN BARRIER",39.01533,-76.97791,8901981419077344,4460803811679484,0,0,0,2021012018,7698354239018293,Toyota,2009,Tundra,Standard Pickup Trucks 2WD,8.0,5.7,Automatic 5,AWD,Regular Gasoline,13,17,NEW HAMPSHIRE AVE,Maryland (State),NORTHAMPTON DR,County,4460803811679484,20903,SILVER SPRING,50204.7192451,65972447.4483,39.01829365940637,-76.9835422251861,0.8845,45.20909,0.0,0.0,0.0,12.88981,305.9098,210120186983590182,2021-01-20 18:00:00,18,PM,20,2,Wednesday,0,1,January,2021,0,Unknown
MCP32270020,3FD97A89EC3D4F2FB835144B80F996D9,False,NO APPARENT INJURY,NONE,NOT DISTRACTED,PASSENGER,STARTING FROM LANE,West,FUNCTIONAL,40,False,False,2,1032942915110160,210002544,Montgomery County Police,Property Damage ,False,North,3,3,LEVEL,False,False,DRIVER,SAME DIRECTION RIGHT TURN,DRY,DARK LIGHTS ON,TRAFFIC SIGNAL,INTERSECTION,FOUR-WAY INTERSECTION,STRAIGHT,NO DEFECTS,"TWO-WAY, DIVIDED, POSITIVE MEDIAN BARRIER",39.0114351,-76.97885158,2997347885756929,8901981419077344,0,0,0,2021012021,7698354239018293,Toyota,2016,Corolla,Midsize Cars,4.0,1.8,Automatic CVT,FWD,Regular Gasoline,28,36,ADELPHI RD,County,NEW HAMPSHIRE AVE,Maryland (State),8901981419077344,20903,SILVER SPRING,50204.7192451,65972447.4483,39.01829365940637,-76.9835422251861,-1.2655001,55.397297,0.0,0.0,0.0,8.350138,352.5687,210120216983590182,2021-01-20 21:00:00,21,PM,20,2,Wednesday,0,1,January,2021,0,Unknown
MCP32270020,17EA1D26CE5E4D5DA3A2658A0FC5672F,True,NO APPARENT INJURY,NONE,NOT DISTRACTED,BUS,STARTING FROM LANE,West,SUPERFICIAL,40,False,False,2,8168321465439775,210002544,Montgomery County Police,Property Damage ,False,North,3,3,LEVEL,False,False,DRIVER,SAME DIRECTION RIGHT TURN,DRY,DARK LIGHTS ON,TRAFFIC SIGNAL,INTERSECTION,FOUR-WAY INTERSECTION,STRAIGHT,NO DEFECTS,"TWO-WAY, DIVIDED, POSITIVE MEDIAN BARRIER",39.0114351,-76.97885158,2997347885756929,8901981419077344,0,0,0,2021012021,7698354239018293,Unknown,0,Unknown,Unknown,0.0,0.0,Unknown,Unknown,Unknown,0,0,ADELPHI RD,County,NEW HAMPSHIRE AVE,Maryland (State),8901981419077344,20903,SILVER SPRING,50204.7192451,65972447.4483,39.01829365940637,-76.9835422251861,-1.2655001,55.397297,0.0,0.0,0.0,8.350138,352.5687,210120216983590182,2021-01-20 21:00:00,21,PM,20,2,Wednesday,0,1,January,2021,0,Unknown
MCP32000028,B8DF681D33214A1DACF2674A22D0FDEB,False,NO APPARENT INJURY,NONE,NOT DISTRACTED,PASSENGER,MAKING LEFT TURN,South,FUNCTIONAL,35,False,False,2,195013379853272,210002569,Montgomery County Police,Property Damage ,True,East,1,1,LEVEL,False,False,DRIVER,ANGLE MEETS LEFT HEAD ON,DRY,DAYLIGHT,STOP SIGN,INTERSECTION,T-INTERSECTION,STRAIGHT,NO DEFECTS,"TWO-WAY, NOT DIVIDED",39.01867542,-77.05904633,3849341967604124,1165561733840951,0,0,0,2021012108,7703596439001907,Hyundai,2018,Accent,Compact Cars,4.0,1.6,Automatic 6,FWD,Regular Gasoline,28,37,CAPITOL VIEW AVE,Maryland (State),LEAFY AVE,County,1165561733840951,20910,SILVER SPRING,82846.1568889,126320091.137,39.00190768010143,-77.03596497235911,-2.2535,67.525154,0.0,0.0,0.0,10.823973,176.186,210121087035990019,2021-01-21 08:00:00,8,AM,21,3,Thursday,0,1,January,2021,0,Unknown
MCP32000028,10460D470D8A4BF08D28E6E187B52221,True,NO APPARENT INJURY,UNKNOWN,UNKNOWN,PASSENGER,MOVING CONSTANT SPEED,West,FUNCTIONAL,35,False,False,2,3097115431096871,210002569,Montgomery County Police,Property Damage ,True,East,1,1,LEVEL,False,False,DRIVER,ANGLE MEETS LEFT HEAD ON,DRY,DAYLIGHT,STOP SIGN,INTERSECTION,T-INTERSECTION,STRAIGHT,NO DEFECTS,"TWO-WAY, NOT DIVIDED",39.01867542,-77.05904633,3849341967604124,1165561733840951,0,0,0,2021012108,7703596439001907,Honda,2008,Accord,Compact Cars,4.0,2.4,Automatic 5,FWD,Regular Gasoline,19,31,CAPITOL VIEW AVE,Maryland (State),LEAFY AVE,County,1165561733840951,20910,SILVER SPRING,82846.1568889,126320091.137,39.00190768010143,-77.03596497235911,-2.2535,67.525154,0.0,0.0,0.0,10.823973,176.186,210121087035990019,2021-01-21 08:00:00,8,AM,21,3,Thursday,0,1,January,2021,0,Unknown
MCP295200BD,943B61CC0FD644D8B56AF1CE8BFAA86A,True,NO APPARENT INJURY,UNKNOWN,UNKNOWN,TRUCK,BACKING,UNKNOWN,UNKNOWN,30,False,False,1,2250767647570290,210002612,Montgomery County Police,Property Damage ,True,UNKNOWN,0,0,UNKNOWN,True,True,DRIVER,SINGLE VEHICLE,UNKNOWN,DAYLIGHT,UNKNOWN,UNKNOWN,UNKNOWN,UNKNOWN,UNKNOWN,UNKNOWN,38.9958509,-77.0328857,7781945108562677,7781945108562677,0,0,0,2021012113,7703596439001907,Freightliner,0,Unknown,Unknown,0.0,0.0,Unknown,Unknown,Unknown,0,0,UNKNOWN,UNKNOWN,UNKNOWN,UNKNOWN,7781945108562677,20910,SILVER SPRING,82846.1568889,126320091.137,39.00190768010143,-77.03596497235911,6.7965,46.432743,0.0,0.0,0.0,9.178235,244.44008,210121137035990019,2021-01-21 13:00:00,13,PM,21,3,Thursday,0,1,January,2021,0,Unknown
MCP3143002F,E177523F894749E5AB751E742B3B4C08,False,POSSIBLE INJURY,NONE,NOT DISTRACTED,PASSENGER,MAKING U TURN,South,DISABLING,35,False,False,2,2556346046221429,210002617,Montgomery County Police,Injury ,False,North,2,6,LEVEL,False,False,UNKNOWN,SAME DIRECTION SIDESWIPE,DRY,DAYLIGHT,TRAFFIC SIGNAL,INTERSECTION,FOUR-WAY INTERSECTION,STRAIGHT,NO DEFECTS,"TWO-WAY, NOT DIVIDED",39.03009,-77.07526833,1627793738140795,9499077155985716,0,0,0,2021012114,7707527239025656,Ford,2016,Fusion,Midsize Cars,4.0,2.0,Automatic 6,FWD,Regular Gasoline,22,36,CONNECTICUT AVE,Maryland (State),PLYERS MILL RD,Maryland (State),9499077155985716,20895,KENSINGTON,70838.1492765,106180148.023,39.02565657266069,-77.07527294437958,8.2455,44.48122,0.0,0.0,0.0,10.365251,249.67677,210121147075290256,2021-01-21 14:00:00,14,PM,21,3,Thursday,0,1,January,2021,0,Unknown
MCP3143002F,C9F22DC35A2F4526A7FD510C430C3283,False,NO APPARENT INJURY,UNKNOWN,UNKNOWN,PASSENGER,MAKING RIGHT TURN,West,UNKNOWN,35,False,False,2,8012572012375466,210002617,Montgomery County Police,Injury ,False,North,2,6,LEVEL,False,False,UNKNOWN,SAME DIRECTION SIDESWIPE,DRY,DAYLIGHT,TRAFFIC SIGNAL,INTERSECTION,FOUR-WAY INTERSECTION,STRAIGHT,NO DEFECTS,"TWO-WAY, NOT DIVIDED",39.03009,-77.07526833,1627793738140795,9499077155985716,0,0,0,2021012114,7707527239025656,Toyota,2007,Highlander,Sport Utility Vehicle - 2WD,6.0,3.3,Automatic 4,AWD,Regular Gasoline,16,25,CONNECTICUT AVE,Maryland (State),PLYERS MILL RD,Maryland (State),9499077155985716,20895,KENSINGTON,70838.1492765,106180148.023,39.02565657266069,-77.07527294437958,8.2455,44.48122,0.0,0.0,0.0,10.365251,249.67677,210121147075290256,2021-01-21 14:00:00,14,PM,21,3,Thursday,0,1,January,2021,0,Unknown
MCP1128005C,CD4C09AB509540F5A444320F288B2A8E,True,NO APPARENT INJURY,NONE,UNKNOWN,PASSENGER,MOVING CONSTANT SPEED,South,DESTROYED,35,False,False,1,2540237285846868,210002629,Montgomery County Police,Property Damage ,False,South,1,1,LEVEL,False,False,DRIVER,SINGLE VEHICLE,DRY,DAYLIGHT,UNKNOWN,UNKNOWN,UNKNOWN,CURVE RIGHT,NO DEFECTS,"TWO-WAY, DIVIDED, POSITIVE MEDIAN BARRIER",39.00984,-77.15316833,8659486064429145,2262757322158515,0,0,0,2021012115,7715220038996189,Porsche,1999,Boxster,Two Seaters,6.0,2.5,Automatic 5,RWD,Premium Gasoline,15,22,BRADLEY BLVD,Maryland (State),CAPITAL BELTWAY,Interstate (State),2262757322158515,20817,BETHESDA,143234.920079,403664948.588,38.996189145680184,-77.15220044157795,9.893,41.45857,0.0,0.0,0.0,11.659777,261.11942,210121157152289961,2021-01-21 15:00:00,15,PM,21,3,Thursday,0,1,January,2021,0,Unknown
MCP2844004Q,44C3A603BC314FBB8B48B5C28A0FFC67,False,NO APPARENT INJURY,NONE,NOT DISTRACTED,PASSENGER,MOVING CONSTANT SPEED,North,FUNCTIONAL,15,False,False,2,7004010121091503,210002662,Montgomery County Police,Property Damage ,False,UNKNOWN,0,0,UNKNOWN,True,True,DRIVER,STRAIGHT MOVEMENT ANGLE,UNKNOWN,DARK LIGHTS ON,NO CONTROLS,UNKNOWN,UNKNOWN,UNKNOWN,UNKNOWN,UNKNOWN,39.05984183,-77.04897667,7781945108562677,7781945108562677,0,0,0,2021012119,7705486039088590,Honda,2013,Civic,Compact Cars,4.0,1.8,Automatic 5,FWD,Regular Gasoline,28,31,UNKNOWN,UNKNOWN,UNKNOWN,UNKNOWN,7781945108562677,20906,SILVER SPRING,133207.174949,359110751.771,39.08859082555049,-77.05486091907257,4.5825,65.55816,0.0,0.0,0.0,12.224107,256.373,210121197054890885,2021-01-21 19:00:00,19,PM,21,3,Thursday,0,1,January,2021,0,Unknown
MCP2844004Q,724840425AE144E0A8368A1B1A00EB35,True,NO APPARENT INJURY,NONE,LOOKED BUT DID NOT SEE,PASSENGER,MOVING CONSTANT SPEED,East,FUNCTIONAL,15,False,False,2,5482037610831924,210002662,Montgomery County Police,Property Damage ,False,UNKNOWN,0,0,UNKNOWN,True,True,DRIVER,STRAIGHT MOVEMENT ANGLE,UNKNOWN,DARK LIGHTS ON,NO CONTROLS,UNKNOWN,UNKNOWN,UNKNOWN,UNKNOWN,UNKNOWN,39.05984183,-77.04897667,7781945108562677,7781945108562677,0,0,0,2021012119,7705486039088590,Toyota,2020,Tacoma,Small Pickup Trucks 4WD,6.0,3.5,Automatic 6,4WD,Regular Gasoline,17,22,UNKNOWN,UNKNOWN,UNKNOWN,UNKNOWN,7781945108562677,20906,SILVER SPRING,133207.174949,359110751.771,39.08859082555049,-77.05486091907257,4.5825,65.55816,0.0,0.0,0.0,12.224107,256.373,210121197054890885,2021-01-21 19:00:00,19,PM,21,3,Thursday,0,1,January,2021,0,Unknown
MCP3263000W,6435D04755CE4ABA853DE66A8C77A6FE,True,NO APPARENT INJURY,UNKNOWN,UNKNOWN,UNKNOWN,UNKNOWN,East,UNKNOWN,45,False,False,2,8168321465439775,210002666,Montgomery County Police,Injury ,True,East,2,2,LEVEL,False,False,DRIVER,SAME DIR REAR END,DRY,DARK LIGHTS ON,TRAFFIC SIGNAL,INTERSECTION,FOUR-WAY INTERSECTION,STRAIGHT,NO DEFECTS,"TWO-WAY, NOT DIVIDED",38.96569184,-77.10494635,1363718650800826,9248773330253796,0,0,0,2021012119,7711806238956479,Unknown,0,Unknown,Unknown,0.0,0.0,Unknown,Unknown,Unknown,0,0,RIVER RD,Maryland (State),BROOKSIDE DR,County,9248773330253796,20816,BETHESDA,58716.1248449,117565480.431,38.95647982277882,-77.11806249046538,4.8475,64.66425,0.0,0.0,0.0,13.450708,254.47583,210121197118089564,2021-01-21 19:00:00,19,PM,21,3,Thursday,0,1,January,2021,0,Unknown
MCP3263000W,F0B592748A7C49D6ABF8F75BB5E73887,False,SUSPECTED MINOR INJURY,NONE,NOT DISTRACTED,PASSENGER,SLOWING OR STOPPING,East,FUNCTIONAL,35,False,False,2,7285498184182570,210002666,Montgomery County Police,Injury ,True,East,2,2,LEVEL,False,False,DRIVER,SAME DIR REAR END,DRY,DARK LIGHTS ON,TRAFFIC SIGNAL,INTERSECTION,FOUR-WAY INTERSECTION,STRAIGHT,NO DEFECTS,"TWO-WAY, NOT DIVIDED",38.96569184,-77.10494635,1363718650800826,9248773330253796,0,0,0,2021012119,7711806238956479,Honda,2007,Civic,Subcompact Cars,4.0,1.8,Automatic 5,FWD,Regular Gasoline,20,36,RIVER RD,Maryland (State),BROOKSIDE DR,County,9248773330253796,20816,BETHESDA,58716.1248449,117565480.431,38.95647982277882,-77.11806249046538,4.8475,64.66425,0.0,0.0,0.0,13.450708,254.47583,210121197118089564,2021-01-21 19:00:00,19,PM,21,3,Thursday,0,1,January,2021,0,Unknown
MCP3026005Z,59F63337BC2B40FCB225A739F51AF6BD,True,NO APPARENT INJURY,NONE,NOT DISTRACTED,PASSENGER,MAKING LEFT TURN,West,SUPERFICIAL,30,False,False,2,260643699327572,210002755,Montgomery County Police,Property Damage ,False,South,0,3,LEVEL,False,False,DRIVER,SAME DIRECTION SIDESWIPE,DRY,DAYLIGHT,TRAFFIC SIGNAL,INTERSECTION,FOUR-WAY INTERSECTION,STRAIGHT,NO DEFECTS,"TWO-WAY, DIVIDED, POSITIVE MEDIAN BARRIER",38.977225,-77.08663167,7307765282026999,7806589269723106,0,0,0,2021012213,7707842038983818,Ford,2005,Ranger,Standard Pickup Trucks 2WD,6.0,3.0,Automatic 5,RWD,Regular Gasoline,15,21,WISCONSIN AVE,Maryland (State),BRADLEY LA,Maryland (State),7806589269723106,20815,CHEVY CHASE,78258.2702851,151813895.483,38.98381860627773,-77.07842006190148,6.2245,44.891304,0.0,0.0,0.0,21.068459,289.9832,210122137078489838,2021-01-22 13:00:00,13,PM,22,4,Friday,0,1,January,2021,0,Unknown
MCP3026005Z,AA8925D362F74B8B89784B1957B369DB,False,NO APPARENT INJURY,NONE,NOT DISTRACTED,PASSENGER,SLOWING OR STOPPING,South,NO DAMAGE,30,False,False,2,8265619127403588,210002755,Montgomery County Police,Property Damage ,False,South,0,3,LEVEL,False,False,DRIVER,SAME DIRECTION SIDESWIPE,DRY,DAYLIGHT,TRAFFIC SIGNAL,INTERSECTION,FOUR-WAY INTERSECTION,STRAIGHT,NO DEFECTS,"TWO-WAY, DIVIDED, POSITIVE MEDIAN BARRIER",38.977225,-77.08663167,7307765282026999,7806589269723106,0,0,0,2021012213,7707842038983818,Ford,2014,Expedition,Standard Sport Utility Vehicle 2WD,8.0,5.4,Automatic 6,4WD,Regular Gasoline,13,18,WISCONSIN AVE,Maryland (State),BRADLEY LA,Maryland (State),7806589269723106,20815,CHEVY CHASE,78258.2702851,151813895.483,38.98381860627773,-77.07842006190148,6.2245,44.891304,0.0,0.0,0.0,21.068459,289.9832,210122137078489838,2021-01-22 13:00:00,13,PM,22,4,Friday,0,1,January,2021,0,Unknown
MCP23580081,7F0EEB717EAE4282AB8F38DEFDEE93DB,True,NO APPARENT INJURY,NONE,NOT DISTRACTED,PASSENGER,SLOWING OR STOPPING,West,FUNCTIONAL,35,False,False,2,8882634665904292,210002766,Montgomery County Police,Property Damage ,False,East,2,2,LEVEL,False,False,DRIVER,SAME DIR REAR END,DRY,DAYLIGHT,TRAFFIC SIGNAL,INTERSECTION RELATED,FOUR-WAY INTERSECTION,STRAIGHT,NO DEFECTS,"TWO-WAY, NOT DIVIDED",38.9894385,-77.1498275,1363718650800826,2810990849197631,0,0,0,2021012214,7715220038996189,GMC,0,Unknown,Unknown,0.0,0.0,Unknown,Unknown,Unknown,0,0,RIVER RD,Maryland (State),ROYAL DOMINION DR,County,2810990849197631,20817,BETHESDA,143234.920079,403664948.588,38.996189145680184,-77.15220044157795,6.293,43.24482,0.0,0.0,0.0,21.068459,289.9832,210122147152289961,2021-01-22 14:00:00,14,PM,22,4,Friday,0,1,January,2021,0,Unknown
MCP23580081,FF34BA8B2E28470BBC68FAD8CF7625AF,False,NO APPARENT INJURY,NONE,NOT DISTRACTED,PASSENGER,SLOWING OR STOPPING,West,FUNCTIONAL,35,False,False,2,2815627418338661,210002766,Montgomery County Police,Property Damage ,False,East,2,2,LEVEL,False,False,DRIVER,SAME DIR REAR END,DRY,DAYLIGHT,TRAFFIC SIGNAL,INTERSECTION RELATED,FOUR-WAY INTERSECTION,STRAIGHT,NO DEFECTS,"TWO-WAY, NOT DIVIDED",38.9894385,-77.1498275,1363718650800826,2810990849197631,0,0,0,2021012214,7715220038996189,Honda,2015,Accord,Midsize Cars,4.0,2.4,Automatic 6,FWD,Regular Gasoline,21,34,RIVER RD,Maryland (State),ROYAL DOMINION DR,County,2810990849197631,20817,BETHESDA,143234.920079,403664948.588,38.996189145680184,-77.15220044157795,6.293,43.24482,0.0,0.0,0.0,21.068459,289.9832,210122147152289961,2021-01-22 14:00:00,14,PM,22,4,Friday,0,1,January,2021,0,Unknown
MCP3069003L,86306DE474424247B5BDA5F1D60009F9,False,NO APPARENT INJURY,NONE,NOT DISTRACTED,OTHER,MOVING CONSTANT SPEED,North,DISABLING,25,False,False,2,8308213199921110,210002783,Montgomery County Police,Property Damage ,False,North,3,3,LEVEL,False,False,DRIVER,STRAIGHT MOVEMENT ANGLE,DRY,DAYLIGHT,STOP SIGN,INTERSECTION,FOUR-WAY INTERSECTION,STRAIGHT,NO DEFECTS,"TWO-WAY, DIVIDED, POSITIVE MEDIAN BARRIER",38.98457145,-77.07703675,1627793738140795,9285520975125550,0,0,0,2021012215,7707842038983818,Lexus,2014,GX,Standard Sport Utility Vehicle 4WD,8.0,4.6,Automatic 6,4WD,Premium Gasoline,15,20,CONNECTICUT AVE,Maryland (State),WOODBINE ST,Municipality,9285520975125550,20815,CHEVY CHASE,78258.2702851,151813895.483,38.98381860627773,-77.07842006190148,6.0245,41.552708,0.0,0.0,0.0,20.176065,285.52417,210122157078489838,2021-01-22 15:00:00,15,PM,22,4,Friday,0,1,January,2021,0,Unknown
MCP3069003L,9B4284C44E7940349E6249154E3DB5C5,True,NO APPARENT INJURY,NONE,LOOKED BUT DID NOT SEE,PASSENGER,MAKING LEFT TURN,South,DISABLING,25,False,False,2,7373970422043713,210002783,Montgomery County Police,Property Damage ,False,North,3,3,LEVEL,False,False,DRIVER,STRAIGHT MOVEMENT ANGLE,DRY,DAYLIGHT,STOP SIGN,INTERSECTION,FOUR-WAY INTERSECTION,STRAIGHT,NO DEFECTS,"TWO-WAY, DIVIDED, POSITIVE MEDIAN BARRIER",38.98457145,-77.07703675,1627793738140795,9285520975125550,0,0,0,2021012215,7707842038983818,Pontiac,2004,Grand Am,Compact Cars,4.0,2.2,Automatic 4,FWD,Regular Gasoline,18,27,CONNECTICUT AVE,Maryland (State),WOODBINE ST,Municipality,9285520975125550,20815,CHEVY CHASE,78258.2702851,151813895.483,38.98381860627773,-77.07842006190148,6.0245,41.552708,0.0,0.0,0.0,20.176065,285.52417,210122157078489838,2021-01-22 15:00:00,15,PM,22,4,Friday,0,1,January,2021,0,Unknown
MCP23630023,E9AF5F3C3FC94A7BA37926FF0CF86531,True,NO APPARENT INJURY,NONE,NOT DISTRACTED,TRUCK,SLOWING OR STOPPING,South,NO DAMAGE,35,False,False,2,2781967134861854,210002799,Montgomery County Police,Injury ,False,South,1,2,LEVEL,False,False,DRIVER,SAME DIR REAR END,DRY,DUSK,UNKNOWN,NON INTERSECTION,UNKNOWN,STRAIGHT,NO DEFECTS,"TWO-WAY, DIVIDED, POSITIVE MEDIAN BARRIER",39.09165333,-77.045075,1498137660831595,3786639377990067,0,0,0,2021012218,7705486039088590,Ford,2004,F150,Standard Pickup Trucks 2WD,8.0,5.4,Automatic 4,RWD,Regular Gasoline,11,18,LAYHILL RD,Maryland (State),BEL PRE RD,County,3786639377990067,20906,SILVER SPRING,133207.174949,359110751.771,39.08859082555049,-77.05486091907257,4.1324997,47.609608,0.0,0.0,0.0,13.049689,294.44394,210122187054890885,2021-01-22 18:00:00,18,PM,22,4,Friday,0,1,January,2021,0,Unknown
MCP23630023,6817AD39C7B340169EF6A9D30FD3D59B,False,POSSIBLE INJURY,NONE,NOT DISTRACTED,PASSENGER,STOPPED IN TRAFFIC LANE,South,NO DAMAGE,35,False,False,2,6722519994353299,210002799,Montgomery County Police,Injury ,False,South,1,2,LEVEL,False,False,DRIVER,SAME DIR REAR END,DRY,DUSK,UNKNOWN,NON INTERSECTION,UNKNOWN,STRAIGHT,NO DEFECTS,"TWO-WAY, DIVIDED, POSITIVE MEDIAN BARRIER",39.09165333,-77.045075,1498137660831595,3786639377990067,0,0,0,2021012218,7705486039088590,Honda,2022,Civic,Large Cars,4.0,1.5,Automatic 7,FWD,Regular Gasoline,30,37,LAYHILL RD,Maryland (State),BEL PRE RD,County,3786639377990067,20906,SILVER SPRING,133207.174949,359110751.771,39.08859082555049,-77.05486091907257,4.1324997,47.609608,0.0,0.0,0.0,13.049689,294.44394,210122187054890885,2021-01-22 18:00:00,18,PM,22,4,Friday,0,1,January,2021,0,Unknown