ReportNumber,VehicleCrashKey,DriverAtFault,DriverInjurySeverity,DriverSubstanceAbuse,DriverDistractedBy,VehicleType,VehicleMovement,VehicleGoingDir,VehicleDamageExtent,SpeedLimit,ParkedVehicle,SubstanceAbuseContributed,VehiclesCrashedTotal,VehicleKey,LocalCaseNumber,AgencyName,ACRSReportType,HitRun,LaneDirection,LaneNumber,NumberOfLanes,RoadGrade,NonTraffic,OffRoadIncident,AccidentAtFault,CollisionType,SurfaceCondition,Light,TrafficControl,Junction,IntersectionType,RoadAlignment,RoadCondition,RoadDivision,Latitude,Longitude,RoadKey_x,CrossStreetKey,NonMotoristTotal,NonMotoristInjury,NonMotoristFatal,DateHourKey,LocationAreaKey,Make,Year_x,BaseModel,BodyClass,Cylinders,Displacement,Transmission,Drivetrain,FuelType,CityMPG,HighwayMPG,RoadName_x,RouteType_x,RoadName_y,RouteType_y,RoadKey_y,Zipcode,MailCity,ShapeLength,ShapeArea,CentroidLatitude,CentroidLongitude,Temperature,Humidity,Precipitation,Rain,Snow,WindSpeed,WindDirection,WeatherKey,Datetime,Hour,TimeOfDay,DayNumber,WeekDayNumber,WeekDayName,WeekendFlag,MonthNumber,MonthName,Year_y,HolidayFlag,HolidayName
MCP2739003W,453DE04C43B74072A583730A4CC91C15,True,NO APPARENT INJURY,ALCOHOL,UNKNOWN,PASSENGER,SLOWING OR STOPPING,North,SUPERFICIAL,40,False,False,2,7285498167404951,21002836,Montgomery County Police,Property Damage ,False,North,2,3,LEVEL,False,False,DRIVER,STRAIGHT MOVEMENT ANGLE,DRY,DARK LIGHTS ON,TRAFFIC SIGNAL,INTERSECTION,FOUR-WAY INTERSECTION,STRAIGHT,NO DEFECTS,"TWO-WAY, DIVIDED, POSITIVE MEDIAN BARRIER",39.02035778,-76.97658796,8901981419077344,6418727789277950,0,0,0,2021012222,7698354239018293,Honda,2004,Civic,Compact Cars,4.0,1.7,Manual 5,FWD,Regular Gasoline,26,34,NEW HAMPSHIRE AVE,Maryland (State),ELTON RD,County,6418727789277950,20903,SILVER SPRING,50204.7192451,65972447.4483,39.01829365940637,-76.9835422251861,1.1344999,60.959923,0.0,0.0,0.0,8.049845,296.56497,210122226983590182,2021-01-22 22:00:00,22,PM,22,4,Friday,0,1,January,2021,0,Unknown
MCP2739003W,E44A6A27BF81482A96CB7A1ECDD770A3,False,NO APPARENT INJURY,NONE,NOT DISTRACTED,PASSENGER,MAKING LEFT TURN,West,FUNCTIONAL,40,False,False,2,4058961154820328,21002836,Montgomery County Police,Property Damage ,False,North,2,3,LEVEL,False,False,DRIVER,STRAIGHT MOVEMENT ANGLE,DRY,DARK LIGHTS ON,TRAFFIC SIGNAL,INTERSECTION,FOUR-WAY INTERSECTION,STRAIGHT,NO DEFECTS,"TWO-WAY, DIVIDED, POSITIVE MEDIAN BARRIER",39.02035778,-76.97658796,8901981419077344,6418727789277950,0,0,0,2021012222,7698354239018293,Ford,2003,Explorer,Sport Utility Vehicle - 2WD,6.0,4.0,Automatic 5,AWD,Regular Gasoline,14,18,NEW HAMPSHIRE AVE,Maryland (State),ELTON RD,County,6418727789277950,20903,SILVER SPRING,50204.7192451,65972447.4483,39.01829365940637,-76.9835422251861,1.1344999,60.959923,0.0,0.0,0.0,8.049845,296.56497,210122226983590182,2021-01-22 22:00:00,22,PM,22,4,Friday,0,1,January,2021,0,Unknown
MCP31110037,ECD41BA676204EA5A0DFE008971B71A0,True,NO APPARENT INJURY,UNKNOWN,UNKNOWN,TRUCK,PARKING,East,UNKNOWN,5,False,False,1,2250767647570290,210002855,Montgomery County Police,Property Damage ,True,UNKNOWN,0,0,UNKNOWN,True,True,DRIVER,SINGLE VEHICLE,UNKNOWN,DUSK,UNKNOWN,UNKNOWN,UNKNOWN,UNKNOWN,UNKNOWN,UNKNOWN,38.96290741,-77.09456098,7781945108562677,7781945108562677,0,0,0,2021012306,7707842038983818,Freightliner,0,Unknown,Unknown,0.0,0.0,Unknown,Unknown,Unknown,0,0,UNKNOWN,UNKNOWN,UNKNOWN,UNKNOWN,7781945108562677,20815,CHEVY CHASE,78258.2702851,151813895.483,38.98381860627773,-77.07842006190148,-1.7255,54.408176,0.0,0.0,0.0,11.885453,305.13428,210123067078489838,2021-01-23 06:00:00,6,AM,23,5,Saturday,1,1,January,2021,0,Unknown
MCP93110034,323BA82C78384E59871206F1E7BB9C35,True,SUSPECTED MINOR INJURY,NONE,LOOKED BUT DID NOT SEE,PASSENGER,MOVING CONSTANT SPEED,East,DISABLING,35,False,False,2,3644192701308498,210002868,Montgomery County Police,Injury ,False,East,1,3,LEVEL,False,False,DRIVER,STRAIGHT MOVEMENT ANGLE,DRY,DAYLIGHT,TRAFFIC SIGNAL,INTERSECTION,T-INTERSECTION,STRAIGHT,NO DEFECTS,"TWO-WAY, DIVIDED, POSITIVE MEDIAN BARRIER",39.02138167,-77.14126833,6477653073943693,9637994957548565,0,0,0,2021012310,7715220038996189,Lincoln,0,Unknown,Unknown,0.0,0.0,Unknown,Unknown,Unknown,0,0,DEMOCRACY BLVD,County,RAMP 4 FR IS 270Y NB TO DEMOCRACY BLVD,Ramp,9637994957548565,20817,BETHESDA,143234.920079,403664948.588,38.996189145680184,-77.15220044157795,-2.257,44.076443,0.0,0.0,0.0,24.408424,322.792,210123107152289961,2021-01-23 10:00:00,10,AM,23,5,Saturday,1,1,January,2021,0,Unknown
MCP93110034,A164AF166A0B41D29B16D422B1C4AD8C,False,NO APPARENT INJURY,NONE,NOT DISTRACTED,PASSENGER,STARTING FROM LANE,North,DISABLING,35,False,False,2,3429855084741099,210002868,Montgomery County Police,Injury ,False,East,1,3,LEVEL,False,False,DRIVER,STRAIGHT MOVEMENT ANGLE,DRY,DAYLIGHT,TRAFFIC SIGNAL,INTERSECTION,T-INTERSECTION,STRAIGHT,NO DEFECTS,"TWO-WAY, DIVIDED, POSITIVE MEDIAN BARRIER",39.02138167,-77.14126833,6477653073943693,9637994957548565,0,0,0,2021012310,7715220038996189,Chevrolet,2007,Tahoe,Sport Utility Vehicle - 2WD,8.0,5.3,Automatic 4,RWD,Regular Gasoline,14,19,DEMOCRACY BLVD,County,RAMP 4 FR IS 270Y NB TO DEMOCRACY BLVD,Ramp,9637994957548565,20817,BETHESDA,143234.920079,403664948.588,38.996189145680184,-77.15220044157795,-2.257,44.076443,0.0,0.0,0.0,24.408424,322.792,210123107152289961,2021-01-23 10:00:00,10,AM,23,5,Saturday,1,1,January,2021,0,Unknown
DM8476001P,17CD4E86F9B94DD78110665C84D6842C,False,NO APPARENT INJURY,UNKNOWN,NOT DISTRACTED,PASSENGER,MOVING CONSTANT SPEED,East,DISABLING,30,False,False,2,819104244733174,210002885,Takoma Park Police Depart,Property Damage ,False,East,2,3,LEVEL,False,False,DRIVER,STRAIGHT MOVEMENT ANGLE,DRY,DAYLIGHT,NO CONTROLS,INTERSECTION,FOUR-WAY INTERSECTION,STRAIGHT,NO DEFECTS,"TWO-WAY, NOT DIVIDED",38.99263085,-76.99154197,5005946941929880,5269488757423054,0,0,0,2021012312,7700204038982546,Nissan,2014,Altima,Midsize Cars,4.0,2.5,Automatic 7,FWD,Regular Gasoline,22,31,UNIVERSITY BLVD E,Maryland (State),MERRIMAC DR,County,5269488757423054,20912,TAKOMA PARK,51232.0653417,65209197.2692,38.98254687160147,-77.00204079343348,-1.552,35.562435,0.0,0.0,0.0,23.557316,321.20343,210123127002089825,2021-01-23 12:00:00,12,PM,23,5,Saturday,1,1,January,2021,0,Unknown
DM8476001P,1AA06FA9000E43F3AF5786E90260FBCB,True,NO APPARENT INJURY,UNKNOWN,LOOKED BUT DID NOT SEE,PASSENGER,MOVING CONSTANT SPEED,South,DISABLING,30,False,False,2,7318984852079928,210002885,Takoma Park Police Depart,Property Damage ,False,East,2,3,LEVEL,False,False,DRIVER,STRAIGHT MOVEMENT ANGLE,DRY,DAYLIGHT,NO CONTROLS,INTERSECTION,FOUR-WAY INTERSECTION,STRAIGHT,NO DEFECTS,"TWO-WAY, NOT DIVIDED",38.99263085,-76.99154197,5005946941929880,5269488757423054,0,0,0,2021012312,7700204038982546,Honda,2019,Fit,Small Station Wagons,4.0,1.5,Automatic 7,FWD,Regular Gasoline,29,36,UNIVERSITY BLVD E,Maryland (State),MERRIMAC DR,County,5269488757423054,20912,TAKOMA PARK,51232.0653417,65209197.2692,38.98254687160147,-77.00204079343348,-1.552,35.562435,0.0,0.0,0.0,23.557316,321.20343,210123127002089825,2021-01-23 12:00:00,12,PM,23,5,Saturday,1,1,January,2021,0,Unknown
DM8490000L,5A65E5F0A0204568974573A77EBCF708,False,NO APPARENT INJURY,UNKNOWN,LOOKED BUT DID NOT SEE,OTHER,MOVING CONSTANT SPEED,West,DISABLING,35,False,False,2,7026902005199944,210002918,Takoma Park Police Depart,Property Damage ,False,West,1,1,LEVEL,False,False,UNKNOWN,STRAIGHT MOVEMENT ANGLE,DRY,DAWN,OTHER,INTERSECTION,FOUR-WAY INTERSECTION,STRAIGHT,NO DEFECTS,"TWO-WAY, DIVIDED, POSITIVE MEDIAN BARRIER",38.9775175,-76.99174283,2154134094064710,8901981419077344,0,0,0,2021012317,7700204038982546,Toyota,2020,RAV4,Small Sport Utility Vehicle 4WD,4.0,2.5,Automatic 8,AWD,Regular Gasoline,27,33,LARCH AVE,Municipality,NEW HAMPSHIRE AVE,Maryland (State),8901981419077344,20912,TAKOMA PARK,51232.0653417,65209197.2692,38.98254687160147,-77.00204079343348,-0.202,37.322582,0.0,0.0,0.0,19.346441,315.0001,210123177002089825,2021-01-23 17:00:00,17,PM,23,5,Saturday,1,1,January,2021,0,Unknown
DM8490000L,3413B7B0CE8449A9B170E0635F9D44F8,False,NO APPARENT INJURY,UNKNOWN,LOOKED BUT DID NOT SEE,PASSENGER,ACCELERATING,South,DISABLING,35,False,False,2,1314431045311703,210002918,Takoma Park Police Depart,Property Damage ,False,West,1,1,LEVEL,False,False,UNKNOWN,STRAIGHT MOVEMENT ANGLE,DRY,DAWN,OTHER,INTERSECTION,FOUR-WAY INTERSECTION,STRAIGHT,NO DEFECTS,"TWO-WAY, DIVIDED, POSITIVE MEDIAN BARRIER",38.9775175,-76.99174283,2154134094064710,8901981419077344,0,0,0,2021012317,7700204038982546,Toyota,2004,Corolla,Compact Cars,4.0,1.8,Automatic 4,FWD,Regular Gasoline,25,34,LARCH AVE,Municipality,NEW HAMPSHIRE AVE,Maryland (State),8901981419077344,20912,TAKOMA PARK,51232.0653417,65209197.2692,38.98254687160147,-77.00204079343348,-0.202,37.322582,0.0,0.0,0.0,19.346441,315.0001,210123177002089825,2021-01-23 17:00:00,17,PM,23,5,Saturday,1,1,January,2021,0,Unknown
MCP3215001J,3064638829634653B381B191993A8C2D,True,NO APPARENT INJURY,UNKNOWN,NOT DISTRACTED,PASSENGER,MOVING CONSTANT SPEED,West,DISABLING,25,False,False,1,8522085122289723,210002949,Montgomery County Police,Property Damage ,False,West,1,1,LEVEL,False,False,DRIVER,SAME DIRECTION SIDESWIPE,DRY,DARK LIGHTS ON,NO CONTROLS,NON INTERSECTION,UNKNOWN,CURVE LEFT,NO DEFECTS,ONE-WAY TRAFFICWAY,39.03688683,-77.08252233,1106661689313359,3977719113483138,0,0,0,2021012400,7707527239025656,Audi,2016,A5,Subcompact Cars,4.0,2.0,Automatic 8,AWD,Premium Gasoline,21,29,WEXFORD DR,County,DENFELD AVE,County,3977719113483138,20895,KENSINGTON,70838.1492765,106180148.023,39.02565657266069,-77.07527294437958,-4.8045,51.623016,0.0,0.0,0.0,15.7908325,313.1524,210124007075290256,2021-01-24 00:00:00,0,AM,24,6,Sunday,1,1,January,2021,0,Unknown
MCP1182003D,A7D5A4B7FA374C8FADEA5AA0CED96E8F,True,NO APPARENT INJURY,NONE,LOOKED BUT DID NOT SEE,PASSENGER,MAKING LEFT TURN,North,DISABLING,35,False,False,2,7026902021977563,210002964,Montgomery County Police,Injury ,False,East,1,2,LEVEL,False,False,DRIVER,STRAIGHT MOVEMENT ANGLE,DRY,DAYLIGHT,STOP SIGN,INTERSECTION,FOUR-WAY INTERSECTION,STRAIGHT,NO DEFECTS,"TWO-WAY, DIVIDED, UNPROTECTED PAINTED MIN 4 FEET",39.000265,-77.11223167,4574047290405965,9717460574675523,0,0,0,2021012407,7715220038996189,Toyota,2021,RAV4,Small Sport Utility Vehicle 4WD,4.0,2.5,Automatic 8,AWD,Regular Gasoline,27,33,GREENTREE RD,County,GRANT ST,County,9717460574675523,20817,BETHESDA,143234.920079,403664948.588,38.996189145680184,-77.15220044157795,-5.007,62.29429,0.0,0.0,0.0,11.966954,316.2188,210124077152289961,2021-01-24 07:00:00,7,AM,24,6,Sunday,1,1,January,2021,0,Unknown
MCP1182003D,48721E341EFC42C5B0A6ECF8091C3887,False,SUSPECTED MINOR INJURY,NONE,NOT DISTRACTED,PASSENGER,MOVING CONSTANT SPEED,East,DISABLING,35,False,False,2,2500629083996092,210002964,Montgomery County Police,Injury ,False,East,1,2,LEVEL,False,False,DRIVER,STRAIGHT MOVEMENT ANGLE,DRY,DAYLIGHT,STOP SIGN,INTERSECTION,FOUR-WAY INTERSECTION,STRAIGHT,NO DEFECTS,"TWO-WAY, DIVIDED, UNPROTECTED PAINTED MIN 4 FEET",39.000265,-77.11223167,4574047290405965,9717460574675523,0,0,0,2021012407,7715220038996189,Chevrolet,1999,Tahoe,Sport Utility Vehicle - 2WD,8.0,5.7,Automatic 4,AWD,Regular Gasoline,12,16,GREENTREE RD,County,GRANT ST,County,9717460574675523,20817,BETHESDA,143234.920079,403664948.588,38.996189145680184,-77.15220044157795,-5.007,62.29429,0.0,0.0,0.0,11.966954,316.2188,210124077152289961,2021-01-24 07:00:00,7,AM,24,6,Sunday,1,1,January,2021,0,Unknown
MCP3048006S,AD0D88777DB3413D806091E1CE85AD7C,False,POSSIBLE INJURY,UNKNOWN,NOT DISTRACTED,MOTORCYCLE,MOVING CONSTANT SPEED,East,FUNCTIONAL,25,False,False,1,1068658423184002,210002970,Montgomery County Police,Injury ,False,East,1,1,HILL UPHILL,False,False,UNKNOWN,SINGLE VEHICLE,WATER(STANDING/MOVING),DAYLIGHT,TRAFFIC SIGNAL,INTERSECTION,FOUR-WAY INTERSECTION,STRAIGHT,OTHER,"TWO-WAY, NOT DIVIDED",38.97819833,-77.09712333,8659486064429145,4653227176594830,0,0,0,2021012409,7707842038983818,Tesla,0,Unknown,Unknown,0.0,0.0,Unknown,Unknown,Unknown,0,0,BRADLEY BLVD,Maryland (State),HILLANDALE RD,County,4653227176594830,20815,CHEVY CHASE,78258.2702851,151813895.483,38.98381860627773,-77.07842006190148,-4.6254997,62.886814,0.0,0.0,0.0,11.090103,305.75397,210124097078489838,2021-01-24 09:00:00,9,AM,24,6,Sunday,1,1,January,2021,0,Unknown
MCP30120080,7E4D2BEE42E84A3A9BBAEE28AB094E92,False,NO APPARENT INJURY,UNKNOWN,TEXTING FROM A CELLULAR PHONE,PASSENGER,ENTERING TRAFFIC LANE,South,NO DAMAGE,35,False,False,3,7987893192755327,210002993,Montgomery County Police,Property Damage ,True,South,3,3,LEVEL,False,False,DRIVER,SAME DIRECTION SIDESWIPE,DRY,DAYLIGHT,YIELD SIGN,CROSSOVER RELATED,Y-INTERSECTION,STRAIGHT,NO DEFECTS,"TWO-WAY, DIVIDED, POSITIVE MEDIAN BARRIER",39.09246922,-77.07986323,8554262040045692,2930533267702351,0,0,0,2021012413,7705486039088590,Jeep,2017,Cherokee,Small Sport Utility Vehicle 4WD,4.0,2.4,Automatic 9,4WD,Regular Gasoline,21,27,GEORGIA AVE,Maryland (State),SPUR FR BEL PRE RD,UNKNOWN,2930533267702351,20906,SILVER SPRING,133207.174949,359110751.771,39.08859082555049,-77.05486091907257,0.6825,47.887398,0.0,0.0,0.0,8.287822,304.3804,210124137054890885,2021-01-24 13:00:00,13,PM,24,6,Sunday,1,1,January,2021,0,Unknown
MCP30120080,0BB995DAE82A4466AE809036115DC2D3,True,NO APPARENT INJURY,NONE,NOT DISTRACTED,PASSENGER,CHANGING LANES,South,FUNCTIONAL,35,False,False,3,3063454728179589,210002993,Montgomery County Police,Property Damage ,True,South,3,3,LEVEL,False,False,DRIVER,SAME DIRECTION SIDESWIPE,DRY,DAYLIGHT,YIELD SIGN,CROSSOVER RELATED,Y-INTERSECTION,STRAIGHT,NO DEFECTS,"TWO-WAY, DIVIDED, POSITIVE MEDIAN BARRIER",39.09246922,-77.07986323,8554262040045692,2930533267702351,0,0,0,2021012413,7705486039088590,Ford,2016,F150,Standard Pickup Trucks 2WD,6.0,3.5,Automatic 6,4WD,Regular Gasoline,18,22,GEORGIA AVE,Maryland (State),SPUR FR BEL PRE RD,UNKNOWN,2930533267702351,20906,SILVER SPRING,133207.174949,359110751.771,39.08859082555049,-77.05486091907257,0.6825,47.887398,0.0,0.0,0.0,8.287822,304.3804,210124137054890885,2021-01-24 13:00:00,13,PM,24,6,Sunday,1,1,January,2021,0,Unknown
MCP30120080,D61907F43A2D4E52992B6CC66317D1F6,False,NO APPARENT INJURY,NONE,NOT DISTRACTED,PASSENGER,MOVING CONSTANT SPEED,South,SUPERFICIAL,35,False,False,3,3777471145525457,210002993,Montgomery County Police,Property Damage ,True,South,3,3,LEVEL,False,False,DRIVER,SAME DIRECTION SIDESWIPE,DRY,DAYLIGHT,YIELD SIGN,CROSSOVER RELATED,Y-INTERSECTION,STRAIGHT,NO DEFECTS,"TWO-WAY, DIVIDED, POSITIVE MEDIAN BARRIER",39.09246922,-77.07986323,8554262040045692,2930533267702351,0,0,0,2021012413,7705486039088590,Ford,2013,Explorer,Standard Sport Utility Vehicle 2WD,6.0,3.5,Automatic 6,AWD,Regular Gasoline,17,23,GEORGIA AVE,Maryland (State),SPUR FR BEL PRE RD,UNKNOWN,2930533267702351,20906,SILVER SPRING,133207.174949,359110751.771,39.08859082555049,-77.05486091907257,0.6825,47.887398,0.0,0.0,0.0,8.287822,304.3804,210124137054890885,2021-01-24 13:00:00,13,PM,24,6,Sunday,1,1,January,2021,0,Unknown
MCP3139002H,750098CDA06844C5AC895AC03166CC83,False,NO APPARENT INJURY,UNKNOWN,NOT DISTRACTED,PASSENGER,SLOWING OR STOPPING,South,SUPERFICIAL,45,False,False,2,8385899423333060,210003012,Montgomery County Police,Property Damage ,False,South,3,3,LEVEL,False,False,DRIVER,SAME DIR REAR END,DRY,UNKNOWN,TRAFFIC SIGNAL,UNKNOWN,OTHER,STRAIGHT,NO DEFECTS,"TWO-WAY, NOT DIVIDED",39.01764333,-76.97725333,8901981419077344,6989690572086953,0,0,0,2021012416,7698354239018293,Volkswagen,0,Unknown,Unknown,0.0,0.0,Unknown,Unknown,Unknown,0,0,NEW HAMPSHIRE AVE,Maryland (State),RAMP 6 FR IS 495 EB TO MD 650 SB,Ramp,6989690572086953,20903,SILVER SPRING,50204.7192451,65972447.4483,39.01829365940637,-76.9835422251861,2.3345,44.59082,0.0,0.0,0.0,5.4477882,262.40546,210124166983590182,2021-01-24 16:00:00,16,PM,24,6,Sunday,1,1,January,2021,0,Unknown
MCP3139002H,6DE1B9CE08E44C28AFCED2A74A9D1B10,True,NO APPARENT INJURY,NONE,UNKNOWN,PASSENGER,SLOWING OR STOPPING,South,FUNCTIONAL,45,False,False,2,2717602902062821,210003012,Montgomery County Police,Property Damage ,False,South,3,3,LEVEL,False,False,DRIVER,SAME DIR REAR END,DRY,UNKNOWN,TRAFFIC SIGNAL,UNKNOWN,OTHER,STRAIGHT,NO DEFECTS,"TWO-WAY, NOT DIVIDED",39.01764333,-76.97725333,8901981419077344,6989690572086953,0,0,0,2021012416,7698354239018293,Nissan,2011,Quest,Minivan - 2WD,6.0,3.5,Automatic CVT,FWD,Regular Gasoline,19,24,NEW HAMPSHIRE AVE,Maryland (State),RAMP 6 FR IS 495 EB TO MD 650 SB,Ramp,6989690572086953,20903,SILVER SPRING,50204.7192451,65972447.4483,39.01829365940637,-76.9835422251861,2.3345,44.59082,0.0,0.0,0.0,5.4477882,262.40546,210124166983590182,2021-01-24 16:00:00,16,PM,24,6,Sunday,1,1,January,2021,0,Unknown
MCP2291004X,376A2C2E7C134842BB1D32607E23A39F,False,NO APPARENT INJURY,NONE,NOT DISTRACTED,PASSENGER,MOVING CONSTANT SPEED,North,SUPERFICIAL,35,False,False,2,5867016935291335,210003030,Montgomery County Police,Property Damage ,True,North,3,3,LEVEL,False,False,DRIVER,SAME DIRECTION SIDESWIPE,DRY,DARK LIGHTS ON,NO CONTROLS,NON INTERSECTION,UNKNOWN,STRAIGHT,NO DEFECTS,"TWO-WAY, DIVIDED, POSITIVE MEDIAN BARRIER",39.01539824,-77.07885593,1627793738140795,9915560399279361,0,0,0,2021012419,7707527239025656,Honda,2019,CR-V,Small Sport Utility Vehicle 2WD,4.0,1.5,Automatic CVT,AWD,Regular Gasoline,25,31,CONNECTICUT AVE,Maryland (State),SAUL RD,County,9915560399279361,20895,KENSINGTON,70838.1492765,106180148.023,39.02565657266069,-77.07527294437958,0.8455,55.119015,0.0,0.0,0.0,5.8048253,240.2552,210124197075290256,2021-01-24 19:00:00,19,PM,24,6,Sunday,1,1,January,2021,0,Unknown
MCP2291004X,CEE7750198F543889CD34C6BAFBF4E54,True,NO APPARENT INJURY,UNKNOWN,UNKNOWN,PASSENGER,UNKNOWN,North,UNKNOWN,35,False,False,2,7871367603793141,210003030,Montgomery County Police,Property Damage ,True,North,3,3,LEVEL,False,False,DRIVER,SAME DIRECTION SIDESWIPE,DRY,DARK LIGHTS ON,NO CONTROLS,NON INTERSECTION,UNKNOWN,STRAIGHT,NO DEFECTS,"TWO-WAY, DIVIDED, POSITIVE MEDIAN BARRIER",39.01539824,-77.07885593,1627793738140795,9915560399279361,0,0,0,2021012419,7707527239025656,Toyota,2016,RAV4,Small Sport Utility Vehicle 4WD,4.0,2.5,Automatic 6,AWD,Regular Gasoline,22,28,CONNECTICUT AVE,Maryland (State),SAUL RD,County,9915560399279361,20895,KENSINGTON,70838.1492765,106180148.023,39.02565657266069,-77.07527294437958,0.8455,55.119015,0.0,0.0,0.0,5.8048253,240.2552,210124197075290256,2021-01-24 19:00:00,19,PM,24,6,Sunday,1,1,January,2021,0,Unknown
MCP3238000Z,5CF9A9C2D5E8416298CE146BE47B1CEF,True,NO APPARENT INJURY,NONE,LOOKED BUT DID NOT SEE,PASSENGER,STARTING FROM PARKED,South,DISABLING,35,False,False,2,6880219044117533,210003053,Montgomery County Police,Injury ,False,South,2,3,LEVEL,False,False,DRIVER,SAME DIRECTION LEFT TURN,DRY,DARK LIGHTS ON,NO CONTROLS,UNKNOWN,UNKNOWN,STRAIGHT,NO DEFECTS,"TWO-WAY, DIVIDED, POSITIVE MEDIAN BARRIER",38.99866333,-77.030865,8554262040045692,8356792977061148,0,0,0,2021012423,7703596439001907,Lexus,2013,LS,Midsize Cars,8.0,4.6,Automatic 8,AWD,Premium Gasoline,16,23,GEORGIA AVE,Maryland (State),SPRING ST,County,8356792977061148,20910,SILVER SPRING,82846.1568889,126320091.137,39.00190768010143,-77.03596497235911,-0.0035000145,69.05812,0.0,0.0,0.0,1.5273507,135.0001,210124237035990019,2021-01-24 23:00:00,23,PM,24,6,Sunday,1,1,January,2021,0,Unknown
MCP3238000Z,825FD85E1276438BA419CDF9431BD15B,False,POSSIBLE INJURY,NONE,NOT DISTRACTED,PASSENGER,MOVING CONSTANT SPEED,South,DESTROYED,35,False,False,2,6148504880939069,210003053,Montgomery County Police,Injury ,False,South,2,3,LEVEL,False,False,DRIVER,SAME DIRECTION LEFT TURN,DRY,DARK LIGHTS ON,NO CONTROLS,UNKNOWN,UNKNOWN,STRAIGHT,NO DEFECTS,"TWO-WAY, DIVIDED, POSITIVE MEDIAN BARRIER",38.99866333,-77.030865,8554262040045692,8356792977061148,0,0,0,2021012423,7703596439001907,Honda,2008,CR-V,Sport Utility Vehicle - 2WD,4.0,2.4,Automatic 5,AWD,Regular Gasoline,20,26,GEORGIA AVE,Maryland (State),SPRING ST,County,8356792977061148,20910,SILVER SPRING,82846.1568889,126320091.137,39.00190768010143,-77.03596497235911,-0.0035000145,69.05812,0.0,0.0,0.0,1.5273507,135.0001,210124237035990019,2021-01-24 23:00:00,23,PM,24,6,Sunday,1,1,January,2021,0,Unknown
MCP3274000B,B38EC4CB24F142728AA4D23B356957F3,False,NO APPARENT INJURY,NONE,NOT DISTRACTED,TRUCK,MOVING CONSTANT SPEED,South,SUPERFICIAL,35,False,False,2,2250767647570290,210003068,Montgomery County Police,Property Damage ,False,South,2,2,LEVEL,False,False,DRIVER,SAME DIRECTION SIDESWIPE,DRY,DAYLIGHT,NO CONTROLS,NON INTERSECTION,UNKNOWN,STRAIGHT,NO DEFECTS,"TWO-WAY, DIVIDED, POSITIVE MEDIAN BARRIER",38.9784375,-77.09536683,8659486064429145,2825676225060757,0,0,0,2021012507,7707842038983818,Freightliner,0,Unknown,Unknown,0.0,0.0,Unknown,Unknown,Unknown,0,0,BRADLEY BLVD,Maryland (State),WELLINGTON DR,County,2825676225060757,20815,CHEVY CHASE,78258.2702851,151813895.483,38.98381860627773,-77.07842006190148,0.074499995,65.01024,0.0,0.0,0.0,6.0347,72.64589,210125077078489838,2021-01-25 07:00:00,7,AM,25,0,Monday,0,1,January,2021,0,Unknown
MCP3274000B,82CAB50596B242F79C5A104EF16A99D4,True,NO APPARENT INJURY,NONE,NOT DISTRACTED,PASSENGER,MOVING CONSTANT SPEED,South,DISABLING,35,False,False,2,4595510051903263,210003068,Montgomery County Police,Property Damage ,False,South,2,2,LEVEL,False,False,DRIVER,SAME DIRECTION SIDESWIPE,DRY,DAYLIGHT,NO CONTROLS,NON INTERSECTION,UNKNOWN,STRAIGHT,NO DEFECTS,"TWO-WAY, DIVIDED, POSITIVE MEDIAN BARRIER",38.9784375,-77.09536683,8659486064429145,2825676225060757,0,0,0,2021012507,7707842038983818,Honda,0,Unknown,Unknown,0.0,0.0,Unknown,Unknown,Unknown,0,0,BRADLEY BLVD,Maryland (State),WELLINGTON DR,County,2825676225060757,20815,CHEVY CHASE,78258.2702851,151813895.483,38.98381860627773,-77.07842006190148,0.074499995,65.01024,0.0,0.0,0.0,6.0347,72.64589,210125077078489838,2021-01-25 07:00:00,7,AM,25,0,Monday,0,1,January,2021,0,Unknown
MCP2069000D,06ECB4DEA71E4E93A38A39E9ADB4349D,True,NO APPARENT INJURY,NONE,NOT DISTRACTED,PASSENGER,MAKING LEFT TURN,North,SUPERFICIAL,10,False,False,1,4708503902941436,210003193,Montgomery County Police,Property Damage ,False,UNKNOWN,0,0,UNKNOWN,True,True,DRIVER,SINGLE VEHICLE,UNKNOWN,OTHER,UNKNOWN,UNKNOWN,UNKNOWN,UNKNOWN,UNKNOWN,UNKNOWN,38.96388993,-77.09028031,7781945108562677,7781945108562677,0,0,0,2021012516,7707842038983818,Chevrolet,2020,Silverado,Standard Pickup Trucks 4WD,8.0,5.3,Automatic 6,4WD,Regular Gasoline,14,18,UNKNOWN,UNKNOWN,UNKNOWN,UNKNOWN,7781945108562677,20815,CHEVY CHASE,78258.2702851,151813895.483,38.98381860627773,-77.07842006190148,2.6745,59.081516,0.0,0.0,0.0,6.87779,96.00892,210125167078489838,2021-01-25 16:00:00,16,PM,25,0,Monday,0,1,January,2021,0,Unknown
HA2396000W,00E1C7FAFCEC4E1295F64929CDECEF07,True,NO APPARENT INJURY,NONE,NOT DISTRACTED,PASSENGER,MOVING CONSTANT SPEED,North,DISABLING,25,False,False,1,6578981102918950,21000152,Maryland-National Capital,Property Damage ,False,North,1,1,LEVEL,False,False,DRIVER,SINGLE VEHICLE,WET,DAYLIGHT,NO CONTROLS,NON INTERSECTION,UNKNOWN,CURVE LEFT,NO DEFECTS,"TWO-WAY, NOT DIVIDED",39.0286575,-77.08787567,1431569093396660,915669685319325,0,0,0,2021012616,7707527239025656,Mazda,2010,3,Compact Cars,4.0,2.0,Automatic 5,FWD,Regular Gasoline,21,29,BEACH DR,Government,KNOWLES AVE,Maryland (State),915669685319325,20895,KENSINGTON,70838.1492765,106180148.023,39.02565657266069,-77.07527294437958,3.7455,90.24991,0.0,0.0,0.0,5.6233797,129.80553,210126167075290256,2021-01-26 16:00:00,16,PM,26,1,Tuesday,0,1,January,2021,0,Unknown