ReportNumber,VehicleCrashKey,DriverAtFault,DriverInjurySeverity,DriverSubstanceAbuse,DriverDistractedBy,VehicleType,VehicleMovement,VehicleGoingDir,VehicleDamageExtent,SpeedLimit,ParkedVehicle,SubstanceAbuseContributed,VehiclesCrashedTotal,VehicleKey,LocalCaseNumber,AgencyName,ACRSReportType,HitRun,LaneDirection,LaneNumber,NumberOfLanes,RoadGrade,NonTraffic,OffRoadIncident,AccidentAtFault,CollisionType,SurfaceCondition,Light,TrafficControl,Junction,IntersectionType,RoadAlignment,RoadCondition,RoadDivision,Latitude,Longitude,RoadKey_x,CrossStreetKey,NonMotoristTotal,NonMotoristInjury,NonMotoristFatal,DateHourKey,LocationAreaKey,Make,Year_x,BaseModel,BodyClass,Cylinders,Displacement,Transmission,Drivetrain,FuelType,CityMPG,HighwayMPG,RoadName_x,RouteType_x,RoadName_y,RouteType_y,RoadKey_y,Zipcode,MailCity,ShapeLength,ShapeArea,CentroidLatitude,CentroidLongitude,Temperature,Humidity,Precipitation,Rain,Snow,WindSpeed,WindDirection,WeatherKey,Datetime,Hour,TimeOfDay,DayNumber,WeekDayNumber,WeekDayName,WeekendFlag,MonthNumber,MonthName,Year_y,HolidayFlag,HolidayName
MCP3069003N,169E450B2BB44CE084845B593B732EAC,True,NO APPARENT INJURY,NONE,LOOKED BUT DID NOT SEE,PASSENGER,MAKING LEFT TURN,East,NO DAMAGE,35,False,False,1,288946357305781,210003298,Montgomery County Police,Injury ,False,North,2,2,LEVEL,False,False,DRIVER,OTHER,WET,DUSK,NO CONTROLS,INTERSECTION,T-INTERSECTION,STRAIGHT,NO DEFECTS,"TWO-WAY, DIVIDED, UNPROTECTED PAINTED MIN 4 FEET",38.96281636,-77.09330852,8655009953594281,7759871315544651,1,1,0,2021012617,7707842038983818,Tesla,2018,Model S,Large Cars,0.0,0.0,Automatic 1,AWD,Electricity,92,105,WILLARD AVE,County,N PARK AVE,Municipality,7759871315544651,20815,CHEVY CHASE,78258.2702851,151813895.483,38.98381860627773,-77.07842006190148,4.3745003,87.46026,0.0,0.0,0.0,5.771239,176.42374,210126177078489838,2021-01-26 17:00:00,17,PM,26,1,Tuesday,0,1,January,2021,0,Unknown
MCP3038004Z,517E8B7F2B3D4E7C8AA0F69FE9A2EAF5,True,NO APPARENT INJURY,NONE,LOOKED BUT DID NOT SEE,PASSENGER,MAKING LEFT TURN,East,DISABLING,35,False,False,3,2114470697388081,210003312,Montgomery County Police,Injury ,False,North,1,3,HILL UPHILL,False,False,DRIVER,HEAD ON LEFT TURN,WET,DARK LIGHTS ON,TRAFFIC SIGNAL,INTERSECTION,FOUR-WAY INTERSECTION,STRAIGHT,NO DEFECTS,"TWO-WAY, DIVIDED, POSITIVE MEDIAN BARRIER",38.994515,-77.03616,118399697147806,4570729910170239,0,0,0,2021012619,7703596439001907,Infiniti,2008,QX56,Sport Utility Vehicle - 2WD,8.0,5.6,Automatic 5,AWD,Premium Gasoline,12,17,16TH ST,Maryland (State),EAST WEST HWY,Maryland (State),4570729910170239,20910,SILVER SPRING,82846.1568889,126320091.137,39.00190768010143,-77.03596497235911,3.6465,91.53611,0.0,0.0,0.0,2.2768397,251.56496,210126197035990019,2021-01-26 19:00:00,19,PM,26,1,Tuesday,0,1,January,2021,0,Unknown
MCP3038004Z,1B2F6E1D978D4D74A03AF04A2BB24112,False,NO APPARENT INJURY,NONE,NOT DISTRACTED,PASSENGER,STOPPED IN TRAFFIC LANE,West,SUPERFICIAL,35,False,False,3,5738617122717260,210003312,Montgomery County Police,Injury ,False,North,1,3,HILL UPHILL,False,False,DRIVER,HEAD ON LEFT TURN,WET,DARK LIGHTS ON,TRAFFIC SIGNAL,INTERSECTION,FOUR-WAY INTERSECTION,STRAIGHT,NO DEFECTS,"TWO-WAY, DIVIDED, POSITIVE MEDIAN BARRIER",38.994515,-77.03616,118399697147806,4570729910170239,0,0,0,2021012619,7703596439001907,Lexus,2011,RX,Sport Utility Vehicle - 2WD,6.0,3.5,Automatic 6,AWD,Premium Gasoline,18,24,16TH ST,Maryland (State),EAST WEST HWY,Maryland (State),4570729910170239,20910,SILVER SPRING,82846.1568889,126320091.137,39.00190768010143,-77.03596497235911,3.6465,91.53611,0.0,0.0,0.0,2.2768397,251.56496,210126197035990019,2021-01-26 19:00:00,19,PM,26,1,Tuesday,0,1,January,2021,0,Unknown
MCP3038004Z,AC71C495924B46D79FF62D8570A710C8,False,SUSPECTED MINOR INJURY,NONE,NOT DISTRACTED,PASSENGER,MOVING CONSTANT SPEED,North,DISABLING,35,False,False,3,2220025502357706,210003312,Montgomery County Police,Injury ,False,North,1,3,HILL UPHILL,False,False,DRIVER,HEAD ON LEFT TURN,WET,DARK LIGHTS ON,TRAFFIC SIGNAL,INTERSECTION,FOUR-WAY INTERSECTION,STRAIGHT,NO DEFECTS,"TWO-WAY, DIVIDED, POSITIVE MEDIAN BARRIER",38.994515,-77.03616,118399697147806,4570729910170239,0,0,0,2021012619,7703596439001907,Volkswagen,2011,Jetta,Compact Cars,4.0,2.0,Automatic 6,FWD,Regular Gasoline,29,31,16TH ST,Maryland (State),EAST WEST HWY,Maryland (State),4570729910170239,20910,SILVER SPRING,82846.1568889,126320091.137,39.00190768010143,-77.03596497235911,3.6465,91.53611,0.0,0.0,0.0,2.2768397,251.56496,210126197035990019,2021-01-26 19:00:00,19,PM,26,1,Tuesday,0,1,January,2021,0,Unknown
MCP27660063,DF5E98D863174563ABE024F43B26A774,True,NO APPARENT INJURY,NONE,LOOKED BUT DID NOT SEE,PASSENGER,MOVING CONSTANT SPEED,South,DISABLING,40,False,False,2,7005701082695434,210003318,Montgomery County Police,Property Damage ,False,West,1,2,HILL CREST,False,False,DRIVER,STRAIGHT MOVEMENT ANGLE,WET,DARK LIGHTS ON,TRAFFIC SIGNAL,UNKNOWN,FOUR-WAY INTERSECTION,STRAIGHT,NO DEFECTS,"TWO-WAY, NOT DIVIDED",39.06337833,-77.05064833,670409629174736,1498137660831595,0,0,0,2021012620,7705486039088590,Mazda,2002,Protege/Protege 5,Compact Cars,4.0,2.0,Automatic 4,FWD,Regular Gasoline,22,28,GLENALLAN AVE,County,LAYHILL RD,Maryland (State),1498137660831595,20906,SILVER SPRING,133207.174949,359110751.771,39.08859082555049,-77.05486091907257,0.88250005,97.860695,0.0,0.0,0.0,5.3999996,360.0,210126207054890885,2021-01-26 20:00:00,20,PM,26,1,Tuesday,0,1,January,2021,0,Unknown
MCP27660063,BA2E4B1C880740FFA5E62C249CEBE182,False,NO APPARENT INJURY,NONE,NOT DISTRACTED,PASSENGER,MOVING CONSTANT SPEED,West,DISABLING,30,False,False,2,9043350608591562,210003318,Montgomery County Police,Property Damage ,False,West,1,2,HILL CREST,False,False,DRIVER,STRAIGHT MOVEMENT ANGLE,WET,DARK LIGHTS ON,TRAFFIC SIGNAL,UNKNOWN,FOUR-WAY INTERSECTION,STRAIGHT,NO DEFECTS,"TWO-WAY, NOT DIVIDED",39.06337833,-77.05064833,670409629174736,1498137660831595,0,0,0,2021012620,7705486039088590,Acura,2014,TL,Midsize Cars,6.0,3.7,Automatic 6,AWD,Premium Gasoline,18,24,GLENALLAN AVE,County,LAYHILL RD,Maryland (State),1498137660831595,20906,SILVER SPRING,133207.174949,359110751.771,39.08859082555049,-77.05486091907257,0.88250005,97.860695,0.0,0.0,0.0,5.3999996,360.0,210126207054890885,2021-01-26 20:00:00,20,PM,26,1,Tuesday,0,1,January,2021,0,Unknown
MCP3060002X,7DA90CCD34484A6E81FFBA3E8132FD0C,True,POSSIBLE INJURY,UNKNOWN,UNKNOWN,PASSENGER,NEGOTIATING A CURVE,South,DISABLING,35,False,False,1,2815627401561042,210003328,Montgomery County Police,Injury ,False,South,0,3,LEVEL,False,False,DRIVER,SINGLE VEHICLE,WET,DARK LIGHTS ON,NO CONTROLS,INTERCHANGE RELATED,UNKNOWN,CURVE LEFT,NO DEFECTS,"TWO-WAY, DIVIDED, POSITIVE MEDIAN BARRIER",39.01430833,-77.14939833,4685940418572156,6477653073943693,0,0,0,2021012623,7715220038996189,Honda,2014,Accord,Midsize Cars,4.0,2.4,Automatic CVT,FWD,Regular Gasoline,21,34,RAMP 8 FR IS 270Y SB TO DEMOCRACY BLVD,Ramp,DEMOCRACY BLVD,County,6477653073943693,20817,BETHESDA,143234.920079,403664948.588,38.996189145680184,-77.15220044157795,0.943,97.861755,0.0,0.0,0.0,2.4149535,243.43501,210126237152289961,2021-01-26 23:00:00,23,PM,26,1,Tuesday,0,1,January,2021,0,Unknown
MCP271700TC,12BEDEAD0CBC4EA490DA7BD815616FD8,True,NO APPARENT INJURY,NONE,LOOKED BUT DID NOT SEE,OTHER,MAKING LEFT TURN,East,SUPERFICIAL,25,False,False,1,9695299090985442,210003454,Montgomery County Police,Injury ,False,North,1,2,LEVEL,False,False,DRIVER,SINGLE VEHICLE,DRY,DARK LIGHTS ON,TRAFFIC SIGNAL,INTERSECTION,FOUR-WAY INTERSECTION,STRAIGHT,NO DEFECTS,"TWO-WAY, DIVIDED, UNPROTECTED PAINTED MIN 4 FEET",38.99041517,-77.10339017,4494898042244063,3774978101447126,1,1,0,2021012718,7710072538987731,Pontiac,2010,Solstice,Two Seaters,4.0,2.0,Automatic 5,RWD,Regular Gasoline,19,24,OLD GEORGETOWN RD,Maryland (State),BATTERY LA,County,3774978101447126,20814,BETHESDA,46411.6876883,47837334.4314,38.98773167577017,-77.10072590539887,3.8985,56.790543,0.0,0.0,0.0,8.0899935,327.72437,210127187100789877,2021-01-27 18:00:00,18,PM,27,2,Wednesday,0,1,January,2021,0,Unknown
MCP3113002Z,15374DAD952B4C1494C6259863D05AB8,True,NO APPARENT INJURY,UNKNOWN,UNKNOWN,PASSENGER,MOVING CONSTANT SPEED,North,UNKNOWN,30,False,False,2,5889671040051326,210003548,Montgomery County Police,Property Damage ,True,North,2,3,LEVEL,False,False,DRIVER,SAME DIR REAR END,DRY,DAYLIGHT,TRAFFIC SIGNAL,INTERSECTION,FOUR-WAY INTERSECTION,STRAIGHT,NO DEFECTS,"TWO-WAY, DIVIDED, POSITIVE MEDIAN BARRIER",39.02036292,-76.97659154,8901981419077344,6418727789277950,0,0,0,2021012813,7698354239018293,Dodge,2002,Stratus,Compact Cars,6.0,3.0,Automatic 4,FWD,Regular Gasoline,18,26,NEW HAMPSHIRE AVE,Maryland (State),ELTON RD,County,6418727789277950,20903,SILVER SPRING,50204.7192451,65972447.4483,39.01829365940637,-76.9835422251861,-0.015500002,40.51432,0.0,0.0,0.0,26.36616,325.0079,210128136983590182,2021-01-28 13:00:00,13,PM,28,3,Thursday,0,1,January,2021,0,Unknown
MCP3113002Z,87F1F227E75949679BB84379DE7289F2,False,NO APPARENT INJURY,UNKNOWN,NOT DISTRACTED,PASSENGER,STARTING FROM LANE,North,SUPERFICIAL,30,False,False,2,4595510051903263,210003548,Montgomery County Police,Property Damage ,True,North,2,3,LEVEL,False,False,DRIVER,SAME DIR REAR END,DRY,DAYLIGHT,TRAFFIC SIGNAL,INTERSECTION,FOUR-WAY INTERSECTION,STRAIGHT,NO DEFECTS,"TWO-WAY, DIVIDED, POSITIVE MEDIAN BARRIER",39.02036292,-76.97659154,8901981419077344,6418727789277950,0,0,0,2021012813,7698354239018293,Honda,0,Unknown,Unknown,0.0,0.0,Unknown,Unknown,Unknown,0,0,NEW HAMPSHIRE AVE,Maryland (State),ELTON RD,County,6418727789277950,20903,SILVER SPRING,50204.7192451,65972447.4483,39.01829365940637,-76.9835422251861,-0.015500002,40.51432,0.0,0.0,0.0,26.36616,325.0079,210128136983590182,2021-01-28 13:00:00,13,PM,28,3,Thursday,0,1,January,2021,0,Unknown
MCP28920095,195F4F0963644975A4455870D451290B,True,NO APPARENT INJURY,NONE,LOOKED BUT DID NOT SEE,PASSENGER,MOVING CONSTANT SPEED,East,DISABLING,30,False,False,2,6801964070250583,210003580,Montgomery County Police,Property Damage ,False,East,1,1,LEVEL,False,False,DRIVER,SAME DIR REAR END,DRY,DAYLIGHT,NO CONTROLS,INTERSECTION RELATED,FOUR-WAY INTERSECTION,STRAIGHT,NO DEFECTS,"TWO-WAY, NOT DIVIDED",39.01534333,-77.04749667,5564981422910326,2715522111955786,0,0,0,2021012816,7703596439001907,Nissan,0,Unknown,Unknown,0.0,0.0,Unknown,Unknown,Unknown,0,0,FOREST GLEN RD,Maryland (State),BELVEDERE PL,County,2715522111955786,20910,SILVER SPRING,82846.1568889,126320091.137,39.00190768010143,-77.03596497235911,0.44649997,36.479824,0.0,0.0,0.0,27.792374,323.42688,210128167035990019,2021-01-28 16:00:00,16,PM,28,3,Thursday,0,1,January,2021,0,Unknown
MCP28920095,44833BD68B184BCB84472292748CD957,False,NO APPARENT INJURY,NONE,NOT DISTRACTED,PASSENGER,STOPPED IN TRAFFIC LANE,East,DISABLING,30,False,False,2,799640513324769,210003580,Montgomery County Police,Property Damage ,False,East,1,1,LEVEL,False,False,DRIVER,SAME DIR REAR END,DRY,DAYLIGHT,NO CONTROLS,INTERSECTION RELATED,FOUR-WAY INTERSECTION,STRAIGHT,NO DEFECTS,"TWO-WAY, NOT DIVIDED",39.01534333,-77.04749667,5564981422910326,2715522111955786,0,0,0,2021012816,7703596439001907,Jeep,2017,Compass,Small Sport Utility Vehicle 2WD,4.0,2.4,Automatic 6,FWD,Regular Gasoline,22,27,FOREST GLEN RD,Maryland (State),BELVEDERE PL,County,2715522111955786,20910,SILVER SPRING,82846.1568889,126320091.137,39.00190768010143,-77.03596497235911,0.44649997,36.479824,0.0,0.0,0.0,27.792374,323.42688,210128167035990019,2021-01-28 16:00:00,16,PM,28,3,Thursday,0,1,January,2021,0,Unknown
DM8493000F,A2CD3DC3CF0446D7874F4792BBAA679B,False,NO APPARENT INJURY,UNKNOWN,NOT DISTRACTED,PASSENGER,MOVING CONSTANT SPEED,South,DISABLING,35,False,False,2,4204090587552149,210003639,Takoma Park Police Depart,Property Damage ,False,South,2,3,LEVEL,False,False,UNKNOWN,SAME DIRECTION SIDESWIPE,DRY,DARK LIGHTS ON,NO CONTROLS,UNKNOWN,UNKNOWN,STRAIGHT,NO DEFECTS,"TWO-WAY, DIVIDED, POSITIVE MEDIAN BARRIER",38.97961817,-76.99030467,8901981419077344,8760747166704389,0,0,0,2021012823,7700204038982546,Chrysler,2007,PT Cruiser,Compact Cars,4.0,2.4,Automatic 4,FWD,Premium Gasoline,19,24,NEW HAMPSHIRE AVE,Maryland (State),CROSSOVER,UNKNOWN,8760747166704389,20912,TAKOMA PARK,51232.0653417,65209197.2692,38.98254687160147,-77.00204079343348,-3.7020001,52.784256,0.0,0.0,0.0,16.641972,321.1466,210128237002089825,2021-01-28 23:00:00,23,PM,28,3,Thursday,0,1,January,2021,0,Unknown
DM8493000F,5EE7F5118779485C89683F4F1247F368,False,NO APPARENT INJURY,UNKNOWN,NOT DISTRACTED,PASSENGER,MOVING CONSTANT SPEED,South,DISABLING,35,False,False,2,6076966659623523,210003639,Takoma Park Police Depart,Property Damage ,False,South,2,3,LEVEL,False,False,UNKNOWN,SAME DIRECTION SIDESWIPE,DRY,DARK LIGHTS ON,NO CONTROLS,UNKNOWN,UNKNOWN,STRAIGHT,NO DEFECTS,"TWO-WAY, DIVIDED, POSITIVE MEDIAN BARRIER",38.97961817,-76.99030467,8901981419077344,8760747166704389,0,0,0,2021012823,7700204038982546,Acura,2015,TLX,Compact Cars,6.0,3.5,Automatic 9,FWD,Premium Gasoline,21,31,NEW HAMPSHIRE AVE,Maryland (State),CROSSOVER,UNKNOWN,8760747166704389,20912,TAKOMA PARK,51232.0653417,65209197.2692,38.98254687160147,-77.00204079343348,-3.7020001,52.784256,0.0,0.0,0.0,16.641972,321.1466,210128237002089825,2021-01-28 23:00:00,23,PM,28,3,Thursday,0,1,January,2021,0,Unknown
MCP93860084,5851208E46EC4255878CD99594D6C3EB,True,NO APPARENT INJURY,UNKNOWN,UNKNOWN,UNKNOWN,UNKNOWN,West,UNKNOWN,25,False,False,1,8168321465439775,210003649,Montgomery County Police,Property Damage ,True,West,1,2,HILL UPHILL,False,False,DRIVER,OTHER,DRY,DARK NO LIGHTS,NO CONTROLS,NON INTERSECTION,UNKNOWN,CURVE RIGHT,NO DEFECTS,"TWO-WAY, NOT DIVIDED",39.00895767,-77.09651217,2473091572890000,5925405510732472,0,0,0,2021012905,7710519939016894,Unknown,0,Unknown,Unknown,0.0,0.0,Unknown,Unknown,Unknown,0,0,LOCUST HILL RD,County,ROCKVILLE PIKE,Maryland (State),5925405510732472,20814,BETHESDA,58373.8630538,68540697.609,39.016894075883464,-77.10519990449882,-5.5655003,42.51711,0.0,0.0,0.0,20.421871,310.71075,210129057105190168,2021-01-29 05:00:00,5,AM,29,4,Friday,0,1,January,2021,0,Unknown
MCP09420033,2F12C0F64FC6437ABBAE494FDC74B231,True,NO APPARENT INJURY,NONE,LOOKED BUT DID NOT SEE,PASSENGER,SLOWING OR STOPPING,East,SUPERFICIAL,25,False,False,1,3384110947871398,210003657,Montgomery County Police,Injury ,False,South,0,4,LEVEL,False,False,DRIVER,STRAIGHT MOVEMENT ANGLE,DRY,DAYLIGHT,NO CONTROLS,INTERSECTION,T-INTERSECTION,STRAIGHT,NO DEFECTS,"TWO-WAY, NOT DIVIDED",38.98660671,-77.09718937,4494898042244063,7677905177989486,1,1,0,2021012907,7710072538987731,Lexus,2014,CT,Compact Cars,4.0,1.8,Automatic CVT,FWD,Regular Gasoline,43,40,OLD GEORGETOWN RD,Maryland (State),FAIRMONT AVE,County,7677905177989486,20814,BETHESDA,46411.6876883,47837334.4314,38.98773167577017,-77.10072590539887,-5.5515,43.235397,0.0,0.0,0.0,21.203358,310.17917,210129077100789877,2021-01-29 07:00:00,7,AM,29,4,Friday,0,1,January,2021,0,Unknown
DD56200066,79D2586253904A91AF212BA669474E46,True,NO APPARENT INJURY,NONE,NOT DISTRACTED,PASSENGER,MAKING U TURN,North,DISABLING,40,False,False,1,2734552170509078,210003658,Rockville Police Departme,Property Damage ,False,North,3,3,LEVEL,False,False,DRIVER,SINGLE VEHICLE,DRY,DAYLIGHT,UNKNOWN,UNKNOWN,UNKNOWN,STRAIGHT,NO DEFECTS,"TWO-WAY, DIVIDED, POSITIVE MEDIAN BARRIER",39.066825,-77.06115833,4972572914805173,833710095465812,0,0,0,2021012908,7705486039088590,BMW,1999,Z3,Two Seaters,6.0,2.8,Automatic 4,RWD,Regular Gasoline,17,24,FREDERICK RD,Maryland (State),KING FARM BLVD,Municipality,833710095465812,20906,SILVER SPRING,133207.174949,359110751.771,39.08859082555049,-77.05486091907257,-5.2175,50.669743,0.0,0.0,0.0,18.875126,304.90256,210129087054890885,2021-01-29 08:00:00,8,AM,29,4,Friday,0,1,January,2021,0,Unknown
MCP209400GX,87A642AB248A472DB2A50C702AB24CD1,True,NO APPARENT INJURY,NONE,UNKNOWN,PASSENGER,PARKING,UNKNOWN,DISABLING,5,False,False,1,846658545360590,210003675,Montgomery County Police,Property Damage ,False,UNKNOWN,0,0,UNKNOWN,True,True,DRIVER,OTHER,UNKNOWN,DAYLIGHT,UNKNOWN,UNKNOWN,UNKNOWN,UNKNOWN,UNKNOWN,UNKNOWN,38.96394833,-77.10798167,7781945108562677,7781945108562677,0,0,0,2021012909,7711806238956479,Subaru,2016,Forester,Small Sport Utility Vehicle 4WD,4.0,2.5,Automatic 8,AWD,Regular Gasoline,22,27,UNKNOWN,UNKNOWN,UNKNOWN,UNKNOWN,7781945108562677,20816,BETHESDA,58716.1248449,117565480.431,38.95647982277882,-77.11806249046538,-4.5525002,51.906113,0.0,0.0,0.0,17.373497,304.01938,210129097118089564,2021-01-29 09:00:00,9,AM,29,4,Friday,0,1,January,2021,0,Unknown
MCP93860085,38BB62476D454881AE31E7F03CA6B50D,False,NO APPARENT INJURY,NONE,NOT DISTRACTED,PASSENGER,MOVING CONSTANT SPEED,North,DESTROYED,40,False,False,2,4298431603857766,210003695,Montgomery County Police,Injury ,False,North,2,3,LEVEL,False,False,DRIVER,STRAIGHT MOVEMENT ANGLE,DRY,DAYLIGHT,STOP SIGN,INTERSECTION,T-INTERSECTION,STRAIGHT,NO DEFECTS,"TWO-WAY, DIVIDED, POSITIVE MEDIAN BARRIER",39.01991017,-77.121702,4494898042244063,4831398036568876,0,0,0,2021012912,7715220038996189,Land Rover,2019,Discovery,Small Sport Utility Vehicle 4WD,4.0,2.0,Automatic 8,4WD,Premium Gasoline,21,25,OLD GEORGETOWN RD,Maryland (State),LONE OAK DR,County,4831398036568876,20817,BETHESDA,143234.920079,403664948.588,38.996189145680184,-77.15220044157795,-2.4569998,38.31448,0.0,0.0,0.0,25.7041,322.9695,210129127152289961,2021-01-29 12:00:00,12,PM,29,4,Friday,0,1,January,2021,0,Unknown
MCP93860085,BD27269A0E644202951B000A20809FF5,True,POSSIBLE INJURY,NONE,UNKNOWN,PASSENGER,MAKING LEFT TURN,West,DESTROYED,40,False,False,2,4231424009270268,210003695,Montgomery County Police,Injury ,False,North,2,3,LEVEL,False,False,DRIVER,STRAIGHT MOVEMENT ANGLE,DRY,DAYLIGHT,STOP SIGN,INTERSECTION,T-INTERSECTION,STRAIGHT,NO DEFECTS,"TWO-WAY, DIVIDED, POSITIVE MEDIAN BARRIER",39.01991017,-77.121702,4494898042244063,4831398036568876,0,0,0,2021012912,7715220038996189,Lexus,0,Unknown,Unknown,0.0,0.0,Unknown,Unknown,Unknown,0,0,OLD GEORGETOWN RD,Maryland (State),LONE OAK DR,County,4831398036568876,20817,BETHESDA,143234.920079,403664948.588,38.996189145680184,-77.15220044157795,-2.4569998,38.31448,0.0,0.0,0.0,25.7041,322.9695,210129127152289961,2021-01-29 12:00:00,12,PM,29,4,Friday,0,1,January,2021,0,Unknown
MCP2475005M,A0CC88C5A0724DE5BB8A027A7DD6F304,True,NO APPARENT INJURY,UNKNOWN,UNKNOWN,PASSENGER,MOVING CONSTANT SPEED,South,UNKNOWN,40,False,False,2,260643514773763,210003740,Montgomery County Police,Property Damage ,True,South,2,3,LEVEL,False,False,DRIVER,SAME DIR REAR END,DRY,DAYLIGHT,NO CONTROLS,INTERSECTION RELATED,T-INTERSECTION,STRAIGHT,NO DEFECTS,"TWO-WAY, DIVIDED, UNPROTECTED PAINTED MIN 4 FEET",39.01534833,-76.97611167,8901981419077344,6418727789277950,0,0,0,2021012915,7698354239018293,Ford,2008,Ranger,Small Pickup Trucks 2WD,6.0,3.0,Automatic 5,RWD,Regular Gasoline,15,20,NEW HAMPSHIRE AVE,Maryland (State),ELTON RD,County,6418727789277950,20903,SILVER SPRING,50204.7192451,65972447.4483,39.01829365940637,-76.9835422251861,-0.5155,33.613113,0.0,0.0,0.0,24.43761,315.0001,210129156983590182,2021-01-29 15:00:00,15,PM,29,4,Friday,0,1,January,2021,0,Unknown
MCP2475005M,E108E63DB51747DE94EC15C6165C2383,False,NO APPARENT INJURY,NONE,NOT DISTRACTED,PASSENGER,SLOWING OR STOPPING,South,SUPERFICIAL,40,False,False,2,9530107266675451,210003740,Montgomery County Police,Property Damage ,True,South,2,3,LEVEL,False,False,DRIVER,SAME DIR REAR END,DRY,DAYLIGHT,NO CONTROLS,INTERSECTION RELATED,T-INTERSECTION,STRAIGHT,NO DEFECTS,"TWO-WAY, DIVIDED, UNPROTECTED PAINTED MIN 4 FEET",39.01534833,-76.97611167,8901981419077344,6418727789277950,0,0,0,2021012915,7698354239018293,Nissan,2017,Rogue,Small Sport Utility Vehicle 2WD,4.0,2.0,Automatic 7,AWD,Regular Gasoline,25,32,NEW HAMPSHIRE AVE,Maryland (State),ELTON RD,County,6418727789277950,20903,SILVER SPRING,50204.7192451,65972447.4483,39.01829365940637,-76.9835422251861,-0.5155,33.613113,0.0,0.0,0.0,24.43761,315.0001,210129156983590182,2021-01-29 15:00:00,15,PM,29,4,Friday,0,1,January,2021,0,Unknown
MCP3280000B,50672CFD2E72434AB8DDAC877DC746EB,False,NO APPARENT INJURY,NONE,NOT DISTRACTED,PASSENGER,STARTING FROM PARKED,East,FUNCTIONAL,5,False,False,2,3642656711619935,210003762,Montgomery County Police,Property Damage ,True,UNKNOWN,0,0,UNKNOWN,True,True,DRIVER,OTHER,UNKNOWN,DAYLIGHT,NO CONTROLS,UNKNOWN,UNKNOWN,UNKNOWN,UNKNOWN,UNKNOWN,39.022413,-76.97586529,7781945108562677,7781945108562677,0,0,0,2021012916,7698354239018293,Acura,2013,RDX,Small Sport Utility Vehicle 2WD,6.0,3.5,Automatic 6,AWD,Premium Gasoline,19,27,UNKNOWN,UNKNOWN,UNKNOWN,UNKNOWN,7781945108562677,20903,SILVER SPRING,50204.7192451,65972447.4483,39.01829365940637,-76.9835422251861,-0.4155,34.34052,0.0,0.0,0.0,23.424908,313.7547,210129166983590182,2021-01-29 16:00:00,16,PM,29,4,Friday,0,1,January,2021,0,Unknown
MCP3280000B,568104F8DCA84E9BAC7469210874DB8B,True,NO APPARENT INJURY,UNKNOWN,UNKNOWN,UNKNOWN,BACKING,North,FUNCTIONAL,0,False,False,2,8168321465439775,210003762,Montgomery County Police,Property Damage ,True,UNKNOWN,0,0,UNKNOWN,True,True,DRIVER,OTHER,UNKNOWN,DAYLIGHT,NO CONTROLS,UNKNOWN,UNKNOWN,UNKNOWN,UNKNOWN,UNKNOWN,39.022413,-76.97586529,7781945108562677,7781945108562677,0,0,0,2021012916,7698354239018293,Unknown,0,Unknown,Unknown,0.0,0.0,Unknown,Unknown,Unknown,0,0,UNKNOWN,UNKNOWN,UNKNOWN,UNKNOWN,7781945108562677,20903,SILVER SPRING,50204.7192451,65972447.4483,39.01829365940637,-76.9835422251861,-0.4155,34.34052,0.0,0.0,0.0,23.424908,313.7547,210129166983590182,2021-01-29 16:00:00,16,PM,29,4,Friday,0,1,January,2021,0,Unknown
MCP3263000X,ECB2C98425694BA79321DD4838F7D7E5,True,NO APPARENT INJURY,NONE,LOOKED BUT DID NOT SEE,TRUCK,BACKING,UNKNOWN,NO DAMAGE,5,False,False,1,9755364676930633,210003781,Montgomery County Police,Property Damage ,False,UNKNOWN,0,0,UNKNOWN,True,True,DRIVER,SINGLE VEHICLE,UNKNOWN,DARK LIGHTS ON,NO CONTROLS,UNKNOWN,UNKNOWN,UNKNOWN,UNKNOWN,UNKNOWN,38.96220333,-77.10582667,7781945108562677,7781945108562677,0,0,0,2021012917,7711806238956479,International,0,Unknown,Unknown,0.0,0.0,Unknown,Unknown,Unknown,0,0,UNKNOWN,UNKNOWN,UNKNOWN,UNKNOWN,7781945108562677,20816,BETHESDA,58716.1248449,117565480.431,38.95647982277882,-77.11806249046538,-0.55249995,36.464443,0.0,0.0,0.0,22.148046,315.65845,210129177118089564,2021-01-29 17:00:00,17,PM,29,4,Friday,0,1,January,2021,0,Unknown
MCP2475005N,0CC3F3BFB72345A08D00D415B7CE58C2,False,NO APPARENT INJURY,UNKNOWN,NOT DISTRACTED,PASSENGER,SLOWING OR STOPPING,North,SUPERFICIAL,40,False,False,3,8865405954833762,210003893,Montgomery County Police,Injury ,False,North,3,3,HILL UPHILL,False,False,DRIVER,SAME DIR REAR END,DRY,DAYLIGHT,NO CONTROLS,UNKNOWN,UNKNOWN,STRAIGHT,NO DEFECTS,"TWO-WAY, DIVIDED, UNPROTECTED PAINTED MIN 4 FEET",39.01306,-76.97840167,8901981419077344,4991976696759948,0,0,0,2021013016,7698354239018293,Toyota,2018,Yaris,Compact Cars,4.0,1.5,Automatic 4,FWD,Regular Gasoline,30,35,NEW HAMPSHIRE AVE,Maryland (State),OAKVIEW DR,County,4991976696759948,20903,SILVER SPRING,50204.7192451,65972447.4483,39.01829365940637,-76.9835422251861,2.6845,36.0107,0.0,0.0,0.0,6.162207,276.70975,210130166983590182,2021-01-30 16:00:00,16,PM,30,5,Saturday,1,1,January,2021,0,Unknown