ReportNumber,VehicleCrashKey,DriverAtFault,DriverInjurySeverity,DriverSubstanceAbuse,DriverDistractedBy,VehicleType,VehicleMovement,VehicleGoingDir,VehicleDamageExtent,SpeedLimit,ParkedVehicle,SubstanceAbuseContributed,VehiclesCrashedTotal,VehicleKey,LocalCaseNumber,AgencyName,ACRSReportType,HitRun,LaneDirection,LaneNumber,NumberOfLanes,RoadGrade,NonTraffic,OffRoadIncident,AccidentAtFault,CollisionType,SurfaceCondition,Light,TrafficControl,Junction,IntersectionType,RoadAlignment,RoadCondition,RoadDivision,Latitude,Longitude,RoadKey_x,CrossStreetKey,NonMotoristTotal,NonMotoristInjury,NonMotoristFatal,DateHourKey,LocationAreaKey,Make,Year_x,BaseModel,BodyClass,Cylinders,Displacement,Transmission,Drivetrain,FuelType,CityMPG,HighwayMPG,RoadName_x,RouteType_x,RoadName_y,RouteType_y,RoadKey_y,Zipcode,MailCity,ShapeLength,ShapeArea,CentroidLatitude,CentroidLongitude,Temperature,Humidity,Precipitation,Rain,Snow,WindSpeed,WindDirection,WeatherKey,Datetime,Hour,TimeOfDay,DayNumber,WeekDayNumber,WeekDayName,WeekendFlag,MonthNumber,MonthName,Year_y,HolidayFlag,HolidayName
MCP2475005N,EEB4D9DB5F614EC9AEC17951C60FFAE3,True,NO APPARENT INJURY,NONE,LOOKED BUT DID NOT SEE,PASSENGER,MOVING CONSTANT SPEED,North,SUPERFICIAL,40,False,False,3,1054207651044800,210003893,Montgomery County Police,Injury ,False,North,3,3,HILL UPHILL,False,False,DRIVER,SAME DIR REAR END,DRY,DAYLIGHT,NO CONTROLS,UNKNOWN,UNKNOWN,STRAIGHT,NO DEFECTS,"TWO-WAY, DIVIDED, UNPROTECTED PAINTED MIN 4 FEET",39.01306,-76.97840167,8901981419077344,4991976696759948,0,0,0,2021013016,7698354239018293,Chevrolet,1999,Silverado,Standard Pickup Trucks 2WD,8.0,4.3,Automatic 4,RWD,Regular Gasoline,14,19,NEW HAMPSHIRE AVE,Maryland (State),OAKVIEW DR,County,4991976696759948,20903,SILVER SPRING,50204.7192451,65972447.4483,39.01829365940637,-76.9835422251861,2.6845,36.0107,0.0,0.0,0.0,6.162207,276.70975,210130166983590182,2021-01-30 16:00:00,16,PM,30,5,Saturday,1,1,January,2021,0,Unknown
MCP2475005N,34559830F4774DE2A5FD68A9A051937C,False,POSSIBLE INJURY,NONE,NOT DISTRACTED,PASSENGER,SLOWING OR STOPPING,North,SUPERFICIAL,40,False,False,3,2815627368005804,210003893,Montgomery County Police,Injury ,False,North,3,3,HILL UPHILL,False,False,DRIVER,SAME DIR REAR END,DRY,DAYLIGHT,NO CONTROLS,UNKNOWN,UNKNOWN,STRAIGHT,NO DEFECTS,"TWO-WAY, DIVIDED, UNPROTECTED PAINTED MIN 4 FEET",39.01306,-76.97840167,8901981419077344,4991976696759948,0,0,0,2021013016,7698354239018293,Honda,2016,Accord,Midsize Cars,4.0,2.4,Automatic 6,FWD,Regular Gasoline,21,33,NEW HAMPSHIRE AVE,Maryland (State),OAKVIEW DR,County,4991976696759948,20903,SILVER SPRING,50204.7192451,65972447.4483,39.01829365940637,-76.9835422251861,2.6845,36.0107,0.0,0.0,0.0,6.162207,276.70975,210130166983590182,2021-01-30 16:00:00,16,PM,30,5,Saturday,1,1,January,2021,0,Unknown
MCP31630034,E282275F2535451399F20503C1E88421,True,NO APPARENT INJURY,NONE,LOOKED BUT DID NOT SEE,PASSENGER,MOVING CONSTANT SPEED,West,DISABLING,35,False,False,2,819104211177936,210003910,Montgomery County Police,Property Damage ,False,West,2,2,LEVEL,False,False,DRIVER,SAME DIR REAR END,DRY,DARK LIGHTS ON,TRAFFIC SIGNAL,INTERSECTION,FOUR-WAY INTERSECTION,STRAIGHT,NO DEFECTS,"TWO-WAY, DIVIDED, POSITIVE MEDIAN BARRIER",38.9902703,-77.1524242,1363718650800826,2810990849197631,0,0,0,2021013018,7715220038996189,Nissan,2016,Altima,Midsize Cars,4.0,2.5,Automatic 7,FWD,Regular Gasoline,22,31,RIVER RD,Maryland (State),ROYAL DOMINION DR,County,2810990849197631,20817,BETHESDA,143234.920079,403664948.588,38.996189145680184,-77.15220044157795,-0.257,63.462074,0.0,0.0,0.0,5.8603754,222.5104,210130187152289961,2021-01-30 18:00:00,18,PM,30,5,Saturday,1,1,January,2021,0,Unknown
MCP31630034,EB8C8D238F2746BEB4B96CF23EBD13ED,False,NO APPARENT INJURY,NONE,NOT DISTRACTED,PASSENGER,MOVING CONSTANT SPEED,West,DISABLING,35,False,False,2,3706795429459167,210003910,Montgomery County Police,Property Damage ,False,West,2,2,LEVEL,False,False,DRIVER,SAME DIR REAR END,DRY,DARK LIGHTS ON,TRAFFIC SIGNAL,INTERSECTION,FOUR-WAY INTERSECTION,STRAIGHT,NO DEFECTS,"TWO-WAY, DIVIDED, POSITIVE MEDIAN BARRIER",38.9902703,-77.1524242,1363718650800826,2810990849197631,0,0,0,2021013018,7715220038996189,Mercedes-Benz,0,Unknown,Unknown,0.0,0.0,Unknown,Unknown,Unknown,0,0,RIVER RD,Maryland (State),ROYAL DOMINION DR,County,2810990849197631,20817,BETHESDA,143234.920079,403664948.588,38.996189145680184,-77.15220044157795,-0.257,63.462074,0.0,0.0,0.0,5.8603754,222.5104,210130187152289961,2021-01-30 18:00:00,18,PM,30,5,Saturday,1,1,January,2021,0,Unknown
MCP2722003S,4F1B8B4098A74321AB85A392BE75398E,True,NO APPARENT INJURY,UNKNOWN,NOT DISTRACTED,PASSENGER,MAKING LEFT TURN,South,DISABLING,35,False,False,3,7004010137869122,210003912,Montgomery County Police,Property Damage ,False,North,1,3,LEVEL,False,False,DRIVER,HEAD ON LEFT TURN,DRY,DARK LIGHTS ON,NO CONTROLS,INTERSECTION,FOUR-WAY INTERSECTION,STRAIGHT,NO DEFECTS,"TWO-WAY, DIVIDED, POSITIVE MEDIAN BARRIER",39.07973167,-77.07357667,8554262040045692,2748889225537042,0,0,0,2021013018,7705486039088590,Honda,2010,Civic,Subcompact Cars,4.0,1.8,Automatic 5,FWD,Regular Gasoline,21,36,GEORGIA AVE,Maryland (State),ENT TO LOTTE PLAZA,UNKNOWN,2748889225537042,20906,SILVER SPRING,133207.174949,359110751.771,39.08859082555049,-77.05486091907257,0.1825,54.937023,0.0,0.0,0.0,5.8603754,227.4896,210130187054890885,2021-01-30 18:00:00,18,PM,30,5,Saturday,1,1,January,2021,0,Unknown
MCP2722003S,EEF00C06E66B45A98B9319826811C666,False,NO APPARENT INJURY,UNKNOWN,NOT DISTRACTED,PASSENGER,MOVING CONSTANT SPEED,North,DISABLING,35,False,False,3,1314431045311703,210003912,Montgomery County Police,Property Damage ,False,North,1,3,LEVEL,False,False,DRIVER,HEAD ON LEFT TURN,DRY,DARK LIGHTS ON,NO CONTROLS,INTERSECTION,FOUR-WAY INTERSECTION,STRAIGHT,NO DEFECTS,"TWO-WAY, DIVIDED, POSITIVE MEDIAN BARRIER",39.07973167,-77.07357667,8554262040045692,2748889225537042,0,0,0,2021013018,7705486039088590,Toyota,2004,Corolla,Compact Cars,4.0,1.8,Automatic 4,FWD,Regular Gasoline,25,34,GEORGIA AVE,Maryland (State),ENT TO LOTTE PLAZA,UNKNOWN,2748889225537042,20906,SILVER SPRING,133207.174949,359110751.771,39.08859082555049,-77.05486091907257,0.1825,54.937023,0.0,0.0,0.0,5.8603754,227.4896,210130187054890885,2021-01-30 18:00:00,18,PM,30,5,Saturday,1,1,January,2021,0,Unknown
MCP2722003S,3676684E03F14EABB62E2ECBF9F1C4EB,False,NO APPARENT INJURY,UNKNOWN,NOT DISTRACTED,PASSENGER,STARTING FROM LANE,West,DISABLING,35,False,False,3,7589879960142549,210003912,Montgomery County Police,Property Damage ,False,North,1,3,LEVEL,False,False,DRIVER,HEAD ON LEFT TURN,DRY,DARK LIGHTS ON,NO CONTROLS,INTERSECTION,FOUR-WAY INTERSECTION,STRAIGHT,NO DEFECTS,"TWO-WAY, DIVIDED, POSITIVE MEDIAN BARRIER",39.07973167,-77.07357667,8554262040045692,2748889225537042,0,0,0,2021013018,7705486039088590,Toyota,2009,RAV4,Sport Utility Vehicle - 2WD,4.0,2.5,Automatic 4,AWD,Regular Gasoline,19,27,GEORGIA AVE,Maryland (State),ENT TO LOTTE PLAZA,UNKNOWN,2748889225537042,20906,SILVER SPRING,133207.174949,359110751.771,39.08859082555049,-77.05486091907257,0.1825,54.937023,0.0,0.0,0.0,5.8603754,227.4896,210130187054890885,2021-01-30 18:00:00,18,PM,30,5,Saturday,1,1,January,2021,0,Unknown
MCP2995007F,7827983240204C95A47C328CE8323C48,True,NO APPARENT INJURY,UNKNOWN,UNKNOWN,PASSENGER,MOVING CONSTANT SPEED,East,DISABLING,25,False,False,1,6967384057828795,210003924,Montgomery County Police,Property Damage ,False,West,1,1,LEVEL,False,False,DRIVER,OPPOSITE DIRECTION SIDESWIPE,DRY,DARK NO LIGHTS,NO CONTROLS,UNKNOWN,UNKNOWN,STRAIGHT,NO DEFECTS,"TWO-WAY, NOT DIVIDED",39.06062833,-77.07160333,2692036439823960,4713999508398201,0,0,0,2021013020,7705486039088590,Mitsubishi,2013,Lancer,Compact Cars,4.0,2.0,Automatic 6,FWD,Regular Gasoline,22,28,GOODHILL RD,County,GREENLY ST,County,4713999508398201,20906,SILVER SPRING,133207.174949,359110751.771,39.08859082555049,-77.05486091907257,-3.4675,67.25331,0.0,0.0,0.0,7.2805495,261.46933,210130207054890885,2021-01-30 20:00:00,20,PM,30,5,Saturday,1,1,January,2021,0,Unknown
MCP2899004F,26C329A6C7CC435DB6ED547E8F428EFB,True,NO APPARENT INJURY,NONE,OTHER CELLULAR PHONE RELATED,PASSENGER,MOVING CONSTANT SPEED,East,DISABLING,55,False,False,1,6502835373787106,210003940,Montgomery County Police,Injury ,False,East,0,4,LEVEL,False,False,DRIVER,SINGLE VEHICLE,DRY,DARK LIGHTS ON,UNKNOWN,INTERCHANGE RELATED,OTHER,STRAIGHT,NO DEFECTS,"TWO-WAY, DIVIDED, POSITIVE MEDIAN BARRIER",39.01278167,-77.04051667,74315933863788,2262757322158515,0,0,0,2021013102,7703596439001907,Nissan,2019,Sentra,Midsize Cars,4.0,1.6,Automatic 7,FWD,Premium Gasoline,25,30,RAMP 3 FR IS 495 EB TO MD 97 NB,Ramp,CAPITAL BELTWAY,Interstate (State),2262757322158515,20910,SILVER SPRING,82846.1568889,126320091.137,39.00190768010143,-77.03596497235911,-1.3535,60.799477,0.0,0.0,0.0,5.634891,153.43501,210131027035990019,2021-01-31 02:00:00,2,AM,31,6,Sunday,1,1,January,2021,0,Unknown
DM8489000Y,0752EC9DFBC74A52A301C011DB524C58,True,NO APPARENT INJURY,UNKNOWN,INATTENTIVE OR LOST IN THOUGHT,PASSENGER,MOVING CONSTANT SPEED,UNKNOWN,DISABLING,10,False,False,1,8243785643457611,210003965,Takoma Park Police Depart,Property Damage ,False,UNKNOWN,0,0,UNKNOWN,True,True,DRIVER,OTHER,UNKNOWN,DAYLIGHT,NO CONTROLS,UNKNOWN,UNKNOWN,UNKNOWN,UNKNOWN,UNKNOWN,38.9808355,-77.00220617,7781945108562677,7781945108562677,0,0,0,2021013110,7700204038982546,Toyota,2015,Camry,Midsize Cars,4.0,2.5,Automatic 6,FWD,Regular Gasoline,21,30,UNKNOWN,UNKNOWN,UNKNOWN,UNKNOWN,7781945108562677,20912,TAKOMA PARK,51232.0653417,65209197.2692,38.98254687160147,-77.00204079343348,-1.602,87.197365,0.9,0.0,0.63,8.891343,148.24057,210131107002089825,2021-01-31 10:00:00,10,AM,31,6,Sunday,1,1,January,2021,0,Unknown
MCP204600CG,3BF311B3D4AF44F3A7A305484D201EDA,True,NO APPARENT INJURY,UNKNOWN,UNKNOWN,UNKNOWN,MOVING CONSTANT SPEED,North,UNKNOWN,25,False,False,1,8168321465439775,210004137,Montgomery County Police,Property Damage ,True,North,1,1,LEVEL,False,False,DRIVER,OPPOSITE DIRECTION SIDESWIPE,SNOW,DAYLIGHT,NO CONTROLS,OTHER,OTHER,CURVE LEFT,NO DEFECTS,"TWO-WAY, NOT DIVIDED",39.00225701,-77.05102316,5624606897624428,6554112464020933,0,0,0,2021013115,7703596439001907,Unknown,0,Unknown,Unknown,0.0,0.0,Unknown,Unknown,Unknown,0,0,ALBERT STEWART LA,County,CUL DE SAC,UNKNOWN,6554112464020933,20910,SILVER SPRING,82846.1568889,126320091.137,39.00190768010143,-77.03596497235911,-1.2035,88.872406,0.5,0.0,0.35,15.683776,80.75397,210131157035990019,2021-01-31 15:00:00,15,PM,31,6,Sunday,1,1,January,2021,0,Unknown
MCP11190090,57E9369062E74C21A7C17E41273129ED,True,NO APPARENT INJURY,NONE,NOT DISTRACTED,OTHER,BACKING,South,NO DAMAGE,25,False,False,1,213975767330911,210004031,Montgomery County Police,Property Damage ,False,North,1,1,HILL UPHILL,False,False,DRIVER,OTHER,ICE,DAYLIGHT,NO CONTROLS,NON INTERSECTION,UNKNOWN,UNKNOWN,UNKNOWN,"TWO-WAY, NOT DIVIDED",39.067855,-77.070075,4493924383412789,388377803167212,0,0,0,2021020108,7705486039088590,Mack,0,Unknown,Unknown,0.0,0.0,Unknown,Unknown,Unknown,0,0,CRISFIELD RD,County,KAYSON ST,County,388377803167212,20906,SILVER SPRING,133207.174949,359110751.771,39.08859082555049,-77.05486091907257,-2.7175,89.4088,0.2,0.0,0.14,17.294992,2.385899,210201087054890885,2021-02-01 08:00:00,8,AM,32,0,Monday,0,2,February,2021,0,Unknown
MCP209400GY,E00D97FBF0BC463EBC4E0CBC52FE82E8,False,NO APPARENT INJURY,NONE,NOT DISTRACTED,EMERGENCY,STOPPED IN TRAFFIC LANE,UNKNOWN,DISABLING,55,False,False,2,7752613674833350,210004052,Montgomery County Police,Injury ,False,West,1,4,OTHER,False,False,DRIVER,SAME DIR REAR END,SLUSH,DAYLIGHT,NO CONTROLS,NON INTERSECTION,UNKNOWN,CURVE RIGHT,NO DEFECTS,"TWO-WAY, DIVIDED, POSITIVE MEDIAN BARRIER",38.96394833,-77.10798167,2262757322158515,1627793738140795,0,0,0,2021020111,7711806238956479,Spartan,0,Unknown,Unknown,0.0,0.0,Unknown,Unknown,Unknown,0,0,CAPITAL BELTWAY,Interstate (State),CONNECTICUT AVE,Maryland (State),1627793738140795,20816,BETHESDA,58716.1248449,117565480.431,38.95647982277882,-77.11806249046538,-2.1525,86.16746,0.4,0.0,0.28,17.58481,337.1094,210201117118089564,2021-02-01 11:00:00,11,AM,32,0,Monday,0,2,February,2021,0,Unknown
MCP209400GY,57AB0C3F2F2B4E6EB835A1F8FDDA2CCC,True,SUSPECTED SERIOUS INJURY,NONE,UNKNOWN,PASSENGER,MOVING CONSTANT SPEED,West,DESTROYED,55,False,False,2,7004010037203408,210004052,Montgomery County Police,Injury ,False,West,1,4,OTHER,False,False,DRIVER,SAME DIR REAR END,SLUSH,DAYLIGHT,NO CONTROLS,NON INTERSECTION,UNKNOWN,CURVE RIGHT,NO DEFECTS,"TWO-WAY, DIVIDED, POSITIVE MEDIAN BARRIER",38.96394833,-77.10798167,2262757322158515,1627793738140795,0,0,0,2021020111,7711806238956479,Honda,2016,Civic,Compact Cars,4.0,2.0,Automatic CVT,FWD,Regular Gasoline,30,37,CAPITAL BELTWAY,Interstate (State),CONNECTICUT AVE,Maryland (State),1627793738140795,20816,BETHESDA,58716.1248449,117565480.431,38.95647982277882,-77.11806249046538,-2.1525,86.16746,0.4,0.0,0.28,17.58481,337.1094,210201117118089564,2021-02-01 11:00:00,11,AM,32,0,Monday,0,2,February,2021,0,Unknown
MCP3060002Y,EE1E3BF881224E55B84FFAFF722A9EDB,True,SUSPECTED MINOR INJURY,UNKNOWN,NOT DISTRACTED,PASSENGER,MOVING CONSTANT SPEED,West,DISABLING,35,False,False,1,4592479749791937,210004123,Montgomery County Police,Injury ,False,West,1,1,GRADE DOWNHILL,False,False,DRIVER,SINGLE VEHICLE,WET,DARK LIGHTS ON,NO CONTROLS,INTERSECTION RELATED,T-INTERSECTION,STRAIGHT,NO DEFECTS,"TWO-WAY, DIVIDED, UNPROTECTED PAINTED MIN 4 FEET",39.01045333,-77.16428167,8659486064429145,6636934964766805,0,0,0,2021020123,7715220038996189,Audi,2014,TT Roadster,Two Seaters,4.0,2.0,Automatic 6,AWD,Premium Gasoline,22,31,BRADLEY BLVD,Maryland (State),HOLLYOAK DR,County,6636934964766805,20817,BETHESDA,143234.920079,403664948.588,38.996189145680184,-77.15220044157795,-0.10699999,87.66702,0.0,0.0,0.0,16.58346,332.87878,210201237152289961,2021-02-01 23:00:00,23,PM,32,0,Monday,0,2,February,2021,0,Unknown
MCP295200BF,D383F80015ED4454AE87F25FF677673F,False,POSSIBLE INJURY,NONE,NOT DISTRACTED,PASSENGER,MOVING CONSTANT SPEED,North,DISABLING,30,False,False,3,7647647390183673,210004189,Montgomery County Police,Injury ,False,North,2,3,LEVEL,False,False,DRIVER,SAME DIR REAR END,WET,DAYLIGHT,NO CONTROLS,NON INTERSECTION,UNKNOWN,STRAIGHT,NO DEFECTS,"TWO-WAY, DIVIDED, POSITIVE MEDIAN BARRIER",38.99703667,-77.02872167,8554262040045692,3937256849459829,0,0,0,2021020213,7703596439001907,Infiniti,2014,Q60,Subcompact Cars,6.0,3.7,Automatic 7,RWD,Premium Gasoline,18,25,GEORGIA AVE,Maryland (State),FIDLER LA,County,3937256849459829,20910,SILVER SPRING,82846.1568889,126320091.137,39.00190768010143,-77.03596497235911,1.0465,73.00025,0.1,0.0,0.07,22.608458,322.76508,210202137035990019,2021-02-02 13:00:00,13,PM,33,1,Tuesday,0,2,February,2021,0,Unknown
MCP295200BF,7804A9DF68574FB7930E670FA4EDBEAB,True,NO APPARENT INJURY,NONE,NOT DISTRACTED,PASSENGER,CHANGING LANES,North,DISABLING,30,False,False,3,8141508300431517,210004189,Montgomery County Police,Injury ,False,North,2,3,LEVEL,False,False,DRIVER,SAME DIR REAR END,WET,DAYLIGHT,NO CONTROLS,NON INTERSECTION,UNKNOWN,STRAIGHT,NO DEFECTS,"TWO-WAY, DIVIDED, POSITIVE MEDIAN BARRIER",38.99703667,-77.02872167,8554262040045692,3937256849459829,0,0,0,2021020213,7703596439001907,Mazda,2018,6,Midsize Cars,4.0,2.5,Automatic 6,FWD,Regular Gasoline,23,31,GEORGIA AVE,Maryland (State),FIDLER LA,County,3937256849459829,20910,SILVER SPRING,82846.1568889,126320091.137,39.00190768010143,-77.03596497235911,1.0465,73.00025,0.1,0.0,0.07,22.608458,322.76508,210202137035990019,2021-02-02 13:00:00,13,PM,33,1,Tuesday,0,2,February,2021,0,Unknown
MCP295200BF,7F74D24B40EF47C4820001788BCF4577,False,POSSIBLE INJURY,NONE,NOT DISTRACTED,PASSENGER,PARKED,UNKNOWN,DISABLING,30,True,False,3,2781967084528997,210004189,Montgomery County Police,Injury ,False,North,2,3,LEVEL,False,False,DRIVER,SAME DIR REAR END,WET,DAYLIGHT,NO CONTROLS,NON INTERSECTION,UNKNOWN,STRAIGHT,NO DEFECTS,"TWO-WAY, DIVIDED, POSITIVE MEDIAN BARRIER",38.99703667,-77.02872167,8554262040045692,3937256849459829,0,0,0,2021020213,7703596439001907,Ford,2009,F150,Standard Pickup Trucks 2WD,8.0,4.6,Automatic 6,RWD,Regular Gasoline,14,18,GEORGIA AVE,Maryland (State),FIDLER LA,County,3937256849459829,20910,SILVER SPRING,82846.1568889,126320091.137,39.00190768010143,-77.03596497235911,1.0465,73.00025,0.1,0.0,0.07,22.608458,322.76508,210202137035990019,2021-02-02 13:00:00,13,PM,33,1,Tuesday,0,2,February,2021,0,Unknown
MCP1202004S,C2056392660841C39752AE50B10BECF9,False,NO APPARENT INJURY,NONE,NOT DISTRACTED,PASSENGER,MOVING CONSTANT SPEED,East,FUNCTIONAL,35,False,False,2,3097115246543062,210004336,Montgomery County Police,Property Damage ,True,East,2,4,GRADE DOWNHILL,False,False,DRIVER,SAME DIRECTION SIDESWIPE,DRY,DAYLIGHT,NO CONTROLS,INTERSECTION,T-INTERSECTION,STRAIGHT,NO DEFECTS,"TWO-WAY, NOT DIVIDED",38.9617,-77.099,1363718650800826,4627959445222954,0,0,0,2021020313,7711806238956479,Honda,2007,Accord,Midsize Cars,6.0,3.0,Automatic 5,FWD,Regular Gasoline,18,31,RIVER RD,Maryland (State),VENTNOR RD,County,4627959445222954,20816,BETHESDA,58716.1248449,117565480.431,38.95647982277882,-77.11806249046538,1.0475,62.578663,0.0,0.0,0.0,22.657131,315.64368,210203137118089564,2021-02-03 13:00:00,13,PM,34,2,Wednesday,0,2,February,2021,0,Unknown
MCP1202004S,4835D6E8CE45410B9B73CDA1ABD5ED60,True,NO APPARENT INJURY,UNKNOWN,UNKNOWN,UNKNOWN,MOVING CONSTANT SPEED,East,UNKNOWN,35,False,False,2,8168321465439775,210004336,Montgomery County Police,Property Damage ,True,East,2,4,GRADE DOWNHILL,False,False,DRIVER,SAME DIRECTION SIDESWIPE,DRY,DAYLIGHT,NO CONTROLS,INTERSECTION,T-INTERSECTION,STRAIGHT,NO DEFECTS,"TWO-WAY, NOT DIVIDED",38.9617,-77.099,1363718650800826,4627959445222954,0,0,0,2021020313,7711806238956479,Unknown,0,Unknown,Unknown,0.0,0.0,Unknown,Unknown,Unknown,0,0,RIVER RD,Maryland (State),VENTNOR RD,County,4627959445222954,20816,BETHESDA,58716.1248449,117565480.431,38.95647982277882,-77.11806249046538,1.0475,62.578663,0.0,0.0,0.0,22.657131,315.64368,210203137118089564,2021-02-03 13:00:00,13,PM,34,2,Wednesday,0,2,February,2021,0,Unknown
MCP3169003J,CC1D9AB38A2547CABF41DE36B510BF70,True,POSSIBLE INJURY,UNKNOWN,LOOKED BUT DID NOT SEE,PASSENGER,MOVING CONSTANT SPEED,South,DISABLING,35,False,False,2,8416511696713199,210004343,Montgomery County Police,Injury ,False,South,4,4,LEVEL,False,False,DRIVER,SAME DIR REAR END,DRY,DAYLIGHT,TRAFFIC SIGNAL,INTERSECTION RELATED,FOUR-WAY INTERSECTION,STRAIGHT,NO DEFECTS,"TWO-WAY, DIVIDED, POSITIVE MEDIAN BARRIER",39.01613333,-76.97771167,8901981419077344,4991976696759948,0,0,0,2021020313,7698354239018293,Land Rover,2011,Range Rover,Sport Utility Vehicle - 4WD,8.0,5.0,Automatic 6,4WD,Premium Gasoline,12,18,NEW HAMPSHIRE AVE,Maryland (State),OAKVIEW DR,County,4991976696759948,20903,SILVER SPRING,50204.7192451,65972447.4483,39.01829365940637,-76.9835422251861,1.0845,64.51024,0.0,0.0,0.0,23.441502,317.4896,210203136983590182,2021-02-03 13:00:00,13,PM,34,2,Wednesday,0,2,February,2021,0,Unknown
MCP3169003J,F51A0B28085747BD8A440B64E4989EBC,False,NO APPARENT INJURY,UNKNOWN,NOT DISTRACTED,PASSENGER,STOPPED IN TRAFFIC LANE,South,SUPERFICIAL,35,False,False,2,4595510051903263,210004343,Montgomery County Police,Injury ,False,South,4,4,LEVEL,False,False,DRIVER,SAME DIR REAR END,DRY,DAYLIGHT,TRAFFIC SIGNAL,INTERSECTION RELATED,FOUR-WAY INTERSECTION,STRAIGHT,NO DEFECTS,"TWO-WAY, DIVIDED, POSITIVE MEDIAN BARRIER",39.01613333,-76.97771167,8901981419077344,4991976696759948,0,0,0,2021020313,7698354239018293,Honda,0,Unknown,Unknown,0.0,0.0,Unknown,Unknown,Unknown,0,0,NEW HAMPSHIRE AVE,Maryland (State),OAKVIEW DR,County,4991976696759948,20903,SILVER SPRING,50204.7192451,65972447.4483,39.01829365940637,-76.9835422251861,1.0845,64.51024,0.0,0.0,0.0,23.441502,317.4896,210203136983590182,2021-02-03 13:00:00,13,PM,34,2,Wednesday,0,2,February,2021,0,Unknown
MCP32750009,37948600357D42418ACDD7614C8CEB6C,False,NO APPARENT INJURY,NONE,NOT DISTRACTED,PASSENGER,UNKNOWN,UNKNOWN,SUPERFICIAL,0,False,False,2,4595510051903263,210004348,Montgomery County Police,Property Damage ,True,UNKNOWN,0,0,UNKNOWN,True,True,DRIVER,STRAIGHT MOVEMENT ANGLE,UNKNOWN,DAYLIGHT,NO CONTROLS,UNKNOWN,UNKNOWN,UNKNOWN,UNKNOWN,UNKNOWN,38.99675,-77.0234,7781945108562677,7781945108562677,0,0,0,2021020313,7703596439001907,Honda,0,Unknown,Unknown,0.0,0.0,Unknown,Unknown,Unknown,0,0,UNKNOWN,UNKNOWN,UNKNOWN,UNKNOWN,7781945108562677,20910,SILVER SPRING,82846.1568889,126320091.137,39.00190768010143,-77.03596497235911,0.8965,63.980186,0.0,0.0,0.0,23.166216,315.62952,210203137035990019,2021-02-03 13:00:00,13,PM,34,2,Wednesday,0,2,February,2021,0,Unknown
MCP32750009,CA7B899DC8B744E19EF92164C253ED3D,True,NO APPARENT INJURY,NONE,LOOKED BUT DID NOT SEE,PASSENGER,MOVING CONSTANT SPEED,South,SUPERFICIAL,0,False,False,2,8224255970086176,210004348,Montgomery County Police,Property Damage ,True,UNKNOWN,0,0,UNKNOWN,True,True,DRIVER,STRAIGHT MOVEMENT ANGLE,UNKNOWN,DAYLIGHT,NO CONTROLS,UNKNOWN,UNKNOWN,UNKNOWN,UNKNOWN,UNKNOWN,38.99675,-77.0234,7781945108562677,7781945108562677,0,0,0,2021020313,7703596439001907,Toyota,2011,Prius,Midsize Cars,4.0,1.8,Automatic CVT,FWD,Regular Gasoline,49,46,UNKNOWN,UNKNOWN,UNKNOWN,UNKNOWN,7781945108562677,20910,SILVER SPRING,82846.1568889,126320091.137,39.00190768010143,-77.03596497235911,0.8965,63.980186,0.0,0.0,0.0,23.166216,315.62952,210203137035990019,2021-02-03 13:00:00,13,PM,34,2,Wednesday,0,2,February,2021,0,Unknown
MCP30380050,D70AAE0ADF38428CAD226565C3BB24BF,True,NO APPARENT INJURY,UNKNOWN,LOOKED BUT DID NOT SEE,PASSENGER,BACKING,East,UNKNOWN,15,False,False,1,5165463580714765,210004639,Montgomery County Police,Property Damage ,True,South,1,2,LEVEL,False,False,DRIVER,OTHER,UNKNOWN,UNKNOWN,NO CONTROLS,UNKNOWN,UNKNOWN,STRAIGHT,NO DEFECTS,"TWO-WAY, NOT DIVIDED",38.98983659,-77.01913535,7678154453503612,8368871616036332,0,0,0,2021020314,7703596439001907,Chevrolet,2019,Suburban,Standard Sport Utility Vehicle 2WD,8.0,5.3,Automatic 6,4WD,Regular Gasoline,14,21,CHICAGO AVE,County,SLIGO AVE,County,8368871616036332,20910,SILVER SPRING,82846.1568889,126320091.137,39.00190768010143,-77.03596497235911,1.2965,61.698093,0.0,0.0,0.0,24.195107,316.80872,210203147035990019,2021-02-03 14:00:00,14,PM,34,2,Wednesday,0,2,February,2021,0,Unknown
MCP31180035,7CC5293C99AF4FE9B3310FD9BB56B6C9,False,NO APPARENT INJURY,NONE,NOT DISTRACTED,PASSENGER,MOVING CONSTANT SPEED,North,DISABLING,30,False,False,2,8961481787963722,210004363,Montgomery County Police,Property Damage ,False,North,1,1,LEVEL,False,False,DRIVER,STRAIGHT MOVEMENT ANGLE,DRY,DAYLIGHT,UNKNOWN,RESIDENTIAL DRIVEWAY,T-INTERSECTION,STRAIGHT,NO DEFECTS,"TWO-WAY, DIVIDED, UNPROTECTED PAINTED MIN 4 FEET",39.09122606,-77.07635215,3930092392648356,3786639377990067,0,0,0,2021020314,7705486039088590,Mazda,0,Unknown,Unknown,0.0,0.0,Unknown,Unknown,Unknown,0,0,GRAND PRE RD,County,BEL PRE RD,County,3786639377990067,20906,SILVER SPRING,133207.174949,359110751.771,39.08859082555049,-77.05486091907257,1.2825,63.350105,0.0,0.0,0.0,20.898613,317.7928,210203147054890885,2021-02-03 14:00:00,14,PM,34,2,Wednesday,0,2,February,2021,0,Unknown