ReportNumber,VehicleCrashKey,DriverAtFault,DriverInjurySeverity,DriverSubstanceAbuse,DriverDistractedBy,VehicleType,VehicleMovement,VehicleGoingDir,VehicleDamageExtent,SpeedLimit,ParkedVehicle,SubstanceAbuseContributed,VehiclesCrashedTotal,VehicleKey,LocalCaseNumber,AgencyName,ACRSReportType,HitRun,LaneDirection,LaneNumber,NumberOfLanes,RoadGrade,NonTraffic,OffRoadIncident,AccidentAtFault,CollisionType,SurfaceCondition,Light,TrafficControl,Junction,IntersectionType,RoadAlignment,RoadCondition,RoadDivision,Latitude,Longitude,RoadKey_x,CrossStreetKey,NonMotoristTotal,NonMotoristInjury,NonMotoristFatal,DateHourKey,LocationAreaKey,Make,Year_x,BaseModel,BodyClass,Cylinders,Displacement,Transmission,Drivetrain,FuelType,CityMPG,HighwayMPG,RoadName_x,RouteType_x,RoadName_y,RouteType_y,RoadKey_y,Zipcode,MailCity,ShapeLength,ShapeArea,CentroidLatitude,CentroidLongitude,Temperature,Humidity,Precipitation,Rain,Snow,WindSpeed,WindDirection,WeatherKey,Datetime,Hour,TimeOfDay,DayNumber,WeekDayNumber,WeekDayName,WeekendFlag,MonthNumber,MonthName,Year_y,HolidayFlag,HolidayName
MCP25160039,5663D65591FC4C29AEE3ECCF38A25D1B,True,NO APPARENT INJURY,UNKNOWN,INATTENTIVE OR LOST IN THOUGHT,PASSENGER,MOVING CONSTANT SPEED,South,SUPERFICIAL,40,False,False,2,8243785626679992,210004858,Montgomery County Police,Property Damage ,True,South,1,3,LEVEL,False,False,DRIVER,SAME DIRECTION SIDESWIPE,DRY,DARK LIGHTS ON,NO CONTROLS,NON INTERSECTION,UNKNOWN,STRAIGHT,NO DEFECTS,"TWO-WAY, NOT DIVIDED",38.987477,-77.077139,1627793738140795,4570729910170239,0,0,0,2021020618,7707842038983818,Toyota,2014,Camry,Midsize Cars,4.0,2.5,Automatic 6,FWD,Regular Gasoline,21,30,CONNECTICUT AVE,Maryland (State),EAST WEST HWY,Maryland (State),4570729910170239,20815,CHEVY CHASE,78258.2702851,151813895.483,38.98381860627773,-77.07842006190148,6.1745,50.225906,0.0,0.0,0.0,7.653705,318.81415,210206187078489838,2021-02-06 18:00:00,18,PM,37,5,Saturday,1,2,February,2021,0,Unknown
MCP25160039,FA6F5135E1184578AB62C921A10A731F,False,NO APPARENT INJURY,UNKNOWN,NOT DISTRACTED,PASSENGER,MOVING CONSTANT SPEED,South,SUPERFICIAL,40,False,False,2,2815627368005804,210004858,Montgomery County Police,Property Damage ,True,South,1,3,LEVEL,False,False,DRIVER,SAME DIRECTION SIDESWIPE,DRY,DARK LIGHTS ON,NO CONTROLS,NON INTERSECTION,UNKNOWN,STRAIGHT,NO DEFECTS,"TWO-WAY, NOT DIVIDED",38.987477,-77.077139,1627793738140795,4570729910170239,0,0,0,2021020618,7707842038983818,Honda,2016,Accord,Midsize Cars,4.0,2.4,Automatic 6,FWD,Regular Gasoline,21,33,CONNECTICUT AVE,Maryland (State),EAST WEST HWY,Maryland (State),4570729910170239,20815,CHEVY CHASE,78258.2702851,151813895.483,38.98381860627773,-77.07842006190148,6.1745,50.225906,0.0,0.0,0.0,7.653705,318.81415,210206187078489838,2021-02-06 18:00:00,18,PM,37,5,Saturday,1,2,February,2021,0,Unknown
MCP3197001X,75095E59C08941C38092F7D24373DDA9,False,NO APPARENT INJURY,NONE,NOT DISTRACTED,PASSENGER,STOPPED IN TRAFFIC LANE,East,SUPERFICIAL,35,False,False,2,7026902021977563,210004790,Montgomery County Police,Property Damage ,True,East,1,1,LEVEL,False,False,DRIVER,SAME DIR REAR END,DRY,DARK LIGHTS ON,TRAFFIC SIGNAL,INTERSECTION RELATED,T-INTERSECTION,STRAIGHT,UNKNOWN,"TWO-WAY, DIVIDED, POSITIVE MEDIAN BARRIER",39.112535,-77.0702055,5351901845213740,8445985522131831,0,0,0,2021020618,7705486039088590,Toyota,2021,RAV4,Small Sport Utility Vehicle 4WD,4.0,2.5,Automatic 8,AWD,Regular Gasoline,27,33,NORBECK RD,County,NORBECK RD (BACK),Maryland (State),8445985522131831,20906,SILVER SPRING,133207.174949,359110751.771,39.08859082555049,-77.05486091907257,5.5325,50.609634,0.0,0.0,0.0,9.957108,310.60123,210206187054890885,2021-02-06 18:00:00,18,PM,37,5,Saturday,1,2,February,2021,0,Unknown
MCP3197001X,463BE97966E64AEC95C27D0079CCF0CD,True,NO APPARENT INJURY,ALCOHOL,INATTENTIVE OR LOST IN THOUGHT,EMERGENCY,MOVING CONSTANT SPEED,East,FUNCTIONAL,35,False,False,2,7935935619775892,210004790,Montgomery County Police,Property Damage ,True,East,1,1,LEVEL,False,False,DRIVER,SAME DIR REAR END,DRY,DARK LIGHTS ON,TRAFFIC SIGNAL,INTERSECTION RELATED,T-INTERSECTION,STRAIGHT,UNKNOWN,"TWO-WAY, DIVIDED, POSITIVE MEDIAN BARRIER",39.112535,-77.0702055,5351901845213740,8445985522131831,0,0,0,2021020618,7705486039088590,Dodge,2007,Caravan/Grand Caravan,Minivan - 2WD,6.0,2.4,Automatic 4,FWD,Regular Gasoline,17,24,NORBECK RD,County,NORBECK RD (BACK),Maryland (State),8445985522131831,20906,SILVER SPRING,133207.174949,359110751.771,39.08859082555049,-77.05486091907257,5.5325,50.609634,0.0,0.0,0.0,9.957108,310.60123,210206187054890885,2021-02-06 18:00:00,18,PM,37,5,Saturday,1,2,February,2021,0,Unknown
MCP27040019,3CD53845C04F4083B3FC450DDA29693D,True,NO APPARENT INJURY,UNKNOWN,UNKNOWN,PASSENGER,MOVING CONSTANT SPEED,South,DESTROYED,40,False,False,2,7285497949295904,210004815,Montgomery County Police,Property Damage ,True,North,1,1,LEVEL,False,False,DRIVER,HEAD ON,UNKNOWN,DARK LIGHTS ON,UNKNOWN,NON INTERSECTION,UNKNOWN,STRAIGHT,NO DEFECTS,"TWO-WAY, NOT DIVIDED",39.10202575,-77.04032221,1498137660831595,7576478116500516,0,0,0,2021020700,7705486039088590,Honda,2009,Civic,Subcompact Cars,4.0,1.8,Automatic 5,FWD,Regular Gasoline,21,36,LAYHILL RD,Maryland (State),PARK VISTA DR,County,7576478116500516,20906,SILVER SPRING,133207.174949,359110751.771,39.08859082555049,-77.05486091907257,3.0825,61.674152,0.0,0.0,0.0,9.47012,98.74608,210207007054890885,2021-02-07 00:00:00,0,AM,38,6,Sunday,1,2,February,2021,0,Unknown
MCP27040019,8791D19DDE8245A28C3B26263542A70C,False,NO APPARENT INJURY,UNKNOWN,NOT DISTRACTED,PASSENGER,MOVING CONSTANT SPEED,North,FUNCTIONAL,40,False,False,2,3063454661069113,210004815,Montgomery County Police,Property Damage ,True,North,1,1,LEVEL,False,False,DRIVER,HEAD ON,UNKNOWN,DARK LIGHTS ON,UNKNOWN,NON INTERSECTION,UNKNOWN,STRAIGHT,NO DEFECTS,"TWO-WAY, NOT DIVIDED",39.10202575,-77.04032221,1498137660831595,7576478116500516,0,0,0,2021020700,7705486039088590,Ford,2012,F150,Standard Pickup Trucks 4WD,6.0,3.5,Automatic 6,4WD,Regular Gasoline,15,21,LAYHILL RD,Maryland (State),PARK VISTA DR,County,7576478116500516,20906,SILVER SPRING,133207.174949,359110751.771,39.08859082555049,-77.05486091907257,3.0825,61.674152,0.0,0.0,0.0,9.47012,98.74608,210207007054890885,2021-02-07 00:00:00,0,AM,38,6,Sunday,1,2,February,2021,0,Unknown
MCP2855003Z,6E93A208E06D40C8B910CFA55A8FF82D,True,NO APPARENT INJURY,UNKNOWN,UNKNOWN,PASSENGER,MOVING CONSTANT SPEED,South,SUPERFICIAL,35,False,False,2,6578981102918950,210004868,Montgomery County Police,Property Damage ,True,South,3,3,LEVEL,False,False,DRIVER,SAME DIRECTION SIDESWIPE,WET,DAYLIGHT,TRAFFIC SIGNAL,UNKNOWN,FIVE-POINT OR MORE,STRAIGHT,NO DEFECTS,"TWO-WAY, DIVIDED, UNPROTECTED PAINTED MIN 4 FEET",38.98838839,-77.02671335,5660893524410086,3848511146538103,0,0,0,2021020715,7703596439001907,Mazda,2010,3,Compact Cars,4.0,2.0,Automatic 5,FWD,Regular Gasoline,21,29,GEORGIA AVE,US (State),13TH ST,County,3848511146538103,20910,SILVER SPRING,82846.1568889,126320091.137,39.00190768010143,-77.03596497235911,3.5465,84.002,0.1,0.1,0.0,16.055355,317.72638,210207157035990019,2021-02-07 15:00:00,15,PM,38,6,Sunday,1,2,February,2021,0,Unknown
MCP2855003Z,CD68D79D1CEF4F5A80D3B91A2FE2643A,False,NO APPARENT INJURY,NONE,NOT DISTRACTED,PASSENGER,CHANGING LANES,South,SUPERFICIAL,35,False,False,2,3233063173565461,210004868,Montgomery County Police,Property Damage ,True,South,3,3,LEVEL,False,False,DRIVER,SAME DIRECTION SIDESWIPE,WET,DAYLIGHT,TRAFFIC SIGNAL,UNKNOWN,FIVE-POINT OR MORE,STRAIGHT,NO DEFECTS,"TWO-WAY, DIVIDED, UNPROTECTED PAINTED MIN 4 FEET",38.98838839,-77.02671335,5660893524410086,3848511146538103,0,0,0,2021020715,7703596439001907,Toyota,0,Unknown,Unknown,0.0,0.0,Unknown,Unknown,Unknown,0,0,GEORGIA AVE,US (State),13TH ST,County,3848511146538103,20910,SILVER SPRING,82846.1568889,126320091.137,39.00190768010143,-77.03596497235911,3.5465,84.002,0.1,0.1,0.0,16.055355,317.72638,210207157035990019,2021-02-07 15:00:00,15,PM,38,6,Sunday,1,2,February,2021,0,Unknown
MCP32090026,C4039541C3D5443DA928620AC00D8AF5,False,POSSIBLE INJURY,NONE,NOT DISTRACTED,PASSENGER,STARTING FROM LANE,West,DISABLING,25,False,False,3,8243785727345706,210004877,Montgomery County Police,Injury ,False,West,2,3,LEVEL,False,False,DRIVER,STRAIGHT MOVEMENT ANGLE,WET,DUSK,TRAFFIC SIGNAL,INTERSECTION,ROUNDABOUT,OTHER,NO DEFECTS,"TWO-WAY, NOT DIVIDED",38.99261667,-77.036125,2838165004721940,118399697147806,0,0,0,2021020717,7703596439001907,Toyota,2012,Camry,Midsize Cars,4.0,2.5,Automatic 6,FWD,Regular Gasoline,21,30,COLESVILLE RD,Maryland (State),16TH ST,Maryland (State),118399697147806,20910,SILVER SPRING,82846.1568889,126320091.137,39.00190768010143,-77.03596497235911,5.0465,59.685078,0.0,0.0,0.0,18.59845,317.35333,210207177035990019,2021-02-07 17:00:00,17,PM,38,6,Sunday,1,2,February,2021,0,Unknown
MCP32090026,1241399AD1E74AA9BCBC628CB069748B,True,NO APPARENT INJURY,NONE,NOT DISTRACTED,PASSENGER,MOVING CONSTANT SPEED,West,FUNCTIONAL,25,False,False,3,4595510051903263,210004877,Montgomery County Police,Injury ,False,West,2,3,LEVEL,False,False,DRIVER,STRAIGHT MOVEMENT ANGLE,WET,DUSK,TRAFFIC SIGNAL,INTERSECTION,ROUNDABOUT,OTHER,NO DEFECTS,"TWO-WAY, NOT DIVIDED",38.99261667,-77.036125,2838165004721940,118399697147806,0,0,0,2021020717,7703596439001907,Honda,0,Unknown,Unknown,0.0,0.0,Unknown,Unknown,Unknown,0,0,COLESVILLE RD,Maryland (State),16TH ST,Maryland (State),118399697147806,20910,SILVER SPRING,82846.1568889,126320091.137,39.00190768010143,-77.03596497235911,5.0465,59.685078,0.0,0.0,0.0,18.59845,317.35333,210207177035990019,2021-02-07 17:00:00,17,PM,38,6,Sunday,1,2,February,2021,0,Unknown
MCP32090026,45DFE91A9E224E35B857AD9E1ADD5B40,False,NO APPARENT INJURY,NONE,NOT DISTRACTED,PASSENGER,STOPPED IN TRAFFIC LANE,West,FUNCTIONAL,25,False,False,3,2815627418338661,210004877,Montgomery County Police,Injury ,False,West,2,3,LEVEL,False,False,DRIVER,STRAIGHT MOVEMENT ANGLE,WET,DUSK,TRAFFIC SIGNAL,INTERSECTION,ROUNDABOUT,OTHER,NO DEFECTS,"TWO-WAY, NOT DIVIDED",38.99261667,-77.036125,2838165004721940,118399697147806,0,0,0,2021020717,7703596439001907,Honda,2015,Accord,Midsize Cars,4.0,2.4,Automatic 6,FWD,Regular Gasoline,21,34,COLESVILLE RD,Maryland (State),16TH ST,Maryland (State),118399697147806,20910,SILVER SPRING,82846.1568889,126320091.137,39.00190768010143,-77.03596497235911,5.0465,59.685078,0.0,0.0,0.0,18.59845,317.35333,210207177035990019,2021-02-07 17:00:00,17,PM,38,6,Sunday,1,2,February,2021,0,Unknown
MCP2748001S,587A66649D434BD5B2507F0E51B43F09,True,NO APPARENT INJURY,NONE,NOT DISTRACTED,PASSENGER,MOVING CONSTANT SPEED,South,SUPERFICIAL,25,False,False,1,7942766380231780,210004905,Montgomery County Police,Property Damage ,True,South,1,2,LEVEL,False,False,DRIVER,SINGLE VEHICLE,DRY,DARK LIGHTS ON,UNKNOWN,NON INTERSECTION,UNKNOWN,STRAIGHT,NO DEFECTS,"TWO-WAY, NOT DIVIDED",39.02346,-77.10978767,7849147934460128,9644426167937220,0,0,0,2021020723,7710519939016894,Toyota,2002,Prius,Compact Cars,4.0,1.5,Automatic CVT,FWD,Regular Gasoline,42,41,THORNBUSH LA,County,THORNBUSH CT,County,9644426167937220,20814,BETHESDA,58373.8630538,68540697.609,39.016894075883464,-77.10519990449882,-2.5655,59.31619,0.0,0.0,0.0,13.004922,311.63345,210207237105190168,2021-02-07 23:00:00,23,PM,38,6,Sunday,1,2,February,2021,0,Unknown
MCP204600CJ,F434A8C3638946B89506D60DFFFD003F,False,NO APPARENT INJURY,NONE,NOT DISTRACTED,PASSENGER,STOPPED IN TRAFFIC LANE,South,FUNCTIONAL,40,False,False,2,1032943149996826,210004925,Montgomery County Police,Property Damage ,False,South,2,3,LEVEL,False,False,DRIVER,SAME DIR REAR END,DRY,DAYLIGHT,TRAFFIC SIGNAL,INTERSECTION RELATED,OTHER,STRAIGHT,NO DEFECTS,"TWO-WAY, DIVIDED, POSITIVE MEDIAN BARRIER",39.01681083,-76.977508,8901981419077344,6989690572086953,0,0,0,2021020807,7698354239018293,Toyota,2018,Corolla,Midsize Cars,4.0,1.8,Automatic CVT,FWD,Regular Gasoline,28,35,NEW HAMPSHIRE AVE,Maryland (State),RAMP 6 FR IS 495 EB TO MD 650 SB,Ramp,6989690572086953,20903,SILVER SPRING,50204.7192451,65972447.4483,39.01829365940637,-76.9835422251861,-7.9655004,56.927597,0.0,0.0,0.0,12.599999,360.0,210208076983590182,2021-02-08 07:00:00,7,AM,39,0,Monday,0,2,February,2021,0,Unknown
MCP204600CJ,8D1587F173DB41349E50EBCC2170995F,True,NO APPARENT INJURY,NONE,NOT DISTRACTED,PASSENGER,SLOWING OR STOPPING,South,SUPERFICIAL,40,False,False,2,5115928306491247,210004925,Montgomery County Police,Property Damage ,False,South,2,3,LEVEL,False,False,DRIVER,SAME DIR REAR END,DRY,DAYLIGHT,TRAFFIC SIGNAL,INTERSECTION RELATED,OTHER,STRAIGHT,NO DEFECTS,"TWO-WAY, DIVIDED, POSITIVE MEDIAN BARRIER",39.01681083,-76.977508,8901981419077344,6989690572086953,0,0,0,2021020807,7698354239018293,Honda,2008,Pilot,Sport Utility Vehicle - 2WD,6.0,3.5,Automatic 5,AWD,Regular Gasoline,15,20,NEW HAMPSHIRE AVE,Maryland (State),RAMP 6 FR IS 495 EB TO MD 650 SB,Ramp,6989690572086953,20903,SILVER SPRING,50204.7192451,65972447.4483,39.01829365940637,-76.9835422251861,-7.9655004,56.927597,0.0,0.0,0.0,12.599999,360.0,210208076983590182,2021-02-08 07:00:00,7,AM,39,0,Monday,0,2,February,2021,0,Unknown
MCP3069003T,DBA929E959724F15A3DB403B1B5FE7CE,True,NO APPARENT INJURY,NONE,NOT DISTRACTED,PASSENGER,MOVING CONSTANT SPEED,North,DISABLING,15,False,False,1,3706795429459167,210005000,Montgomery County Police,Property Damage ,False,UNKNOWN,0,0,UNKNOWN,True,True,DRIVER,OTHER,UNKNOWN,DAYLIGHT,NO CONTROLS,UNKNOWN,UNKNOWN,UNKNOWN,UNKNOWN,UNKNOWN,38.94996167,-77.11848167,7781945108562677,7781945108562677,0,0,0,2021020812,7711806238956479,Mercedes-Benz,0,Unknown,Unknown,0.0,0.0,Unknown,Unknown,Unknown,0,0,UNKNOWN,UNKNOWN,UNKNOWN,UNKNOWN,7781945108562677,20816,BETHESDA,58716.1248449,117565480.431,38.95647982277882,-77.11806249046538,-0.3025,41.24498,0.0,0.0,0.0,0.0,180.0,210208127118089564,2021-02-08 12:00:00,12,PM,39,0,Monday,0,2,February,2021,0,Unknown
MCP106400BK,7DFC8230D036480D9DA47F7C87576B85,False,NO APPARENT INJURY,UNKNOWN,NOT DISTRACTED,PASSENGER,PARKED,UNKNOWN,SUPERFICIAL,25,True,False,2,7257010025814475,210005021,Montgomery County Police,Property Damage ,False,South,1,1,LEVEL,False,False,DRIVER,SAME DIRECTION SIDESWIPE,DRY,DAYLIGHT,TRAFFIC SIGNAL,INTERSECTION RELATED,FOUR-WAY INTERSECTION,STRAIGHT,NO DEFECTS,"TWO-WAY, NOT DIVIDED",38.99758667,-77.03421167,4335944513939814,8356792977061148,0,0,0,2021020813,7703596439001907,Chrysler,2016,Town and Country,Minivan - 2WD,6.0,3.6,Automatic 6,FWD,Regular Gasoline,17,25,SECOND AVE,County,SPRING ST,County,8356792977061148,20910,SILVER SPRING,82846.1568889,126320091.137,39.00190768010143,-77.03596497235911,0.69649994,41.5524,0.0,0.0,0.0,3.7585104,163.30067,210208137035990019,2021-02-08 13:00:00,13,PM,39,0,Monday,0,2,February,2021,0,Unknown
MCP106400BK,1C2DE7CCC0DD4D1E94ECD5D0F4050FCF,True,NO APPARENT INJURY,UNKNOWN,NOT DISTRACTED,BUS,MAKING RIGHT TURN,South,FUNCTIONAL,25,False,False,2,240722642832247,210005021,Montgomery County Police,Property Damage ,False,South,1,1,LEVEL,False,False,DRIVER,SAME DIRECTION SIDESWIPE,DRY,DAYLIGHT,TRAFFIC SIGNAL,INTERSECTION RELATED,FOUR-WAY INTERSECTION,STRAIGHT,NO DEFECTS,"TWO-WAY, NOT DIVIDED",38.99758667,-77.03421167,4335944513939814,8356792977061148,0,0,0,2021020813,7703596439001907,Gillig,0,Unknown,Unknown,0.0,0.0,Unknown,Unknown,Unknown,0,0,SECOND AVE,County,SPRING ST,County,8356792977061148,20910,SILVER SPRING,82846.1568889,126320091.137,39.00190768010143,-77.03596497235911,0.69649994,41.5524,0.0,0.0,0.0,3.7585104,163.30067,210208137035990019,2021-02-08 13:00:00,13,PM,39,0,Monday,0,2,February,2021,0,Unknown
MCP93860086,54FF9C26BBDB43F5BF0CD04FDCC5229A,False,NO APPARENT INJURY,NONE,NOT DISTRACTED,PASSENGER,MOVING CONSTANT SPEED,South,FUNCTIONAL,35,False,False,2,7004010053981027,210005015,Montgomery County Police,Property Damage ,False,South,2,4,LEVEL,False,False,DRIVER,SAME DIRECTION SIDESWIPE,DRY,DAYLIGHT,UNKNOWN,NON INTERSECTION,UNKNOWN,STRAIGHT,NO DEFECTS,"TWO-WAY, NOT DIVIDED",39.0235865,-77.14983517,8057051263767246,6477653073943693,0,0,0,2021020813,7715220038996189,Honda,2017,Civic,Compact Cars,4.0,1.5,Manual 6,FWD,Regular Gasoline,30,39,WESTLAKE DR,County,DEMOCRACY BLVD,County,6477653073943693,20817,BETHESDA,143234.920079,403664948.588,38.996189145680184,-77.15220044157795,1.193,38.517654,0.0,0.0,0.0,2.8799999,180.0,210208137152289961,2021-02-08 13:00:00,13,PM,39,0,Monday,0,2,February,2021,0,Unknown
MCP93860086,8C95AEC4F8B54C69B6B7FAE0D14A2026,True,NO APPARENT INJURY,NONE,LOOKED BUT DID NOT SEE,EMERGENCY,CHANGING LANES,South,SUPERFICIAL,35,False,False,2,7752613674833350,210005015,Montgomery County Police,Property Damage ,False,South,2,4,LEVEL,False,False,DRIVER,SAME DIRECTION SIDESWIPE,DRY,DAYLIGHT,UNKNOWN,NON INTERSECTION,UNKNOWN,STRAIGHT,NO DEFECTS,"TWO-WAY, NOT DIVIDED",39.0235865,-77.14983517,8057051263767246,6477653073943693,0,0,0,2021020813,7715220038996189,Spartan,0,Unknown,Unknown,0.0,0.0,Unknown,Unknown,Unknown,0,0,WESTLAKE DR,County,DEMOCRACY BLVD,County,6477653073943693,20817,BETHESDA,143234.920079,403664948.588,38.996189145680184,-77.15220044157795,1.193,38.517654,0.0,0.0,0.0,2.8799999,180.0,210208137152289961,2021-02-08 13:00:00,13,PM,39,0,Monday,0,2,February,2021,0,Unknown
MCP30690040,2F14323282AC4898B4AC597899E6F5F0,True,NO APPARENT INJURY,UNKNOWN,LOOKED BUT DID NOT SEE,TRUCK,SLOWING OR STOPPING,South,SUPERFICIAL,35,False,False,1,5157334975886657,210005430,Montgomery County Police,Property Damage ,True,South,1,2,LEVEL,False,False,DRIVER,OTHER,DRY,DARK LIGHTS ON,NO CONTROLS,NON INTERSECTION,UNKNOWN,STRAIGHT,NO DEFECTS,"TWO-WAY, NOT DIVIDED",38.95188908,-77.10508269,6662732243715932,6790186497582654,0,0,0,2021020818,7711806238956479,Ford,2016,Taurus,Large Cars,6.0,3.5,Automatic 6,AWD,Regular Gasoline,17,24,FALMOUTH RD,County,FARRINGTON RD,County,6790186497582654,20816,BETHESDA,58716.1248449,117565480.431,38.95647982277882,-77.11806249046538,2.1475,47.576157,0.0,0.0,0.0,9.227524,159.44388,210208187118089564,2021-02-08 18:00:00,18,PM,39,0,Monday,0,2,February,2021,0,Unknown
MCP29860037,02166FDB29C043B0BA9C947CB1D8366B,True,NO APPARENT INJURY,NONE,NOT DISTRACTED,PASSENGER,CHANGING LANES,South,DISABLING,35,False,False,2,6502835440897582,210005060,Montgomery County Police,Property Damage ,False,South,1,1,LEVEL,False,False,DRIVER,SAME DIRECTION LEFT TURN,DRY,DARK LIGHTS ON,TRAFFIC SIGNAL,NON INTERSECTION,UNKNOWN,STRAIGHT,NO DEFECTS,"TWO-WAY, DIVIDED, UNPROTECTED PAINTED MIN 4 FEET",38.9996745,-77.025704,7228418003688286,8356792977061148,0,0,0,2021020818,7703596439001907,Nissan,2015,Sentra,Midsize Cars,4.0,1.8,Automatic CVT,FWD,Regular Gasoline,27,35,COLESVILLE RD,US (State),SPRING ST,County,8356792977061148,20910,SILVER SPRING,82846.1568889,126320091.137,39.00190768010143,-77.03596497235911,2.4465,45.67696,0.0,0.0,0.0,8.225035,156.80139,210208187035990019,2021-02-08 18:00:00,18,PM,39,0,Monday,0,2,February,2021,0,Unknown
MCP29860037,4C5EE073C1134CF295F4C4272B44E689,False,NO APPARENT INJURY,NONE,NOT DISTRACTED,PASSENGER,MAKING LEFT TURN,South,DISABLING,35,False,False,2,8961481787963722,210005060,Montgomery County Police,Property Damage ,False,South,1,1,LEVEL,False,False,DRIVER,SAME DIRECTION LEFT TURN,DRY,DARK LIGHTS ON,TRAFFIC SIGNAL,NON INTERSECTION,UNKNOWN,STRAIGHT,NO DEFECTS,"TWO-WAY, DIVIDED, UNPROTECTED PAINTED MIN 4 FEET",38.9996745,-77.025704,7228418003688286,8356792977061148,0,0,0,2021020818,7703596439001907,Mazda,0,Unknown,Unknown,0.0,0.0,Unknown,Unknown,Unknown,0,0,COLESVILLE RD,US (State),SPRING ST,County,8356792977061148,20910,SILVER SPRING,82846.1568889,126320091.137,39.00190768010143,-77.03596497235911,2.4465,45.67696,0.0,0.0,0.0,8.225035,156.80139,210208187035990019,2021-02-08 18:00:00,18,PM,39,0,Monday,0,2,February,2021,0,Unknown
MCP263900BL,A3578BFF0EA942078CC79902DC6542CF,False,POSSIBLE INJURY,NONE,NOT DISTRACTED,PASSENGER,MOVING CONSTANT SPEED,West,DISABLING,30,False,False,2,3722524453215862,210005092,Montgomery County Police,Injury ,False,West,0,2,GRADE DOWNHILL,False,False,DRIVER,STRAIGHT MOVEMENT ANGLE,DRY,DARK LIGHTS ON,NO CONTROLS,RESIDENTIAL DRIVEWAY,T-INTERSECTION,STRAIGHT,NO DEFECTS,"TWO-WAY, NOT DIVIDED",39.07968667,-77.06530333,2242153826664605,3312096115993944,0,0,0,2021020907,7705486039088590,Lexus,2002,IS,Compact Cars,6.0,3.0,Automatic 5,RWD,Premium Gasoline,16,23,HEWITT AVE,County,BLUE SPRUCE LA,County,3312096115993944,20906,SILVER SPRING,133207.174949,359110751.771,39.08859082555049,-77.05486091907257,-0.76750004,83.78616,0.0,0.0,0.0,6.696387,143.74608,210209077054890885,2021-02-09 07:00:00,7,AM,40,1,Tuesday,0,2,February,2021,0,Unknown
MCP263900BL,E73256B5063D471887403ABEB919F720,True,NO APPARENT INJURY,NONE,LOOKED BUT DID NOT SEE,PASSENGER,MAKING LEFT TURN,West,DISABLING,30,False,False,2,463812769878690,210005092,Montgomery County Police,Injury ,False,West,0,2,GRADE DOWNHILL,False,False,DRIVER,STRAIGHT MOVEMENT ANGLE,DRY,DARK LIGHTS ON,NO CONTROLS,RESIDENTIAL DRIVEWAY,T-INTERSECTION,STRAIGHT,NO DEFECTS,"TWO-WAY, NOT DIVIDED",39.07968667,-77.06530333,2242153826664605,3312096115993944,0,0,0,2021020907,7705486039088590,Mazda,2005,Tribute,Sport Utility Vehicle - 2WD,4.0,2.3,Automatic 4,AWD,Regular Gasoline,17,20,HEWITT AVE,County,BLUE SPRUCE LA,County,3312096115993944,20906,SILVER SPRING,133207.174949,359110751.771,39.08859082555049,-77.05486091907257,-0.76750004,83.78616,0.0,0.0,0.0,6.696387,143.74608,210209077054890885,2021-02-09 07:00:00,7,AM,40,1,Tuesday,0,2,February,2021,0,Unknown
MCP242500GL,F42472624F5F419AAD443D0333F830B2,True,NO APPARENT INJURY,NONE,UNKNOWN,PASSENGER,MAKING LEFT TURN,South,SUPERFICIAL,30,False,False,1,8243785727345706,210005127,Montgomery County Police,Injury ,False,South,1,3,LEVEL,False,False,DRIVER,OTHER,DRY,DAYLIGHT,TRAFFIC SIGNAL,INTERSECTION,FOUR-WAY INTERSECTION,STRAIGHT,NO DEFECTS,"TWO-WAY, DIVIDED, POSITIVE MEDIAN BARRIER",38.99574167,-77.02811167,8554262040045692,7228418003688286,1,1,0,2021020910,7703596439001907,Toyota,2012,Camry,Midsize Cars,4.0,2.5,Automatic 6,FWD,Regular Gasoline,21,30,GEORGIA AVE,Maryland (State),COLESVILLE RD,US (State),7228418003688286,20910,SILVER SPRING,82846.1568889,126320091.137,39.00190768010143,-77.03596497235911,1.4465001,81.032616,0.0,0.0,0.0,4.802999,167.00539,210209107035990019,2021-02-09 10:00:00,10,AM,40,1,Tuesday,0,2,February,2021,0,Unknown
MCP3275000D,48C4567F4634458299C3DCEDEA040B23,False,POSSIBLE INJURY,NONE,NOT DISTRACTED,PASSENGER,MOVING CONSTANT SPEED,South,DESTROYED,35,False,False,3,4231424009270268,210005275,Montgomery County Police,Injury ,True,South,2,3,LEVEL,False,False,DRIVER,SAME DIR REAR END,DRY,DAYLIGHT,UNKNOWN,INTERSECTION RELATED,FOUR-WAY INTERSECTION,STRAIGHT,NO DEFECTS,"TWO-WAY, DIVIDED, POSITIVE MEDIAN BARRIER",38.99479167,-77.03072333,8554262040045692,8356792977061148,0,0,0,2021021010,7703596439001907,Lexus,0,Unknown,Unknown,0.0,0.0,Unknown,Unknown,Unknown,0,0,GEORGIA AVE,Maryland (State),SPRING ST,County,8356792977061148,20910,SILVER SPRING,82846.1568889,126320091.137,39.00190768010143,-77.03596497235911,1.4965,65.58559,0.0,0.0,0.0,6.849467,356.98727,210210107035990019,2021-02-10 10:00:00,10,AM,41,2,Wednesday,0,2,February,2021,0,Unknown