ReportNumber,VehicleCrashKey,DriverAtFault,DriverInjurySeverity,DriverSubstanceAbuse,DriverDistractedBy,VehicleType,VehicleMovement,VehicleGoingDir,VehicleDamageExtent,SpeedLimit,ParkedVehicle,SubstanceAbuseContributed,VehiclesCrashedTotal,VehicleKey,LocalCaseNumber,AgencyName,ACRSReportType,HitRun,LaneDirection,LaneNumber,NumberOfLanes,RoadGrade,NonTraffic,OffRoadIncident,AccidentAtFault,CollisionType,SurfaceCondition,Light,TrafficControl,Junction,IntersectionType,RoadAlignment,RoadCondition,RoadDivision,Latitude,Longitude,RoadKey_x,CrossStreetKey,NonMotoristTotal,NonMotoristInjury,NonMotoristFatal,DateHourKey,LocationAreaKey,Make,Year_x,BaseModel,BodyClass,Cylinders,Displacement,Transmission,Drivetrain,FuelType,CityMPG,HighwayMPG,RoadName_x,RouteType_x,RoadName_y,RouteType_y,RoadKey_y,Zipcode,MailCity,ShapeLength,ShapeArea,CentroidLatitude,CentroidLongitude,Temperature,Humidity,Precipitation,Rain,Snow,WindSpeed,WindDirection,WeatherKey,Datetime,Hour,TimeOfDay,DayNumber,WeekDayNumber,WeekDayName,WeekendFlag,MonthNumber,MonthName,Year_y,HolidayFlag,HolidayName
MCP3275000D,3488A174EEA749D28CD1AE3115916E42,False,NO APPARENT INJURY,NONE,NOT DISTRACTED,PASSENGER,MOVING CONSTANT SPEED,South,FUNCTIONAL,35,False,False,3,7871367637348379,210005275,Montgomery County Police,Injury ,True,South,2,3,LEVEL,False,False,DRIVER,SAME DIR REAR END,DRY,DAYLIGHT,UNKNOWN,INTERSECTION RELATED,FOUR-WAY INTERSECTION,STRAIGHT,NO DEFECTS,"TWO-WAY, DIVIDED, POSITIVE MEDIAN BARRIER",38.99479167,-77.03072333,8554262040045692,8356792977061148,0,0,0,2021021010,7703596439001907,Toyota,2018,RAV4,Small Sport Utility Vehicle 4WD,4.0,2.5,Automatic 6,AWD,Regular Gasoline,22,28,GEORGIA AVE,Maryland (State),SPRING ST,County,8356792977061148,20910,SILVER SPRING,82846.1568889,126320091.137,39.00190768010143,-77.03596497235911,1.4965,65.58559,0.0,0.0,0.0,6.849467,356.98727,210210107035990019,2021-02-10 10:00:00,10,AM,41,2,Wednesday,0,2,February,2021,0,Unknown
MCP3275000D,652B3634F8004DC4A4558DC943DB4ECD,True,NO APPARENT INJURY,UNKNOWN,NOT DISTRACTED,PASSENGER,ACCELERATING,South,UNKNOWN,35,False,False,3,2415635747171246,210005275,Montgomery County Police,Injury ,True,South,2,3,LEVEL,False,False,DRIVER,SAME DIR REAR END,DRY,DAYLIGHT,UNKNOWN,INTERSECTION RELATED,FOUR-WAY INTERSECTION,STRAIGHT,NO DEFECTS,"TWO-WAY, DIVIDED, POSITIVE MEDIAN BARRIER",38.99479167,-77.03072333,8554262040045692,8356792977061148,0,0,0,2021021010,7703596439001907,Hyundai,2007,Tucson,Sport Utility Vehicle - 2WD,4.0,2.0,Automatic 4,FWD,Regular Gasoline,19,24,GEORGIA AVE,Maryland (State),SPRING ST,County,8356792977061148,20910,SILVER SPRING,82846.1568889,126320091.137,39.00190768010143,-77.03596497235911,1.4965,65.58559,0.0,0.0,0.0,6.849467,356.98727,210210107035990019,2021-02-10 10:00:00,10,AM,41,2,Wednesday,0,2,February,2021,0,Unknown
MCP3069003Z,B04AA5BF390C4E60AB4594F913AC6BFD,True,NO APPARENT INJURY,UNKNOWN,LOOKED BUT DID NOT SEE,PASSENGER,BACKING,South,SUPERFICIAL,15,False,False,1,4834438414639709,210005312,Montgomery County Police,Property Damage ,True,UNKNOWN,0,0,UNKNOWN,True,True,DRIVER,OTHER,UNKNOWN,DAYLIGHT,NO CONTROLS,UNKNOWN,UNKNOWN,UNKNOWN,UNKNOWN,UNKNOWN,38.9749967,-77.16277876,7781945108562677,7781945108562677,0,0,0,2021021012,7716110538973139,Honda,2015,Pilot,Small Sport Utility Vehicle 2WD,6.0,3.5,Automatic 5,AWD,Regular Gasoline,17,24,UNKNOWN,UNKNOWN,UNKNOWN,UNKNOWN,7781945108562677,20818,CABIN JOHN,31103.2351564,35996828.3577,38.973139992753595,-77.1611053215196,4.414,55.25065,0.0,0.0,0.0,4.379589,350.53775,210210127161189731,2021-02-10 12:00:00,12,PM,41,2,Wednesday,0,2,February,2021,0,Unknown
MCP242500GM,9791EF3AB8A64D14BCE2C08D48087C0D,True,NO APPARENT INJURY,NONE,UNKNOWN,PASSENGER,MOVING CONSTANT SPEED,North,FUNCTIONAL,30,False,False,2,3097115280098300,210005328,Montgomery County Police,Property Damage ,False,North,1,3,HILL UPHILL,False,False,DRIVER,SAME DIRECTION SIDESWIPE,DRY,DAYLIGHT,TRAFFIC SIGNAL,INTERSECTION,FOUR-WAY INTERSECTION,STRAIGHT,NO DEFECTS,"TWO-WAY, DIVIDED, POSITIVE MEDIAN BARRIER",38.99732833,-77.02955833,8554262040045692,1432883968843542,0,0,0,2021021016,7703596439001907,Honda,2001,Accord,Midsize Cars,4.0,2.3,Automatic 4,FWD,Regular Gasoline,20,29,GEORGIA AVE,Maryland (State),CAMERON ST,County,1432883968843542,20910,SILVER SPRING,82846.1568889,126320091.137,39.00190768010143,-77.03596497235911,5.6465,53.956047,0.0,0.0,0.0,4.452954,165.96373,210210167035990019,2021-02-10 16:00:00,16,PM,41,2,Wednesday,0,2,February,2021,0,Unknown
MCP242500GM,61CAD6DFC68C4F1DBF061733696CA839,False,NO APPARENT INJURY,NONE,NOT DISTRACTED,EMERGENCY,MAKING U TURN,North,SUPERFICIAL,30,False,False,2,2250767647570290,210005328,Montgomery County Police,Property Damage ,False,North,1,3,HILL UPHILL,False,False,DRIVER,SAME DIRECTION SIDESWIPE,DRY,DAYLIGHT,TRAFFIC SIGNAL,INTERSECTION,FOUR-WAY INTERSECTION,STRAIGHT,NO DEFECTS,"TWO-WAY, DIVIDED, POSITIVE MEDIAN BARRIER",38.99732833,-77.02955833,8554262040045692,1432883968843542,0,0,0,2021021016,7703596439001907,Freightliner,0,Unknown,Unknown,0.0,0.0,Unknown,Unknown,Unknown,0,0,GEORGIA AVE,Maryland (State),CAMERON ST,County,1432883968843542,20910,SILVER SPRING,82846.1568889,126320091.137,39.00190768010143,-77.03596497235911,5.6465,53.956047,0.0,0.0,0.0,4.452954,165.96373,210210167035990019,2021-02-10 16:00:00,16,PM,41,2,Wednesday,0,2,February,2021,0,Unknown
MCP3276000F,46CDF38805C94C3284938A50F26FB0BE,False,NO APPARENT INJURY,NONE,NOT DISTRACTED,PASSENGER,MOVING CONSTANT SPEED,South,DISABLING,35,False,False,2,3625279918226139,210005347,Montgomery County Police,Property Damage ,False,South,2,3,LEVEL,False,False,DRIVER,SAME DIRECTION SIDESWIPE,WET,DARK LIGHTS ON,NO CONTROLS,INTERSECTION RELATED,FOUR-WAY INTERSECTION,STRAIGHT,NO DEFECTS,"TWO-WAY, DIVIDED, POSITIVE MEDIAN BARRIER",38.99143333,-77.02666667,5660893524410086,887072325756327,0,0,0,2021021018,7703596439001907,Ford,2015,Escape,Small Sport Utility Vehicle 2WD,4.0,1.6,Automatic 6,FWD,Regular Gasoline,21,29,GEORGIA AVE,US (State),SILVER SPRING AVE,County,887072325756327,20910,SILVER SPRING,82846.1568889,126320091.137,39.00190768010143,-77.03596497235911,3.2465,65.012566,0.1,0.1,0.0,12.413477,119.53869,210210187035990019,2021-02-10 18:00:00,18,PM,41,2,Wednesday,0,2,February,2021,0,Unknown
MCP3276000F,5948F5CD56E84C4F96381DAA0F88E490,True,NO APPARENT INJURY,NONE,LOOKED BUT DID NOT SEE,PASSENGER,CHANGING LANES,South,DISABLING,35,False,False,2,660603722964838,210005347,Montgomery County Police,Property Damage ,False,South,2,3,LEVEL,False,False,DRIVER,SAME DIRECTION SIDESWIPE,WET,DARK LIGHTS ON,NO CONTROLS,INTERSECTION RELATED,FOUR-WAY INTERSECTION,STRAIGHT,NO DEFECTS,"TWO-WAY, DIVIDED, POSITIVE MEDIAN BARRIER",38.99143333,-77.02666667,5660893524410086,887072325756327,0,0,0,2021021018,7703596439001907,Toyota,2000,Celica,Subcompact Cars,4.0,1.8,Automatic 4,FWD,Premium Gasoline,20,31,GEORGIA AVE,US (State),SILVER SPRING AVE,County,887072325756327,20910,SILVER SPRING,82846.1568889,126320091.137,39.00190768010143,-77.03596497235911,3.2465,65.012566,0.1,0.1,0.0,12.413477,119.53869,210210187035990019,2021-02-10 18:00:00,18,PM,41,2,Wednesday,0,2,February,2021,0,Unknown
MCP2932004C,A6E5C97F38664878BA1E0B6B105671FB,True,NO APPARENT INJURY,NONE,NOT DISTRACTED,PASSENGER,MOVING CONSTANT SPEED,West,DESTROYED,55,False,False,1,7731083865396304,210005381,Montgomery County Police,Property Damage ,False,West,1,4,LEVEL,False,False,DRIVER,SINGLE VEHICLE,WET,DARK LIGHTS ON,UNKNOWN,NON INTERSECTION,UNKNOWN,STRAIGHT,NO DEFECTS,"TWO-WAY, DIVIDED, POSITIVE MEDIAN BARRIER",39.01428833,-77.05896833,2262757322158515,1627793738140795,0,0,0,2021021022,7707527239025656,Toyota,2016,Highlander,Standard Sport Utility Vehicle 4WD,6.0,3.5,Automatic 6,AWD,Regular Gasoline,18,25,CAPITAL BELTWAY,Interstate (State),CONNECTICUT AVE,Maryland (State),1627793738140795,20895,KENSINGTON,70838.1492765,106180148.023,39.02565657266069,-77.07527294437958,0.2455,90.31125,0.7,0.0,0.48999998,7.7043357,127.40543,210210227075290256,2021-02-10 22:00:00,22,PM,41,2,Wednesday,0,2,February,2021,0,Unknown
MCP2975003L,DA23C62CAC80472DBB643526F30119F4,True,NO APPARENT INJURY,NONE,UNKNOWN,PASSENGER,MOVING CONSTANT SPEED,East,FUNCTIONAL,10,False,False,1,819104462842221,210005538,Montgomery County Police,Property Damage ,True,UNKNOWN,0,0,UNKNOWN,True,True,DRIVER,OTHER,UNKNOWN,DARK LIGHTS ON,NO CONTROLS,UNKNOWN,UNKNOWN,UNKNOWN,UNKNOWN,UNKNOWN,39.06412135,-77.04881698,7781945108562677,7781945108562677,0,0,0,2021021200,7705486039088590,Nissan,2019,Altima,Midsize Cars,4.0,2.5,Automatic CVT,FWD,Regular Gasoline,25,34,UNKNOWN,UNKNOWN,UNKNOWN,UNKNOWN,7781945108562677,20906,SILVER SPRING,133207.174949,359110751.771,39.08859082555049,-77.05486091907257,-2.3174999,77.79185,0.0,0.0,0.0,7.386582,43.02507,210212007054890885,2021-02-12 00:00:00,0,AM,43,4,Friday,0,2,February,2021,0,Unknown
MCP30120087,C99318C02B5C44B6AE85174D36A9F729,True,NO APPARENT INJURY,UNKNOWN,INATTENTIVE OR LOST IN THOUGHT,PASSENGER,MOVING CONSTANT SPEED,East,FUNCTIONAL,55,False,False,2,2815627384783423,210005679,Montgomery County Police,Property Damage ,True,East,5,5,HILL UPHILL,False,False,DRIVER,SAME DIR REAR END,DRY,DAYLIGHT,NO CONTROLS,NON INTERSECTION,UNKNOWN,STRAIGHT,NO DEFECTS,"TWO-WAY, DIVIDED, POSITIVE MEDIAN BARRIER",39.00522319,-77.08258384,2262757322158515,74315933863788,0,0,0,2021021215,7710519939016894,Honda,2017,Accord,Midsize Cars,4.0,2.4,Automatic 6,FWD,Regular Gasoline,21,32,CAPITAL BELTWAY,Interstate (State),RAMP 3 FR IS 495 EB TO MD 97 NB,Ramp,74315933863788,20814,BETHESDA,58373.8630538,68540697.609,39.016894075883464,-77.10519990449882,-1.4155,65.160324,0.0,0.0,0.0,5.0528407,94.08554,210212157105190168,2021-02-12 15:00:00,15,PM,43,4,Friday,0,2,February,2021,0,Unknown
MCP30120087,F973EF8C0DB64FE9B9BF943B1B320A06,False,NO APPARENT INJURY,NONE,NOT DISTRACTED,PASSENGER,SLOWING OR STOPPING,East,FUNCTIONAL,55,False,False,2,6026696679427126,210005679,Montgomery County Police,Property Damage ,True,East,5,5,HILL UPHILL,False,False,DRIVER,SAME DIR REAR END,DRY,DAYLIGHT,NO CONTROLS,NON INTERSECTION,UNKNOWN,STRAIGHT,NO DEFECTS,"TWO-WAY, DIVIDED, POSITIVE MEDIAN BARRIER",39.00522319,-77.08258384,2262757322158515,74315933863788,0,0,0,2021021215,7710519939016894,Toyota,2004,Sequoia,Sport Utility Vehicle - 2WD,8.0,4.7,Automatic 4,AWD,Regular Gasoline,13,16,CAPITAL BELTWAY,Interstate (State),RAMP 3 FR IS 495 EB TO MD 97 NB,Ramp,74315933863788,20814,BETHESDA,58373.8630538,68540697.609,39.016894075883464,-77.10519990449882,-1.4155,65.160324,0.0,0.0,0.0,5.0528407,94.08554,210212157105190168,2021-02-12 15:00:00,15,PM,43,4,Friday,0,2,February,2021,0,Unknown
MCP3161002N,EB5393D1D0F449F18CB0A6D07DA14C54,True,NO APPARENT INJURY,NONE,UNKNOWN,PASSENGER,UNKNOWN,North,DISABLING,30,False,False,1,260643732882810,210005618,Montgomery County Police,Property Damage ,False,North,1,2,HILL UPHILL,False,False,DRIVER,SAME DIR REAR END,DRY,DAYLIGHT,NO CONTROLS,NON INTERSECTION,UNKNOWN,STRAIGHT,NO DEFECTS,"TWO-WAY, NOT DIVIDED",39.016805,-77.08784833,5777913950568264,9915560399279361,0,0,0,2021021216,7707527239025656,Ford,2007,Ranger,Standard Pickup Trucks 2WD,6.0,3.0,Automatic 5,RWD,Regular Gasoline,15,19,CEDAR LA,County,SAUL RD,County,9915560399279361,20895,KENSINGTON,70838.1492765,106180148.023,39.02565657266069,-77.07527294437958,-1.5044999,66.91661,0.0,0.0,0.0,4.3349743,85.23644,210212167075290256,2021-02-12 16:00:00,16,PM,43,4,Friday,0,2,February,2021,0,Unknown
MCP3085002Q,A4F4E28ABE92400EB468F00298189DD1,False,NO APPARENT INJURY,NONE,NOT DISTRACTED,PASSENGER,MOVING CONSTANT SPEED,South,SUPERFICIAL,15,False,False,2,8525273605882964,210005621,Montgomery County Police,Property Damage ,True,UNKNOWN,0,0,UNKNOWN,True,True,DRIVER,STRAIGHT MOVEMENT ANGLE,UNKNOWN,DAYLIGHT,NO CONTROLS,UNKNOWN,UNKNOWN,UNKNOWN,UNKNOWN,UNKNOWN,39.02306381,-77.14890468,7781945108562677,7781945108562677,0,0,0,2021021216,7715220038996189,Toyota,2003,Camry,Midsize Cars,4.0,2.4,Automatic 4,FWD,Regular Gasoline,21,26,UNKNOWN,UNKNOWN,UNKNOWN,UNKNOWN,7781945108562677,20817,BETHESDA,143234.920079,403664948.588,38.996189145680184,-77.15220044157795,-0.50699997,62.197517,0.0,0.0,0.0,5.4119864,93.814,210212167152289961,2021-02-12 16:00:00,16,PM,43,4,Friday,0,2,February,2021,0,Unknown
MCP3085002Q,5B806A2C00904EFA9C5F758067FB3211,True,NO APPARENT INJURY,UNKNOWN,UNKNOWN,PASSENGER,STARTING FROM LANE,North,FUNCTIONAL,15,False,False,2,2109319682015108,210005621,Montgomery County Police,Property Damage ,True,UNKNOWN,0,0,UNKNOWN,True,True,DRIVER,STRAIGHT MOVEMENT ANGLE,UNKNOWN,DAYLIGHT,NO CONTROLS,UNKNOWN,UNKNOWN,UNKNOWN,UNKNOWN,UNKNOWN,39.02306381,-77.14890468,7781945108562677,7781945108562677,0,0,0,2021021216,7715220038996189,Acura,2006,MDX,Sport Utility Vehicle - 4WD,6.0,3.5,Automatic 5,AWD,Premium Gasoline,15,21,UNKNOWN,UNKNOWN,UNKNOWN,UNKNOWN,7781945108562677,20817,BETHESDA,143234.920079,403664948.588,38.996189145680184,-77.15220044157795,-0.50699997,62.197517,0.0,0.0,0.0,5.4119864,93.814,210212167152289961,2021-02-12 16:00:00,16,PM,43,4,Friday,0,2,February,2021,0,Unknown
MCP3085002S,2E7778FB253D4D6099200F04C0D0A9CE,True,NO APPARENT INJURY,UNKNOWN,UNKNOWN,PASSENGER,UNKNOWN,West,UNKNOWN,25,False,False,1,4909102112133355,210005656,Montgomery County Police,Property Damage ,True,East,1,1,HILL UPHILL,False,False,DRIVER,HEAD ON,DRY,DARK LIGHTS ON,NO CONTROLS,UNKNOWN,UNKNOWN,STRAIGHT,NO DEFECTS,"TWO-WAY, NOT DIVIDED",38.98300833,-77.07606167,2717376373589858,1627793738140795,0,0,0,2021021223,7707842038983818,Jeep,0,Unknown,Unknown,0.0,0.0,Unknown,Unknown,Unknown,0,0,UNDERWOOD ST,Municipality,CONNECTICUT AVE,Maryland (State),1627793738140795,20815,CHEVY CHASE,78258.2702851,151813895.483,38.98381860627773,-77.07842006190148,-1.7755,65.5801,0.0,0.0,0.0,5.904439,52.431335,210212237078489838,2021-02-12 23:00:00,23,PM,43,4,Friday,0,2,February,2021,0,Unknown
MCP32900009,C72C54E6B3E64AF68D88FBCA1B14A612,True,NO APPARENT INJURY,ALCOHOL,UNKNOWN,PASSENGER,SLOWING OR STOPPING,North,OTHER,15,False,False,1,9530107233120213,210005662,Montgomery County Police,Property Damage ,True,North,1,1,LEVEL,False,False,DRIVER,SAME DIR REAR END,DRY,DARK LIGHTS ON,NO CONTROLS,NON INTERSECTION,UNKNOWN,STRAIGHT,NO DEFECTS,"TWO-WAY, NOT DIVIDED",38.9916323,-77.01437652,8843893209867657,887072325756327,0,0,0,2021021301,7703596439001907,Nissan,2019,Rogue,Small Sport Utility Vehicle 2WD,4.0,2.0,Automatic 7,AWD,Regular Gasoline,25,32,SCHRIDER ST,County,SILVER SPRING AVE,County,887072325756327,20910,SILVER SPRING,82846.1568889,126320091.137,39.00190768010143,-77.03596497235911,-1.8034999,64.568756,0.0,0.0,0.0,7.0911775,66.037506,210213017035990019,2021-02-13 01:00:00,1,AM,44,5,Saturday,1,2,February,2021,0,Unknown
MCP2848009W,8F1A6C6CFC3548598E91FD0C96E4E284,False,NO APPARENT INJURY,NONE,NOT DISTRACTED,PASSENGER,STOPPED IN TRAFFIC LANE,North,FUNCTIONAL,35,False,False,3,6453402371445338,210005689,Montgomery County Police,Property Damage ,False,North,1,3,LEVEL,False,False,DRIVER,SAME DIR REAR END,WET,DAYLIGHT,TRAFFIC SIGNAL,INTERSECTION RELATED,Y-INTERSECTION,STRAIGHT,NO DEFECTS,"TWO-WAY, DIVIDED, POSITIVE MEDIAN BARRIER",39.00421354,-77.0972112,5925405510732472,8102196540894620,0,0,0,2021021309,7709047139001824,Volkswagen,2020,Tiguan,Small Sport Utility Vehicle 2WD,4.0,2.0,Automatic 8,AWD,Regular Gasoline,20,27,ROCKVILLE PIKE,Maryland (State),SOUTHWOOD DR,UNKNOWN,8102196540894620,20889,BETHESDA,13519.8810592,10781552.967,39.00182400847492,-77.09047126593259,-2.3215,60.316536,0.1,0.1,0.0,10.296251,36.469334,210213097090490018,2021-02-13 09:00:00,9,AM,44,5,Saturday,1,2,February,2021,0,Unknown
MCP2848009W,F79FF20873F943ABA1F9B0496E3CCC6B,True,NO APPARENT INJURY,NONE,NOT DISTRACTED,BUS,SLOWING OR STOPPING,North,SUPERFICIAL,35,False,False,3,6259949909495943,210005689,Montgomery County Police,Property Damage ,False,North,1,3,LEVEL,False,False,DRIVER,SAME DIR REAR END,WET,DAYLIGHT,TRAFFIC SIGNAL,INTERSECTION RELATED,Y-INTERSECTION,STRAIGHT,NO DEFECTS,"TWO-WAY, DIVIDED, POSITIVE MEDIAN BARRIER",39.00421354,-77.0972112,5925405510732472,8102196540894620,0,0,0,2021021309,7709047139001824,New Flyer,0,Unknown,Unknown,0.0,0.0,Unknown,Unknown,Unknown,0,0,ROCKVILLE PIKE,Maryland (State),SOUTHWOOD DR,UNKNOWN,8102196540894620,20889,BETHESDA,13519.8810592,10781552.967,39.00182400847492,-77.09047126593259,-2.3215,60.316536,0.1,0.1,0.0,10.296251,36.469334,210213097090490018,2021-02-13 09:00:00,9,AM,44,5,Saturday,1,2,February,2021,0,Unknown
MCP2848009W,4B4440E084A6464B99BAEC2442E335E4,False,NO APPARENT INJURY,NONE,NOT DISTRACTED,PASSENGER,STOPPED IN TRAFFIC LANE,North,DISABLING,35,False,False,3,8525273521994869,210005689,Montgomery County Police,Property Damage ,False,North,1,3,LEVEL,False,False,DRIVER,SAME DIR REAR END,WET,DAYLIGHT,TRAFFIC SIGNAL,INTERSECTION RELATED,Y-INTERSECTION,STRAIGHT,NO DEFECTS,"TWO-WAY, DIVIDED, POSITIVE MEDIAN BARRIER",39.00421354,-77.0972112,5925405510732472,8102196540894620,0,0,0,2021021309,7709047139001824,Toyota,2008,Camry,Compact Cars,4.0,2.4,Automatic 5,FWD,Regular Gasoline,21,31,ROCKVILLE PIKE,Maryland (State),SOUTHWOOD DR,UNKNOWN,8102196540894620,20889,BETHESDA,13519.8810592,10781552.967,39.00182400847492,-77.09047126593259,-2.3215,60.316536,0.1,0.1,0.0,10.296251,36.469334,210213097090490018,2021-02-13 09:00:00,9,AM,44,5,Saturday,1,2,February,2021,0,Unknown
DM8472001K,36EEE6D77515414389269E0B58392A49,False,NO APPARENT INJURY,NONE,INATTENTIVE OR LOST IN THOUGHT,PASSENGER,MAKING RIGHT TURN,East,NO DAMAGE,30,False,False,2,9530107333785927,210005703,Takoma Park Police Depart,Property Damage ,False,East,3,3,LEVEL,False,False,DRIVER,ANGLE MEETS RIGHT TURN,WET,DAYLIGHT,TRAFFIC SIGNAL,INTERSECTION,FOUR-WAY INTERSECTION,STRAIGHT,NO DEFECTS,"TWO-WAY, DIVIDED, UNPROTECTED PAINTED MIN 4 FEET",38.99062833,-76.98991167,5005946941929880,2843299409940101,0,0,0,2021021312,7700204038982546,Nissan,2013,Rogue,Small Sport Utility Vehicle 2WD,4.0,2.5,Automatic CVT,AWD,Regular Gasoline,22,26,UNIVERSITY BLVD E,Maryland (State),ENT TO BUSINESS,UNKNOWN,2843299409940101,20912,TAKOMA PARK,51232.0653417,65209197.2692,38.98254687160147,-77.00204079343348,-2.302,77.499214,0.6,0.6,0.0,11.212135,47.602623,210213127002089825,2021-02-13 12:00:00,12,PM,44,5,Saturday,1,2,February,2021,0,Unknown
DM8472001K,DD93B7A5E3C3437BAC16F46327CA5FDB,True,NO APPARENT INJURY,NONE,INATTENTIVE OR LOST IN THOUGHT,PASSENGER,MOVING CONSTANT SPEED,East,NO DAMAGE,30,False,False,2,1354297521076536,210005703,Takoma Park Police Depart,Property Damage ,False,East,3,3,LEVEL,False,False,DRIVER,ANGLE MEETS RIGHT TURN,WET,DAYLIGHT,TRAFFIC SIGNAL,INTERSECTION,FOUR-WAY INTERSECTION,STRAIGHT,NO DEFECTS,"TWO-WAY, DIVIDED, UNPROTECTED PAINTED MIN 4 FEET",38.99062833,-76.98991167,5005946941929880,2843299409940101,0,0,0,2021021312,7700204038982546,Nissan,2007,Xterra,Sport Utility Vehicle - 2WD,6.0,4.0,Automatic 5,AWD,Regular Gasoline,16,20,UNIVERSITY BLVD E,Maryland (State),ENT TO BUSINESS,UNKNOWN,2843299409940101,20912,TAKOMA PARK,51232.0653417,65209197.2692,38.98254687160147,-77.00204079343348,-2.302,77.499214,0.6,0.6,0.0,11.212135,47.602623,210213127002089825,2021-02-13 12:00:00,12,PM,44,5,Saturday,1,2,February,2021,0,Unknown
MCP31630035,E100A46575A8429C9E3B650A4F7D9231,True,POSSIBLE INJURY,UNKNOWN,NOT DISTRACTED,PASSENGER,MOVING CONSTANT SPEED,North,DISABLING,35,False,False,1,7285498200960189,210005719,Montgomery County Police,Injury ,False,North,1,1,LEVEL,False,False,DRIVER,SINGLE VEHICLE,ICE,DAYLIGHT,UNKNOWN,UNKNOWN,UNKNOWN,CURVE LEFT,NO DEFECTS,"TWO-WAY, NOT DIVIDED",38.95034851,-77.1250122,8599911420118079,2772662958313268,0,0,0,2021021315,7711806238956479,Honda,2006,Civic,Subcompact Cars,4.0,1.8,Automatic 5,FWD,Regular Gasoline,26,36,MACARTHUR BLVD,County,MARYLAND AVE,County,2772662958313268,20816,BETHESDA,58716.1248449,117565480.431,38.95647982277882,-77.11806249046538,-2.0024998,97.08915,0.7,0.7,0.0,9.422101,43.451904,210213157118089564,2021-02-13 15:00:00,15,PM,44,5,Saturday,1,2,February,2021,0,Unknown
MCP29770082,2F7D9172214447E8BDD7C9224564BC1E,False,NO APPARENT INJURY,UNKNOWN,NOT DISTRACTED,PASSENGER,MOVING CONSTANT SPEED,South,DISABLING,35,False,False,2,4552950368326261,210005809,Montgomery County Police,Injury ,False,South,2,2,HILL UPHILL,False,False,DRIVER,STRAIGHT MOVEMENT ANGLE,WET,DAYLIGHT,NO CONTROLS,NON INTERSECTION,UNKNOWN,CURVE LEFT,NO DEFECTS,"TWO-WAY, DIVIDED, UNPROTECTED PAINTED MIN 4 FEET",39.00124167,-76.986185,7883959838840872,4977678367391385,0,0,0,2021021412,7698354239018293,Honda,2020,Pilot,Small Sport Utility Vehicle 2WD,6.0,3.5,Automatic 6,AWD,Regular Gasoline,19,26,PINEY BRANCH RD,Maryland (State),CARROLL AVE,County,4977678367391385,20903,SILVER SPRING,50204.7192451,65972447.4483,39.01829365940637,-76.9835422251861,2.1345,68.73771,0.0,0.0,0.0,6.489992,340.55988,210214126983590182,2021-02-14 12:00:00,12,PM,45,6,Sunday,1,2,February,2021,0,Unknown
MCP29770082,83351A82533C4FFABF96BD3F3E3A599D,True,NO APPARENT INJURY,UNKNOWN,LOOKED BUT DID NOT SEE,PASSENGER,MAKING LEFT TURN,South,DISABLING,35,False,False,2,8160280829902482,210005809,Montgomery County Police,Injury ,False,South,2,2,HILL UPHILL,False,False,DRIVER,STRAIGHT MOVEMENT ANGLE,WET,DAYLIGHT,NO CONTROLS,NON INTERSECTION,UNKNOWN,CURVE LEFT,NO DEFECTS,"TWO-WAY, DIVIDED, UNPROTECTED PAINTED MIN 4 FEET",39.00124167,-76.986185,7883959838840872,4977678367391385,0,0,0,2021021412,7698354239018293,Toyota,1998,Corolla,Compact Cars,4.0,1.8,Automatic 3,FWD,Regular Gasoline,24,30,PINEY BRANCH RD,Maryland (State),CARROLL AVE,County,4977678367391385,20903,SILVER SPRING,50204.7192451,65972447.4483,39.01829365940637,-76.9835422251861,2.1345,68.73771,0.0,0.0,0.0,6.489992,340.55988,210214126983590182,2021-02-14 12:00:00,12,PM,45,6,Sunday,1,2,February,2021,0,Unknown
MCP24960027,9C26751A046A423681EACB3E6430ADD7,True,NO APPARENT INJURY,NONE,UNKNOWN,PASSENGER,CHANGING LANES,North,FUNCTIONAL,35,False,False,2,3233063173565461,210005808,Montgomery County Police,Property Damage ,False,North,3,3,GRADE DOWNHILL,False,False,DRIVER,SAME DIRECTION SIDESWIPE,WET,DAYLIGHT,NO CONTROLS,NON INTERSECTION,UNKNOWN,STRAIGHT,NO DEFECTS,"TWO-WAY, NOT DIVIDED",39.00477683,-77.02322117,7228418003688286,3912318926152506,0,0,0,2021021412,7703596439001907,Toyota,0,Unknown,Unknown,0.0,0.0,Unknown,Unknown,Unknown,0,0,COLESVILLE RD,US (State),DALE DR,County,3912318926152506,20910,SILVER SPRING,82846.1568889,126320091.137,39.00190768010143,-77.03596497235911,1.9465001,69.21101,0.0,0.0,0.0,7.5170207,343.3007,210214127035990019,2021-02-14 12:00:00,12,PM,45,6,Sunday,1,2,February,2021,0,Unknown
MCP24960027,FAD5384CE85A4A0A93EBAA8F5FDF7AA2,False,NO APPARENT INJURY,NONE,NOT DISTRACTED,PASSENGER,MOVING CONSTANT SPEED,North,DISABLING,35,False,False,2,9512053695731710,210005808,Montgomery County Police,Property Damage ,False,North,3,3,GRADE DOWNHILL,False,False,DRIVER,SAME DIRECTION SIDESWIPE,WET,DAYLIGHT,NO CONTROLS,NON INTERSECTION,UNKNOWN,STRAIGHT,NO DEFECTS,"TWO-WAY, NOT DIVIDED",39.00477683,-77.02322117,7228418003688286,3912318926152506,0,0,0,2021021412,7703596439001907,Nissan,2013,Juke,Small Station Wagons,4.0,1.6,Automatic 6,FWD,Premium Gasoline,25,29,COLESVILLE RD,US (State),DALE DR,County,3912318926152506,20910,SILVER SPRING,82846.1568889,126320091.137,39.00190768010143,-77.03596497235911,1.9465001,69.21101,0.0,0.0,0.0,7.5170207,343.3007,210214127035990019,2021-02-14 12:00:00,12,PM,45,6,Sunday,1,2,February,2021,0,Unknown