ReportNumber,VehicleCrashKey,DriverAtFault,DriverInjurySeverity,DriverSubstanceAbuse,DriverDistractedBy,VehicleType,VehicleMovement,VehicleGoingDir,VehicleDamageExtent,SpeedLimit,ParkedVehicle,SubstanceAbuseContributed,VehiclesCrashedTotal,VehicleKey,LocalCaseNumber,AgencyName,ACRSReportType,HitRun,LaneDirection,LaneNumber,NumberOfLanes,RoadGrade,NonTraffic,OffRoadIncident,AccidentAtFault,CollisionType,SurfaceCondition,Light,TrafficControl,Junction,IntersectionType,RoadAlignment,RoadCondition,RoadDivision,Latitude,Longitude,RoadKey_x,CrossStreetKey,NonMotoristTotal,NonMotoristInjury,NonMotoristFatal,DateHourKey,LocationAreaKey,Make,Year_x,BaseModel,BodyClass,Cylinders,Displacement,Transmission,Drivetrain,FuelType,CityMPG,HighwayMPG,RoadName_x,RouteType_x,RoadName_y,RouteType_y,RoadKey_y,Zipcode,MailCity,ShapeLength,ShapeArea,CentroidLatitude,CentroidLongitude,Temperature,Humidity,Precipitation,Rain,Snow,WindSpeed,WindDirection,WeatherKey,Datetime,Hour,TimeOfDay,DayNumber,WeekDayNumber,WeekDayName,WeekendFlag,MonthNumber,MonthName,Year_y,HolidayFlag,HolidayName
MCP31450033,323B12D97E9C4562A639E5B62939BAF7,True,NO APPARENT INJURY,NONE,LOOKED BUT DID NOT SEE,PASSENGER,MAKING LEFT TURN,East,SUPERFICIAL,30,False,False,3,3233063173565461,210006301,Montgomery County Police,Property Damage ,False,West,1,1,GRADE DOWNHILL,False,False,DRIVER,HEAD ON LEFT TURN,WET,DARK LIGHTS ON,NO CONTROLS,UNKNOWN,UNKNOWN,STRAIGHT,NO DEFECTS,"TWO-WAY, NOT DIVIDED",39.06258,-77.04835833,670409629174736,1498137660831595,0,0,0,2021021719,7705486039088590,Toyota,0,Unknown,Unknown,0.0,0.0,Unknown,Unknown,Unknown,0,0,GLENALLAN AVE,County,LAYHILL RD,Maryland (State),1498137660831595,20906,SILVER SPRING,133207.174949,359110751.771,39.08859082555049,-77.05486091907257,-1.3175,56.476353,0.0,0.0,0.0,5.815978,21.801476,210217197054890885,2021-02-17 19:00:00,19,PM,48,2,Wednesday,0,2,February,2021,0,Unknown
MCP31450033,9B9B93441FB447B2AFD52413B39B29DB,False,NO APPARENT INJURY,NONE,NOT DISTRACTED,PASSENGER,MOVING CONSTANT SPEED,East,SUPERFICIAL,30,False,False,3,5867016935291335,210006301,Montgomery County Police,Property Damage ,False,West,1,1,GRADE DOWNHILL,False,False,DRIVER,HEAD ON LEFT TURN,WET,DARK LIGHTS ON,NO CONTROLS,UNKNOWN,UNKNOWN,STRAIGHT,NO DEFECTS,"TWO-WAY, NOT DIVIDED",39.06258,-77.04835833,670409629174736,1498137660831595,0,0,0,2021021719,7705486039088590,Honda,2019,CR-V,Small Sport Utility Vehicle 2WD,4.0,1.5,Automatic CVT,AWD,Regular Gasoline,25,31,GLENALLAN AVE,County,LAYHILL RD,Maryland (State),1498137660831595,20906,SILVER SPRING,133207.174949,359110751.771,39.08859082555049,-77.05486091907257,-1.3175,56.476353,0.0,0.0,0.0,5.815978,21.801476,210217197054890885,2021-02-17 19:00:00,19,PM,48,2,Wednesday,0,2,February,2021,0,Unknown
MCP3271000V,E67EFDABF14B4BBAB7CF85B22FD4AF9C,False,NO APPARENT INJURY,NONE,NOT DISTRACTED,PASSENGER,STOPPED IN TRAFFIC LANE,West,FUNCTIONAL,0,False,False,2,6502835440897582,210006303,Montgomery County Police,Property Damage ,True,West,2,2,LEVEL,False,False,DRIVER,SAME DIR REAR END,DRY,DARK LIGHTS ON,NO CONTROLS,NON INTERSECTION,UNKNOWN,STRAIGHT,NO DEFECTS,"TWO-WAY, NOT DIVIDED",38.96220648,-77.0995791,1363718650800826,4160154704802219,0,0,0,2021021720,7711806238956479,Nissan,2015,Sentra,Midsize Cars,4.0,1.8,Automatic CVT,FWD,Regular Gasoline,27,35,RIVER RD,Maryland (State),GREYSTONE ST,Municipality,4160154704802219,20816,BETHESDA,58716.1248449,117565480.431,38.95647982277882,-77.11806249046538,-2.4524999,65.67669,0.0,0.0,0.0,5.1165614,39.289394,210217207118089564,2021-02-17 20:00:00,20,PM,48,2,Wednesday,0,2,February,2021,0,Unknown
MCP3271000V,D6C0F044A1434972A4A95CE2372DE067,True,NO APPARENT INJURY,UNKNOWN,UNKNOWN,UNKNOWN,MOVING CONSTANT SPEED,West,SUPERFICIAL,35,False,False,2,8168321465439775,210006303,Montgomery County Police,Property Damage ,True,West,2,2,LEVEL,False,False,DRIVER,SAME DIR REAR END,DRY,DARK LIGHTS ON,NO CONTROLS,NON INTERSECTION,UNKNOWN,STRAIGHT,NO DEFECTS,"TWO-WAY, NOT DIVIDED",38.96220648,-77.0995791,1363718650800826,4160154704802219,0,0,0,2021021720,7711806238956479,Unknown,0,Unknown,Unknown,0.0,0.0,Unknown,Unknown,Unknown,0,0,RIVER RD,Maryland (State),GREYSTONE ST,Municipality,4160154704802219,20816,BETHESDA,58716.1248449,117565480.431,38.95647982277882,-77.11806249046538,-2.4524999,65.67669,0.0,0.0,0.0,5.1165614,39.289394,210217207118089564,2021-02-17 20:00:00,20,PM,48,2,Wednesday,0,2,February,2021,0,Unknown
MCP2675002R,F830F3F4CE814E018353F039FCA85726,True,POSSIBLE INJURY,NONE,NOT DISTRACTED,PASSENGER,ACCELERATING,East,DESTROYED,35,False,False,1,1093417202524063,210006314,Montgomery County Police,Injury ,False,East,3,3,HILL UPHILL,False,False,DRIVER,SINGLE VEHICLE,DRY,DARK LIGHTS ON,UNKNOWN,NON INTERSECTION,UNKNOWN,STRAIGHT,NO DEFECTS,"TWO-WAY, DIVIDED, POSITIVE MEDIAN BARRIER",39.05697471,-77.08415486,5808984873878396,2745381308312522,0,0,0,2021021723,7705486039088590,Toyota,2013,Sienna,Minivan - 2WD,6.0,3.5,Automatic 6,FWD,Regular Gasoline,16,23,VEIRS MILL RD,County,GRIDLEY RD,County,2745381308312522,20906,SILVER SPRING,133207.174949,359110751.771,39.08859082555049,-77.05486091907257,-3.6675,61.649395,0.0,0.0,0.0,6.12,90.0,210217237054890885,2021-02-17 23:00:00,23,PM,48,2,Wednesday,0,2,February,2021,0,Unknown
MCP2353008T,269DC1A6E01B45B18801023B3DDE5CA3,False,NO APPARENT INJURY,NONE,NOT DISTRACTED,TRUCK,SLOWING OR STOPPING,South,FUNCTIONAL,25,False,False,2,2218989129586392,210006320,Montgomery County Police,Property Damage ,False,South,1,1,LEVEL,False,False,DRIVER,SAME DIR REAR END,SLUSH,DAWN,NO CONTROLS,NON INTERSECTION,UNKNOWN,STRAIGHT,NO DEFECTS,"TWO-WAY, DIVIDED, UNPROTECTED PAINTED MIN 4 FEET",39.00001667,-77.05505,9801872026245621,8698572861437387,0,0,0,2021021806,7703596439001907,Ford,2020,F150,Standard Pickup Trucks 2WD,6.0,3.5,Automatic 10,RWD,Regular Gasoline,17,23,BROOKVILLE RD,County,LYTTONSVILLE PL,County,8698572861437387,20910,SILVER SPRING,82846.1568889,126320091.137,39.00190768010143,-77.03596497235911,-2.8035,66.88152,0.8,0.0,0.56,11.609651,60.255207,210218067035990019,2021-02-18 06:00:00,6,AM,49,3,Thursday,0,2,February,2021,0,Unknown
MCP2353008T,61A11AF91D65469295F3CBDA43B3D88E,True,NO APPARENT INJURY,NONE,UNKNOWN,TRUCK,MOVING CONSTANT SPEED,South,FUNCTIONAL,25,False,False,2,4153339904811045,210006320,Montgomery County Police,Property Damage ,False,South,1,1,LEVEL,False,False,DRIVER,SAME DIR REAR END,SLUSH,DAWN,NO CONTROLS,NON INTERSECTION,UNKNOWN,STRAIGHT,NO DEFECTS,"TWO-WAY, DIVIDED, UNPROTECTED PAINTED MIN 4 FEET",39.00001667,-77.05505,9801872026245621,8698572861437387,0,0,0,2021021806,7703596439001907,Dodge,1998,Ram 1500 Pickup,Standard Pickup Trucks 2WD,8.0,5.2,Automatic 4,RWD,Regular Gasoline,11,15,BROOKVILLE RD,County,LYTTONSVILLE PL,County,8698572861437387,20910,SILVER SPRING,82846.1568889,126320091.137,39.00190768010143,-77.03596497235911,-2.8035,66.88152,0.8,0.0,0.56,11.609651,60.255207,210218067035990019,2021-02-18 06:00:00,6,AM,49,3,Thursday,0,2,February,2021,0,Unknown
MCP93860088,19D71D15CF2F422C992A081297984BAA,True,NO APPARENT INJURY,NONE,UNKNOWN,PASSENGER,MOVING CONSTANT SPEED,South,SUPERFICIAL,25,False,False,2,4584394242621489,210006346,Montgomery County Police,Injury ,False,South,3,3,LEVEL,False,False,DRIVER,SAME DIRECTION SIDESWIPE,SLUSH,DAYLIGHT,UNKNOWN,NON INTERSECTION,UNKNOWN,STRAIGHT,NO DEFECTS,"TWO-WAY, DIVIDED, POSITIVE MEDIAN BARRIER",38.98148637,-77.09269781,7307765282026999,6386188775742009,0,0,0,2021021811,7707842038983818,Hyundai,2013,Santa Fe,Small Sport Utility Vehicle 2WD,4.0,2.0,Automatic 6,4WD,Regular Gasoline,18,24,WISCONSIN AVE,Maryland (State),WILLOW LA,County,6386188775742009,20815,CHEVY CHASE,78258.2702851,151813895.483,38.98381860627773,-77.07842006190148,-3.1255,87.70483,3.1,0.39999986,1.89,10.97262,48.99101,210218117078489838,2021-02-18 11:00:00,11,AM,49,3,Thursday,0,2,February,2021,0,Unknown
MCP93860088,91FA5C14D3424990B30733D55B63D89B,False,POSSIBLE INJURY,OTHER,NOT DISTRACTED,PASSENGER,MOVING CONSTANT SPEED,South,SUPERFICIAL,25,False,False,2,3706795429459167,210006346,Montgomery County Police,Injury ,False,South,3,3,LEVEL,False,False,DRIVER,SAME DIRECTION SIDESWIPE,SLUSH,DAYLIGHT,UNKNOWN,NON INTERSECTION,UNKNOWN,STRAIGHT,NO DEFECTS,"TWO-WAY, DIVIDED, POSITIVE MEDIAN BARRIER",38.98148637,-77.09269781,7307765282026999,6386188775742009,0,0,0,2021021811,7707842038983818,Mercedes-Benz,0,Unknown,Unknown,0.0,0.0,Unknown,Unknown,Unknown,0,0,WISCONSIN AVE,Maryland (State),WILLOW LA,County,6386188775742009,20815,CHEVY CHASE,78258.2702851,151813895.483,38.98381860627773,-77.07842006190148,-3.1255,87.70483,3.1,0.39999986,1.89,10.97262,48.99101,210218117078489838,2021-02-18 11:00:00,11,AM,49,3,Thursday,0,2,February,2021,0,Unknown
MCP23580082,48A94EC92BC144ABA50A637FB31907A3,True,NO APPARENT INJURY,NONE,NOT DISTRACTED,OTHER,MOVING CONSTANT SPEED,North,FUNCTIONAL,25,False,False,1,213975767330911,210006349,Montgomery County Police,Property Damage ,False,North,1,1,LEVEL,False,False,DRIVER,OTHER,SNOW,DAYLIGHT,NO CONTROLS,NON INTERSECTION,UNKNOWN,STRAIGHT,NO DEFECTS,"TWO-WAY, NOT DIVIDED",38.97840863,-77.11857891,5095779394193206,8330056649091264,0,0,0,2021021811,7715220038996189,Mack,0,Unknown,Unknown,0.0,0.0,Unknown,Unknown,Unknown,0,0,GRANBY ST,County,LENOX RD,County,8330056649091264,20817,BETHESDA,143234.920079,403664948.588,38.996189145680184,-77.15220044157795,-2.9569998,88.38478,3.1,0.39999986,1.89,10.464797,49.185013,210218117152289961,2021-02-18 11:00:00,11,AM,49,3,Thursday,0,2,February,2021,0,Unknown
MCP30690045,2F188FA55A454D25AE730E922E1EBE4E,False,NO APPARENT INJURY,NONE,NOT DISTRACTED,TRUCK,OTHER,East,FUNCTIONAL,55,False,False,2,9755364676930633,210006362,Montgomery County Police,Injury ,False,East,0,1,LEVEL,False,False,DRIVER,SAME DIR REAR END,SLUSH,DAYLIGHT,NO CONTROLS,NON INTERSECTION,UNKNOWN,STRAIGHT,NO DEFECTS,OTHER,39.01824441,-77.10436046,2262757322158515,3837846901817557,0,0,0,2021021813,7710519939016894,International,0,Unknown,Unknown,0.0,0.0,Unknown,Unknown,Unknown,0,0,CAPITAL BELTWAY,Interstate (State),RAMP 6 FR IS 495 EB TO MD 355 SB,Ramp,3837846901817557,20814,BETHESDA,58373.8630538,68540697.609,39.016894075883464,-77.10519990449882,-2.3155,86.79971,3.4,2.0,0.97999996,9.885262,56.88865,210218137105190168,2021-02-18 13:00:00,13,PM,49,3,Thursday,0,2,February,2021,0,Unknown
MCP30690045,A8AD8456B9EB40908843BE56D329787A,True,POSSIBLE INJURY,NONE,LOOKED BUT DID NOT SEE,PASSENGER,MOVING CONSTANT SPEED,East,DISABLING,55,False,False,2,6502835407342344,210006362,Montgomery County Police,Injury ,False,East,0,1,LEVEL,False,False,DRIVER,SAME DIR REAR END,SLUSH,DAYLIGHT,NO CONTROLS,NON INTERSECTION,UNKNOWN,STRAIGHT,NO DEFECTS,OTHER,39.01824441,-77.10436046,2262757322158515,3837846901817557,0,0,0,2021021813,7710519939016894,Nissan,2017,Sentra,Midsize Cars,4.0,1.6,Manual 6,FWD,Premium Gasoline,25,30,CAPITAL BELTWAY,Interstate (State),RAMP 6 FR IS 495 EB TO MD 355 SB,Ramp,3837846901817557,20814,BETHESDA,58373.8630538,68540697.609,39.016894075883464,-77.10519990449882,-2.3155,86.79971,3.4,2.0,0.97999996,9.885262,56.88865,210218137105190168,2021-02-18 13:00:00,13,PM,49,3,Thursday,0,2,February,2021,0,Unknown
MCP1128005D,E0E2EB8283864D47B246E4C76D61AC69,False,NO APPARENT INJURY,NONE,NOT DISTRACTED,TRUCK,STOPPED IN TRAFFIC LANE,UNKNOWN,FUNCTIONAL,35,False,False,2,9755364676930633,210006367,Montgomery County Police,Injury ,False,South,0,1,HILL UPHILL,False,False,DRIVER,SAME DIR REAR END,ICE,DAYLIGHT,UNKNOWN,INTERCHANGE RELATED,OTHER,STRAIGHT,OTHER,OTHER,39.01843167,-77.104675,2262757322158515,3837846901817557,0,0,0,2021021814,7710519939016894,International,0,Unknown,Unknown,0.0,0.0,Unknown,Unknown,Unknown,0,0,CAPITAL BELTWAY,Interstate (State),RAMP 6 FR IS 495 EB TO MD 355 SB,Ramp,3837846901817557,20814,BETHESDA,58373.8630538,68540697.609,39.016894075883464,-77.10519990449882,-1.4155,82.4614,0.4,0.3,0.07,9.360001,22.61991,210218147105190168,2021-02-18 14:00:00,14,PM,49,3,Thursday,0,2,February,2021,0,Unknown
MCP1128005D,100BEC7EAB9C4E3AB715D2728FAE8206,True,SUSPECTED MINOR INJURY,NONE,NOT DISTRACTED,PASSENGER,SKIDDING,South,DESTROYED,35,False,False,2,260643514773763,210006367,Montgomery County Police,Injury ,False,South,0,1,HILL UPHILL,False,False,DRIVER,SAME DIR REAR END,ICE,DAYLIGHT,UNKNOWN,INTERCHANGE RELATED,OTHER,STRAIGHT,OTHER,OTHER,39.01843167,-77.104675,2262757322158515,3837846901817557,0,0,0,2021021814,7710519939016894,Ford,2008,Ranger,Small Pickup Trucks 2WD,6.0,3.0,Automatic 5,RWD,Regular Gasoline,15,20,CAPITAL BELTWAY,Interstate (State),RAMP 6 FR IS 495 EB TO MD 355 SB,Ramp,3837846901817557,20814,BETHESDA,58373.8630538,68540697.609,39.016894075883464,-77.10519990449882,-1.4155,82.4614,0.4,0.3,0.07,9.360001,22.61991,210218147105190168,2021-02-18 14:00:00,14,PM,49,3,Thursday,0,2,February,2021,0,Unknown
MCP271700TK,D674CA865FD94798B3F6AAEFFEC19EDE,True,SUSPECTED MINOR INJURY,NONE,NOT DISTRACTED,EMERGENCY,CHANGING LANES,South,DISABLING,55,False,False,1,6430955836397183,210006373,Montgomery County Police,Injury ,False,South,3,3,GRADE DOWNHILL,False,False,DRIVER,SINGLE VEHICLE,SNOW,DAYLIGHT,NO CONTROLS,NON INTERSECTION,UNKNOWN,STRAIGHT,NO DEFECTS,"TWO-WAY, DIVIDED, POSITIVE MEDIAN BARRIER",39.02984167,-77.12261867,1257986858156867,3091046278772576,0,0,0,2021021815,7710519939016894,Nissan,2008,Titan,Standard Pickup Trucks 2WD,8.0,5.6,Automatic 5,AWD,Regular Gasoline,12,17,EISENHOWER MEMORIAL HWY,Interstate (State),ROCKLEDGE BLVD,Maryland (State),3091046278772576,20814,BETHESDA,58373.8630538,68540697.609,39.016894075883464,-77.10519990449882,-0.96549994,80.99255,0.2,0.1,0.07,10.144082,27.474344,210218157105190168,2021-02-18 15:00:00,15,PM,49,3,Thursday,0,2,February,2021,0,Unknown
DM8492000J,A7E8778A73AA4F449AB084C3340CD0BB,False,NO APPARENT INJURY,UNKNOWN,NOT DISTRACTED,PASSENGER,PARKED,UNKNOWN,NO DAMAGE,15,True,False,2,3063454728179589,210006395,Takoma Park Police Depart,Property Damage ,False,UNKNOWN,1,1,HILL UPHILL,False,False,DRIVER,OTHER,SLUSH,DAYLIGHT,NO CONTROLS,NON INTERSECTION,UNKNOWN,CURVE RIGHT,UNKNOWN,"TWO-WAY, NOT DIVIDED",38.98991028,-77.00456619,7100760562355538,1595385451090210,0,0,0,2021021817,7700204038982546,Ford,2016,F150,Standard Pickup Trucks 2WD,6.0,3.5,Automatic 6,4WD,Regular Gasoline,18,22,HOUSTON AVE,County,GREENWOOD AVE,County,1595385451090210,20912,TAKOMA PARK,51232.0653417,65209197.2692,38.98254687160147,-77.00204079343348,-1.052,83.751114,0.0,0.0,0.0,10.1887,32.005356,210218177002089825,2021-02-18 17:00:00,17,PM,49,3,Thursday,0,2,February,2021,0,Unknown
DM8492000J,3B2C0D2E34214F35ABD556BD11FFD984,True,NO APPARENT INJURY,UNKNOWN,NOT DISTRACTED,BUS,PASSING,North,SUPERFICIAL,15,False,False,2,7752613674833350,210006395,Takoma Park Police Depart,Property Damage ,False,UNKNOWN,1,1,HILL UPHILL,False,False,DRIVER,OTHER,SLUSH,DAYLIGHT,NO CONTROLS,NON INTERSECTION,UNKNOWN,CURVE RIGHT,UNKNOWN,"TWO-WAY, NOT DIVIDED",38.98991028,-77.00456619,7100760562355538,1595385451090210,0,0,0,2021021817,7700204038982546,Spartan,0,Unknown,Unknown,0.0,0.0,Unknown,Unknown,Unknown,0,0,HOUSTON AVE,County,GREENWOOD AVE,County,1595385451090210,20912,TAKOMA PARK,51232.0653417,65209197.2692,38.98254687160147,-77.00204079343348,-1.052,83.751114,0.0,0.0,0.0,10.1887,32.005356,210218177002089825,2021-02-18 17:00:00,17,PM,49,3,Thursday,0,2,February,2021,0,Unknown
MCP1128005F,33401F9EF4814C9DB37F3CBEC4A25800,True,NO APPARENT INJURY,NONE,UNKNOWN,PASSENGER,STOPPED IN TRAFFIC LANE,North,FUNCTIONAL,35,False,False,2,2408098594952899,210006410,Montgomery County Police,Property Damage ,False,North,1,2,GRADE DOWNHILL,False,False,DRIVER,SAME DIR REAR END,WET,DARK LIGHTS ON,NO CONTROLS,INTERSECTION RELATED,FOUR-WAY INTERSECTION,STRAIGHT,NO DEFECTS,"TWO-WAY, NOT DIVIDED",38.94570333,-77.12045,8599911420118079,2772662958313268,0,0,0,2021021820,7711806238956479,Ford,2014,Focus,Compact Cars,4.0,2.0,Automatic 6,FWD,Regular Gasoline,26,36,MACARTHUR BLVD,County,MARYLAND AVE,County,2772662958313268,20816,BETHESDA,58716.1248449,117565480.431,38.95647982277882,-77.11806249046538,-2.4025,87.44527,0.0,0.0,0.0,9.0645685,353.15732,210218207118089564,2021-02-18 20:00:00,20,PM,49,3,Thursday,0,2,February,2021,0,Unknown
MCP1128005F,B97FFB6CEEA9437EB01C63D3B403A335,True,NO APPARENT INJURY,NONE,UNKNOWN,PASSENGER,MOVING CONSTANT SPEED,North,DISABLING,35,False,False,2,5082261807128004,210006410,Montgomery County Police,Property Damage ,False,North,1,2,GRADE DOWNHILL,False,False,DRIVER,SAME DIR REAR END,WET,DARK LIGHTS ON,NO CONTROLS,INTERSECTION RELATED,FOUR-WAY INTERSECTION,STRAIGHT,NO DEFECTS,"TWO-WAY, NOT DIVIDED",38.94570333,-77.12045,8599911420118079,2772662958313268,0,0,0,2021021820,7711806238956479,Hyundai,2015,Elantra,Midsize Cars,4.0,2.0,Automatic 6,FWD,Regular Gasoline,24,34,MACARTHUR BLVD,County,MARYLAND AVE,County,2772662958313268,20816,BETHESDA,58716.1248449,117565480.431,38.95647982277882,-77.11806249046538,-2.4025,87.44527,0.0,0.0,0.0,9.0645685,353.15732,210218207118089564,2021-02-18 20:00:00,20,PM,49,3,Thursday,0,2,February,2021,0,Unknown
MCP3279000B,213B9BC14134404AA6A9B5B2D37B314D,True,NO APPARENT INJURY,UNKNOWN,UNKNOWN,PASSENGER,MOVING CONSTANT SPEED,South,FUNCTIONAL,30,False,False,1,7285498200960189,210006509,Montgomery County Police,Property Damage ,True,South,1,1,GRADE DOWNHILL,False,False,DRIVER,SAME DIRECTION SIDESWIPE,ICE,DARK NO LIGHTS,UNKNOWN,NON INTERSECTION,UNKNOWN,STRAIGHT,NO DEFECTS,"TWO-WAY, NOT DIVIDED",39.03076014,-77.05998038,1672580268640674,6324997452380644,0,0,0,2021021821,7707527239025656,Honda,2006,Civic,Subcompact Cars,4.0,1.8,Automatic 5,FWD,Regular Gasoline,26,36,JENNINGS RD,County,MAYBROOK PL,County,6324997452380644,20895,KENSINGTON,70838.1492765,106180148.023,39.02565657266069,-77.07527294437958,-2.5544999,89.4224,0.0,0.0,0.0,8.759178,350.53775,210218217075290256,2021-02-18 21:00:00,21,PM,49,3,Thursday,0,2,February,2021,0,Unknown
MCP263900BN,EE894A7464E14E7A85866D22B4520E14,False,NO APPARENT INJURY,NONE,NOT DISTRACTED,PASSENGER,MOVING CONSTANT SPEED,North,FUNCTIONAL,45,False,False,2,6312893571399229,210006428,Montgomery County Police,Injury ,False,North,2,3,LEVEL,False,False,DRIVER,STRAIGHT MOVEMENT ANGLE,WET,DAYLIGHT,NO CONTROLS,CROSSOVER RELATED,UNKNOWN,STRAIGHT,NO DEFECTS,"TWO-WAY, DIVIDED, POSITIVE MEDIAN BARRIER",39.07795667,-77.08084167,1627793738140795,7723349871961125,0,0,0,2021021908,7705486039088590,Chevrolet,0,Unknown,Unknown,0.0,0.0,Unknown,Unknown,Unknown,0,0,CONNECTICUT AVE,Maryland (State),INDEPENDENCE ST,County,7723349871961125,20906,SILVER SPRING,133207.174949,359110751.771,39.08859082555049,-77.05486091907257,-2.0674999,93.90136,0.6,0.0,0.42000002,7.072878,14.743609,210219087054890885,2021-02-19 08:00:00,8,AM,50,4,Friday,0,2,February,2021,0,Unknown
MCP263900BN,D137F29FBB4842E4BBC1620DE144331E,True,POSSIBLE INJURY,NONE,LOOKED BUT DID NOT SEE,PASSENGER,MAKING LEFT TURN,South,DISABLING,45,False,False,2,4669709707806562,210006428,Montgomery County Police,Injury ,False,North,2,3,LEVEL,False,False,DRIVER,STRAIGHT MOVEMENT ANGLE,WET,DAYLIGHT,NO CONTROLS,CROSSOVER RELATED,UNKNOWN,STRAIGHT,NO DEFECTS,"TWO-WAY, DIVIDED, POSITIVE MEDIAN BARRIER",39.07795667,-77.08084167,1627793738140795,7723349871961125,0,0,0,2021021908,7705486039088590,MINI,2017,Cooper,Subcompact Cars,3.0,1.5,Automatic 6,FWD,Premium Gasoline,23,32,CONNECTICUT AVE,Maryland (State),INDEPENDENCE ST,County,7723349871961125,20906,SILVER SPRING,133207.174949,359110751.771,39.08859082555049,-77.05486091907257,-2.0674999,93.90136,0.6,0.0,0.42000002,7.072878,14.743609,210219087054890885,2021-02-19 08:00:00,8,AM,50,4,Friday,0,2,February,2021,0,Unknown
MCP93860087,1A740DC5AF734994A5FC4097525AF17D,True,NO APPARENT INJURY,NONE,UNKNOWN,PASSENGER,SLOWING OR STOPPING,South,SUPERFICIAL,30,False,False,2,7155284942570668,210006434,Montgomery County Police,Property Damage ,False,South,1,2,HILL UPHILL,False,False,DRIVER,SAME DIR REAR END,SLUSH,DAYLIGHT,TRAFFIC SIGNAL,INTERSECTION RELATED,FOUR-WAY INTERSECTION,STRAIGHT,NO DEFECTS,"TWO-WAY, DIVIDED, POSITIVE MEDIAN BARRIER",39.0313835,-77.132103,1257986858156867,3395559833841294,0,0,0,2021021909,7715220038996189,Lincoln,2016,Navigator,Standard Sport Utility Vehicle 2WD,6.0,3.5,Automatic 6,4WD,Regular Gasoline,15,20,EISENHOWER MEMORIAL HWY,Interstate (State),RAMP 2 FR IS 270 WB TO MD 187 NB,Ramp,3395559833841294,20817,BETHESDA,143234.920079,403664948.588,38.996189145680184,-77.15220044157795,-1.807,92.530876,0.3,0.0,0.21000001,10.383987,326.3099,210219097152289961,2021-02-19 09:00:00,9,AM,50,4,Friday,0,2,February,2021,0,Unknown
MCP93860087,40CAA07D1E384FC3BEB6318FE1E03F1C,False,NO APPARENT INJURY,NONE,NOT DISTRACTED,EMERGENCY,STOPPED IN TRAFFIC LANE,South,SUPERFICIAL,30,False,False,2,5165463412938575,210006434,Montgomery County Police,Property Damage ,False,South,1,2,HILL UPHILL,False,False,DRIVER,SAME DIR REAR END,SLUSH,DAYLIGHT,TRAFFIC SIGNAL,INTERSECTION RELATED,FOUR-WAY INTERSECTION,STRAIGHT,NO DEFECTS,"TWO-WAY, DIVIDED, POSITIVE MEDIAN BARRIER",39.0313835,-77.132103,1257986858156867,3395559833841294,0,0,0,2021021909,7715220038996189,Chevrolet,2013,Suburban,Standard Sport Utility Vehicle 2WD,8.0,5.3,Automatic 6,4WD,Regular Gasoline,10,16,EISENHOWER MEMORIAL HWY,Interstate (State),RAMP 2 FR IS 270 WB TO MD 187 NB,Ramp,3395559833841294,20817,BETHESDA,143234.920079,403664948.588,38.996189145680184,-77.15220044157795,-1.807,92.530876,0.3,0.0,0.21000001,10.383987,326.3099,210219097152289961,2021-02-19 09:00:00,9,AM,50,4,Friday,0,2,February,2021,0,Unknown
MCP3007004M,51FD5B89F56A4EDAAA24F5D25A513FCB,True,NO APPARENT INJURY,UNKNOWN,NOT DISTRACTED,PASSENGER,STOPPED IN TRAFFIC LANE,East,SUPERFICIAL,35,False,False,2,1616244388729237,210006270,Montgomery County Police,Property Damage ,True,North,1,3,HILL CREST,False,False,DRIVER,SAME DIRECTION SIDESWIPE,DRY,DAYLIGHT,NO CONTROLS,CROSSOVER RELATED,UNKNOWN,STRAIGHT,NO DEFECTS,"TWO-WAY, DIVIDED, POSITIVE MEDIAN BARRIER",39.07822664,-77.07135053,8554262040045692,8760747166704389,0,0,0,2021021916,7705486039088590,Toyota,2019,Prius c,Compact Cars,4.0,1.5,Automatic CVT,FWD,Regular Gasoline,48,43,GEORGIA AVE,Maryland (State),CROSSOVER,UNKNOWN,8760747166704389,20906,SILVER SPRING,133207.174949,359110751.771,39.08859082555049,-77.05486091907257,1.4825001,76.96911,0.0,0.0,0.0,10.00256,329.74365,210219167054890885,2021-02-19 16:00:00,16,PM,50,4,Friday,0,2,February,2021,0,Unknown
MCP3007004M,E1EBC9AF10584AB7906C3A9F07E48F03,False,NO APPARENT INJURY,UNKNOWN,NOT DISTRACTED,PASSENGER,MOVING CONSTANT SPEED,North,SUPERFICIAL,35,False,False,2,869295622334414,210006270,Montgomery County Police,Property Damage ,True,North,1,3,HILL CREST,False,False,DRIVER,SAME DIRECTION SIDESWIPE,DRY,DAYLIGHT,NO CONTROLS,CROSSOVER RELATED,UNKNOWN,STRAIGHT,NO DEFECTS,"TWO-WAY, DIVIDED, POSITIVE MEDIAN BARRIER",39.07822664,-77.07135053,8554262040045692,8760747166704389,0,0,0,2021021916,7705486039088590,Dodge,0,Unknown,Unknown,0.0,0.0,Unknown,Unknown,Unknown,0,0,GEORGIA AVE,Maryland (State),CROSSOVER,UNKNOWN,8760747166704389,20906,SILVER SPRING,133207.174949,359110751.771,39.08859082555049,-77.05486091907257,1.4825001,76.96911,0.0,0.0,0.0,10.00256,329.74365,210219167054890885,2021-02-19 16:00:00,16,PM,50,4,Friday,0,2,February,2021,0,Unknown