ReportNumber,VehicleCrashKey,DriverAtFault,DriverInjurySeverity,DriverSubstanceAbuse,DriverDistractedBy,VehicleType,VehicleMovement,VehicleGoingDir,VehicleDamageExtent,SpeedLimit,ParkedVehicle,SubstanceAbuseContributed,VehiclesCrashedTotal,VehicleKey,LocalCaseNumber,AgencyName,ACRSReportType,HitRun,LaneDirection,LaneNumber,NumberOfLanes,RoadGrade,NonTraffic,OffRoadIncident,AccidentAtFault,CollisionType,SurfaceCondition,Light,TrafficControl,Junction,IntersectionType,RoadAlignment,RoadCondition,RoadDivision,Latitude,Longitude,RoadKey_x,CrossStreetKey,NonMotoristTotal,NonMotoristInjury,NonMotoristFatal,DateHourKey,LocationAreaKey,Make,Year_x,BaseModel,BodyClass,Cylinders,Displacement,Transmission,Drivetrain,FuelType,CityMPG,HighwayMPG,RoadName_x,RouteType_x,RoadName_y,RouteType_y,RoadKey_y,Zipcode,MailCity,ShapeLength,ShapeArea,CentroidLatitude,CentroidLongitude,Temperature,Humidity,Precipitation,Rain,Snow,WindSpeed,WindDirection,WeatherKey,Datetime,Hour,TimeOfDay,DayNumber,WeekDayNumber,WeekDayName,WeekendFlag,MonthNumber,MonthName,Year_y,HolidayFlag,HolidayName
MCP3085002T,2801DDA76D6D458C9B2DFB2B15B8101C,False,NO APPARENT INJURY,NONE,NOT DISTRACTED,TRUCK,STOPPED IN TRAFFIC LANE,East,SUPERFICIAL,25,False,False,2,4388744722969849,210006515,Montgomery County Police,Property Damage ,False,South,1,1,GRADE DOWNHILL,False,False,DRIVER,OPPOSITE DIRECTION SIDESWIPE,DRY,DARK LIGHTS ON,STOP SIGN,INTERSECTION,FOUR-WAY INTERSECTION,STRAIGHT,NO DEFECTS,"TWO-WAY, NOT DIVIDED",39.00073284,-77.05459073,5802774628158965,9801872026245621,0,0,0,2021021917,7703596439001907,Kenworth,0,Unknown,Unknown,0.0,0.0,Unknown,Unknown,Unknown,0,0,PITTMAN DR,Other Public Roadway,BROOKVILLE RD,County,9801872026245621,20910,SILVER SPRING,82846.1568889,126320091.137,39.00190768010143,-77.03596497235911,1.9965,74.8186,0.0,0.0,0.0,9.19939,329.42084,210219177035990019,2021-02-19 17:00:00,17,PM,50,4,Friday,0,2,February,2021,0,Unknown
MCP3085002T,20BB652442FE4863B90B62B442F8F17B,True,NO APPARENT INJURY,NONE,OTHER DISTRACTION,PASSENGER,MAKING RIGHT TURN,South,SUPERFICIAL,25,False,False,2,9992477299613912,210006515,Montgomery County Police,Property Damage ,False,South,1,1,GRADE DOWNHILL,False,False,DRIVER,OPPOSITE DIRECTION SIDESWIPE,DRY,DARK LIGHTS ON,STOP SIGN,INTERSECTION,FOUR-WAY INTERSECTION,STRAIGHT,NO DEFECTS,"TWO-WAY, NOT DIVIDED",39.00073284,-77.05459073,5802774628158965,9801872026245621,0,0,0,2021021917,7703596439001907,Dodge,2013,Charger,Large Cars,6.0,3.6,Automatic 5,RWD,Regular Gasoline,18,27,PITTMAN DR,Other Public Roadway,BROOKVILLE RD,County,9801872026245621,20910,SILVER SPRING,82846.1568889,126320091.137,39.00190768010143,-77.03596497235911,1.9965,74.8186,0.0,0.0,0.0,9.19939,329.42084,210219177035990019,2021-02-19 17:00:00,17,PM,50,4,Friday,0,2,February,2021,0,Unknown
MCP30690047,7197B2CA1701449DAD0BFCFA62D65B57,False,SUSPECTED MINOR INJURY,NONE,NOT DISTRACTED,PASSENGER,STOPPED IN TRAFFIC LANE,West,DISABLING,55,False,False,3,7004010053981027,210006525,Montgomery County Police,Injury ,False,West,1,4,LEVEL,False,False,DRIVER,SAME DIR REAR END,DRY,DARK LIGHTS ON,NO CONTROLS,NON INTERSECTION,UNKNOWN,STRAIGHT,NO DEFECTS,"TWO-WAY, DIVIDED, POSITIVE MEDIAN BARRIER",38.98178141,-77.17187992,2262757322158515,9584253120699698,0,0,0,2021021919,7715220038996189,Honda,2017,Civic,Compact Cars,4.0,1.5,Manual 6,FWD,Regular Gasoline,30,39,CAPITAL BELTWAY,Interstate (State),EXIT #41,UNKNOWN,9584253120699698,20817,BETHESDA,143234.920079,403664948.588,38.996189145680184,-77.15220044157795,0.393,83.311165,0.0,0.0,0.0,9.983106,295.64096,210219197152289961,2021-02-19 19:00:00,19,PM,50,4,Friday,0,2,February,2021,0,Unknown
MCP30690047,EF070AAD5ACA43E88978F600986CBDE3,False,NO APPARENT INJURY,NONE,NOT DISTRACTED,PASSENGER,STOPPED IN TRAFFIC LANE,West,SUPERFICIAL,55,False,False,3,5867016767515145,210006525,Montgomery County Police,Injury ,False,West,1,4,LEVEL,False,False,DRIVER,SAME DIR REAR END,DRY,DARK LIGHTS ON,NO CONTROLS,NON INTERSECTION,UNKNOWN,STRAIGHT,NO DEFECTS,"TWO-WAY, DIVIDED, POSITIVE MEDIAN BARRIER",38.98178141,-77.17187992,2262757322158515,9584253120699698,0,0,0,2021021919,7715220038996189,Honda,2017,CR-V,Small Sport Utility Vehicle 2WD,4.0,1.5,Automatic CVT,AWD,Regular Gasoline,25,31,CAPITAL BELTWAY,Interstate (State),EXIT #41,UNKNOWN,9584253120699698,20817,BETHESDA,143234.920079,403664948.588,38.996189145680184,-77.15220044157795,0.393,83.311165,0.0,0.0,0.0,9.983106,295.64096,210219197152289961,2021-02-19 19:00:00,19,PM,50,4,Friday,0,2,February,2021,0,Unknown
MCP30690047,4B609A9FA0D643BD8D075F90C28B6D94,True,SUSPECTED MINOR INJURY,NONE,INATTENTIVE OR LOST IN THOUGHT,PASSENGER,SLOWING OR STOPPING,West,DISABLING,55,False,False,3,8519958289492696,210006525,Montgomery County Police,Injury ,False,West,1,4,LEVEL,False,False,DRIVER,SAME DIR REAR END,DRY,DARK LIGHTS ON,NO CONTROLS,NON INTERSECTION,UNKNOWN,STRAIGHT,NO DEFECTS,"TWO-WAY, DIVIDED, POSITIVE MEDIAN BARRIER",38.98178141,-77.17187992,2262757322158515,9584253120699698,0,0,0,2021021919,7715220038996189,Chevrolet,2006,Equinox,Sport Utility Vehicle - 2WD,6.0,3.4,Automatic 5,AWD,Regular Gasoline,16,21,CAPITAL BELTWAY,Interstate (State),EXIT #41,UNKNOWN,9584253120699698,20817,BETHESDA,143234.920079,403664948.588,38.996189145680184,-77.15220044157795,0.393,83.311165,0.0,0.0,0.0,9.983106,295.64096,210219197152289961,2021-02-19 19:00:00,19,PM,50,4,Friday,0,2,February,2021,0,Unknown
MCP3290000B,4CD4B7A8DCAA45DCBB5A6DFA9B4599FF,True,NO APPARENT INJURY,ALCOHOL,UNKNOWN,PASSENGER,MOVING CONSTANT SPEED,East,SUPERFICIAL,35,False,False,1,4131348002328587,210006543,Montgomery County Police,Property Damage ,False,West,1,3,UNKNOWN,False,False,DRIVER,SINGLE VEHICLE,DRY,DARK LIGHTS ON,TRAFFIC SIGNAL,INTERSECTION,FOUR-WAY INTERSECTION,STRAIGHT,NO DEFECTS,"TWO-WAY, DIVIDED, POSITIVE MEDIAN BARRIER",38.99378419,-76.99231716,5005946941929880,4977678367391385,0,0,0,2021021922,7698354239018293,Honda,1997,Civic,Subcompact Cars,4.0,1.6,Manual 5,FWD,Regular Gasoline,24,32,UNIVERSITY BLVD E,Maryland (State),CARROLL AVE,County,4977678367391385,20903,SILVER SPRING,50204.7192451,65972447.4483,39.01829365940637,-76.9835422251861,-0.21550001,78.42398,0.0,0.0,0.0,13.551501,309.61066,210219226983590182,2021-02-19 22:00:00,22,PM,50,4,Friday,0,2,February,2021,0,Unknown
MCP3005005K,4E019D6A28AB461A988AF24AA31BD78A,True,NO APPARENT INJURY,NONE,BY MOVING OBJECT IN VEHICLE,PASSENGER,MAKING LEFT TURN,South,DISABLING,25,False,False,1,8865405988389000,210006572,Montgomery County Police,Property Damage ,False,North,1,1,HILL UPHILL,False,False,DRIVER,SINGLE VEHICLE,DRY,DAYLIGHT,NO CONTROLS,INTERSECTION,Y-INTERSECTION,STRAIGHT,NO DEFECTS,"TWO-WAY, NOT DIVIDED",39.039505,-77.05751667,7137598251772783,8913702568997574,0,0,0,2021022010,7707527239025656,Toyota,2016,Yaris,Compact Cars,4.0,1.5,Automatic 4,FWD,Regular Gasoline,30,35,EAST AVE,County,UPTON DR,County,8913702568997574,20895,KENSINGTON,70838.1492765,106180148.023,39.02565657266069,-77.07527294437958,-3.7045,60.196697,0.0,0.0,0.0,14.372974,292.06796,210220107075290256,2021-02-20 10:00:00,10,AM,51,5,Saturday,1,2,February,2021,0,Unknown
MCP91130076,3C9CB74EA6AD44EDA4E0A7119A25259F,False,POSSIBLE INJURY,NONE,NOT DISTRACTED,PASSENGER,MOVING CONSTANT SPEED,South,DESTROYED,45,False,False,1,2411461157739148,210006579,Montgomery County Police,Injury ,False,South,3,3,HILL UPHILL,False,False,UNKNOWN,SINGLE VEHICLE,DRY,DAYLIGHT,NO CONTROLS,NON INTERSECTION,UNKNOWN,STRAIGHT,NO DEFECTS,"TWO-WAY, DIVIDED, POSITIVE MEDIAN BARRIER",39.06846667,-77.07546167,1627793738140795,1146338596453066,0,0,0,2021022012,7705486039088590,Mercury,0,Unknown,Unknown,0.0,0.0,Unknown,Unknown,Unknown,0,0,CONNECTICUT AVE,Maryland (State),KELSEY ST,County,1146338596453066,20906,SILVER SPRING,133207.174949,359110751.771,39.08859082555049,-77.05486091907257,-2.9175,56.03957,0.0,0.0,0.0,20.608229,297.01257,210220127054890885,2021-02-20 12:00:00,12,PM,51,5,Saturday,1,2,February,2021,0,Unknown
MCP20820027,974D6732A6A348E3B807EA770C6F8A4D,False,NO APPARENT INJURY,NONE,NOT DISTRACTED,PASSENGER,MOVING CONSTANT SPEED,North,FUNCTIONAL,45,False,False,2,6312893571399229,210006605,Montgomery County Police,Property Damage ,True,North,0,3,LEVEL,False,False,DRIVER,OTHER,DRY,DAYLIGHT,UNKNOWN,INTERSECTION RELATED,T-INTERSECTION,STRAIGHT,NO DEFECTS,"TWO-WAY, DIVIDED, POSITIVE MEDIAN BARRIER",39.07709,-77.08024167,1627793738140795,8760747166704389,0,0,0,2021022015,7705486039088590,Chevrolet,0,Unknown,Unknown,0.0,0.0,Unknown,Unknown,Unknown,0,0,CONNECTICUT AVE,Maryland (State),CROSSOVER,UNKNOWN,8760747166704389,20906,SILVER SPRING,133207.174949,359110751.771,39.08859082555049,-77.05486091907257,-2.2675,48.345436,0.0,0.0,0.0,22.065973,298.23734,210220157054890885,2021-02-20 15:00:00,15,PM,51,5,Saturday,1,2,February,2021,0,Unknown
MCP20820027,37937230F1344956B182F01D45691A14,True,NO APPARENT INJURY,NONE,UNKNOWN,PASSENGER,MAKING LEFT TURN,South,FUNCTIONAL,45,False,False,2,2138865340921083,210006605,Montgomery County Police,Property Damage ,True,North,0,3,LEVEL,False,False,DRIVER,OTHER,DRY,DAYLIGHT,UNKNOWN,INTERSECTION RELATED,T-INTERSECTION,STRAIGHT,NO DEFECTS,"TWO-WAY, DIVIDED, POSITIVE MEDIAN BARRIER",39.07709,-77.08024167,1627793738140795,8760747166704389,0,0,0,2021022015,7705486039088590,Nissan,2004,Murano,Sport Utility Vehicle - 2WD,6.0,3.5,Automatic CVT,AWD,Regular Gasoline,18,23,CONNECTICUT AVE,Maryland (State),CROSSOVER,UNKNOWN,8760747166704389,20906,SILVER SPRING,133207.174949,359110751.771,39.08859082555049,-77.05486091907257,-2.2675,48.345436,0.0,0.0,0.0,22.065973,298.23734,210220157054890885,2021-02-20 15:00:00,15,PM,51,5,Saturday,1,2,February,2021,0,Unknown
MCP29770086,8C32B4B6262444428A59417BA003D192,False,NO APPARENT INJURY,UNKNOWN,NOT DISTRACTED,PASSENGER,MOVING CONSTANT SPEED,West,FUNCTIONAL,25,False,False,2,3097115330431157,210006682,Montgomery County Police,Property Damage ,False,East,0,2,HILL UPHILL,False,False,DRIVER,HEAD ON LEFT TURN,UNKNOWN,DARK -- UNKNOWN LIGHTING,TRAFFIC SIGNAL,UNKNOWN,UNKNOWN,STRAIGHT,NO DEFECTS,"TWO-WAY, DIVIDED, UNPROTECTED PAINTED MIN 4 FEET",39.01537049,-76.97807217,4991976696759948,8901981419077344,0,0,0,2021022023,7698354239018293,Honda,2002,Accord,Midsize Cars,4.0,2.3,Automatic 4,FWD,Regular Gasoline,20,28,OAKVIEW DR,County,NEW HAMPSHIRE AVE,Maryland (State),8901981419077344,20903,SILVER SPRING,50204.7192451,65972447.4483,39.01829365940637,-76.9835422251861,-6.2155004,66.360954,0.0,0.0,0.0,14.8257065,299.0545,210220236983590182,2021-02-20 23:00:00,23,PM,51,5,Saturday,1,2,February,2021,0,Unknown
MCP29770086,14C72D0C29D04C7A84F668422111C979,True,NO APPARENT INJURY,UNKNOWN,UNKNOWN,PASSENGER,MAKING LEFT TURN,East,FUNCTIONAL,25,False,False,2,1683704658751711,210006682,Montgomery County Police,Property Damage ,False,East,0,2,HILL UPHILL,False,False,DRIVER,HEAD ON LEFT TURN,UNKNOWN,DARK -- UNKNOWN LIGHTING,TRAFFIC SIGNAL,UNKNOWN,UNKNOWN,STRAIGHT,NO DEFECTS,"TWO-WAY, DIVIDED, UNPROTECTED PAINTED MIN 4 FEET",39.01537049,-76.97807217,4991976696759948,8901981419077344,0,0,0,2021022023,7698354239018293,Ford,2011,Transit Connect,Special Purpose Vehicle 2WD,4.0,2.0,Automatic 4,FWD,Regular Gasoline,21,25,OAKVIEW DR,County,NEW HAMPSHIRE AVE,Maryland (State),8901981419077344,20903,SILVER SPRING,50204.7192451,65972447.4483,39.01829365940637,-76.9835422251861,-6.2155004,66.360954,0.0,0.0,0.0,14.8257065,299.0545,210220236983590182,2021-02-20 23:00:00,23,PM,51,5,Saturday,1,2,February,2021,0,Unknown
MCP3274000G,1DD8C201EDC8425C93ADD25D62554CEC,False,SUSPECTED MINOR INJURY,NONE,NOT DISTRACTED,PASSENGER,STARTING FROM PARKED,North,DISABLING,35,False,False,2,9530107249897832,210006672,Montgomery County Police,Injury ,False,East,1,2,LEVEL,False,False,DRIVER,HEAD ON LEFT TURN,DRY,DAYLIGHT,TRAFFIC SIGNAL,INTERSECTION,T-INTERSECTION,STRAIGHT,NO DEFECTS,"TWO-WAY, DIVIDED, POSITIVE MEDIAN BARRIER",38.9912745,-77.15877083,1363718650800826,3118098575427204,0,0,0,2021022110,7715220038996189,Nissan,2016,Rogue,Small Sport Utility Vehicle 2WD,4.0,2.5,Automatic CVT,AWD,Regular Gasoline,25,31,RIVER RD,Maryland (State),RAMP 8 FR RAMP 5 (FR IS495) TO MD 190 WB,Ramp,3118098575427204,20817,BETHESDA,143234.920079,403664948.588,38.996189145680184,-77.15220044157795,-4.0569997,59.630203,0.0,0.0,0.0,10.829958,291.4478,210221107152289961,2021-02-21 10:00:00,10,AM,52,6,Sunday,1,2,February,2021,0,Unknown
MCP3274000G,51923930CD2348C78EECF166E82F14A0,True,NO APPARENT INJURY,NONE,NOT DISTRACTED,PASSENGER,MOVING CONSTANT SPEED,East,DISABLING,35,False,False,2,2134147717635417,210006672,Montgomery County Police,Injury ,False,East,1,2,LEVEL,False,False,DRIVER,HEAD ON LEFT TURN,DRY,DAYLIGHT,TRAFFIC SIGNAL,INTERSECTION,T-INTERSECTION,STRAIGHT,NO DEFECTS,"TWO-WAY, DIVIDED, POSITIVE MEDIAN BARRIER",38.9912745,-77.15877083,1363718650800826,3118098575427204,0,0,0,2021022110,7715220038996189,Hyundai,2019,Tucson,Small Sport Utility Vehicle 2WD,4.0,2.0,Automatic 6,AWD,Regular Gasoline,22,25,RIVER RD,Maryland (State),RAMP 8 FR RAMP 5 (FR IS495) TO MD 190 WB,Ramp,3118098575427204,20817,BETHESDA,143234.920079,403664948.588,38.996189145680184,-77.15220044157795,-4.0569997,59.630203,0.0,0.0,0.0,10.829958,291.4478,210221107152289961,2021-02-21 10:00:00,10,AM,52,6,Sunday,1,2,February,2021,0,Unknown
MCP1174004Q,6946CF747F6A4C508EE5BD4FCDBBF852,False,POSSIBLE INJURY,NONE,NOT DISTRACTED,PASSENGER,MOVING CONSTANT SPEED,North,FUNCTIONAL,25,False,False,2,3132485312167111,210008677,Montgomery County Police,Injury ,False,North,1,2,LEVEL,False,False,DRIVER,STRAIGHT MOVEMENT ANGLE,DRY,DAYLIGHT,NO CONTROLS,NON INTERSECTION,UNKNOWN,STRAIGHT,NO DEFECTS,"TWO-WAY, NOT DIVIDED",38.98950123,-77.09677589,9030182442049257,4250512694628641,0,0,0,2021022111,7710072538987731,Hyundai,2013,Veloster,Compact Cars,4.0,1.6,Automatic 6,FWD,Regular Gasoline,24,37,ST ELMO AVE,County,WOODMONT AVE,County,4250512694628641,20814,BETHESDA,46411.6876883,47837334.4314,38.98773167577017,-77.10072590539887,-2.7515,59.034985,0.0,0.0,0.0,8.435069,309.8055,210221117100789877,2021-02-21 11:00:00,11,AM,52,6,Sunday,1,2,February,2021,0,Unknown
MCP1174004Q,9FD3E0EDF6E44AF9BF8A018CAB61ECA2,True,NO APPARENT INJURY,NONE,LOOKED BUT DID NOT SEE,PASSENGER,MAKING U TURN,South,SUPERFICIAL,25,False,False,2,7537826797440659,210008677,Montgomery County Police,Injury ,False,North,1,2,LEVEL,False,False,DRIVER,STRAIGHT MOVEMENT ANGLE,DRY,DAYLIGHT,NO CONTROLS,NON INTERSECTION,UNKNOWN,STRAIGHT,NO DEFECTS,"TWO-WAY, NOT DIVIDED",38.98950123,-77.09677589,9030182442049257,4250512694628641,0,0,0,2021022111,7710072538987731,Mercedes-Benz,2017,B-Class Electric Drive,Midsize Cars,0.0,0.0,Automatic 1,FWD,Electricity,85,82,ST ELMO AVE,County,WOODMONT AVE,County,4250512694628641,20814,BETHESDA,46411.6876883,47837334.4314,38.98773167577017,-77.10072590539887,-2.7515,59.034985,0.0,0.0,0.0,8.435069,309.8055,210221117100789877,2021-02-21 11:00:00,11,AM,52,6,Sunday,1,2,February,2021,0,Unknown
MCP31450035,8DD5EFE9C1894410B4E8AA30FCCEF6B7,True,NO APPARENT INJURY,UNKNOWN,INATTENTIVE OR LOST IN THOUGHT,OTHER,MAKING RIGHT TURN,South,UNKNOWN,25,False,False,1,1306665488576693,210010667,Montgomery County Police,Property Damage ,True,South,1,1,GRADE DOWNHILL,False,False,DRIVER,SAME DIRECTION RIGHT TURN,DRY,DAYLIGHT,NO CONTROLS,NON INTERSECTION,UNKNOWN,STRAIGHT,NO DEFECTS,"TWO-WAY, NOT DIVIDED",39.08364833,-77.02818333,9005324282552227,2465997174897562,0,0,0,2021022113,7705486039088590,Nova,0,Unknown,Unknown,0.0,0.0,Unknown,Unknown,Unknown,0,0,ATWOOD CT,County,ATWOOD RD,County,2465997174897562,20906,SILVER SPRING,133207.174949,359110751.771,39.08859082555049,-77.05486091907257,0.1325,60.707745,0.0,0.0,0.0,1.835647,348.6901,210221137054890885,2021-02-21 13:00:00,13,PM,52,6,Sunday,1,2,February,2021,0,Unknown
MCP3290000C,CAE16ABC45BF42AFB0733B4D4352D3CE,True,NO APPARENT INJURY,UNKNOWN,UNKNOWN,TRUCK,MOVING CONSTANT SPEED,East,UNKNOWN,25,False,False,2,8882634665904292,210006638,Montgomery County Police,Property Damage ,True,East,1,2,LEVEL,False,False,DRIVER,OTHER,DRY,DAYLIGHT,TRAFFIC SIGNAL,INTERSECTION,FOUR-WAY INTERSECTION,STRAIGHT,NO DEFECTS,"TWO-WAY, NOT DIVIDED",38.99536889,-77.02439192,6732058886739677,8825017167010994,0,0,0,2021022114,7703596439001907,GMC,0,Unknown,Unknown,0.0,0.0,Unknown,Unknown,Unknown,0,0,FENTON ST,County,WAYNE AVE,County,8825017167010994,20910,SILVER SPRING,82846.1568889,126320091.137,39.00190768010143,-77.03596497235911,1.2965,45.332916,0.0,0.0,0.0,0.35999998,270.0,210221147035990019,2021-02-21 14:00:00,14,PM,52,6,Sunday,1,2,February,2021,0,Unknown
MCP3290000C,1D55BEB9C5DA45E2BB3079B9F0CBBF71,False,NO APPARENT INJURY,UNKNOWN,UNKNOWN,PASSENGER,PARKED,UNKNOWN,FUNCTIONAL,25,True,False,2,2815627418338661,210006638,Montgomery County Police,Property Damage ,True,East,1,2,LEVEL,False,False,DRIVER,OTHER,DRY,DAYLIGHT,TRAFFIC SIGNAL,INTERSECTION,FOUR-WAY INTERSECTION,STRAIGHT,NO DEFECTS,"TWO-WAY, NOT DIVIDED",38.99536889,-77.02439192,6732058886739677,8825017167010994,0,0,0,2021022114,7703596439001907,Honda,2015,Accord,Midsize Cars,4.0,2.4,Automatic 6,FWD,Regular Gasoline,21,34,FENTON ST,County,WAYNE AVE,County,8825017167010994,20910,SILVER SPRING,82846.1568889,126320091.137,39.00190768010143,-77.03596497235911,1.2965,45.332916,0.0,0.0,0.0,0.35999998,270.0,210221147035990019,2021-02-21 14:00:00,14,PM,52,6,Sunday,1,2,February,2021,0,Unknown
MCP2995007H,39EBFFA5D3D941B0B74914586CC54470,True,NO APPARENT INJURY,NONE,LOOKED BUT DID NOT SEE,PASSENGER,ENTERING TRAFFIC LANE,East,FUNCTIONAL,45,False,False,3,660603739742457,210006708,Montgomery County Police,Property Damage ,False,East,3,4,LEVEL,False,False,DRIVER,SAME DIRECTION LEFT TURN,DRY,DARK LIGHTS ON,NO CONTROLS,UNKNOWN,UNKNOWN,STRAIGHT,NO DEFECTS,"TWO-WAY, DIVIDED, UNPROTECTED PAINTED MIN 4 FEET",39.05653167,-77.08316167,9290911226978796,8073720238398338,0,0,0,2021022118,7705486039088590,Toyota,2001,Celica,Subcompact Cars,4.0,1.8,Automatic 4,FWD,Premium Gasoline,20,27,VEIRS MILL RD,Maryland (State),RANDOLPH RD,County,8073720238398338,20906,SILVER SPRING,133207.174949,359110751.771,39.08859082555049,-77.05486091907257,-1.4675,63.169052,0.0,0.0,0.0,7.5599995,180.0,210221187054890885,2021-02-21 18:00:00,18,PM,52,6,Sunday,1,2,February,2021,0,Unknown
MCP2995007H,3119E2ED275F48F887568D7BA2638BF5,False,NO APPARENT INJURY,NONE,NOT DISTRACTED,PASSENGER,MOVING CONSTANT SPEED,East,FUNCTIONAL,45,False,False,3,8012571962042609,210006708,Montgomery County Police,Property Damage ,False,East,3,4,LEVEL,False,False,DRIVER,SAME DIRECTION LEFT TURN,DRY,DARK LIGHTS ON,NO CONTROLS,UNKNOWN,UNKNOWN,STRAIGHT,NO DEFECTS,"TWO-WAY, DIVIDED, UNPROTECTED PAINTED MIN 4 FEET",39.05653167,-77.08316167,9290911226978796,8073720238398338,0,0,0,2021022118,7705486039088590,Toyota,2002,Highlander,Sport Utility Vehicle - 2WD,4.0,2.4,Automatic 4,AWD,Regular Gasoline,17,21,VEIRS MILL RD,Maryland (State),RANDOLPH RD,County,8073720238398338,20906,SILVER SPRING,133207.174949,359110751.771,39.08859082555049,-77.05486091907257,-1.4675,63.169052,0.0,0.0,0.0,7.5599995,180.0,210221187054890885,2021-02-21 18:00:00,18,PM,52,6,Sunday,1,2,February,2021,0,Unknown
MCP2995007H,942F66262F7D4524B5A68F5D9A9E5E4C,False,NO APPARENT INJURY,NONE,NOT DISTRACTED,PASSENGER,STOPPED IN TRAFFIC LANE,East,DISABLING,45,False,False,3,5592964655507931,210006708,Montgomery County Police,Property Damage ,False,East,3,4,LEVEL,False,False,DRIVER,SAME DIRECTION LEFT TURN,DRY,DARK LIGHTS ON,NO CONTROLS,UNKNOWN,UNKNOWN,STRAIGHT,NO DEFECTS,"TWO-WAY, DIVIDED, UNPROTECTED PAINTED MIN 4 FEET",39.05653167,-77.08316167,9290911226978796,8073720238398338,0,0,0,2021022118,7705486039088590,Mercedes-Benz,2019,AMG GT,Two Seaters,8.0,4.0,Automatic 7,RWD,Premium Gasoline,15,20,VEIRS MILL RD,Maryland (State),RANDOLPH RD,County,8073720238398338,20906,SILVER SPRING,133207.174949,359110751.771,39.08859082555049,-77.05486091907257,-1.4675,63.169052,0.0,0.0,0.0,7.5599995,180.0,210221187054890885,2021-02-21 18:00:00,18,PM,52,6,Sunday,1,2,February,2021,0,Unknown
MCP3140001M,D5AEC31E2D874C778E98D0A34EFE6F93,True,NO APPARENT INJURY,UNKNOWN,INATTENTIVE OR LOST IN THOUGHT,PASSENGER,MAKING LEFT TURN,West,FUNCTIONAL,35,False,False,2,170151689099679,210006725,Montgomery County Police,Property Damage ,True,South,2,3,LEVEL,False,False,DRIVER,HEAD ON LEFT TURN,DRY,DARK LIGHTS ON,TRAFFIC SIGNAL,INTERSECTION,FOUR-WAY INTERSECTION,STRAIGHT,NO DEFECTS,"TWO-WAY, DIVIDED, POSITIVE MEDIAN BARRIER",38.99445762,-77.03636644,118399697147806,4570729910170239,0,0,0,2021022121,7703596439001907,Jeep,2019,Wrangler,Small Sport Utility Vehicle 4WD,6.0,3.6,Automatic 8,4WD,Regular Gasoline,17,23,16TH ST,Maryland (State),EAST WEST HWY,Maryland (State),4570729910170239,20910,SILVER SPRING,82846.1568889,126320091.137,39.00190768010143,-77.03596497235911,-2.2535,67.78618,0.0,0.0,0.0,9.422101,136.54811,210221217035990019,2021-02-21 21:00:00,21,PM,52,6,Sunday,1,2,February,2021,0,Unknown
MCP3140001M,2E6EFF0418344D49B1ED33895A47643C,False,NO APPARENT INJURY,NONE,NOT DISTRACTED,PASSENGER,MOVING CONSTANT SPEED,South,DISABLING,35,False,False,2,8525273605882964,210006725,Montgomery County Police,Property Damage ,True,South,2,3,LEVEL,False,False,DRIVER,HEAD ON LEFT TURN,DRY,DARK LIGHTS ON,TRAFFIC SIGNAL,INTERSECTION,FOUR-WAY INTERSECTION,STRAIGHT,NO DEFECTS,"TWO-WAY, DIVIDED, POSITIVE MEDIAN BARRIER",38.99445762,-77.03636644,118399697147806,4570729910170239,0,0,0,2021022121,7703596439001907,Toyota,2003,Camry,Midsize Cars,4.0,2.4,Automatic 4,FWD,Regular Gasoline,21,26,16TH ST,Maryland (State),EAST WEST HWY,Maryland (State),4570729910170239,20910,SILVER SPRING,82846.1568889,126320091.137,39.00190768010143,-77.03596497235911,-2.2535,67.78618,0.0,0.0,0.0,9.422101,136.54811,210221217035990019,2021-02-21 21:00:00,21,PM,52,6,Sunday,1,2,February,2021,0,Unknown
MCP209400H2,995F5882190E455AAD21BEDD7D72651D,True,SUSPECTED SERIOUS INJURY,NONE,NOT DISTRACTED,PASSENGER,OTHER,UNKNOWN,SUPERFICIAL,0,False,False,1,7731083915729161,210006776,Montgomery County Police,Injury ,False,UNKNOWN,0,0,UNKNOWN,True,True,DRIVER,SINGLE VEHICLE,UNKNOWN,DAYLIGHT,OTHER,UNKNOWN,UNKNOWN,UNKNOWN,UNKNOWN,UNKNOWN,38.98198167,-77.09473167,7781945108562677,7781945108562677,0,0,0,2021022211,7710072538987731,Toyota,2015,Highlander,Standard Sport Utility Vehicle 4WD,6.0,3.5,Automatic 6,AWD,Regular Gasoline,18,25,UNKNOWN,UNKNOWN,UNKNOWN,UNKNOWN,7781945108562677,20814,BETHESDA,46411.6876883,47837334.4314,38.98773167577017,-77.10072590539887,-1.1015,84.372284,1.0,0.0,0.7,9.360001,157.3801,210222117100789877,2021-02-22 11:00:00,11,AM,53,0,Monday,0,2,February,2021,0,Unknown
MCP31090057,574F9B7D426F463BB556024484BA7911,False,NO APPARENT INJURY,NONE,NOT DISTRACTED,PASSENGER,MOVING CONSTANT SPEED,South,DISABLING,35,False,False,2,4540518264122052,210006779,Montgomery County Police,Property Damage ,False,South,2,4,LEVEL,False,False,DRIVER,HEAD ON LEFT TURN,WET,DAYLIGHT,TRAFFIC SIGNAL,INTERSECTION,FOUR-WAY INTERSECTION,STRAIGHT,UNKNOWN,"TWO-WAY, DIVIDED, POSITIVE MEDIAN BARRIER",39.01555767,-77.042812,8554262040045692,5564981422910326,0,0,0,2021022211,7703596439001907,Kia,2019,Forte,Midsize Cars,4.0,2.0,Automatic CVT,FWD,Regular Gasoline,27,37,GEORGIA AVE,Maryland (State),FOREST GLEN RD,Maryland (State),5564981422910326,20910,SILVER SPRING,82846.1568889,126320091.137,39.00190768010143,-77.03596497235911,-1.1535,84.36609,1.0,0.0,0.7,9.360001,157.3801,210222117035990019,2021-02-22 11:00:00,11,AM,53,0,Monday,0,2,February,2021,0,Unknown