ReportNumber,VehicleCrashKey,DriverAtFault,DriverInjurySeverity,DriverSubstanceAbuse,DriverDistractedBy,VehicleType,VehicleMovement,VehicleGoingDir,VehicleDamageExtent,SpeedLimit,ParkedVehicle,SubstanceAbuseContributed,VehiclesCrashedTotal,VehicleKey,LocalCaseNumber,AgencyName,ACRSReportType,HitRun,LaneDirection,LaneNumber,NumberOfLanes,RoadGrade,NonTraffic,OffRoadIncident,AccidentAtFault,CollisionType,SurfaceCondition,Light,TrafficControl,Junction,IntersectionType,RoadAlignment,RoadCondition,RoadDivision,Latitude,Longitude,RoadKey_x,CrossStreetKey,NonMotoristTotal,NonMotoristInjury,NonMotoristFatal,DateHourKey,LocationAreaKey,Make,Year_x,BaseModel,BodyClass,Cylinders,Displacement,Transmission,Drivetrain,FuelType,CityMPG,HighwayMPG,RoadName_x,RouteType_x,RoadName_y,RouteType_y,RoadKey_y,Zipcode,MailCity,ShapeLength,ShapeArea,CentroidLatitude,CentroidLongitude,Temperature,Humidity,Precipitation,Rain,Snow,WindSpeed,WindDirection,WeatherKey,Datetime,Hour,TimeOfDay,DayNumber,WeekDayNumber,WeekDayName,WeekendFlag,MonthNumber,MonthName,Year_y,HolidayFlag,HolidayName
DM8476001Q,5B944A2FE50D49B484668D4333048674,False,NO APPARENT INJURY,UNKNOWN,NOT DISTRACTED,PASSENGER,MAKING RIGHT TURN,North,FUNCTIONAL,35,False,False,2,5867016733959907,210008318,Takoma Park Police Depart,Property Damage ,False,East,1,2,LEVEL,False,False,DRIVER,HEAD ON LEFT TURN,DRY,DAYLIGHT,TRAFFIC SIGNAL,INTERSECTION,FOUR-WAY INTERSECTION,STRAIGHT,NO DEFECTS,"TWO-WAY, NOT DIVIDED",38.985893,-76.988138,8901981419077344,1461872631554201,0,0,0,2021030511,7700204038982546,Honda,2015,CR-V,Small Sport Utility Vehicle 2WD,4.0,2.4,Automatic CVT,AWD,Regular Gasoline,26,32,NEW HAMPSHIRE AVE,Maryland (State),HOLTON LA,Municipality,1461872631554201,20912,TAKOMA PARK,51232.0653417,65209197.2692,38.98254687160147,-77.00204079343348,-0.45200002,38.31617,0.0,0.0,0.0,20.380579,305.65543,210305117002089825,2021-03-05 11:00:00,11,AM,64,4,Friday,0,3,March,2021,0,Unknown
MCP23580083,4F9996D4842B404683BBB5C8B5707B44,False,NO APPARENT INJURY,NONE,NOT DISTRACTED,PASSENGER,MOVING CONSTANT SPEED,North,DISABLING,25,False,False,2,3706795429459167,210008332,Montgomery County Police,Property Damage ,False,South,1,1,LEVEL,False,False,DRIVER,STRAIGHT MOVEMENT ANGLE,DRY,DAYLIGHT,STOP SIGN,INTERSECTION,FOUR-WAY INTERSECTION,STRAIGHT,NO DEFECTS,"TWO-WAY, NOT DIVIDED",38.97256767,-77.15281183,5802334095134483,7234647713041158,0,0,0,2021030512,7716110538973139,Mercedes-Benz,0,Unknown,Unknown,0.0,0.0,Unknown,Unknown,Unknown,0,0,ERICSSON RD,Government,RAMP 2 FR C BARTON PKWY TO ERICSSON RD,Ramp,7234647713041158,20818,CABIN JOHN,31103.2351564,35996828.3577,38.973139992753595,-77.1611053215196,1.1140001,36.982697,0.0,0.0,0.0,21.096123,306.67444,210305127161189731,2021-03-05 12:00:00,12,PM,64,4,Friday,0,3,March,2021,0,Unknown
MCP23580083,385D96118FF240C2BF15ECEBC2263FA4,True,NO APPARENT INJURY,NONE,NOT DISTRACTED,PASSENGER,STARTING FROM LANE,West,FUNCTIONAL,25,False,False,2,7004010104313884,210008332,Montgomery County Police,Property Damage ,False,South,1,1,LEVEL,False,False,DRIVER,STRAIGHT MOVEMENT ANGLE,DRY,DAYLIGHT,STOP SIGN,INTERSECTION,FOUR-WAY INTERSECTION,STRAIGHT,NO DEFECTS,"TWO-WAY, NOT DIVIDED",38.97256767,-77.15281183,5802334095134483,7234647713041158,0,0,0,2021030512,7716110538973139,Honda,2012,Civic,Compact Cars,4.0,1.8,Automatic 5,FWD,Regular Gasoline,28,38,ERICSSON RD,Government,RAMP 2 FR C BARTON PKWY TO ERICSSON RD,Ramp,7234647713041158,20818,CABIN JOHN,31103.2351564,35996828.3577,38.973139992753595,-77.1611053215196,1.1140001,36.982697,0.0,0.0,0.0,21.096123,306.67444,210305127161189731,2021-03-05 12:00:00,12,PM,64,4,Friday,0,3,March,2021,0,Unknown
MCP2671002K,1DF2C320DE0F4F15BB07C2A15ECC23C7,False,NO APPARENT INJURY,NONE,NOT DISTRACTED,PASSENGER,SLOWING OR STOPPING,North,DISABLING,35,False,False,3,9180769458213475,210008360,Montgomery County Police,Property Damage ,False,North,1,1,GRADE DOWNHILL,False,False,DRIVER,SAME DIR REAR END,UNKNOWN,DAYLIGHT,NO CONTROLS,UNKNOWN,FOUR-WAY INTERSECTION,STRAIGHT,NO DEFECTS,"TWO-WAY, NOT DIVIDED",38.98811833,-77.01207167,7883959838840872,7471650139153778,0,0,0,2021030515,7703596439001907,Chevrolet,2014,Spark,Subcompact Cars,4.0,1.2,Automatic 1,FWD,Regular Gasoline,30,37,PINEY BRANCH RD,Maryland (State),RITCHIE AVE,County,7471650139153778,20910,SILVER SPRING,82846.1568889,126320091.137,39.00190768010143,-77.03596497235911,5.0465,32.274403,0.0,0.0,0.0,26.66188,304.54843,210305157035990019,2021-03-05 15:00:00,15,PM,64,4,Friday,0,3,March,2021,0,Unknown
MCP2671002K,1E561654CB49479A8F791C2987F189D1,False,NO APPARENT INJURY,NONE,NOT DISTRACTED,PASSENGER,SLOWING OR STOPPING,North,SUPERFICIAL,35,False,False,3,6148504629274784,210008360,Montgomery County Police,Property Damage ,False,North,1,1,GRADE DOWNHILL,False,False,DRIVER,SAME DIR REAR END,UNKNOWN,DAYLIGHT,NO CONTROLS,UNKNOWN,FOUR-WAY INTERSECTION,STRAIGHT,NO DEFECTS,"TWO-WAY, NOT DIVIDED",38.98811833,-77.01207167,7883959838840872,7471650139153778,0,0,0,2021030515,7703596439001907,Honda,2007,CR-V,Sport Utility Vehicle - 2WD,4.0,2.4,Automatic 5,AWD,Regular Gasoline,19,26,PINEY BRANCH RD,Maryland (State),RITCHIE AVE,County,7471650139153778,20910,SILVER SPRING,82846.1568889,126320091.137,39.00190768010143,-77.03596497235911,5.0465,32.274403,0.0,0.0,0.0,26.66188,304.54843,210305157035990019,2021-03-05 15:00:00,15,PM,64,4,Friday,0,3,March,2021,0,Unknown
MCP2671002K,565D58B1C49F4BB4B61B3267FB8C1A03,True,NO APPARENT INJURY,NONE,LOOKED BUT DID NOT SEE,PASSENGER,SLOWING OR STOPPING,North,SUPERFICIAL,35,False,False,3,7935935653331130,210008360,Montgomery County Police,Property Damage ,False,North,1,1,GRADE DOWNHILL,False,False,DRIVER,SAME DIR REAR END,UNKNOWN,DAYLIGHT,NO CONTROLS,UNKNOWN,FOUR-WAY INTERSECTION,STRAIGHT,NO DEFECTS,"TWO-WAY, NOT DIVIDED",38.98811833,-77.01207167,7883959838840872,7471650139153778,0,0,0,2021030515,7703596439001907,Dodge,2005,Caravan/Grand Caravan,Minivan - 2WD,6.0,3.3,Automatic 4,FWD,Regular Gasoline,16,23,PINEY BRANCH RD,Maryland (State),RITCHIE AVE,County,7471650139153778,20910,SILVER SPRING,82846.1568889,126320091.137,39.00190768010143,-77.03596497235911,5.0465,32.274403,0.0,0.0,0.0,26.66188,304.54843,210305157035990019,2021-03-05 15:00:00,15,PM,64,4,Friday,0,3,March,2021,0,Unknown
MCP271700TS,D2342E5AE74E4117838C7C5A9965B55F,False,NO APPARENT INJURY,NONE,NOT DISTRACTED,PASSENGER,SLOWING OR STOPPING,North,DISABLING,35,False,False,2,3906767796763397,210008377,Montgomery County Police,Property Damage ,False,North,3,3,LEVEL,False,False,DRIVER,OTHER,DRY,DAYLIGHT,NO CONTROLS,NON INTERSECTION,UNKNOWN,STRAIGHT,NO DEFECTS,"TWO-WAY, DIVIDED, POSITIVE MEDIAN BARRIER",39.03354917,-77.074848,1627793738140795,1512347540465936,0,0,0,2021030517,7707527239025656,Ford,2008,Escape,Sport Utility Vehicle - 2WD,4.0,2.3,Automatic 4,FWD,Regular Gasoline,17,24,CONNECTICUT AVE,Maryland (State),PERRY AVE,Municipality,1512347540465936,20895,KENSINGTON,70838.1492765,106180148.023,39.02565657266069,-77.07527294437958,4.3455,35.252808,0.0,0.0,0.0,26.36616,304.9921,210305177075290256,2021-03-05 17:00:00,17,PM,64,4,Friday,0,3,March,2021,0,Unknown
MCP271700TS,5D8D9DA0AA1446C9B05BCD8695227158,True,NO APPARENT INJURY,NONE,LOOKED BUT DID NOT SEE,PASSENGER,MOVING CONSTANT SPEED,North,SUPERFICIAL,35,False,False,2,4046386762986676,210008377,Montgomery County Police,Property Damage ,False,North,3,3,LEVEL,False,False,DRIVER,OTHER,DRY,DAYLIGHT,NO CONTROLS,NON INTERSECTION,UNKNOWN,STRAIGHT,NO DEFECTS,"TWO-WAY, DIVIDED, POSITIVE MEDIAN BARRIER",39.03354917,-77.074848,1627793738140795,1512347540465936,0,0,0,2021030517,7707527239025656,Ford,2004,E250 Econoline,"Vans, Cargo Type",8.0,4.6,Automatic 4,RWD,Regular Gasoline,14,18,CONNECTICUT AVE,Maryland (State),PERRY AVE,Municipality,1512347540465936,20895,KENSINGTON,70838.1492765,106180148.023,39.02565657266069,-77.07527294437958,4.3455,35.252808,0.0,0.0,0.0,26.36616,304.9921,210305177075290256,2021-03-05 17:00:00,17,PM,64,4,Friday,0,3,March,2021,0,Unknown
MCP23630024,E7199A9B761F4B59A46B2F830E9F88BD,True,NO APPARENT INJURY,UNKNOWN,UNKNOWN,PASSENGER,UNKNOWN,UNKNOWN,UNKNOWN,0,False,False,1,6326503125537026,210008735,Montgomery County Police,Property Damage ,True,UNKNOWN,0,0,UNKNOWN,True,True,DRIVER,SAME DIRECTION SIDESWIPE,UNKNOWN,DUSK,UNKNOWN,UNKNOWN,UNKNOWN,UNKNOWN,UNKNOWN,UNKNOWN,39.06032829,-77.04938251,7781945108562677,7781945108562677,0,0,0,2021030518,7705486039088590,Toyota,2013,Tacoma,Small Pickup Trucks 2WD,4.0,2.7,Automatic 4,4WD,Regular Gasoline,16,21,UNKNOWN,UNKNOWN,UNKNOWN,UNKNOWN,7781945108562677,20906,SILVER SPRING,133207.174949,359110751.771,39.08859082555049,-77.05486091907257,3.3325,38.114033,0.0,0.0,0.0,21.868332,302.90524,210305187054890885,2021-03-05 18:00:00,18,PM,64,4,Friday,0,3,March,2021,0,Unknown
MCP2899004K,5D1C37C0C5E94F78AB98A6BD5D928F44,True,NO APPARENT INJURY,ALCOHOL,UNKNOWN,PASSENGER,MOVING CONSTANT SPEED,East,FUNCTIONAL,30,False,False,1,3097115330431157,210008417,Montgomery County Police,Property Damage ,True,East,1,2,LEVEL,False,False,DRIVER,OTHER,DRY,DARK LIGHTS ON,NO CONTROLS,UNKNOWN,UNKNOWN,STRAIGHT,NO DEFECTS,"TWO-WAY, NOT DIVIDED",39.0792233,-77.06787865,2242153826664605,8554262040045692,0,0,0,2021030522,7705486039088590,Honda,2002,Accord,Midsize Cars,4.0,2.3,Automatic 4,FWD,Regular Gasoline,20,28,HEWITT AVE,County,GEORGIA AVE,Maryland (State),8554262040045692,20906,SILVER SPRING,133207.174949,359110751.771,39.08859082555049,-77.05486091907257,0.6825,46.04538,0.0,0.0,0.0,17.31746,290.69553,210305227054890885,2021-03-05 22:00:00,22,PM,64,4,Friday,0,3,March,2021,0,Unknown
MCP30600030,CCC0A1BC8610430DB9D5D92247996121,True,SUSPECTED SERIOUS INJURY,UNKNOWN,UNKNOWN,PASSENGER,UNKNOWN,North,DESTROYED,35,False,False,1,2815627401561042,210008429,Montgomery County Police,Injury ,False,North,0,3,LEVEL,False,False,DRIVER,SINGLE VEHICLE,DRY,DARK LIGHTS ON,TRAFFIC SIGNAL,INTERSECTION RELATED,FOUR-WAY INTERSECTION,STRAIGHT,NO DEFECTS,"TWO-WAY, DIVIDED, POSITIVE MEDIAN BARRIER",38.983895,-77.13740833,1363718650800826,2258501311527651,0,0,0,2021030602,7715220038996189,Honda,2014,Accord,Midsize Cars,4.0,2.4,Automatic CVT,FWD,Regular Gasoline,21,34,RIVER RD,Maryland (State),WILSON LA,Maryland (State),2258501311527651,20817,BETHESDA,143234.920079,403664948.588,38.996189145680184,-77.15220044157795,-0.707,50.173813,0.0,0.0,0.0,16.363178,309.64413,210306027152289961,2021-03-06 02:00:00,2,AM,65,5,Saturday,1,3,March,2021,0,Unknown
MCP2650000Z,9984C29320504915AA31E29713F9D9C4,True,SUSPECTED MINOR INJURY,NONE,NOT DISTRACTED,PASSENGER,MOVING CONSTANT SPEED,North,DISABLING,35,False,False,1,1622657827598759,210008434,Montgomery County Police,Injury ,False,North,1,1,ON BRIDGE,False,False,DRIVER,SINGLE VEHICLE,DRY,DARK NO LIGHTS,UNKNOWN,NON INTERSECTION,UNKNOWN,CURVE LEFT,NO DEFECTS,"TWO-WAY, NOT DIVIDED",38.97065333,-77.14760667,5249777599148989,5755741923731534,0,0,0,2021030603,7714293738966626,Mercedes-Benz,2007,SLR,Two Seaters,8.0,5.4,Automatic 5,RWD,Premium Gasoline,11,16,CABIN JOHN PKWY,Interstate (State),CLARA BARTON PKWY,Government,5755741923731534,20812,GLEN ECHO,14504.5065128,9810937.0741,38.966626952792325,-77.14293743494022,-0.943,53.56776,0.0,0.0,0.0,15.0038395,300.25635,210306037142989666,2021-03-06 03:00:00,3,AM,65,5,Saturday,1,3,March,2021,0,Unknown
MCP3274000H,5568804EFCED4EA29289DCAF59A5A7FF,True,NO APPARENT INJURY,NONE,NOT DISTRACTED,PASSENGER,BACKING,North,SUPERFICIAL,25,False,False,1,5446951408919166,210008468,Montgomery County Police,Injury ,False,South,0,1,GRADE DOWNHILL,False,False,DRIVER,SAME DIR REAR END,DRY,DAYLIGHT,NO CONTROLS,NON INTERSECTION,UNKNOWN,STRAIGHT,NO DEFECTS,"TWO-WAY, NOT DIVIDED",38.96343567,-77.09180917,7759871315544651,7364091336953687,1,1,0,2021030613,7707842038983818,Chevrolet,2003,Suburban,Sport Utility Vehicle - 4WD,8.0,5.3,Automatic 4,AWD,Regular Gasoline,12,17,N PARK AVE,Municipality,SHOEMAKER FARM LA,Municipality,7364091336953687,20815,CHEVY CHASE,78258.2702851,151813895.483,38.98381860627773,-77.07842006190148,5.4245,39.96638,0.0,0.0,0.0,20.304129,307.07315,210306137078489838,2021-03-06 13:00:00,13,PM,65,5,Saturday,1,3,March,2021,0,Unknown
MCP2848009Y,9C8330C4E24142DBA25F0F127F4F51F1,True,POSSIBLE INJURY,NONE,UNKNOWN,PASSENGER,MOVING CONSTANT SPEED,South,DISABLING,35,False,False,2,2271652563195796,210008478,Montgomery County Police,Injury ,False,South,3,3,LEVEL,False,False,DRIVER,SAME DIRECTION RIGHT TURN,DRY,DAYLIGHT,NO CONTROLS,NON INTERSECTION,UNKNOWN,STRAIGHT,NO DEFECTS,"TWO-WAY, DIVIDED, POSITIVE MEDIAN BARRIER",38.994585,-77.07767667,7350916550499314,1627793738140795,0,0,0,2021030614,7707842038983818,BMW,2008,X5,Sport Utility Vehicle - 4WD,6.0,3.0,Automatic 6,AWD,Premium Gasoline,14,19,LAIRD PL,County,CONNECTICUT AVE,Maryland (State),1627793738140795,20815,CHEVY CHASE,78258.2702851,151813895.483,38.98381860627773,-77.07842006190148,5.4745,40.75711,0.0,0.0,0.0,20.969807,304.50858,210306147078489838,2021-03-06 14:00:00,14,PM,65,5,Saturday,1,3,March,2021,0,Unknown
MCP2848009Y,26BDAA6B80BD4446839DE6CC062B28D8,True,NO APPARENT INJURY,NONE,UNKNOWN,PASSENGER,CHANGING LANES,South,SUPERFICIAL,35,False,False,2,896933737457344,210008478,Montgomery County Police,Injury ,False,South,3,3,LEVEL,False,False,DRIVER,SAME DIRECTION RIGHT TURN,DRY,DAYLIGHT,NO CONTROLS,NON INTERSECTION,UNKNOWN,STRAIGHT,NO DEFECTS,"TWO-WAY, DIVIDED, POSITIVE MEDIAN BARRIER",38.994585,-77.07767667,7350916550499314,1627793738140795,0,0,0,2021030614,7707842038983818,Volvo,2007,XC70,Sport Utility Vehicle - 4WD,5.0,2.5,Automatic 5,AWD,Premium Gasoline,16,23,LAIRD PL,County,CONNECTICUT AVE,Maryland (State),1627793738140795,20815,CHEVY CHASE,78258.2702851,151813895.483,38.98381860627773,-77.07842006190148,5.4745,40.75711,0.0,0.0,0.0,20.969807,304.50858,210306147078489838,2021-03-06 14:00:00,14,PM,65,5,Saturday,1,3,March,2021,0,Unknown
DM84990007,CE908DA6EFCC49A2BF4DBD53BAA54F3B,True,NO APPARENT INJURY,ALCOHOL,OTHER DISTRACTION,PASSENGER,BACKING,North,DISABLING,5,False,False,2,2014965468520553,210008532,Takoma Park Police Depart,Property Damage ,True,North,0,0,LEVEL,False,False,DRIVER,OTHER,DRY,DARK LIGHTS ON,UNKNOWN,NON INTERSECTION,UNKNOWN,OTHER,NO DEFECTS,OTHER,38.98739391,-77.00038072,6887631943542179,3929508366461651,0,0,0,2021030621,7700204038982546,Acura,2005,TSX,Compact Cars,4.0,2.4,Automatic 5,FWD,Premium Gasoline,19,27,ROANOKE AVE,Municipality,HUDSON AVE,Municipality,3929508366461651,20912,TAKOMA PARK,51232.0653417,65209197.2692,38.98254687160147,-77.00204079343348,0.648,59.00669,0.0,0.0,0.0,9.422101,6.581848,210306217002089825,2021-03-06 21:00:00,21,PM,65,5,Saturday,1,3,March,2021,0,Unknown
DM84990007,D6489994F40A4BDEB400FFFF74DC0FAB,False,NO APPARENT INJURY,UNKNOWN,NOT DISTRACTED,PASSENGER,MOVING CONSTANT SPEED,South,SUPERFICIAL,25,False,False,2,595805973093552,210008532,Takoma Park Police Depart,Property Damage ,True,North,0,0,LEVEL,False,False,DRIVER,OTHER,DRY,DARK LIGHTS ON,UNKNOWN,NON INTERSECTION,UNKNOWN,OTHER,NO DEFECTS,OTHER,38.98739391,-77.00038072,6887631943542179,3929508366461651,0,0,0,2021030621,7700204038982546,Dodge,2015,Grand Caravan,Minivan - 2WD,6.0,3.6,Automatic 6,FWD,Regular Gasoline,17,25,ROANOKE AVE,Municipality,HUDSON AVE,Municipality,3929508366461651,20912,TAKOMA PARK,51232.0653417,65209197.2692,38.98254687160147,-77.00204079343348,0.648,59.00669,0.0,0.0,0.0,9.422101,6.581848,210306217002089825,2021-03-06 21:00:00,21,PM,65,5,Saturday,1,3,March,2021,0,Unknown
MCP2835002B,9164CB901ADE4CF39DFC06175A30A638,True,NO APPARENT INJURY,UNKNOWN,UNKNOWN,PASSENGER,MOVING CONSTANT SPEED,East,DISABLING,25,False,False,1,6076966659623523,210008531,Montgomery County Police,Property Damage ,False,East,1,1,GRADE DOWNHILL,False,False,DRIVER,SAME DIRECTION SIDESWIPE,DRY,DARK LIGHTS ON,NO CONTROLS,NON INTERSECTION,UNKNOWN,STRAIGHT,NO DEFECTS,ONE-WAY TRAFFICWAY,38.99911808,-77.04703454,5213672710094922,7109124302920689,0,0,0,2021030621,7703596439001907,Acura,2015,TLX,Compact Cars,6.0,3.5,Automatic 9,FWD,Premium Gasoline,21,31,QUINTON RD,County,LANIER DR,County,7109124302920689,20910,SILVER SPRING,82846.1568889,126320091.137,39.00190768010143,-77.03596497235911,0.44649997,58.954395,0.0,0.0,0.0,9.422101,6.581848,210306217035990019,2021-03-06 21:00:00,21,PM,65,5,Saturday,1,3,March,2021,0,Unknown
MCP3275000G,115C0347195B45B0A48D204A29FBFB8C,True,NO APPARENT INJURY,UNKNOWN,UNKNOWN,PASSENGER,UNKNOWN,East,UNKNOWN,35,False,False,2,4875847130904637,210008580,Montgomery County Police,Property Damage ,True,East,1,1,LEVEL,False,False,DRIVER,SAME DIR REAR END,DRY,DAYLIGHT,NO CONTROLS,INTERSECTION RELATED,FOUR-WAY INTERSECTION,STRAIGHT,UNKNOWN,"TWO-WAY, NOT DIVIDED",38.994425,-77.026015,8825017167010994,5660893524410086,0,0,0,2021030712,7703596439001907,Ford,2005,Taurus,Large Cars,6.0,3.0,Automatic 4,FWD,Regular Gasoline,17,25,WAYNE AVE,County,GEORGIA AVE,US (State),5660893524410086,20910,SILVER SPRING,82846.1568889,126320091.137,39.00190768010143,-77.03596497235911,3.3465,31.502754,0.0,0.0,0.0,12.031756,321.07245,210307127035990019,2021-03-07 12:00:00,12,PM,66,6,Sunday,1,3,March,2021,0,Unknown
MCP3275000G,14A42775BD554DD295B428B65A9FEF3C,False,NO APPARENT INJURY,NONE,NOT DISTRACTED,PASSENGER,MOVING CONSTANT SPEED,East,SUPERFICIAL,35,False,False,2,4223640529547319,210008580,Montgomery County Police,Property Damage ,True,East,1,1,LEVEL,False,False,DRIVER,SAME DIR REAR END,DRY,DAYLIGHT,NO CONTROLS,INTERSECTION RELATED,FOUR-WAY INTERSECTION,STRAIGHT,UNKNOWN,"TWO-WAY, NOT DIVIDED",38.994425,-77.026015,8825017167010994,5660893524410086,0,0,0,2021030712,7703596439001907,Nissan,2016,Versa,Compact Cars,4.0,1.6,Automatic 4,FWD,Regular Gasoline,26,35,WAYNE AVE,County,GEORGIA AVE,US (State),5660893524410086,20910,SILVER SPRING,82846.1568889,126320091.137,39.00190768010143,-77.03596497235911,3.3465,31.502754,0.0,0.0,0.0,12.031756,321.07245,210307127035990019,2021-03-07 12:00:00,12,PM,66,6,Sunday,1,3,March,2021,0,Unknown
MCP3258000V,6E49F82E5398474AA2392E44F3F85FD5,False,NO APPARENT INJURY,NONE,NOT DISTRACTED,PASSENGER,MAKING RIGHT TURN,North,SUPERFICIAL,10,False,False,2,1093417370300253,210008589,Montgomery County Police,Property Damage ,False,North,0,2,LEVEL,False,False,DRIVER,SAME DIR REAR END,DRY,DAYLIGHT,TRAFFIC SIGNAL,INTERSECTION,FOUR-WAY INTERSECTION,STRAIGHT,NO DEFECTS,"TWO-WAY, DIVIDED, UNPROTECTED PAINTED MIN 4 FEET",39.03786167,-77.05901167,5963249679537482,7853184355039481,0,0,0,2021030713,7707527239025656,Toyota,2019,Sienna,Minivan - 2WD,6.0,3.5,Automatic 8,AWD,Regular Gasoline,18,24,UNIVERSITY BLVD W,Maryland (State),VALLEY VIEW AVE,County,7853184355039481,20895,KENSINGTON,70838.1492765,106180148.023,39.02565657266069,-77.07527294437958,4.7454996,29.721601,0.0,0.0,0.0,11.457958,316.27295,210307137075290256,2021-03-07 13:00:00,13,PM,66,6,Sunday,1,3,March,2021,0,Unknown
MCP3258000V,F4A79A57C2234C9096713AF8BE011CF7,True,NO APPARENT INJURY,NONE,LOOKED BUT DID NOT SEE,PASSENGER,MAKING RIGHT TURN,North,SUPERFICIAL,10,False,False,2,2534137744596170,210008589,Montgomery County Police,Property Damage ,False,North,0,2,LEVEL,False,False,DRIVER,SAME DIR REAR END,DRY,DAYLIGHT,TRAFFIC SIGNAL,INTERSECTION,FOUR-WAY INTERSECTION,STRAIGHT,NO DEFECTS,"TWO-WAY, DIVIDED, UNPROTECTED PAINTED MIN 4 FEET",39.03786167,-77.05901167,5963249679537482,7853184355039481,0,0,0,2021030713,7707527239025656,Honda,2021,Accord,Large Cars,4.0,2.0,Automatic CVT,FWD,Regular Gasoline,22,32,UNIVERSITY BLVD W,Maryland (State),VALLEY VIEW AVE,County,7853184355039481,20895,KENSINGTON,70838.1492765,106180148.023,39.02565657266069,-77.07527294437958,4.7454996,29.721601,0.0,0.0,0.0,11.457958,316.27295,210307137075290256,2021-03-07 13:00:00,13,PM,66,6,Sunday,1,3,March,2021,0,Unknown
MCP2927003S,43040CD2800140F6A0D16A05EDDE1AAA,False,SUSPECTED MINOR INJURY,NONE,NOT DISTRACTED,PASSENGER,SLOWING OR STOPPING,South,DISABLING,35,False,False,3,751452889037670,210008614,Montgomery County Police,Injury ,False,South,1,3,LEVEL,False,False,DRIVER,SAME DIR REAR END,DRY,DAYLIGHT,NO CONTROLS,UNKNOWN,OTHER,STRAIGHT,NO DEFECTS,"TWO-WAY, DIVIDED, POSITIVE MEDIAN BARRIER",39.0147535,-77.04236367,8554262040045692,5564981422910326,0,0,0,2021030716,7703596439001907,Toyota,2021,Corolla,Compact Cars,4.0,2.0,Automatic 10,FWD,Regular Gasoline,29,38,GEORGIA AVE,Maryland (State),FOREST GLEN RD,Maryland (State),5564981422910326,20910,SILVER SPRING,82846.1568889,126320091.137,39.00190768010143,-77.03596497235911,6.5965,28.993347,0.0,0.0,0.0,14.291592,310.91428,210307167035990019,2021-03-07 16:00:00,16,PM,66,6,Sunday,1,3,March,2021,0,Unknown
MCP2927003S,049A4B8AFEE84EFF8B86C46940C620DE,True,SUSPECTED MINOR INJURY,ALCOHOL,UNKNOWN,PASSENGER,SLOWING OR STOPPING,South,DESTROYED,35,False,False,3,7868426059303762,210008614,Montgomery County Police,Injury ,False,South,1,3,LEVEL,False,False,DRIVER,SAME DIR REAR END,DRY,DAYLIGHT,NO CONTROLS,UNKNOWN,OTHER,STRAIGHT,NO DEFECTS,"TWO-WAY, DIVIDED, POSITIVE MEDIAN BARRIER",39.0147535,-77.04236367,8554262040045692,5564981422910326,0,0,0,2021030716,7703596439001907,Toyota,1996,Camry,Midsize Cars,4.0,2.2,Automatic 4,FWD,Regular Gasoline,18,25,GEORGIA AVE,Maryland (State),FOREST GLEN RD,Maryland (State),5564981422910326,20910,SILVER SPRING,82846.1568889,126320091.137,39.00190768010143,-77.03596497235911,6.5965,28.993347,0.0,0.0,0.0,14.291592,310.91428,210307167035990019,2021-03-07 16:00:00,16,PM,66,6,Sunday,1,3,March,2021,0,Unknown
MCP2927003S,0408F6EFF2B74645A39D3751DF9E6485,False,NO APPARENT INJURY,NONE,NOT DISTRACTED,PASSENGER,SLOWING OR STOPPING,South,FUNCTIONAL,35,False,False,3,805691474398614,210008614,Montgomery County Police,Injury ,False,South,1,3,LEVEL,False,False,DRIVER,SAME DIR REAR END,DRY,DAYLIGHT,NO CONTROLS,UNKNOWN,OTHER,STRAIGHT,NO DEFECTS,"TWO-WAY, DIVIDED, POSITIVE MEDIAN BARRIER",39.0147535,-77.04236367,8554262040045692,5564981422910326,0,0,0,2021030716,7703596439001907,Kia,0,Unknown,Unknown,0.0,0.0,Unknown,Unknown,Unknown,0,0,GEORGIA AVE,Maryland (State),FOREST GLEN RD,Maryland (State),5564981422910326,20910,SILVER SPRING,82846.1568889,126320091.137,39.00190768010143,-77.03596497235911,6.5965,28.993347,0.0,0.0,0.0,14.291592,310.91428,210307167035990019,2021-03-07 16:00:00,16,PM,66,6,Sunday,1,3,March,2021,0,Unknown
MCP3074004N,B7970DE7643F4D3497897E6B7A22AC5E,True,NO APPARENT INJURY,UNKNOWN,UNKNOWN,PASSENGER,CHANGING LANES,North,UNKNOWN,35,False,False,2,2134147717635417,210008622,Montgomery County Police,Property Damage ,True,North,2,3,LEVEL,False,False,DRIVER,SAME DIRECTION SIDESWIPE,DRY,DAYLIGHT,UNKNOWN,OTHER,UNKNOWN,STRAIGHT,NO DEFECTS,"TWO-WAY, NOT DIVIDED",39.00959082,-77.04052113,8554262040045692,5267462721107280,0,0,0,2021030718,7703596439001907,Hyundai,2019,Tucson,Small Sport Utility Vehicle 2WD,4.0,2.0,Automatic 6,AWD,Regular Gasoline,22,25,GEORGIA AVE,Maryland (State),COLUMBIA BLVD,County,5267462721107280,20910,SILVER SPRING,82846.1568889,126320091.137,39.00190768010143,-77.03596497235911,5.9465,32.803604,0.0,0.0,0.0,8.942214,319.89914,210307187035990019,2021-03-07 18:00:00,18,PM,66,6,Sunday,1,3,March,2021,0,Unknown