ReportNumber,VehicleCrashKey,DriverAtFault,DriverInjurySeverity,DriverSubstanceAbuse,DriverDistractedBy,VehicleType,VehicleMovement,VehicleGoingDir,VehicleDamageExtent,SpeedLimit,ParkedVehicle,SubstanceAbuseContributed,VehiclesCrashedTotal,VehicleKey,LocalCaseNumber,AgencyName,ACRSReportType,HitRun,LaneDirection,LaneNumber,NumberOfLanes,RoadGrade,NonTraffic,OffRoadIncident,AccidentAtFault,CollisionType,SurfaceCondition,Light,TrafficControl,Junction,IntersectionType,RoadAlignment,RoadCondition,RoadDivision,Latitude,Longitude,RoadKey_x,CrossStreetKey,NonMotoristTotal,NonMotoristInjury,NonMotoristFatal,DateHourKey,LocationAreaKey,Make,Year_x,BaseModel,BodyClass,Cylinders,Displacement,Transmission,Drivetrain,FuelType,CityMPG,HighwayMPG,RoadName_x,RouteType_x,RoadName_y,RouteType_y,RoadKey_y,Zipcode,MailCity,ShapeLength,ShapeArea,CentroidLatitude,CentroidLongitude,Temperature,Humidity,Precipitation,Rain,Snow,WindSpeed,WindDirection,WeatherKey,Datetime,Hour,TimeOfDay,DayNumber,WeekDayNumber,WeekDayName,WeekendFlag,MonthNumber,MonthName,Year_y,HolidayFlag,HolidayName
MCP2456005D,B750978F4E3948E7B0091A6A17E4993E,False,NO APPARENT INJURY,UNKNOWN,UNKNOWN,PASSENGER,MOVING CONSTANT SPEED,North,UNKNOWN,40,False,False,1,8168321465439775,210010499,Montgomery County Police,Injury ,True,North,2,2,LEVEL,False,False,UNKNOWN,STRAIGHT MOVEMENT ANGLE,DRY,DAYLIGHT,TRAFFIC SIGNAL,INTERSECTION RELATED,OTHER,CURVE RIGHT,NO DEFECTS,ONE-WAY TRAFFICWAY,39.02089833,-76.97657,8901981419077344,2761767894346046,1,1,0,2021032012,7698354239018293,Unknown,0,Unknown,Unknown,0.0,0.0,Unknown,Unknown,Unknown,0,0,NEW HAMPSHIRE AVE,Maryland (State),RAMP 2 FR IS 495 WB TO MD 650 NB,Ramp,2761767894346046,20903,SILVER SPRING,50204.7192451,65972447.4483,39.01829365940637,-76.9835422251861,8.6345005,33.230976,0.0,0.0,0.0,5.6233797,50.194473,210320126983590182,2021-03-20 12:00:00,12,PM,79,5,Saturday,1,3,March,2021,0,Unknown
MCP1202004T,91B08BB032D0469DB1DF0C3ACD06E333,True,NO APPARENT INJURY,NONE,OTHER DISTRACTION,PASSENGER,STARTING FROM LANE,East,NO DAMAGE,25,False,False,1,8522085088734485,210010512,Montgomery County Police,Injury ,False,East,0,2,LEVEL,False,False,DRIVER,OTHER,DRY,DAYLIGHT,STOP SIGN,INTERSECTION,FOUR-WAY INTERSECTION,STRAIGHT,UNKNOWN,"TWO-WAY, NOT DIVIDED",38.9582,-77.122,2360073639023674,262975279829673,1,1,0,2021032015,7711806238956479,Audi,2018,A5,Subcompact Cars,4.0,2.0,Automatic 7,AWD,Premium Gasoline,24,34,MADAWASKA RD,County,SANGAMORE RD,County,262975279829673,20816,BETHESDA,58716.1248449,117565480.431,38.95647982277882,-77.11806249046538,12.1975,32.18571,0.0,0.0,0.0,4.1046314,37.875053,210320157118089564,2021-03-20 15:00:00,15,PM,79,5,Saturday,1,3,March,2021,0,Unknown
MCP3198002N,605944C916A444EA9C65235E170B35BC,False,NO APPARENT INJURY,NONE,NOT DISTRACTED,PASSENGER,SLOWING OR STOPPING,North,FUNCTIONAL,40,False,False,3,3777470977749267,210010532,Montgomery County Police,Injury ,False,North,1,2,LEVEL,False,False,DRIVER,SAME DIR REAR END,DRY,DAYLIGHT,UNKNOWN,NON INTERSECTION,UNKNOWN,STRAIGHT,NO DEFECTS,"TWO-WAY, DIVIDED, POSITIVE MEDIAN BARRIER",39.05423167,-77.07891167,9290911226978796,2040370609732922,0,0,0,2021032017,7705486039088590,Ford,2019,Explorer,Standard Sport Utility Vehicle 4WD,6.0,3.5,Automatic 6,AWD,Regular Gasoline,16,22,VEIRS MILL RD,Maryland (State),BUSHEY DR,County,2040370609732922,20906,SILVER SPRING,133207.174949,359110751.771,39.08859082555049,-77.05486091907257,12.632501,32.799953,0.0,0.0,0.0,2.5455842,81.86999,210320177054890885,2021-03-20 17:00:00,17,PM,79,5,Saturday,1,3,March,2021,0,Unknown
MCP3198002N,1E0F56390C564692AEA4C7395219491C,False,POSSIBLE INJURY,NONE,NOT DISTRACTED,PASSENGER,SLOWING OR STOPPING,North,FUNCTIONAL,40,False,False,3,1787809698733031,210010532,Montgomery County Police,Injury ,False,North,1,2,LEVEL,False,False,DRIVER,SAME DIR REAR END,DRY,DAYLIGHT,UNKNOWN,NON INTERSECTION,UNKNOWN,STRAIGHT,NO DEFECTS,"TWO-WAY, DIVIDED, POSITIVE MEDIAN BARRIER",39.05423167,-77.07891167,9290911226978796,2040370609732922,0,0,0,2021032017,7705486039088590,Saturn,2003,Ion,Compact Cars,4.0,2.2,Automatic 5,FWD,Regular Gasoline,21,29,VEIRS MILL RD,Maryland (State),BUSHEY DR,County,2040370609732922,20906,SILVER SPRING,133207.174949,359110751.771,39.08859082555049,-77.05486091907257,12.632501,32.799953,0.0,0.0,0.0,2.5455842,81.86999,210320177054890885,2021-03-20 17:00:00,17,PM,79,5,Saturday,1,3,March,2021,0,Unknown
MCP3198002N,9CF50133CEE8469690963FD57633BF6D,True,NO APPARENT INJURY,NONE,INATTENTIVE OR LOST IN THOUGHT,PASSENGER,MOVING CONSTANT SPEED,North,DISABLING,40,False,False,3,4940576635323255,210010532,Montgomery County Police,Injury ,False,North,1,2,LEVEL,False,False,DRIVER,SAME DIR REAR END,DRY,DAYLIGHT,UNKNOWN,NON INTERSECTION,UNKNOWN,STRAIGHT,NO DEFECTS,"TWO-WAY, DIVIDED, POSITIVE MEDIAN BARRIER",39.05423167,-77.07891167,9290911226978796,2040370609732922,0,0,0,2021032017,7705486039088590,Chevrolet,2015,Malibu,Midsize Cars,4.0,2.0,Automatic 6,FWD,Regular Gasoline,21,29,VEIRS MILL RD,Maryland (State),BUSHEY DR,County,2040370609732922,20906,SILVER SPRING,133207.174949,359110751.771,39.08859082555049,-77.05486091907257,12.632501,32.799953,0.0,0.0,0.0,2.5455842,81.86999,210320177054890885,2021-03-20 17:00:00,17,PM,79,5,Saturday,1,3,March,2021,0,Unknown
MCP3263000Z,D833C367EF0C42EBBFBE02393E733191,False,POSSIBLE INJURY,NONE,NOT DISTRACTED,PASSENGER,STOPPED IN TRAFFIC LANE,East,DISABLING,35,False,False,3,451371439071561,210010548,Montgomery County Police,Injury ,False,North,0,2,LEVEL,False,False,DRIVER,SAME DIR REAR END,DRY,DARK LIGHTS ON,TRAFFIC SIGNAL,INTERSECTION,FOUR-WAY INTERSECTION,STRAIGHT,NO DEFECTS,"TWO-WAY, DIVIDED, POSITIVE MEDIAN BARRIER",38.97319527,-77.12191655,1363718650800826,4534450561785329,0,0,0,2021032020,7715220038996189,Chevrolet,2019,Traverse,Standard Sport Utility Vehicle 2WD,6.0,3.6,Automatic 9,FWD,Regular Gasoline,17,25,RIVER RD,Maryland (State),GOLDSBORO RD,Maryland (State),4534450561785329,20817,BETHESDA,143234.920079,403664948.588,38.996189145680184,-77.15220044157795,6.643,50.922504,0.0,0.0,0.0,9.178235,154.44008,210320207152289961,2021-03-20 20:00:00,20,PM,79,5,Saturday,1,3,March,2021,0,Unknown
MCP3263000Z,3C86240E2ADC439D99685DC5976FECE0,False,NO APPARENT INJURY,NONE,NOT DISTRACTED,PASSENGER,STOPPED IN TRAFFIC LANE,East,SUPERFICIAL,35,False,False,3,2815627317672947,210010548,Montgomery County Police,Injury ,False,North,0,2,LEVEL,False,False,DRIVER,SAME DIR REAR END,DRY,DARK LIGHTS ON,TRAFFIC SIGNAL,INTERSECTION,FOUR-WAY INTERSECTION,STRAIGHT,NO DEFECTS,"TWO-WAY, DIVIDED, POSITIVE MEDIAN BARRIER",38.97319527,-77.12191655,1363718650800826,4534450561785329,0,0,0,2021032020,7715220038996189,Honda,2013,Accord,Midsize Cars,4.0,2.4,Automatic 6,FWD,Regular Gasoline,21,34,RIVER RD,Maryland (State),GOLDSBORO RD,Maryland (State),4534450561785329,20817,BETHESDA,143234.920079,403664948.588,38.996189145680184,-77.15220044157795,6.643,50.922504,0.0,0.0,0.0,9.178235,154.44008,210320207152289961,2021-03-20 20:00:00,20,PM,79,5,Saturday,1,3,March,2021,0,Unknown
MCP3263000Z,74CFD371C656436F978C5FA369A0A79E,True,NO APPARENT INJURY,ALCOHOL,LOOKED BUT DID NOT SEE,PASSENGER,MOVING CONSTANT SPEED,East,DISABLING,35,False,False,3,3706795429459167,210010548,Montgomery County Police,Injury ,False,North,0,2,LEVEL,False,False,DRIVER,SAME DIR REAR END,DRY,DARK LIGHTS ON,TRAFFIC SIGNAL,INTERSECTION,FOUR-WAY INTERSECTION,STRAIGHT,NO DEFECTS,"TWO-WAY, DIVIDED, POSITIVE MEDIAN BARRIER",38.97319527,-77.12191655,1363718650800826,4534450561785329,0,0,0,2021032020,7715220038996189,Mercedes-Benz,0,Unknown,Unknown,0.0,0.0,Unknown,Unknown,Unknown,0,0,RIVER RD,Maryland (State),GOLDSBORO RD,Maryland (State),4534450561785329,20817,BETHESDA,143234.920079,403664948.588,38.996189145680184,-77.15220044157795,6.643,50.922504,0.0,0.0,0.0,9.178235,154.44008,210320207152289961,2021-03-20 20:00:00,20,PM,79,5,Saturday,1,3,March,2021,0,Unknown
MCP3276000L,C69296BD7FF5448CBF55677A0DBE0237,True,NO APPARENT INJURY,NONE,LOOKED BUT DID NOT SEE,PASSENGER,ACCELERATING,North,SUPERFICIAL,25,False,False,2,9844402976852406,210010654,Montgomery County Police,Property Damage ,False,North,1,3,LEVEL,False,False,DRIVER,SAME DIR REAR END,DRY,DAYLIGHT,TRAFFIC SIGNAL,INTERSECTION RELATED,T-INTERSECTION,CURVE RIGHT,NO DEFECTS,ONE-WAY TRAFFICWAY,39.00608341,-77.03924642,8554262040045692,118399697147806,0,0,0,2021032118,7703596439001907,Volkswagen,2002,Passat,Midsize Station Wagons,6.0,2.8,Automatic 5,FWD,Premium Gasoline,17,28,GEORGIA AVE,Maryland (State),16TH ST,Maryland (State),118399697147806,20910,SILVER SPRING,82846.1568889,126320091.137,39.00190768010143,-77.03596497235911,13.6965,34.483997,0.0,0.0,0.0,8.049845,100.30479,210321187035990019,2021-03-21 18:00:00,18,PM,80,6,Sunday,1,3,March,2021,0,Unknown
MCP3276000L,43F60813EC8F49EDA01F37AA9A6A5118,False,NO APPARENT INJURY,NONE,NOT DISTRACTED,MOTORCYCLE,ACCELERATING,North,NO DAMAGE,25,False,False,2,8168321465439775,210010654,Montgomery County Police,Property Damage ,False,North,1,3,LEVEL,False,False,DRIVER,SAME DIR REAR END,DRY,DAYLIGHT,TRAFFIC SIGNAL,INTERSECTION RELATED,T-INTERSECTION,CURVE RIGHT,NO DEFECTS,ONE-WAY TRAFFICWAY,39.00608341,-77.03924642,8554262040045692,118399697147806,0,0,0,2021032118,7703596439001907,Unknown,0,Unknown,Unknown,0.0,0.0,Unknown,Unknown,Unknown,0,0,GEORGIA AVE,Maryland (State),16TH ST,Maryland (State),118399697147806,20910,SILVER SPRING,82846.1568889,126320091.137,39.00190768010143,-77.03596497235911,13.6965,34.483997,0.0,0.0,0.0,8.049845,100.30479,210321187035990019,2021-03-21 18:00:00,18,PM,80,6,Sunday,1,3,March,2021,0,Unknown
MCP27670092,F1214E9598B543C49CC6D1BB4B234FFC,False,NO APPARENT INJURY,UNKNOWN,NOT DISTRACTED,PASSENGER,MOVING CONSTANT SPEED,East,FUNCTIONAL,35,False,False,2,7004010087536265,210010665,Montgomery County Police,Property Damage ,False,East,2,2,GRADE DOWNHILL,False,False,DRIVER,SAME DIRECTION SIDESWIPE,DRY,DUSK,NO CONTROLS,NON INTERSECTION,UNKNOWN,CURVE LEFT,NO DEFECTS,"TWO-WAY, DIVIDED, POSITIVE MEDIAN BARRIER",39.06594333,-77.04243333,8073720238398338,8554262040045692,0,0,0,2021032119,7705486039088590,Honda,2015,Civic,Compact Cars,4.0,1.8,Automatic CVT,FWD,Regular Gasoline,29,37,RANDOLPH RD,County,GEORGIA AVE,Maryland (State),8554262040045692,20906,SILVER SPRING,133207.174949,359110751.771,39.08859082555049,-77.05486091907257,9.4325,60.987907,0.0,0.0,0.0,6.28713,76.75947,210321197054890885,2021-03-21 19:00:00,19,PM,80,6,Sunday,1,3,March,2021,0,Unknown
MCP27670092,515B8A24CE7B4F78B9175D1C5684879E,True,NO APPARENT INJURY,ALCOHOL,UNKNOWN,PASSENGER,MOVING CONSTANT SPEED,East,FUNCTIONAL,35,False,True,2,8243785626679992,210010665,Montgomery County Police,Property Damage ,False,East,2,2,GRADE DOWNHILL,False,False,DRIVER,SAME DIRECTION SIDESWIPE,DRY,DUSK,NO CONTROLS,NON INTERSECTION,UNKNOWN,CURVE LEFT,NO DEFECTS,"TWO-WAY, DIVIDED, POSITIVE MEDIAN BARRIER",39.06594333,-77.04243333,8073720238398338,8554262040045692,0,0,0,2021032119,7705486039088590,Toyota,2014,Camry,Midsize Cars,4.0,2.5,Automatic 6,FWD,Regular Gasoline,21,30,RANDOLPH RD,County,GEORGIA AVE,Maryland (State),8554262040045692,20906,SILVER SPRING,133207.174949,359110751.771,39.08859082555049,-77.05486091907257,9.4325,60.987907,0.0,0.0,0.0,6.28713,76.75947,210321197054890885,2021-03-21 19:00:00,19,PM,80,6,Sunday,1,3,March,2021,0,Unknown
DM84990008,9A9D129EBD894F73AC8755E2478C2FED,True,NO APPARENT INJURY,ALCOHOL,INATTENTIVE OR LOST IN THOUGHT,PASSENGER,ACCELERATING,UNKNOWN,UNKNOWN,35,False,True,1,2999090948376269,210010678,Takoma Park Police Depart,Property Damage ,True,UNKNOWN,0,0,UNKNOWN,True,True,DRIVER,OTHER,UNKNOWN,DARK LIGHTS ON,UNKNOWN,UNKNOWN,UNKNOWN,UNKNOWN,UNKNOWN,UNKNOWN,38.983562,-76.98832,7781945108562677,7781945108562677,0,0,0,2021032120,7700204038982546,Nissan,2006,Quest,Minivan - 2WD,6.0,3.5,Automatic 4,FWD,Regular Gasoline,16,23,UNKNOWN,UNKNOWN,UNKNOWN,UNKNOWN,7781945108562677,20912,TAKOMA PARK,51232.0653417,65209197.2692,38.98254687160147,-77.00204079343348,7.748,63.478024,0.0,0.0,0.0,9.793058,107.10281,210321207002089825,2021-03-21 20:00:00,20,PM,80,6,Sunday,1,3,March,2021,0,Unknown
MCP23580084,4FC6C5F766DB47E398E1875C95460F8C,False,SUSPECTED MINOR INJURY,NONE,NOT DISTRACTED,PASSENGER,STOPPED IN TRAFFIC LANE,South,FUNCTIONAL,40,False,False,2,6312893571399229,210010709,Montgomery County Police,Injury ,False,South,0,3,LEVEL,False,False,DRIVER,SAME DIR REAR END,DRY,DAYLIGHT,YIELD SIGN,INTERCHANGE RELATED,OTHER,STRAIGHT,NO DEFECTS,"TWO-WAY, NOT DIVIDED",39.01480483,-77.11847967,4494898042244063,8910443980273828,0,0,0,2021032210,7710519939016894,Chevrolet,0,Unknown,Unknown,0.0,0.0,Unknown,Unknown,Unknown,0,0,OLD GEORGETOWN RD,Maryland (State),RAMP 7 FR RAMP 2 (FR IS495) TO MD 187 SB,Ramp,8910443980273828,20814,BETHESDA,58373.8630538,68540697.609,39.016894075883464,-77.10519990449882,8.934501,64.89521,0.0,0.0,0.0,6.9247384,62.10283,210322107105190168,2021-03-22 10:00:00,10,AM,81,0,Monday,0,3,March,2021,0,Unknown
MCP23580084,8B96A952442E41DB995F14A25D0A0A58,True,NO APPARENT INJURY,NONE,NOT DISTRACTED,PASSENGER,MOVING CONSTANT SPEED,South,FUNCTIONAL,40,False,False,2,7871367503127427,210010709,Montgomery County Police,Injury ,False,South,0,3,LEVEL,False,False,DRIVER,SAME DIR REAR END,DRY,DAYLIGHT,YIELD SIGN,INTERCHANGE RELATED,OTHER,STRAIGHT,NO DEFECTS,"TWO-WAY, NOT DIVIDED",39.01480483,-77.11847967,4494898042244063,8910443980273828,0,0,0,2021032210,7710519939016894,Toyota,2010,RAV4,Sport Utility Vehicle - 2WD,4.0,2.5,Automatic 4,AWD,Regular Gasoline,19,27,OLD GEORGETOWN RD,Maryland (State),RAMP 7 FR RAMP 2 (FR IS495) TO MD 187 SB,Ramp,8910443980273828,20814,BETHESDA,58373.8630538,68540697.609,39.016894075883464,-77.10519990449882,8.934501,64.89521,0.0,0.0,0.0,6.9247384,62.10283,210322107105190168,2021-03-22 10:00:00,10,AM,81,0,Monday,0,3,March,2021,0,Unknown
MCP3069004R,5CC62BB27E0B4A55894413495E730B6F,True,NO APPARENT INJURY,NONE,LOOKED BUT DID NOT SEE,PASSENGER,ACCELERATING,West,DISABLING,35,False,False,2,8799324825886895,210010746,Montgomery County Police,Property Damage ,False,West,0,2,LEVEL,False,False,DRIVER,SAME DIR REAR END,DRY,DAYLIGHT,TRAFFIC SIGNAL,INTERSECTION RELATED,FOUR-WAY INTERSECTION,STRAIGHT,NO DEFECTS,"TWO-WAY, NOT DIVIDED",38.987595,-77.077245,4570729910170239,1627793738140795,0,0,0,2021032213,7707842038983818,Nissan,2013,370Z,Two Seaters,6.0,3.7,Automatic 7,RWD,Premium Gasoline,18,25,EAST WEST HWY,Maryland (State),CONNECTICUT AVE,Maryland (State),1627793738140795,20815,CHEVY CHASE,78258.2702851,151813895.483,38.98381860627773,-77.07842006190148,14.4245,42.632732,0.0,0.0,0.0,7.9932976,82.234924,210322137078489838,2021-03-22 13:00:00,13,PM,81,0,Monday,0,3,March,2021,0,Unknown
MCP3069004R,C073966728B24E0F8B08592BE775919F,False,NO APPARENT INJURY,NONE,NOT DISTRACTED,BUS,STOPPED IN TRAFFIC LANE,East,SUPERFICIAL,35,False,False,2,240722642832247,210010746,Montgomery County Police,Property Damage ,False,West,0,2,LEVEL,False,False,DRIVER,SAME DIR REAR END,DRY,DAYLIGHT,TRAFFIC SIGNAL,INTERSECTION RELATED,FOUR-WAY INTERSECTION,STRAIGHT,NO DEFECTS,"TWO-WAY, NOT DIVIDED",38.987595,-77.077245,4570729910170239,1627793738140795,0,0,0,2021032213,7707842038983818,Gillig,0,Unknown,Unknown,0.0,0.0,Unknown,Unknown,Unknown,0,0,EAST WEST HWY,Maryland (State),CONNECTICUT AVE,Maryland (State),1627793738140795,20815,CHEVY CHASE,78258.2702851,151813895.483,38.98381860627773,-77.07842006190148,14.4245,42.632732,0.0,0.0,0.0,7.9932976,82.234924,210322137078489838,2021-03-22 13:00:00,13,PM,81,0,Monday,0,3,March,2021,0,Unknown
MCP2077003J,D2D41B9A993648F0B123A79C4B012D3F,False,NO APPARENT INJURY,NONE,NOT DISTRACTED,PASSENGER,STOPPED IN TRAFFIC LANE,East,SUPERFICIAL,40,False,False,2,5482037610831924,210010782,Montgomery County Police,Property Damage ,False,East,1,3,GRADE DOWNHILL,False,False,DRIVER,SAME DIR REAR END,DRY,DAYLIGHT,TRAFFIC SIGNAL,INTERSECTION RELATED,T-INTERSECTION,STRAIGHT,NO DEFECTS,"TWO-WAY, DIVIDED, POSITIVE MEDIAN BARRIER",39.06633,-77.0307,8073720238398338,7128679915172456,0,0,0,2021032215,7705486039088590,Toyota,2020,Tacoma,Small Pickup Trucks 4WD,6.0,3.5,Automatic 6,4WD,Regular Gasoline,17,22,RANDOLPH RD,County,KEMP MILL RD,County,7128679915172456,20906,SILVER SPRING,133207.174949,359110751.771,39.08859082555049,-77.05486091907257,15.6825,37.01738,0.0,0.0,0.0,8.311245,94.96966,210322157054890885,2021-03-22 15:00:00,15,PM,81,0,Monday,0,3,March,2021,0,Unknown
MCP2077003J,EFF4C81C6631483787C585AE2E5FAB4C,True,NO APPARENT INJURY,NONE,LOOKED BUT DID NOT SEE,PASSENGER,SLOWING OR STOPPING,East,FUNCTIONAL,40,False,False,2,8801448013568044,210010782,Montgomery County Police,Property Damage ,False,East,1,3,GRADE DOWNHILL,False,False,DRIVER,SAME DIR REAR END,DRY,DAYLIGHT,TRAFFIC SIGNAL,INTERSECTION RELATED,T-INTERSECTION,STRAIGHT,NO DEFECTS,"TWO-WAY, DIVIDED, POSITIVE MEDIAN BARRIER",39.06633,-77.0307,8073720238398338,7128679915172456,0,0,0,2021032215,7705486039088590,Chevrolet,2015,Equinox,Small Sport Utility Vehicle 2WD,4.0,2.4,Automatic 6,AWD,Regular Gasoline,20,28,RANDOLPH RD,County,KEMP MILL RD,County,7128679915172456,20906,SILVER SPRING,133207.174949,359110751.771,39.08859082555049,-77.05486091907257,15.6825,37.01738,0.0,0.0,0.0,8.311245,94.96966,210322157054890885,2021-03-22 15:00:00,15,PM,81,0,Monday,0,3,March,2021,0,Unknown
MCP32270025,986C1EC892FC4877A447526C58B19690,False,NO APPARENT INJURY,NONE,NOT DISTRACTED,PASSENGER,PARKED,UNKNOWN,SUPERFICIAL,5,True,False,2,4758917166426054,210010796,Montgomery County Police,Property Damage ,True,UNKNOWN,0,0,UNKNOWN,True,True,DRIVER,SAME DIRECTION SIDESWIPE,UNKNOWN,DAYLIGHT,NO CONTROLS,UNKNOWN,UNKNOWN,UNKNOWN,UNKNOWN,UNKNOWN,39.02122467,-76.975374,7781945108562677,7781945108562677,0,0,0,2021032216,7698354239018293,Lincoln,2015,MKZ,Midsize Cars,4.0,2.0,Automatic 6,FWD,Regular Gasoline,18,25,UNKNOWN,UNKNOWN,UNKNOWN,UNKNOWN,7781945108562677,20903,SILVER SPRING,50204.7192451,65972447.4483,39.01829365940637,-76.9835422251861,16.1845,38.791832,0.0,0.0,0.0,7.9526596,95.19434,210322166983590182,2021-03-22 16:00:00,16,PM,81,0,Monday,0,3,March,2021,0,Unknown
MCP32270025,7E26EFF3BDC044DFAE1DEA61F491769F,True,NO APPARENT INJURY,UNKNOWN,UNKNOWN,PASSENGER,STARTING FROM PARKED,UNKNOWN,UNKNOWN,5,False,False,2,6640825449011274,210010796,Montgomery County Police,Property Damage ,True,UNKNOWN,0,0,UNKNOWN,True,True,DRIVER,SAME DIRECTION SIDESWIPE,UNKNOWN,DAYLIGHT,NO CONTROLS,UNKNOWN,UNKNOWN,UNKNOWN,UNKNOWN,UNKNOWN,39.02122467,-76.975374,7781945108562677,7781945108562677,0,0,0,2021032216,7698354239018293,Nissan,2009,Armada,Sport Utility Vehicle - 2WD,8.0,5.6,Automatic 5,AWD,Regular Gasoline,12,18,UNKNOWN,UNKNOWN,UNKNOWN,UNKNOWN,7781945108562677,20903,SILVER SPRING,50204.7192451,65972447.4483,39.01829365940637,-76.9835422251861,16.1845,38.791832,0.0,0.0,0.0,7.9526596,95.19434,210322166983590182,2021-03-22 16:00:00,16,PM,81,0,Monday,0,3,March,2021,0,Unknown
MCP1235002T,E8CB37FC964143E599E53B7B217F8225,True,NO APPARENT INJURY,NONE,NOT DISTRACTED,BUS,SLOWING OR STOPPING,North,SUPERFICIAL,40,False,False,2,6259949909495943,210010812,Montgomery County Police,Property Damage ,True,North,3,3,LEVEL,False,False,DRIVER,SAME DIR REAR END,DRY,DAYLIGHT,NO CONTROLS,NON INTERSECTION,UNKNOWN,STRAIGHT,NO DEFECTS,"TWO-WAY, DIVIDED, POSITIVE MEDIAN BARRIER",39.02294167,-76.97780833,8901981419077344,2567472143707400,0,0,0,2021032218,7698354239018293,New Flyer,0,Unknown,Unknown,0.0,0.0,Unknown,Unknown,Unknown,0,0,NEW HAMPSHIRE AVE,Maryland (State),POWDER MILL RD,County,2567472143707400,20903,SILVER SPRING,50204.7192451,65972447.4483,39.01829365940637,-76.9835422251861,14.8345,49.580544,0.0,0.0,0.0,7.2,90.0,210322186983590182,2021-03-22 18:00:00,18,PM,81,0,Monday,0,3,March,2021,0,Unknown
MCP1235002T,7E7406CFE980419DA2E692BECEB6B511,False,NO APPARENT INJURY,NONE,NOT DISTRACTED,UNKNOWN,MAKING RIGHT TURN,East,UNKNOWN,40,False,False,2,8168321465439775,210010812,Montgomery County Police,Property Damage ,True,North,3,3,LEVEL,False,False,DRIVER,SAME DIR REAR END,DRY,DAYLIGHT,NO CONTROLS,NON INTERSECTION,UNKNOWN,STRAIGHT,NO DEFECTS,"TWO-WAY, DIVIDED, POSITIVE MEDIAN BARRIER",39.02294167,-76.97780833,8901981419077344,2567472143707400,0,0,0,2021032218,7698354239018293,Unknown,0,Unknown,Unknown,0.0,0.0,Unknown,Unknown,Unknown,0,0,NEW HAMPSHIRE AVE,Maryland (State),POWDER MILL RD,County,2567472143707400,20903,SILVER SPRING,50204.7192451,65972447.4483,39.01829365940637,-76.9835422251861,14.8345,49.580544,0.0,0.0,0.0,7.2,90.0,210322186983590182,2021-03-22 18:00:00,18,PM,81,0,Monday,0,3,March,2021,0,Unknown
MCP27670093,14471716A46743918EC549E7899DD03A,True,NO APPARENT INJURY,NONE,LOOKED BUT DID NOT SEE,EMERGENCY,BACKING,West,SUPERFICIAL,0,False,False,1,2250767647570290,210010832,Montgomery County Police,Property Damage ,False,UNKNOWN,0,0,UNKNOWN,True,True,DRIVER,SAME DIR REAR END,UNKNOWN,DARK LIGHTS ON,NO CONTROLS,UNKNOWN,UNKNOWN,UNKNOWN,UNKNOWN,UNKNOWN,39.01493691,-77.03533166,7781945108562677,7781945108562677,0,0,0,2021032220,7703596439001907,Freightliner,0,Unknown,Unknown,0.0,0.0,Unknown,Unknown,Unknown,0,0,UNKNOWN,UNKNOWN,UNKNOWN,UNKNOWN,7781945108562677,20910,SILVER SPRING,82846.1568889,126320091.137,39.00190768010143,-77.03596497235911,10.1465,62.471115,0.0,0.0,0.0,8.557102,75.37909,210322207035990019,2021-03-22 20:00:00,20,PM,81,0,Monday,0,3,March,2021,0,Unknown
MCP2693003J,9AD06F73575C4B238351577798126C61,False,POSSIBLE INJURY,NONE,UNKNOWN,PASSENGER,MOVING CONSTANT SPEED,North,DISABLING,45,False,False,1,4800773710481699,210010834,Montgomery County Police,Injury ,False,North,0,3,GRADE DOWNHILL,False,False,UNKNOWN,SINGLE VEHICLE,DRY,DARK NO LIGHTS,NO CONTROLS,NON INTERSECTION,UNKNOWN,STRAIGHT,NO DEFECTS,"TWO-WAY, DIVIDED, POSITIVE MEDIAN BARRIER",39.06768167,-77.07486833,1627793738140795,388377803167212,0,0,0,2021032220,7705486039088590,Hyundai,2007,Elantra,Midsize Cars,4.0,2.0,Automatic 4,FWD,Regular Gasoline,24,33,CONNECTICUT AVE,Maryland (State),KAYSON ST,County,388377803167212,20906,SILVER SPRING,133207.174949,359110751.771,39.08859082555049,-77.05486091907257,8.9325,63.07617,0.0,0.0,0.0,6.9899354,78.11137,210322207054890885,2021-03-22 20:00:00,20,PM,81,0,Monday,0,3,March,2021,0,Unknown
MCP31110039,3D19851DC3114F72AB821E58D306D21F,True,POSSIBLE INJURY,NONE,UNKNOWN,TRUCK,MOVING CONSTANT SPEED,South,DESTROYED,50,False,False,1,2250767647570290,210010877,Montgomery County Police,Injury ,False,East,0,1,LEVEL,False,False,DRIVER,SINGLE VEHICLE,DRY,DAYLIGHT,NO CONTROLS,INTERCHANGE RELATED,UNKNOWN,CURVE LEFT,NO DEFECTS,ONE-WAY TRAFFICWAY,38.97061933,-77.14721517,5249777599148989,5755741923731534,0,0,0,2021032309,7714293738966626,Freightliner,0,Unknown,Unknown,0.0,0.0,Unknown,Unknown,Unknown,0,0,CABIN JOHN PKWY,Interstate (State),CLARA BARTON PKWY,Government,5755741923731534,20812,GLEN ECHO,14504.5065128,9810937.0741,38.966626952792325,-77.14293743494022,9.007,70.15239,0.0,0.0,0.0,6.297428,30.963696,210323097142989666,2021-03-23 09:00:00,9,AM,82,1,Tuesday,0,3,March,2021,0,Unknown