ReportNumber,VehicleCrashKey,DriverAtFault,DriverInjurySeverity,DriverSubstanceAbuse,DriverDistractedBy,VehicleType,VehicleMovement,VehicleGoingDir,VehicleDamageExtent,SpeedLimit,ParkedVehicle,SubstanceAbuseContributed,VehiclesCrashedTotal,VehicleKey,LocalCaseNumber,AgencyName,ACRSReportType,HitRun,LaneDirection,LaneNumber,NumberOfLanes,RoadGrade,NonTraffic,OffRoadIncident,AccidentAtFault,CollisionType,SurfaceCondition,Light,TrafficControl,Junction,IntersectionType,RoadAlignment,RoadCondition,RoadDivision,Latitude,Longitude,RoadKey_x,CrossStreetKey,NonMotoristTotal,NonMotoristInjury,NonMotoristFatal,DateHourKey,LocationAreaKey,Make,Year_x,BaseModel,BodyClass,Cylinders,Displacement,Transmission,Drivetrain,FuelType,CityMPG,HighwayMPG,RoadName_x,RouteType_x,RoadName_y,RouteType_y,RoadKey_y,Zipcode,MailCity,ShapeLength,ShapeArea,CentroidLatitude,CentroidLongitude,Temperature,Humidity,Precipitation,Rain,Snow,WindSpeed,WindDirection,WeatherKey,Datetime,Hour,TimeOfDay,DayNumber,WeekDayNumber,WeekDayName,WeekendFlag,MonthNumber,MonthName,Year_y,HolidayFlag,HolidayName
MCP3276000N,5F91AF15EEA04E2F8C18E8B6EEB9E565,True,SUSPECTED MINOR INJURY,NONE,NOT DISTRACTED,PASSENGER,MOVING CONSTANT SPEED,North,DISABLING,10,False,False,1,3644192701308498,210011555,Montgomery County Police,Injury ,False,UNKNOWN,0,0,UNKNOWN,True,True,DRIVER,SINGLE VEHICLE,UNKNOWN,DAYLIGHT,NO CONTROLS,UNKNOWN,UNKNOWN,UNKNOWN,UNKNOWN,UNKNOWN,39.00916197,-77.04135975,7781945108562677,7781945108562677,0,0,0,2021032719,7703596439001907,Lincoln,0,Unknown,Unknown,0.0,0.0,Unknown,Unknown,Unknown,0,0,UNKNOWN,UNKNOWN,UNKNOWN,UNKNOWN,7781945108562677,20910,SILVER SPRING,82846.1568889,126320091.137,39.00190768010143,-77.03596497235911,16.9465,60.073616,0.0,0.0,0.0,15.111424,167.61925,210327197035990019,2021-03-27 19:00:00,19,PM,86,5,Saturday,1,3,March,2021,0,Unknown
MCP2835002C,D9BD53C4F29B42AFBA28BECAE6D46E9E,True,NO APPARENT INJURY,NONE,NOT DISTRACTED,PASSENGER,ACCELERATING,West,DISABLING,25,False,False,1,3233063173565461,210011571,Montgomery County Police,Property Damage ,False,West,1,1,LEVEL,False,False,DRIVER,SAME DIR REAR END,DRY,DARK LIGHTS ON,NO CONTROLS,NON INTERSECTION,UNKNOWN,STRAIGHT,NO DEFECTS,"TWO-WAY, NOT DIVIDED",38.997033,-77.05152183,3621798606257266,5052452912028421,0,0,0,2021032721,7703596439001907,Toyota,0,Unknown,Unknown,0.0,0.0,Unknown,Unknown,Unknown,0,0,SPENCER RD,County,PEGGY LA,County,5052452912028421,20910,SILVER SPRING,82846.1568889,126320091.137,39.00190768010143,-77.03596497235911,14.2965,76.12121,0.0,0.0,0.0,16.520823,168.69011,210327217035990019,2021-03-27 21:00:00,21,PM,86,5,Saturday,1,3,March,2021,0,Unknown
MCP3276000P,66482CB4E50B4C399DAA6F6AA9E24F63,False,SUSPECTED MINOR INJURY,NONE,UNKNOWN,PASSENGER,MOVING CONSTANT SPEED,South,SUPERFICIAL,35,False,False,2,7026902021977563,210011630,Montgomery County Police,Injury ,False,South,1,3,LEVEL,False,False,DRIVER,STRAIGHT MOVEMENT ANGLE,WET,DUSK,NO CONTROLS,COMMERCIAL DRIVEWAY,UNKNOWN,STRAIGHT,NO DEFECTS,"TWO-WAY, NOT DIVIDED",39.010915,-77.04105,8554262040045692,3741072132120167,0,0,0,2021032818,7703596439001907,Toyota,2021,RAV4,Small Sport Utility Vehicle 4WD,4.0,2.5,Automatic 8,AWD,Regular Gasoline,27,33,GEORGIA AVE,Maryland (State),FLORA LA,County,3741072132120167,20910,SILVER SPRING,82846.1568889,126320091.137,39.00190768010143,-77.03596497235911,16.7465,87.70862,3.1,3.1,0.0,29.644857,294.38635,210328187035990019,2021-03-28 18:00:00,18,PM,87,6,Sunday,1,3,March,2021,0,Unknown
MCP3276000P,654B6D6AD01442FDB7B9C3364597F713,True,SUSPECTED MINOR INJURY,NONE,UNKNOWN,PASSENGER,MAKING LEFT TURN,East,SUPERFICIAL,35,False,False,2,819104211177936,210011630,Montgomery County Police,Injury ,False,South,1,3,LEVEL,False,False,DRIVER,STRAIGHT MOVEMENT ANGLE,WET,DUSK,NO CONTROLS,COMMERCIAL DRIVEWAY,UNKNOWN,STRAIGHT,NO DEFECTS,"TWO-WAY, NOT DIVIDED",39.010915,-77.04105,8554262040045692,3741072132120167,0,0,0,2021032818,7703596439001907,Nissan,2016,Altima,Midsize Cars,4.0,2.5,Automatic 7,FWD,Regular Gasoline,22,31,GEORGIA AVE,Maryland (State),FLORA LA,County,3741072132120167,20910,SILVER SPRING,82846.1568889,126320091.137,39.00190768010143,-77.03596497235911,16.7465,87.70862,3.1,3.1,0.0,29.644857,294.38635,210328187035990019,2021-03-28 18:00:00,18,PM,87,6,Sunday,1,3,March,2021,0,Unknown
MCP2973005G,BA74A18DD9E9461C98194EBB2A5AC694,False,NO APPARENT INJURY,NONE,NOT DISTRACTED,PASSENGER,STARTING FROM LANE,South,DISABLING,35,False,False,3,2126610699638022,210011656,Montgomery County Police,Injury ,False,South,4,5,LEVEL,False,False,DRIVER,OTHER,DRY,DARK LIGHTS ON,TRAFFIC SIGNAL,INTERSECTION,FOUR-WAY INTERSECTION,STRAIGHT,NO DEFECTS,"TWO-WAY, DIVIDED, POSITIVE MEDIAN BARRIER",39.05167833,-77.07491,9290911226978796,1627793738140795,0,0,0,2021032904,7705486039088590,Ford,2000,Focus,Compact Cars,4.0,2.0,Automatic 4,FWD,Regular Gasoline,22,30,VEIRS MILL RD,Maryland (State),CONNECTICUT AVE,Maryland (State),1627793738140795,20906,SILVER SPRING,133207.174949,359110751.771,39.08859082555049,-77.05486091907257,5.3824997,56.759163,0.0,0.0,0.0,22.862123,296.1615,210329047054890885,2021-03-29 04:00:00,4,AM,88,0,Monday,0,3,March,2021,0,Unknown
MCP2973005G,DDE4905022F64930B3309CA66D442D43,False,POSSIBLE INJURY,UNKNOWN,NOT DISTRACTED,PASSENGER,STARTING FROM LANE,South,FUNCTIONAL,35,False,False,3,4595510051903263,210011656,Montgomery County Police,Injury ,False,South,4,5,LEVEL,False,False,DRIVER,OTHER,DRY,DARK LIGHTS ON,TRAFFIC SIGNAL,INTERSECTION,FOUR-WAY INTERSECTION,STRAIGHT,NO DEFECTS,"TWO-WAY, DIVIDED, POSITIVE MEDIAN BARRIER",39.05167833,-77.07491,9290911226978796,1627793738140795,0,0,0,2021032904,7705486039088590,Honda,0,Unknown,Unknown,0.0,0.0,Unknown,Unknown,Unknown,0,0,VEIRS MILL RD,Maryland (State),CONNECTICUT AVE,Maryland (State),1627793738140795,20906,SILVER SPRING,133207.174949,359110751.771,39.08859082555049,-77.05486091907257,5.3824997,56.759163,0.0,0.0,0.0,22.862123,296.1615,210329047054890885,2021-03-29 04:00:00,4,AM,88,0,Monday,0,3,March,2021,0,Unknown
MCP2973005G,20ED349AD8DD4C9EBFDA2062891772A0,True,NO APPARENT INJURY,NONE,LOOKED BUT DID NOT SEE,PASSENGER,MOVING CONSTANT SPEED,East,DISABLING,35,False,False,3,6801964070250583,210011656,Montgomery County Police,Injury ,False,South,4,5,LEVEL,False,False,DRIVER,OTHER,DRY,DARK LIGHTS ON,TRAFFIC SIGNAL,INTERSECTION,FOUR-WAY INTERSECTION,STRAIGHT,NO DEFECTS,"TWO-WAY, DIVIDED, POSITIVE MEDIAN BARRIER",39.05167833,-77.07491,9290911226978796,1627793738140795,0,0,0,2021032904,7705486039088590,Nissan,0,Unknown,Unknown,0.0,0.0,Unknown,Unknown,Unknown,0,0,VEIRS MILL RD,Maryland (State),CONNECTICUT AVE,Maryland (State),1627793738140795,20906,SILVER SPRING,133207.174949,359110751.771,39.08859082555049,-77.05486091907257,5.3824997,56.759163,0.0,0.0,0.0,22.862123,296.1615,210329047054890885,2021-03-29 04:00:00,4,AM,88,0,Monday,0,3,March,2021,0,Unknown
MCP3279000H,7C5723FB10D6465195CBA5C9537B3A05,True,SUSPECTED MINOR INJURY,NONE,LOOKED BUT DID NOT SEE,PASSENGER,MOVING CONSTANT SPEED,North,DISABLING,40,False,False,2,5082261756795147,210011289,Montgomery County Police,Injury ,False,North,2,3,GRADE DOWNHILL,False,False,DRIVER,STRAIGHT MOVEMENT ANGLE,DRY,DARK LIGHTS ON,TRAFFIC SIGNAL,INTERSECTION,FOUR-WAY INTERSECTION,STRAIGHT,NO DEFECTS,"TWO-WAY, DIVIDED, POSITIVE MEDIAN BARRIER",39.0602514,-77.05109892,8554262040045692,1498137660831595,0,0,0,2021032911,7705486039088590,Hyundai,2010,Elantra,Midsize Cars,4.0,2.0,Manual 5,FWD,Regular Gasoline,23,34,GEORGIA AVE,Maryland (State),LAYHILL RD,Maryland (State),1498137660831595,20906,SILVER SPRING,133207.174949,359110751.771,39.08859082555049,-77.05486091907257,8.632501,44.26492,0.0,0.0,0.0,19.164717,298.00906,210329117054890885,2021-03-29 11:00:00,11,AM,88,0,Monday,0,3,March,2021,0,Unknown
MCP3279000H,9D2EADFE3B6F483DB9DE84B0A7953F11,False,SUSPECTED MINOR INJURY,NONE,NOT DISTRACTED,PASSENGER,MOVING CONSTANT SPEED,North,DISABLING,35,False,False,2,5115928289713628,210011289,Montgomery County Police,Injury ,False,North,2,3,GRADE DOWNHILL,False,False,DRIVER,STRAIGHT MOVEMENT ANGLE,DRY,DARK LIGHTS ON,TRAFFIC SIGNAL,INTERSECTION,FOUR-WAY INTERSECTION,STRAIGHT,NO DEFECTS,"TWO-WAY, DIVIDED, POSITIVE MEDIAN BARRIER",39.0602514,-77.05109892,8554262040045692,1498137660831595,0,0,0,2021032911,7705486039088590,Honda,2009,Pilot,Sport Utility Vehicle - 2WD,6.0,3.5,Automatic 5,AWD,Regular Gasoline,16,22,GEORGIA AVE,Maryland (State),LAYHILL RD,Maryland (State),1498137660831595,20906,SILVER SPRING,133207.174949,359110751.771,39.08859082555049,-77.05486091907257,8.632501,44.26492,0.0,0.0,0.0,19.164717,298.00906,210329117054890885,2021-03-29 11:00:00,11,AM,88,0,Monday,0,3,March,2021,0,Unknown
MCP3130003B,267C71C6C98F46378077D1322445ADBE,False,POSSIBLE INJURY,NONE,NOT DISTRACTED,PASSENGER,MAKING LEFT TURN,South,DISABLING,45,False,False,2,3777471162303076,210011708,Montgomery County Police,Injury ,False,South,1,3,GRADE DOWNHILL,False,False,DRIVER,STRAIGHT MOVEMENT ANGLE,DRY,DAYLIGHT,TRAFFIC SIGNAL,INTERSECTION,FOUR-WAY INTERSECTION,STRAIGHT,NO DEFECTS,"TWO-WAY, DIVIDED, POSITIVE MEDIAN BARRIER",39.063295,-77.07354833,1627793738140795,3597642028494755,0,0,0,2021032912,7705486039088590,Ford,2014,Explorer,Standard Sport Utility Vehicle 2WD,6.0,3.5,Automatic 6,AWD,Regular Gasoline,17,23,CONNECTICUT AVE,Maryland (State),WELLER RD,County,3597642028494755,20906,SILVER SPRING,133207.174949,359110751.771,39.08859082555049,-77.05486091907257,9.632501,42.78492,0.0,0.0,0.0,18.678415,297.55273,210329127054890885,2021-03-29 12:00:00,12,PM,88,0,Monday,0,3,March,2021,0,Unknown
MCP3130003B,BF6CAAF46BF040E9B973F08346B7CDBC,True,SUSPECTED MINOR INJURY,NONE,INATTENTIVE OR LOST IN THOUGHT,PASSENGER,MOVING CONSTANT SPEED,West,DISABLING,45,False,False,2,7031206355515568,210011708,Montgomery County Police,Injury ,False,South,1,3,GRADE DOWNHILL,False,False,DRIVER,STRAIGHT MOVEMENT ANGLE,DRY,DAYLIGHT,TRAFFIC SIGNAL,INTERSECTION,FOUR-WAY INTERSECTION,STRAIGHT,NO DEFECTS,"TWO-WAY, DIVIDED, POSITIVE MEDIAN BARRIER",39.063295,-77.07354833,1627793738140795,3597642028494755,0,0,0,2021032912,7705486039088590,Dodge,2006,Viper,Two Seaters,10.0,8.3,Manual 6,RWD,Premium Gasoline,11,19,CONNECTICUT AVE,Maryland (State),WELLER RD,County,3597642028494755,20906,SILVER SPRING,133207.174949,359110751.771,39.08859082555049,-77.05486091907257,9.632501,42.78492,0.0,0.0,0.0,18.678415,297.55273,210329127054890885,2021-03-29 12:00:00,12,PM,88,0,Monday,0,3,March,2021,0,Unknown
MCP3198002Q,AF300EC8194E447E8FFC8C64267D9706,False,NO APPARENT INJURY,NONE,NOT DISTRACTED,PASSENGER,MOVING CONSTANT SPEED,East,DISABLING,35,False,False,2,5867016767515145,210011752,Montgomery County Police,Property Damage ,False,West,1,3,GRADE DOWNHILL,False,False,DRIVER,HEAD ON,DRY,DAYLIGHT,UNKNOWN,UNKNOWN,UNKNOWN,CURVE RIGHT,NO DEFECTS,"TWO-WAY, DIVIDED, POSITIVE MEDIAN BARRIER",39.053295,-77.08929667,8073720238398338,9243958482499824,0,0,0,2021032916,7705486039088590,Honda,2017,CR-V,Small Sport Utility Vehicle 2WD,4.0,1.5,Automatic CVT,AWD,Regular Gasoline,25,31,RANDOLPH RD,County,ST DUNSTON LA,County,9243958482499824,20906,SILVER SPRING,133207.174949,359110751.771,39.08859082555049,-77.05486091907257,13.2325,33.968433,0.0,0.0,0.0,14.81259,295.94223,210329167054890885,2021-03-29 16:00:00,16,PM,88,0,Monday,0,3,March,2021,0,Unknown
MCP3198002Q,0AD579F60EF94C989919DA4A8B828699,True,NO APPARENT INJURY,NONE,OTHER DISTRACTION,PASSENGER,MOVING CONSTANT SPEED,West,DISABLING,35,False,False,2,1100592358157098,210011752,Montgomery County Police,Property Damage ,False,West,1,3,GRADE DOWNHILL,False,False,DRIVER,HEAD ON,DRY,DAYLIGHT,UNKNOWN,UNKNOWN,UNKNOWN,CURVE RIGHT,NO DEFECTS,"TWO-WAY, DIVIDED, POSITIVE MEDIAN BARRIER",39.053295,-77.08929667,8073720238398338,9243958482499824,0,0,0,2021032916,7705486039088590,Nissan,2007,Altima,Midsize Cars,4.0,2.5,Automatic CVT,FWD,Regular Gasoline,23,26,RANDOLPH RD,County,ST DUNSTON LA,County,9243958482499824,20906,SILVER SPRING,133207.174949,359110751.771,39.08859082555049,-77.05486091907257,13.2325,33.968433,0.0,0.0,0.0,14.81259,295.94223,210329167054890885,2021-03-29 16:00:00,16,PM,88,0,Monday,0,3,March,2021,0,Unknown
MCP3161002Q,5810EA161D824315BFE3B02B5CBB864C,True,POSSIBLE INJURY,ALCOHOL,UNKNOWN,PASSENGER,UNKNOWN,West,DISABLING,25,False,True,2,3706795429459167,210011789,Montgomery County Police,Injury ,False,East,1,2,GRADE DOWNHILL,False,False,DRIVER,OPPOSITE DIRECTION SIDESWIPE,DRY,DARK LIGHTS ON,NO CONTROLS,UNKNOWN,UNKNOWN,CURVE LEFT,NO DEFECTS,"TWO-WAY, NOT DIVIDED",39.02311494,-77.06554637,3849341967604124,8293758635659938,0,0,0,2021032919,7703596439001907,Mercedes-Benz,0,Unknown,Unknown,0.0,0.0,Unknown,Unknown,Unknown,0,0,CAPITOL VIEW AVE,Maryland (State),MEREDITH AVE,County,8293758635659938,20910,SILVER SPRING,82846.1568889,126320091.137,39.00190768010143,-77.03596497235911,11.3465,62.314857,0.0,0.0,0.0,5.4119864,273.814,210329197035990019,2021-03-29 19:00:00,19,PM,88,0,Monday,0,3,March,2021,0,Unknown
MCP3161002Q,9F637B7F420E44D5B5C13F2A7BEDD64D,False,NO APPARENT INJURY,NONE,NOT DISTRACTED,PASSENGER,SLOWING OR STOPPING,East,FUNCTIONAL,25,False,False,2,8243785559569516,210011789,Montgomery County Police,Injury ,False,East,1,2,GRADE DOWNHILL,False,False,DRIVER,OPPOSITE DIRECTION SIDESWIPE,DRY,DARK LIGHTS ON,NO CONTROLS,UNKNOWN,UNKNOWN,CURVE LEFT,NO DEFECTS,"TWO-WAY, NOT DIVIDED",39.02311494,-77.06554637,3849341967604124,8293758635659938,0,0,0,2021032919,7703596439001907,Toyota,2018,Camry,Midsize Cars,4.0,2.5,Automatic 8,FWD,Regular Gasoline,22,39,CAPITOL VIEW AVE,Maryland (State),MEREDITH AVE,County,8293758635659938,20910,SILVER SPRING,82846.1568889,126320091.137,39.00190768010143,-77.03596497235911,11.3465,62.314857,0.0,0.0,0.0,5.4119864,273.814,210329197035990019,2021-03-29 19:00:00,19,PM,88,0,Monday,0,3,March,2021,0,Unknown
MCP32700010,D231C427373147918B9AAC4C3E8ECBDB,True,NO APPARENT INJURY,ALCOHOL,INATTENTIVE OR LOST IN THOUGHT,PASSENGER,MOVING CONSTANT SPEED,North,SUPERFICIAL,25,False,False,2,3706795429459167,210011784,Montgomery County Police,Property Damage ,True,North,1,1,LEVEL,False,False,DRIVER,HEAD ON,DRY,DARK LIGHTS ON,STOP SIGN,INTERSECTION,FOUR-WAY INTERSECTION,STRAIGHT,NO DEFECTS,"TWO-WAY, NOT DIVIDED",39.00934341,-77.04897653,2648584259858213,3575492412491506,0,0,0,2021032919,7703596439001907,Mercedes-Benz,0,Unknown,Unknown,0.0,0.0,Unknown,Unknown,Unknown,0,0,LINDEN LA,County,WARREN ST,County,3575492412491506,20910,SILVER SPRING,82846.1568889,126320091.137,39.00190768010143,-77.03596497235911,11.3465,62.314857,0.0,0.0,0.0,5.4119864,273.814,210329197035990019,2021-03-29 19:00:00,19,PM,88,0,Monday,0,3,March,2021,0,Unknown
MCP32700010,72A2FDF31FC5499A81EB44F59959148F,False,NO APPARENT INJURY,NONE,NOT DISTRACTED,PASSENGER,MOVING CONSTANT SPEED,South,SUPERFICIAL,25,False,False,2,1143200118883287,210011784,Montgomery County Police,Property Damage ,True,North,1,1,LEVEL,False,False,DRIVER,HEAD ON,DRY,DARK LIGHTS ON,STOP SIGN,INTERSECTION,FOUR-WAY INTERSECTION,STRAIGHT,NO DEFECTS,"TWO-WAY, NOT DIVIDED",39.00934341,-77.04897653,2648584259858213,3575492412491506,0,0,0,2021032919,7703596439001907,Hyundai,0,Unknown,Unknown,0.0,0.0,Unknown,Unknown,Unknown,0,0,LINDEN LA,County,WARREN ST,County,3575492412491506,20910,SILVER SPRING,82846.1568889,126320091.137,39.00190768010143,-77.03596497235911,11.3465,62.314857,0.0,0.0,0.0,5.4119864,273.814,210329197035990019,2021-03-29 19:00:00,19,PM,88,0,Monday,0,3,March,2021,0,Unknown
MCP91130079,DF905A021931459897F3C021B03EAD5C,False,NO APPARENT INJURY,NONE,NOT DISTRACTED,PASSENGER,STOPPED IN TRAFFIC LANE,North,DISABLING,40,False,False,3,3429855101518718,210011828,Montgomery County Police,Injury ,False,North,1,1,HILL UPHILL,False,False,DRIVER,SAME DIR REAR END,DRY,DAYLIGHT,NO CONTROLS,INTERSECTION RELATED,T-INTERSECTION,STRAIGHT,NO DEFECTS,"TWO-WAY, DIVIDED, UNPROTECTED PAINTED MIN 4 FEET",39.11796167,-77.0361,1498137660831595,6339823052022445,0,0,0,2021033008,7705486039088590,Chevrolet,2004,Tahoe,Sport Utility Vehicle - 4WD,8.0,5.3,Automatic 4,AWD,Regular Gasoline,13,17,LAYHILL RD,Maryland (State),CHESTER MILL RD,County,6339823052022445,20906,SILVER SPRING,133207.174949,359110751.771,39.08859082555049,-77.05486091907257,5.8824997,84.277374,0.0,0.0,0.0,9.83268,156.2505,210330087054890885,2021-03-30 08:00:00,8,AM,89,1,Tuesday,0,3,March,2021,0,Unknown
MCP91130079,BD36222B95164954A8B094D2DFCE6125,True,POSSIBLE INJURY,NONE,UNKNOWN,PASSENGER,MOVING CONSTANT SPEED,North,DISABLING,40,False,False,3,8801447996790425,210011828,Montgomery County Police,Injury ,False,North,1,1,HILL UPHILL,False,False,DRIVER,SAME DIR REAR END,DRY,DAYLIGHT,NO CONTROLS,INTERSECTION RELATED,T-INTERSECTION,STRAIGHT,NO DEFECTS,"TWO-WAY, DIVIDED, UNPROTECTED PAINTED MIN 4 FEET",39.11796167,-77.0361,1498137660831595,6339823052022445,0,0,0,2021033008,7705486039088590,Chevrolet,2012,Equinox,Sport Utility Vehicle - 2WD,4.0,2.4,Automatic 6,AWD,Regular Gasoline,16,23,LAYHILL RD,Maryland (State),CHESTER MILL RD,County,6339823052022445,20906,SILVER SPRING,133207.174949,359110751.771,39.08859082555049,-77.05486091907257,5.8824997,84.277374,0.0,0.0,0.0,9.83268,156.2505,210330087054890885,2021-03-30 08:00:00,8,AM,89,1,Tuesday,0,3,March,2021,0,Unknown
MCP91130079,F234636A55D441249D6DC89C83315855,False,POSSIBLE INJURY,NONE,NOT DISTRACTED,PASSENGER,STOPPED IN TRAFFIC LANE,North,SUPERFICIAL,40,False,False,3,1166604376810459,210011828,Montgomery County Police,Injury ,False,North,1,1,HILL UPHILL,False,False,DRIVER,SAME DIR REAR END,DRY,DAYLIGHT,NO CONTROLS,INTERSECTION RELATED,T-INTERSECTION,STRAIGHT,NO DEFECTS,"TWO-WAY, DIVIDED, UNPROTECTED PAINTED MIN 4 FEET",39.11796167,-77.0361,1498137660831595,6339823052022445,0,0,0,2021033008,7705486039088590,GMC,2017,Acadia,Standard Sport Utility Vehicle 2WD,6.0,3.6,Automatic 6,AWD,Regular Gasoline,15,25,LAYHILL RD,Maryland (State),CHESTER MILL RD,County,6339823052022445,20906,SILVER SPRING,133207.174949,359110751.771,39.08859082555049,-77.05486091907257,5.8824997,84.277374,0.0,0.0,0.0,9.83268,156.2505,210330087054890885,2021-03-30 08:00:00,8,AM,89,1,Tuesday,0,3,March,2021,0,Unknown
MCP3069004X,6AD5FEEE405E41AC9AF5AB104960B363,True,NO APPARENT INJURY,NONE,LOOKED BUT DID NOT SEE,PASSENGER,CHANGING LANES,South,DESTROYED,35,False,False,2,2556345945555715,210011875,Montgomery County Police,Property Damage ,False,South,1,3,LEVEL,False,False,DRIVER,SAME DIR REAR END,DRY,DAYLIGHT,NO CONTROLS,CROSSOVER RELATED,UNKNOWN,STRAIGHT,NO DEFECTS,ONE-WAY TRAFFICWAY,39.018245,-77.10247,5925405510732472,2696403938661764,0,0,0,2021033013,7710519939016894,Ford,2010,Fusion,Midsize Cars,4.0,2.5,Automatic 6,FWD,Regular Gasoline,22,27,ROCKVILLE PIKE,Maryland (State),END BRIDGE,UNKNOWN,2696403938661764,20814,BETHESDA,58373.8630538,68540697.609,39.016894075883464,-77.10519990449882,17.3345,39.962727,0.0,0.0,0.0,18.72,180.0,210330137105190168,2021-03-30 13:00:00,13,PM,89,1,Tuesday,0,3,March,2021,0,Unknown
MCP3069004X,84C84F83B6EF4A48A1C00D56DB2CA375,False,NO APPARENT INJURY,NONE,NOT DISTRACTED,PASSENGER,MOVING CONSTANT SPEED,South,DESTROYED,35,False,False,2,196173921405897,210011875,Montgomery County Police,Property Damage ,False,South,1,3,LEVEL,False,False,DRIVER,SAME DIR REAR END,DRY,DAYLIGHT,NO CONTROLS,CROSSOVER RELATED,UNKNOWN,STRAIGHT,NO DEFECTS,ONE-WAY TRAFFICWAY,39.018245,-77.10247,5925405510732472,2696403938661764,0,0,0,2021033013,7710519939016894,Toyota,2004,4Runner,Sport Utility Vehicle - 2WD,6.0,4.0,Automatic 4,AWD,Regular Gasoline,15,17,ROCKVILLE PIKE,Maryland (State),END BRIDGE,UNKNOWN,2696403938661764,20814,BETHESDA,58373.8630538,68540697.609,39.016894075883464,-77.10519990449882,17.3345,39.962727,0.0,0.0,0.0,18.72,180.0,210330137105190168,2021-03-30 13:00:00,13,PM,89,1,Tuesday,0,3,March,2021,0,Unknown
MCP3048006T,69890A568D7C4391807C1C917A5AABF1,False,NO APPARENT INJURY,UNKNOWN,NOT DISTRACTED,PASSENGER,MOVING CONSTANT SPEED,South,FUNCTIONAL,30,False,False,2,2150933454680424,210011878,Montgomery County Police,Property Damage ,False,South,1,1,LEVEL,False,False,UNKNOWN,ANGLE MEETS RIGHT TURN,DRY,DAYLIGHT,TRAFFIC SIGNAL,UNKNOWN,UNKNOWN,STRAIGHT,NO DEFECTS,"TWO-WAY, NOT DIVIDED",38.99561667,-77.077625,1627793738140795,9551889019279983,0,0,0,2021033013,7707842038983818,Mitsubishi,0,Unknown,Unknown,0.0,0.0,Unknown,Unknown,Unknown,0,0,CONNECTICUT AVE,Maryland (State),MANOR RD,County,9551889019279983,20815,CHEVY CHASE,78258.2702851,151813895.483,38.98381860627773,-77.07842006190148,17.224499,38.956436,0.0,0.0,0.0,19.164719,185.38922,210330137078489838,2021-03-30 13:00:00,13,PM,89,1,Tuesday,0,3,March,2021,0,Unknown
MCP3048006T,0ECCABEAEE7640DFA26AA9929E4F2788,False,NO APPARENT INJURY,UNKNOWN,NOT DISTRACTED,PASSENGER,MAKING RIGHT TURN,South,DISABLING,30,False,False,2,819104278288412,210011878,Montgomery County Police,Property Damage ,False,South,1,1,LEVEL,False,False,UNKNOWN,ANGLE MEETS RIGHT TURN,DRY,DAYLIGHT,TRAFFIC SIGNAL,UNKNOWN,UNKNOWN,STRAIGHT,NO DEFECTS,"TWO-WAY, NOT DIVIDED",38.99561667,-77.077625,1627793738140795,9551889019279983,0,0,0,2021033013,7707842038983818,Nissan,2012,Altima,Subcompact Cars,4.0,2.5,Automatic 6,FWD,Regular Gasoline,23,27,CONNECTICUT AVE,Maryland (State),MANOR RD,County,9551889019279983,20815,CHEVY CHASE,78258.2702851,151813895.483,38.98381860627773,-77.07842006190148,17.224499,38.956436,0.0,0.0,0.0,19.164719,185.38922,210330137078489838,2021-03-30 13:00:00,13,PM,89,1,Tuesday,0,3,March,2021,0,Unknown
MCP32300020,877670D7EED4456596988E026A4DED75,True,NO APPARENT INJURY,NONE,NOT DISTRACTED,EMERGENCY,SLOWING OR STOPPING,South,FUNCTIONAL,30,False,False,1,2595468722544565,210011925,Montgomery County Police,Property Damage ,False,South,1,1,LEVEL,False,False,DRIVER,SINGLE VEHICLE,DRY,DAYLIGHT,NO CONTROLS,INTERSECTION,T-INTERSECTION,STRAIGHT,NO DEFECTS,"TWO-WAY, DIVIDED, POSITIVE MEDIAN BARRIER",39.09114311,-77.06657807,5824363581978082,3368517285614201,0,0,0,2021033017,7705486039088590,Ford,2010,Crown Victoria,Large Cars,8.0,4.6,Automatic 4,RWD,Regular Gasoline,16,24,WEEPING WILLOW DRIVE,UNKNOWN,BEL PRE ROAD,UNKNOWN,3368517285614201,20906,SILVER SPRING,133207.174949,359110751.771,39.08859082555049,-77.05486091907257,18.2825,38.715885,0.0,0.0,0.0,17.673029,176.49654,210330177054890885,2021-03-30 17:00:00,17,PM,89,1,Tuesday,0,3,March,2021,0,Unknown
MCP2376000Y,4639E29E412B4B1C9A1C1D106C982C0C,True,NO APPARENT INJURY,NONE,INATTENTIVE OR LOST IN THOUGHT,PASSENGER,MOVING CONSTANT SPEED,West,DISABLING,25,False,False,1,5150116078631392,210011946,Montgomery County Police,Property Damage ,False,East,1,1,LEVEL,False,False,DRIVER,OPPOSITE DIRECTION SIDESWIPE,DRY,DARK LIGHTS ON,UNKNOWN,UNKNOWN,UNKNOWN,STRAIGHT,NO DEFECTS,ONE-WAY TRAFFICWAY,38.994915,-77.077202,3121826758356454,8190432855803153,0,0,0,2021033101,7707842038983818,GMC,2015,Yukon,Standard Sport Utility Vehicle 2WD,8.0,5.3,Automatic 6,4WD,Regular Gasoline,15,22,CHASE AVE,County,PEARL ST,County,8190432855803153,20815,CHEVY CHASE,78258.2702851,151813895.483,38.98381860627773,-77.07842006190148,11.6245,78.836754,0.0,0.0,0.0,14.685176,168.69011,210331017078489838,2021-03-31 01:00:00,1,AM,90,2,Wednesday,0,3,March,2021,0,Unknown