ReportNumber,VehicleCrashKey,DriverAtFault,DriverInjurySeverity,DriverSubstanceAbuse,DriverDistractedBy,VehicleType,VehicleMovement,VehicleGoingDir,VehicleDamageExtent,SpeedLimit,ParkedVehicle,SubstanceAbuseContributed,VehiclesCrashedTotal,VehicleKey,LocalCaseNumber,AgencyName,ACRSReportType,HitRun,LaneDirection,LaneNumber,NumberOfLanes,RoadGrade,NonTraffic,OffRoadIncident,AccidentAtFault,CollisionType,SurfaceCondition,Light,TrafficControl,Junction,IntersectionType,RoadAlignment,RoadCondition,RoadDivision,Latitude,Longitude,RoadKey_x,CrossStreetKey,NonMotoristTotal,NonMotoristInjury,NonMotoristFatal,DateHourKey,LocationAreaKey,Make,Year_x,BaseModel,BodyClass,Cylinders,Displacement,Transmission,Drivetrain,FuelType,CityMPG,HighwayMPG,RoadName_x,RouteType_x,RoadName_y,RouteType_y,RoadKey_y,Zipcode,MailCity,ShapeLength,ShapeArea,CentroidLatitude,CentroidLongitude,Temperature,Humidity,Precipitation,Rain,Snow,WindSpeed,WindDirection,WeatherKey,Datetime,Hour,TimeOfDay,DayNumber,WeekDayNumber,WeekDayName,WeekendFlag,MonthNumber,MonthName,Year_y,HolidayFlag,HolidayName
MCP23580086,BAEE379E479D4874804C376A24A815E1,True,NO APPARENT INJURY,NONE,NOT DISTRACTED,PASSENGER,SLOWING OR STOPPING,West,FUNCTIONAL,35,False,False,2,9565689006898651,210014439,Montgomery County Police,Property Damage ,False,East,2,2,LEVEL,False,False,DRIVER,SAME DIR REAR END,DRY,DAYLIGHT,TRAFFIC SIGNAL,INTERSECTION RELATED,FOUR-WAY INTERSECTION,STRAIGHT,NO DEFECTS,"TWO-WAY, NOT DIVIDED",38.99022875,-77.15261855,1363718650800826,7712635130901957,0,0,0,2021041811,7715220038996189,Jeep,2013,Grand Cherokee,Standard Sport Utility Vehicle 4WD,8.0,3.6,Automatic 5,4WD,Midgrade Gasoline,12,20,RIVER RD,Maryland (State),BURDETTE RD,County,7712635130901957,20817,BETHESDA,143234.920079,403664948.588,38.996189145680184,-77.15220044157795,14.042999,52.213192,0.0,0.0,0.0,5.3999996,306.86996,210418117152289961,2021-04-18 11:00:00,11,AM,108,6,Sunday,1,4,April,2021,0,Unknown
MCP23580086,865C7667E5C947A1ADB13052AC9DB3DC,False,NO APPARENT INJURY,NONE,NOT DISTRACTED,BUS,SLOWING OR STOPPING,West,FUNCTIONAL,35,False,False,2,240722642832247,210014439,Montgomery County Police,Property Damage ,False,East,2,2,LEVEL,False,False,DRIVER,SAME DIR REAR END,DRY,DAYLIGHT,TRAFFIC SIGNAL,INTERSECTION RELATED,FOUR-WAY INTERSECTION,STRAIGHT,NO DEFECTS,"TWO-WAY, NOT DIVIDED",38.99022875,-77.15261855,1363718650800826,7712635130901957,0,0,0,2021041811,7715220038996189,Gillig,0,Unknown,Unknown,0.0,0.0,Unknown,Unknown,Unknown,0,0,RIVER RD,Maryland (State),BURDETTE RD,County,7712635130901957,20817,BETHESDA,143234.920079,403664948.588,38.996189145680184,-77.15220044157795,14.042999,52.213192,0.0,0.0,0.0,5.3999996,306.86996,210418117152289961,2021-04-18 11:00:00,11,AM,108,6,Sunday,1,4,April,2021,0,Unknown
MCP9318001G,FCFE24E6BB764D07B21193AD86F7E5DF,True,NO APPARENT INJURY,UNKNOWN,UNKNOWN,PASSENGER,MOVING CONSTANT SPEED,North,UNKNOWN,40,False,False,2,8525273505217250,210014487,Montgomery County Police,Property Damage ,True,North,3,3,LEVEL,False,False,DRIVER,SAME DIR REAR END,DRY,DARK LIGHTS ON,TRAFFIC SIGNAL,INTERSECTION,FOUR-WAY INTERSECTION,STRAIGHT,NO DEFECTS,"TWO-WAY, DIVIDED, POSITIVE MEDIAN BARRIER",39.01492712,-76.97768774,8901981419077344,4991976696759948,0,0,0,2021041821,7698354239018293,Toyota,2009,Camry,Midsize Cars,4.0,2.4,Automatic 5,FWD,Regular Gasoline,21,31,NEW HAMPSHIRE AVE,Maryland (State),OAKVIEW DR,County,4991976696759948,20903,SILVER SPRING,50204.7192451,65972447.4483,39.01829365940637,-76.9835422251861,11.2845,72.82403,0.0,0.0,0.0,5.5887027,255.06853,210418216983590182,2021-04-18 21:00:00,21,PM,108,6,Sunday,1,4,April,2021,0,Unknown
MCP9318001G,DFDF16F85C734CC7BEACD45AD8E7CF13,False,NO APPARENT INJURY,NONE,NOT DISTRACTED,PASSENGER,STOPPED IN TRAFFIC LANE,North,SUPERFICIAL,40,False,False,2,6014770629431343,210014487,Montgomery County Police,Property Damage ,True,North,3,3,LEVEL,False,False,DRIVER,SAME DIR REAR END,DRY,DARK LIGHTS ON,TRAFFIC SIGNAL,INTERSECTION,FOUR-WAY INTERSECTION,STRAIGHT,NO DEFECTS,"TWO-WAY, DIVIDED, POSITIVE MEDIAN BARRIER",39.01492712,-76.97768774,8901981419077344,4991976696759948,0,0,0,2021041821,7698354239018293,Infiniti,0,Unknown,Unknown,0.0,0.0,Unknown,Unknown,Unknown,0,0,NEW HAMPSHIRE AVE,Maryland (State),OAKVIEW DR,County,4991976696759948,20903,SILVER SPRING,50204.7192451,65972447.4483,39.01829365940637,-76.9835422251861,11.2845,72.82403,0.0,0.0,0.0,5.5887027,255.06853,210418216983590182,2021-04-18 21:00:00,21,PM,108,6,Sunday,1,4,April,2021,0,Unknown
MCP23580087,6557805AA372494893502FF800073483,True,NO APPARENT INJURY,NONE,NOT DISTRACTED,PASSENGER,MOVING CONSTANT SPEED,North,DISABLING,25,False,False,1,7318984868857547,210014528,Montgomery County Police,Property Damage ,False,North,1,1,LEVEL,False,False,DRIVER,HEAD ON,DRY,DAYLIGHT,NO CONTROLS,NON INTERSECTION,UNKNOWN,STRAIGHT,NO DEFECTS,"TWO-WAY, NOT DIVIDED",39.01722073,-77.12456123,9340868756150667,1018562337104396,0,0,0,2021041909,7715220038996189,Honda,2018,Fit,Small Station Wagons,4.0,1.5,Automatic 7,FWD,Regular Gasoline,29,36,ASHBURTON LA,County,CARNEGIE DR,County,1018562337104396,20817,BETHESDA,143234.920079,403664948.588,38.996189145680184,-77.15220044157795,12.342999,74.52382,0.0,0.0,0.0,7.8954163,226.8476,210419097152289961,2021-04-19 09:00:00,9,AM,109,0,Monday,0,4,April,2021,0,Unknown
MCP2182002L,5B29D3FE68B547388CADAEFBD8B291DE,True,NO APPARENT INJURY,UNKNOWN,UNKNOWN,UNKNOWN,CHANGING LANES,East,NO DAMAGE,40,False,False,2,8168321465439775,210014541,Montgomery County Police,Property Damage ,True,East,1,3,LEVEL,False,False,DRIVER,SAME DIR REAR END,DRY,DAYLIGHT,TRAFFIC SIGNAL,UNKNOWN,UNKNOWN,STRAIGHT,NO DEFECTS,"TWO-WAY, DIVIDED, POSITIVE MEDIAN BARRIER",39.05614382,-77.08260037,9290911226978796,8073720238398338,0,0,0,2021041911,7705486039088590,Unknown,0,Unknown,Unknown,0.0,0.0,Unknown,Unknown,Unknown,0,0,VEIRS MILL RD,Maryland (State),RANDOLPH RD,County,8073720238398338,20906,SILVER SPRING,133207.174949,359110751.771,39.08859082555049,-77.05486091907257,12.5325,76.605965,0.2,0.2,0.0,7.8954163,226.8476,210419117054890885,2021-04-19 11:00:00,11,AM,109,0,Monday,0,4,April,2021,0,Unknown
MCP2182002L,513C35B8687D4E71A9E73EC5A1541629,False,NO APPARENT INJURY,UNKNOWN,NOT DISTRACTED,EMERGENCY,CHANGING LANES,East,NO DAMAGE,40,False,False,2,9029915557031419,210014541,Montgomery County Police,Property Damage ,True,East,1,3,LEVEL,False,False,DRIVER,SAME DIR REAR END,DRY,DAYLIGHT,TRAFFIC SIGNAL,UNKNOWN,UNKNOWN,STRAIGHT,NO DEFECTS,"TWO-WAY, DIVIDED, POSITIVE MEDIAN BARRIER",39.05614382,-77.08260037,9290911226978796,8073720238398338,0,0,0,2021041911,7705486039088590,Pierce,0,Unknown,Unknown,0.0,0.0,Unknown,Unknown,Unknown,0,0,VEIRS MILL RD,Maryland (State),RANDOLPH RD,County,8073720238398338,20906,SILVER SPRING,133207.174949,359110751.771,39.08859082555049,-77.05486091907257,12.5325,76.605965,0.2,0.2,0.0,7.8954163,226.8476,210419117054890885,2021-04-19 11:00:00,11,AM,109,0,Monday,0,4,April,2021,0,Unknown
MCP2278003B,94222E63036844148A89873944BE3953,False,NO APPARENT INJURY,NONE,NOT DISTRACTED,PASSENGER,MAKING RIGHT TURN,East,DISABLING,30,False,False,2,2156627491655861,210014548,Montgomery County Police,Property Damage ,True,East,0,2,HILL UPHILL,False,False,DRIVER,STRAIGHT MOVEMENT ANGLE,WET,DAYLIGHT,TRAFFIC SIGNAL,INTERSECTION,FOUR-WAY INTERSECTION,STRAIGHT,NO DEFECTS,"TWO-WAY, DIVIDED, POSITIVE MEDIAN BARRIER",38.97695,-77.09068,7307765282026999,7806589269723106,0,0,0,2021041911,7707842038983818,BMW,2012,X3,Sport Utility Vehicle - 4WD,6.0,3.0,Automatic 8,AWD,Premium Gasoline,19,25,WISCONSIN AVE,Maryland (State),BRADLEY LA,Maryland (State),7806589269723106,20815,CHEVY CHASE,78258.2702851,151813895.483,38.98381860627773,-77.07842006190148,12.2245,78.65906,0.2,0.2,0.0,8.942214,220.10085,210419117078489838,2021-04-19 11:00:00,11,AM,109,0,Monday,0,4,April,2021,0,Unknown
MCP2278003B,FC3385EB16C24FB0AFFED8695A9E6789,True,NO APPARENT INJURY,UNKNOWN,UNKNOWN,PASSENGER,MOVING CONSTANT SPEED,West,FUNCTIONAL,35,False,False,2,2553140374622578,210014548,Montgomery County Police,Property Damage ,True,East,0,2,HILL UPHILL,False,False,DRIVER,STRAIGHT MOVEMENT ANGLE,WET,DAYLIGHT,TRAFFIC SIGNAL,INTERSECTION,FOUR-WAY INTERSECTION,STRAIGHT,NO DEFECTS,"TWO-WAY, DIVIDED, POSITIVE MEDIAN BARRIER",38.97695,-77.09068,7307765282026999,7806589269723106,0,0,0,2021041911,7707842038983818,BMW,2011,X5,Sport Utility Vehicle - 4WD,6.0,3.0,Automatic 6,AWD,Premium Gasoline,12,17,WISCONSIN AVE,Maryland (State),BRADLEY LA,Maryland (State),7806589269723106,20815,CHEVY CHASE,78258.2702851,151813895.483,38.98381860627773,-77.07842006190148,12.2245,78.65906,0.2,0.2,0.0,8.942214,220.10085,210419117078489838,2021-04-19 11:00:00,11,AM,109,0,Monday,0,4,April,2021,0,Unknown
MCP23480061,41E538DB6341422CA7C641861C13B762,True,FATAL INJURY,UNKNOWN,UNKNOWN,MOTORCYCLE,CHANGING LANES,West,DISABLING,35,False,False,3,9358502146094768,210014558,Montgomery County Police,Fatal ,False,West,2,4,GRADE DOWNHILL,False,False,DRIVER,SAME DIRECTION SIDESWIPE,DRY,DAYLIGHT,TRAFFIC SIGNAL,NON INTERSECTION,UNKNOWN,CURVE RIGHT,NO DEFECTS,"TWO-WAY, DIVIDED, POSITIVE MEDIAN BARRIER",38.98675833,-77.14421333,1363718650800826,8431981656414478,0,0,0,2021041911,7715220038996189,Yamaha,0,Unknown,Unknown,0.0,0.0,Unknown,Unknown,Unknown,0,0,RIVER RD,Maryland (State),BEECH TREE RD,County,8431981656414478,20817,BETHESDA,143234.920079,403664948.588,38.996189145680184,-77.15220044157795,12.092999,80.79478,0.3,0.3,0.0,8.404285,223.26433,210419117152289961,2021-04-19 11:00:00,11,AM,109,0,Monday,0,4,April,2021,0,Unknown
MCP23480061,AE1A0E4ED36E49769DA137BB093F3E70,False,NO APPARENT INJURY,NONE,NOT DISTRACTED,PASSENGER,STOPPED IN TRAFFIC LANE,South,DISABLING,35,False,False,3,2528170676785383,210014558,Montgomery County Police,Fatal ,False,West,2,4,GRADE DOWNHILL,False,False,DRIVER,SAME DIRECTION SIDESWIPE,DRY,DAYLIGHT,TRAFFIC SIGNAL,NON INTERSECTION,UNKNOWN,CURVE RIGHT,NO DEFECTS,"TWO-WAY, DIVIDED, POSITIVE MEDIAN BARRIER",38.98675833,-77.14421333,1363718650800826,8431981656414478,0,0,0,2021041911,7715220038996189,Ford,2020,Transit Connect,Special Purpose Vehicle 2WD,4.0,2.0,Automatic 8,FWD,Regular Gasoline,24,27,RIVER RD,Maryland (State),BEECH TREE RD,County,8431981656414478,20817,BETHESDA,143234.920079,403664948.588,38.996189145680184,-77.15220044157795,12.092999,80.79478,0.3,0.3,0.0,8.404285,223.26433,210419117152289961,2021-04-19 11:00:00,11,AM,109,0,Monday,0,4,April,2021,0,Unknown
MCP23480061,1E6265A0203F483F8CCF0BD707A49295,False,NO APPARENT INJURY,NONE,NOT DISTRACTED,TRUCK,MOVING CONSTANT SPEED,West,SUPERFICIAL,35,False,False,3,1836878414157334,210014558,Montgomery County Police,Fatal ,False,West,2,4,GRADE DOWNHILL,False,False,DRIVER,SAME DIRECTION SIDESWIPE,DRY,DAYLIGHT,TRAFFIC SIGNAL,NON INTERSECTION,UNKNOWN,CURVE RIGHT,NO DEFECTS,"TWO-WAY, DIVIDED, POSITIVE MEDIAN BARRIER",38.98675833,-77.14421333,1363718650800826,8431981656414478,0,0,0,2021041911,7715220038996189,Peterbilt,0,Unknown,Unknown,0.0,0.0,Unknown,Unknown,Unknown,0,0,RIVER RD,Maryland (State),BEECH TREE RD,County,8431981656414478,20817,BETHESDA,143234.920079,403664948.588,38.996189145680184,-77.15220044157795,12.092999,80.79478,0.3,0.3,0.0,8.404285,223.26433,210419117152289961,2021-04-19 11:00:00,11,AM,109,0,Monday,0,4,April,2021,0,Unknown
MCP30260068,F4339D3E59EF4CE4AB2280A4EACB44AC,False,NO APPARENT INJURY,NONE,LOOKED BUT DID NOT SEE,OTHER,MOVING CONSTANT SPEED,South,SUPERFICIAL,35,False,False,2,8656294072768819,210014552,Montgomery County Police,Property Damage ,False,North,1,3,LEVEL,False,False,DRIVER,SAME DIRECTION SIDESWIPE,DRY,DAYLIGHT,TRAFFIC SIGNAL,INTERSECTION,T-INTERSECTION,STRAIGHT,NO DEFECTS,"TWO-WAY, DIVIDED, POSITIVE MEDIAN BARRIER",38.96721016,-77.08873689,7307765282026999,6784661058996907,0,0,0,2021041911,7707842038983818,Sterling,0,Unknown,Unknown,0.0,0.0,Unknown,Unknown,Unknown,0,0,WISCONSIN AVE,Maryland (State),DORSET AVE,Municipality,6784661058996907,20815,CHEVY CHASE,78258.2702851,151813895.483,38.98381860627773,-77.07842006190148,12.2245,78.65906,0.2,0.2,0.0,8.942214,220.10085,210419117078489838,2021-04-19 11:00:00,11,AM,109,0,Monday,0,4,April,2021,0,Unknown
MCP30260068,8F70ACE60CCF4A04AE3D4235A63CA5D4,True,NO APPARENT INJURY,NONE,NOT DISTRACTED,EMERGENCY,MOVING CONSTANT SPEED,South,SUPERFICIAL,35,False,False,2,9029915557031419,210014552,Montgomery County Police,Property Damage ,False,North,1,3,LEVEL,False,False,DRIVER,SAME DIRECTION SIDESWIPE,DRY,DAYLIGHT,TRAFFIC SIGNAL,INTERSECTION,T-INTERSECTION,STRAIGHT,NO DEFECTS,"TWO-WAY, DIVIDED, POSITIVE MEDIAN BARRIER",38.96721016,-77.08873689,7307765282026999,6784661058996907,0,0,0,2021041911,7707842038983818,Pierce,0,Unknown,Unknown,0.0,0.0,Unknown,Unknown,Unknown,0,0,WISCONSIN AVE,Maryland (State),DORSET AVE,Municipality,6784661058996907,20815,CHEVY CHASE,78258.2702851,151813895.483,38.98381860627773,-77.07842006190148,12.2245,78.65906,0.2,0.2,0.0,8.942214,220.10085,210419117078489838,2021-04-19 11:00:00,11,AM,109,0,Monday,0,4,April,2021,0,Unknown
MCP3284000M,92AB5DC9D8164E6BA6C1C0937C4E5A1E,True,NO APPARENT INJURY,NONE,INATTENTIVE OR LOST IN THOUGHT,PASSENGER,MOVING CONSTANT SPEED,West,SUPERFICIAL,25,False,False,1,114196020420003,210014646,Montgomery County Police,Property Damage ,False,West,1,2,LEVEL,False,False,DRIVER,SAME DIR REAR END,DRY,DAYLIGHT,UNKNOWN,UNKNOWN,UNKNOWN,STRAIGHT,NO DEFECTS,"TWO-WAY, NOT DIVIDED",39.015565,-76.979988,4991976696759948,2999475476718347,0,0,0,2021041918,7698354239018293,Toyota,2003,Avalon,Large Cars,6.0,3.0,Automatic 4,FWD,Regular Gasoline,19,27,OAKVIEW DR,County,PARHAM RD,County,2999475476718347,20903,SILVER SPRING,50204.7192451,65972447.4483,39.01829365940637,-76.9835422251861,15.4845,56.54364,0.0,0.0,0.0,5.937272,165.96373,210419186983590182,2021-04-19 18:00:00,18,PM,109,0,Monday,0,4,April,2021,0,Unknown
MCP3122003Y,77507FEF2E5745F49D02FD237964353D,True,NO APPARENT INJURY,UNKNOWN,NOT DISTRACTED,PASSENGER,MOVING CONSTANT SPEED,West,DISABLING,25,False,False,1,8922103705488992,210014680,Montgomery County Police,Property Damage ,True,West,1,2,LEVEL,False,False,DRIVER,SAME DIRECTION SIDESWIPE,DRY,DARK -- UNKNOWN LIGHTING,NO CONTROLS,UNKNOWN,UNKNOWN,STRAIGHT,NO DEFECTS,"TWO-WAY, DIVIDED, UNPROTECTED PAINTED MIN 4 FEET",39.10149667,-77.05231667,8903437844932022,156673191044711,0,0,0,2021042001,7705486039088590,Dodge,2017,Durango,Standard Sport Utility Vehicle 2WD,6.0,3.6,Automatic 8,RWD,Midgrade Gasoline,14,22,LONGMEAD CROSSING DR,County,LADY MEADE DR,UNKNOWN,156673191044711,20906,SILVER SPRING,133207.174949,359110751.771,39.08859082555049,-77.05486091907257,8.0825,82.50286,0.0,0.0,0.0,10.739832,219.55963,210420017054890885,2021-04-20 01:00:00,1,AM,110,1,Tuesday,0,4,April,2021,0,Unknown
MCP2539001M,6AF48DA8D47B40DDA008B6183CCAF700,True,NO APPARENT INJURY,NONE,NOT DISTRACTED,EMERGENCY,PARKING,South,NO DAMAGE,25,False,False,1,3777471145525457,210014652,Montgomery County Police,Property Damage ,False,South,1,1,LEVEL,False,False,DRIVER,SINGLE VEHICLE,DRY,DARK LIGHTS ON,NO CONTROLS,NON INTERSECTION,UNKNOWN,STRAIGHT,NO DEFECTS,"TWO-WAY, NOT DIVIDED",38.97962463,-77.10108878,5412504154420951,8511371097057644,0,0,0,2021042001,7710072538987731,Ford,2013,Explorer,Standard Sport Utility Vehicle 2WD,6.0,3.5,Automatic 6,AWD,Regular Gasoline,17,23,EXFAIR RD,County,CLARENDON RD,County,8511371097057644,20814,BETHESDA,46411.6876883,47837334.4314,38.98773167577017,-77.10072590539887,8.3485,84.26885,0.0,0.0,0.0,10.009036,217.6943,210420017100789877,2021-04-20 01:00:00,1,AM,110,1,Tuesday,0,4,April,2021,0,Unknown
MCP209400H9,C4570C9075AA4D4BA3414C0AB6D95571,True,POSSIBLE INJURY,NONE,UNKNOWN,PASSENGER,MOVING CONSTANT SPEED,East,DISABLING,5,False,False,1,5157335026219514,210014670,Montgomery County Police,Injury ,False,East,1,1,GRADE DOWNHILL,False,False,DRIVER,OTHER,DRY,DAYLIGHT,NO CONTROLS,NON INTERSECTION,UNKNOWN,CURVE LEFT,NO DEFECTS,"TWO-WAY, NOT DIVIDED",38.98950833,-77.08439167,3754507367756752,8288984924881701,0,0,0,2021042008,7710072538987731,Ford,2013,Taurus,Large Cars,6.0,3.5,Automatic 6,AWD,Regular Gasoline,18,26,KENTBURY DR,County,KENTBURY WAY,County,8288984924881701,20814,BETHESDA,46411.6876883,47837334.4314,38.98773167577017,-77.10072590539887,10.2985,78.90919,0.0,0.0,0.0,7.7043357,217.40543,210420087100789877,2021-04-20 08:00:00,8,AM,110,1,Tuesday,0,4,April,2021,0,Unknown
MCP3264001K,75E539B3350A41A9ACE0F486AB593274,False,NO APPARENT INJURY,NONE,NOT DISTRACTED,PASSENGER,MOVING CONSTANT SPEED,North,FUNCTIONAL,35,False,False,2,4595510051903263,210014714,Montgomery County Police,Property Damage ,False,South,0,3,LEVEL,False,False,DRIVER,STRAIGHT MOVEMENT ANGLE,DRY,DAYLIGHT,TRAFFIC SIGNAL,INTERSECTION,T-INTERSECTION,STRAIGHT,NO DEFECTS,"TWO-WAY, DIVIDED, POSITIVE MEDIAN BARRIER",38.99018167,-77.02462833,5660893524410086,8368871616036332,0,0,0,2021042011,7703596439001907,Honda,0,Unknown,Unknown,0.0,0.0,Unknown,Unknown,Unknown,0,0,GEORGIA AVE,US (State),SLIGO AVE,County,8368871616036332,20910,SILVER SPRING,82846.1568889,126320091.137,39.00190768010143,-77.03596497235911,19.5965,43.212242,0.0,0.0,0.0,9.178235,205.55992,210420117035990019,2021-04-20 11:00:00,11,AM,110,1,Tuesday,0,4,April,2021,0,Unknown
MCP3264001K,E3B326CB9EFC4D5CABF9C3F750701F84,True,NO APPARENT INJURY,NONE,LOOKED BUT DID NOT SEE,EMERGENCY,MAKING LEFT TURN,South,DISABLING,35,False,False,2,7109429553076935,210014714,Montgomery County Police,Property Damage ,False,South,0,3,LEVEL,False,False,DRIVER,STRAIGHT MOVEMENT ANGLE,DRY,DAYLIGHT,TRAFFIC SIGNAL,INTERSECTION,T-INTERSECTION,STRAIGHT,NO DEFECTS,"TWO-WAY, DIVIDED, POSITIVE MEDIAN BARRIER",38.99018167,-77.02462833,5660893524410086,8368871616036332,0,0,0,2021042011,7703596439001907,Volvo,0,Unknown,Unknown,0.0,0.0,Unknown,Unknown,Unknown,0,0,GEORGIA AVE,US (State),SLIGO AVE,County,8368871616036332,20910,SILVER SPRING,82846.1568889,126320091.137,39.00190768010143,-77.03596497235911,19.5965,43.212242,0.0,0.0,0.0,9.178235,205.55992,210420117035990019,2021-04-20 11:00:00,11,AM,110,1,Tuesday,0,4,April,2021,0,Unknown
MCP3162003Q,44873CB21EE74128A1FD5E7EB5261343,True,NO APPARENT INJURY,NONE,NOT DISTRACTED,PASSENGER,MOVING CONSTANT SPEED,North,FUNCTIONAL,35,False,False,2,6014770629431343,210014732,Montgomery County Police,Property Damage ,False,South,1,3,LEVEL,False,False,DRIVER,STRAIGHT MOVEMENT ANGLE,DRY,DAYLIGHT,TRAFFIC SIGNAL,INTERSECTION,TRAFFIC CIRCLE,STRAIGHT,NO DEFECTS,OTHER,38.99251,-77.03616167,2838165004721940,118399697147806,0,0,0,2021042014,7703596439001907,Infiniti,0,Unknown,Unknown,0.0,0.0,Unknown,Unknown,Unknown,0,0,COLESVILLE RD,Maryland (State),16TH ST,Maryland (State),118399697147806,20910,SILVER SPRING,82846.1568889,126320091.137,39.00190768010143,-77.03596497235911,21.8965,36.114292,0.0,0.0,0.0,16.595179,192.5288,210420147035990019,2021-04-20 14:00:00,14,PM,110,1,Tuesday,0,4,April,2021,0,Unknown
MCP3162003Q,5438CFE669FF4B2EBE70AFD31A4B09E1,False,NO APPARENT INJURY,NONE,NOT DISTRACTED,PASSENGER,MOVING CONSTANT SPEED,South,FUNCTIONAL,35,False,False,2,8243785710568087,210014732,Montgomery County Police,Property Damage ,False,South,1,3,LEVEL,False,False,DRIVER,STRAIGHT MOVEMENT ANGLE,DRY,DAYLIGHT,TRAFFIC SIGNAL,INTERSECTION,TRAFFIC CIRCLE,STRAIGHT,NO DEFECTS,OTHER,38.99251,-77.03616167,2838165004721940,118399697147806,0,0,0,2021042014,7703596439001907,Toyota,2011,Camry,Midsize Cars,4.0,2.5,Automatic 6,FWD,Regular Gasoline,22,29,COLESVILLE RD,Maryland (State),16TH ST,Maryland (State),118399697147806,20910,SILVER SPRING,82846.1568889,126320091.137,39.00190768010143,-77.03596497235911,21.8965,36.114292,0.0,0.0,0.0,16.595179,192.5288,210420147035990019,2021-04-20 14:00:00,14,PM,110,1,Tuesday,0,4,April,2021,0,Unknown
MCP31970025,F2FFDFC0B1024065BF4E73DB230AF951,True,POSSIBLE INJURY,NONE,LOOKED BUT DID NOT SEE,PASSENGER,MOVING CONSTANT SPEED,North,DISABLING,30,False,False,2,2553140290734483,210014764,Montgomery County Police,Injury ,False,North,3,3,LEVEL,False,False,DRIVER,SAME DIR REAR END,DRY,DAYLIGHT,NO CONTROLS,NON INTERSECTION,UNKNOWN,STRAIGHT,NO DEFECTS,"TWO-WAY, DIVIDED, POSITIVE MEDIAN BARRIER",39.060795,-77.050836,1498137660831595,8554262040045692,0,0,0,2021042016,7705486039088590,BMW,2016,X5,Standard Sport Utility Vehicle 4WD,6.0,3.0,Automatic 8,AWD,Premium Gasoline,18,25,LAYHILL RD,Maryland (State),GEORGIA AVE,Maryland (State),8554262040045692,20906,SILVER SPRING,133207.174949,359110751.771,39.08859082555049,-77.05486091907257,22.2325,31.965553,0.0,0.0,0.0,15.141414,198.00426,210420167054890885,2021-04-20 16:00:00,16,PM,110,1,Tuesday,0,4,April,2021,0,Unknown
MCP31970025,A969F0FFF24C49D28ECFAA897DC72607,False,NO APPARENT INJURY,NONE,NOT DISTRACTED,PASSENGER,MAKING RIGHT TURN,North,FUNCTIONAL,30,False,False,2,5115928373601723,210014764,Montgomery County Police,Injury ,False,North,3,3,LEVEL,False,False,DRIVER,SAME DIR REAR END,DRY,DAYLIGHT,NO CONTROLS,NON INTERSECTION,UNKNOWN,STRAIGHT,NO DEFECTS,"TWO-WAY, DIVIDED, POSITIVE MEDIAN BARRIER",39.060795,-77.050836,1498137660831595,8554262040045692,0,0,0,2021042016,7705486039088590,Honda,2004,Pilot,Sport Utility Vehicle - 4WD,6.0,3.5,Automatic 5,AWD,Regular Gasoline,15,21,LAYHILL RD,Maryland (State),GEORGIA AVE,Maryland (State),8554262040045692,20906,SILVER SPRING,133207.174949,359110751.771,39.08859082555049,-77.05486091907257,22.2325,31.965553,0.0,0.0,0.0,15.141414,198.00426,210420167054890885,2021-04-20 16:00:00,16,PM,110,1,Tuesday,0,4,April,2021,0,Unknown
MCP2723005H,931588D6E9F84B9295C1F2C0E6B7CB00,False,NO APPARENT INJURY,NONE,NOT DISTRACTED,PASSENGER,STOPPED IN TRAFFIC LANE,West,SUPERFICIAL,35,False,False,2,3942152399345776,210014771,Montgomery County Police,Property Damage ,False,West,2,3,LEVEL,False,False,DRIVER,SAME DIR REAR END,DRY,DAYLIGHT,TRAFFIC SIGNAL,INTERSECTION,FOUR-WAY INTERSECTION,STRAIGHT,NO DEFECTS,"TWO-WAY, NOT DIVIDED",39.09135833,-77.03187167,3786639377990067,6376360919158303,0,0,0,2021042017,7705486039088590,Nissan,2008,Versa,Midsize Cars,4.0,1.8,Automatic 4,FWD,Regular Gasoline,24,31,BEL PRE RD,County,PARKER FARM WAY,Other Public Roadway,6376360919158303,20906,SILVER SPRING,133207.174949,359110751.771,39.08859082555049,-77.05486091907257,21.6325,34.33216,0.0,0.0,0.0,15.84,180.0,210420177054890885,2021-04-20 17:00:00,17,PM,110,1,Tuesday,0,4,April,2021,0,Unknown
MCP2723005H,09A45C513B4049478E42C4293B2EF5D7,True,NO APPARENT INJURY,NONE,UNKNOWN,PASSENGER,SLOWING OR STOPPING,West,SUPERFICIAL,35,False,False,2,273510523350559,210014771,Montgomery County Police,Property Damage ,False,West,2,3,LEVEL,False,False,DRIVER,SAME DIR REAR END,DRY,DAYLIGHT,TRAFFIC SIGNAL,INTERSECTION,FOUR-WAY INTERSECTION,STRAIGHT,NO DEFECTS,"TWO-WAY, NOT DIVIDED",39.09135833,-77.03187167,3786639377990067,6376360919158303,0,0,0,2021042017,7705486039088590,Dodge,2018,Journey,Small Sport Utility Vehicle 2WD,6.0,3.6,Automatic 6,FWD,Regular Gasoline,16,25,BEL PRE RD,County,PARKER FARM WAY,Other Public Roadway,6376360919158303,20906,SILVER SPRING,133207.174949,359110751.771,39.08859082555049,-77.05486091907257,21.6325,34.33216,0.0,0.0,0.0,15.84,180.0,210420177054890885,2021-04-20 17:00:00,17,PM,110,1,Tuesday,0,4,April,2021,0,Unknown