ReportNumber,VehicleCrashKey,DriverAtFault,DriverInjurySeverity,DriverSubstanceAbuse,DriverDistractedBy,VehicleType,VehicleMovement,VehicleGoingDir,VehicleDamageExtent,SpeedLimit,ParkedVehicle,SubstanceAbuseContributed,VehiclesCrashedTotal,VehicleKey,LocalCaseNumber,AgencyName,ACRSReportType,HitRun,LaneDirection,LaneNumber,NumberOfLanes,RoadGrade,NonTraffic,OffRoadIncident,AccidentAtFault,CollisionType,SurfaceCondition,Light,TrafficControl,Junction,IntersectionType,RoadAlignment,RoadCondition,RoadDivision,Latitude,Longitude,RoadKey_x,CrossStreetKey,NonMotoristTotal,NonMotoristInjury,NonMotoristFatal,DateHourKey,LocationAreaKey,Make,Year_x,BaseModel,BodyClass,Cylinders,Displacement,Transmission,Drivetrain,FuelType,CityMPG,HighwayMPG,RoadName_x,RouteType_x,RoadName_y,RouteType_y,RoadKey_y,Zipcode,MailCity,ShapeLength,ShapeArea,CentroidLatitude,CentroidLongitude,Temperature,Humidity,Precipitation,Rain,Snow,WindSpeed,WindDirection,WeatherKey,Datetime,Hour,TimeOfDay,DayNumber,WeekDayNumber,WeekDayName,WeekendFlag,MonthNumber,MonthName,Year_y,HolidayFlag,HolidayName
MCP3010005M,1694315F531242269D31BFDC4F421D20,False,NO APPARENT INJURY,UNKNOWN,NOT DISTRACTED,PASSENGER,MAKING LEFT TURN,North,DISABLING,30,False,False,2,4595510051903263,210014811,Montgomery County Police,Property Damage ,False,North,3,3,LEVEL,False,False,DRIVER,STRAIGHT MOVEMENT ANGLE,DRY,DAWN,FLASHING TRAFFIC SIGNAL,INTERSECTION,Y-INTERSECTION,STRAIGHT,NO DEFECTS,"TWO-WAY, DIVIDED, POSITIVE MEDIAN BARRIER",39.00446667,-77.09724,5925405510732472,6434011976443352,0,0,0,2021042105,7709047139001824,Honda,0,Unknown,Unknown,0.0,0.0,Unknown,Unknown,Unknown,0,0,ROCKVILLE PIKE,Maryland (State),ENT TO NATIONAL NAVAL MEDICAL CTR,UNKNOWN,6434011976443352,20889,BETHESDA,13519.8810592,10781552.967,39.00182400847492,-77.09047126593259,12.528501,64.57031,0.0,0.0,0.0,16.766108,194.93147,210421057090490018,2021-04-21 05:00:00,5,AM,111,2,Wednesday,0,4,April,2021,0,Unknown
MCP3010005M,271B19B6FC8C45559065011223C0D665,True,NO APPARENT INJURY,UNKNOWN,NOT DISTRACTED,PASSENGER,MOVING CONSTANT SPEED,South,DISABLING,30,False,False,2,1032943015775874,210014811,Montgomery County Police,Property Damage ,False,North,3,3,LEVEL,False,False,DRIVER,STRAIGHT MOVEMENT ANGLE,DRY,DAWN,FLASHING TRAFFIC SIGNAL,INTERSECTION,Y-INTERSECTION,STRAIGHT,NO DEFECTS,"TWO-WAY, DIVIDED, POSITIVE MEDIAN BARRIER",39.00446667,-77.09724,5925405510732472,6434011976443352,0,0,0,2021042105,7709047139001824,Toyota,2010,Corolla,Compact Cars,4.0,1.8,Manual 5,FWD,Regular Gasoline,22,30,ROCKVILLE PIKE,Maryland (State),ENT TO NATIONAL NAVAL MEDICAL CTR,UNKNOWN,6434011976443352,20889,BETHESDA,13519.8810592,10781552.967,39.00182400847492,-77.09047126593259,12.528501,64.57031,0.0,0.0,0.0,16.766108,194.93147,210421057090490018,2021-04-21 05:00:00,5,AM,111,2,Wednesday,0,4,April,2021,0,Unknown
MCP2496002L,A7FCE5C7506F462CB6BDA5655DD4C812,False,POSSIBLE INJURY,NONE,NOT DISTRACTED,PASSENGER,SLOWING OR STOPPING,West,SUPERFICIAL,25,False,False,2,4231424009270268,210014514,Montgomery County Police,Injury ,False,West,1,1,GRADE DOWNHILL,False,False,DRIVER,SAME DIR REAR END,DRY,DAYLIGHT,TRAFFIC SIGNAL,INTERSECTION,T-INTERSECTION,CURVE LEFT,NO DEFECTS,ONE-WAY TRAFFICWAY,39.01411938,-77.04186738,8554262040045692,6642601588594235,0,0,0,2021042107,7703596439001907,Lexus,0,Unknown,Unknown,0.0,0.0,Unknown,Unknown,Unknown,0,0,GEORGIA AVE,Maryland (State),RAMP 4 FR MD 97 NB TO IS 495 EB,Ramp,6642601588594235,20910,SILVER SPRING,82846.1568889,126320091.137,39.00190768010143,-77.03596497235911,12.1965,69.81546,0.0,0.0,0.0,17.114204,194.62091,210421077035990019,2021-04-21 07:00:00,7,AM,111,2,Wednesday,0,4,April,2021,0,Unknown
MCP2496002L,3D867C3ED4F64B88BA4592F57D6D1DE6,True,NO APPARENT INJURY,NONE,NOT DISTRACTED,PASSENGER,SLOWING OR STOPPING,West,SUPERFICIAL,25,False,False,2,9979155837567933,210014514,Montgomery County Police,Injury ,False,West,1,1,GRADE DOWNHILL,False,False,DRIVER,SAME DIR REAR END,DRY,DAYLIGHT,TRAFFIC SIGNAL,INTERSECTION,T-INTERSECTION,CURVE LEFT,NO DEFECTS,ONE-WAY TRAFFICWAY,39.01411938,-77.04186738,8554262040045692,6642601588594235,0,0,0,2021042107,7703596439001907,Ford,2019,Ranger,Special Purpose Vehicle 2WD,4.0,2.3,Automatic 10,RWD,Regular Gasoline,19,18,GEORGIA AVE,Maryland (State),RAMP 4 FR MD 97 NB TO IS 495 EB,Ramp,6642601588594235,20910,SILVER SPRING,82846.1568889,126320091.137,39.00190768010143,-77.03596497235911,12.1965,69.81546,0.0,0.0,0.0,17.114204,194.62091,210421077035990019,2021-04-21 07:00:00,7,AM,111,2,Wednesday,0,4,April,2021,0,Unknown
MCP1174004V,1F19437C46904C0382D42664529902AC,True,NO APPARENT INJURY,NONE,NOT DISTRACTED,TRUCK,PARKING,South,SUPERFICIAL,25,False,False,1,2250767647570290,210014673,Montgomery County Police,Property Damage ,False,South,1,1,LEVEL,False,False,DRIVER,SINGLE VEHICLE,DRY,DAYLIGHT,NO CONTROLS,NON INTERSECTION,UNKNOWN,STRAIGHT,NO DEFECTS,"TWO-WAY, NOT DIVIDED",38.99039042,-77.09709632,9011314214305799,4250512694628641,0,0,0,2021042108,7710072538987731,Freightliner,0,Unknown,Unknown,0.0,0.0,Unknown,Unknown,Unknown,0,0,CORDELL AVE,County,WOODMONT AVE,County,4250512694628641,20814,BETHESDA,46411.6876883,47837334.4314,38.98773167577017,-77.10072590539887,13.9485,71.11572,0.0,0.0,0.0,14.332341,191.59215,210421087100789877,2021-04-21 08:00:00,8,AM,111,2,Wednesday,0,4,April,2021,0,Unknown
MCP284800B1,23396473FCE54CE98DBD010C6229A9D5,False,NO APPARENT INJURY,NONE,NOT DISTRACTED,PASSENGER,MOVING CONSTANT SPEED,UNKNOWN,FUNCTIONAL,25,False,False,2,6221347428139372,210014842,Montgomery County Police,Property Damage ,False,UNKNOWN,0,0,UNKNOWN,True,True,DRIVER,SAME DIRECTION LEFT TURN,UNKNOWN,DAYLIGHT,UNKNOWN,UNKNOWN,UNKNOWN,UNKNOWN,UNKNOWN,UNKNOWN,39.02455667,-77.06942333,7781945108562677,7781945108562677,0,0,0,2021042111,7707527239025656,Nissan,2008,Sentra,Midsize Cars,4.0,2.0,Automatic CVT,FWD,Regular Gasoline,24,29,UNKNOWN,UNKNOWN,UNKNOWN,UNKNOWN,7781945108562677,20895,KENSINGTON,70838.1492765,106180148.023,39.02565657266069,-77.07527294437958,17.2955,67.159134,0.8,0.8,0.0,20.721119,262.01077,210421117075290256,2021-04-21 11:00:00,11,AM,111,2,Wednesday,0,4,April,2021,0,Unknown
MCP284800B1,68FB0BF1CC76430D9E94A4AEA268016A,True,NO APPARENT INJURY,NONE,LOOKED BUT DID NOT SEE,PASSENGER,STARTING FROM PARKED,UNKNOWN,DISABLING,25,False,False,2,7285497966073523,210014842,Montgomery County Police,Property Damage ,False,UNKNOWN,0,0,UNKNOWN,True,True,DRIVER,SAME DIRECTION LEFT TURN,UNKNOWN,DAYLIGHT,UNKNOWN,UNKNOWN,UNKNOWN,UNKNOWN,UNKNOWN,UNKNOWN,39.02455667,-77.06942333,7781945108562677,7781945108562677,0,0,0,2021042111,7707527239025656,Honda,2008,Civic,Subcompact Cars,4.0,1.8,Automatic 5,FWD,Regular Gasoline,21,36,UNKNOWN,UNKNOWN,UNKNOWN,UNKNOWN,7781945108562677,20895,KENSINGTON,70838.1492765,106180148.023,39.02565657266069,-77.07527294437958,17.2955,67.159134,0.8,0.8,0.0,20.721119,262.01077,210421117075290256,2021-04-21 11:00:00,11,AM,111,2,Wednesday,0,4,April,2021,0,Unknown
MCP30390059,0B40F855E66B44389282ACAC99AF2FC2,False,NO APPARENT INJURY,NONE,NOT DISTRACTED,PASSENGER,STOPPED IN TRAFFIC LANE,North,SUPERFICIAL,35,False,False,2,8243785626679992,210014868,Montgomery County Police,Property Damage ,False,North,3,3,HILL UPHILL,False,False,DRIVER,SAME DIRECTION SIDESWIPE,DRY,DAYLIGHT,TRAFFIC SIGNAL,UNKNOWN,FOUR-WAY INTERSECTION,STRAIGHT,NO DEFECTS,"TWO-WAY, NOT DIVIDED",38.99505,-77.02449,6732058886739677,8825017167010994,0,0,0,2021042115,7703596439001907,Toyota,2014,Camry,Midsize Cars,4.0,2.5,Automatic 6,FWD,Regular Gasoline,21,30,FENTON ST,County,WAYNE AVE,County,8825017167010994,20910,SILVER SPRING,82846.1568889,126320091.137,39.00190768010143,-77.03596497235911,12.5465,39.997234,0.0,0.0,0.0,29.30409,307.01074,210421157035990019,2021-04-21 15:00:00,15,PM,111,2,Wednesday,0,4,April,2021,0,Unknown
MCP30390059,89D921E60E894BD2828B774651E1DC0F,True,NO APPARENT INJURY,NONE,NOT DISTRACTED,BUS,CHANGING LANES,North,SUPERFICIAL,35,False,False,2,4960220375123743,210014868,Montgomery County Police,Property Damage ,False,North,3,3,HILL UPHILL,False,False,DRIVER,SAME DIRECTION SIDESWIPE,DRY,DAYLIGHT,TRAFFIC SIGNAL,UNKNOWN,FOUR-WAY INTERSECTION,STRAIGHT,NO DEFECTS,"TWO-WAY, NOT DIVIDED",38.99505,-77.02449,6732058886739677,8825017167010994,0,0,0,2021042115,7703596439001907,Buick,0,Unknown,Unknown,0.0,0.0,Unknown,Unknown,Unknown,0,0,FENTON ST,County,WAYNE AVE,County,8825017167010994,20910,SILVER SPRING,82846.1568889,126320091.137,39.00190768010143,-77.03596497235911,12.5465,39.997234,0.0,0.0,0.0,29.30409,307.01074,210421157035990019,2021-04-21 15:00:00,15,PM,111,2,Wednesday,0,4,April,2021,0,Unknown
DM8490000R,1C606948B52E4E87B9E07D86432DB2B5,False,POSSIBLE INJURY,UNKNOWN,NOT DISTRACTED,PASSENGER,MOVING CONSTANT SPEED,North,SUPERFICIAL,25,False,False,2,7589880027253025,210014876,Takoma Park Police Depart,Injury ,False,North,0,1,LEVEL,False,False,DRIVER,HEAD ON,DRY,DAYLIGHT,STOP SIGN,INTERSECTION,T-INTERSECTION,STRAIGHT,NO DEFECTS,OTHER,38.96908083,-77.001229,4319731853734459,8351426559840345,0,0,0,2021042116,7700204038982546,Toyota,2005,RAV4,Sport Utility Vehicle - 2WD,4.0,2.4,Automatic 4,AWD,Regular Gasoline,21,27,SHERIDAN ST,Municipality,SLIGO MILL RD,Municipality,8351426559840345,20912,TAKOMA PARK,51232.0653417,65209197.2692,38.98254687160147,-77.00204079343348,12.248,39.473618,0.0,0.0,0.0,28.673721,308.8845,210421167002089825,2021-04-21 16:00:00,16,PM,111,2,Wednesday,0,4,April,2021,0,Unknown
DM8490000R,49B22B9527A44E5B80332FA8E3F1632D,True,NO APPARENT INJURY,UNKNOWN,LOOKED BUT DID NOT SEE,PASSENGER,ACCELERATING,West,SUPERFICIAL,25,False,False,2,6312893571399229,210014876,Takoma Park Police Depart,Injury ,False,North,0,1,LEVEL,False,False,DRIVER,HEAD ON,DRY,DAYLIGHT,STOP SIGN,INTERSECTION,T-INTERSECTION,STRAIGHT,NO DEFECTS,OTHER,38.96908083,-77.001229,4319731853734459,8351426559840345,0,0,0,2021042116,7700204038982546,Chevrolet,0,Unknown,Unknown,0.0,0.0,Unknown,Unknown,Unknown,0,0,SHERIDAN ST,Municipality,SLIGO MILL RD,Municipality,8351426559840345,20912,TAKOMA PARK,51232.0653417,65209197.2692,38.98254687160147,-77.00204079343348,12.248,39.473618,0.0,0.0,0.0,28.673721,308.8845,210421167002089825,2021-04-21 16:00:00,16,PM,111,2,Wednesday,0,4,April,2021,0,Unknown
MCP3218001K,11D2A2FD895240F8A713CC2B1C08115E,False,NO APPARENT INJURY,NONE,NOT DISTRACTED,PASSENGER,MOVING CONSTANT SPEED,West,DISABLING,40,False,False,2,8224256020419033,210014879,Montgomery County Police,Property Damage ,False,West,2,4,LEVEL,False,False,DRIVER,SAME DIR REAR END,DRY,DAYLIGHT,UNKNOWN,NON INTERSECTION,UNKNOWN,STRAIGHT,NO DEFECTS,"TWO-WAY, DIVIDED, POSITIVE MEDIAN BARRIER",39.052371,-77.0757575,9290911226978796,4705353737830373,0,0,0,2021042116,7705486039088590,Toyota,2012,Prius,Midsize Cars,4.0,1.8,Automatic CVT,FWD,Regular Gasoline,49,46,VEIRS MILL RD,Maryland (State),FERRARA AVE,County,4705353737830373,20906,SILVER SPRING,133207.174949,359110751.771,39.08859082555049,-77.05486091907257,11.4825,40.123116,0.0,0.0,0.0,27.162708,304.74326,210421167054890885,2021-04-21 16:00:00,16,PM,111,2,Wednesday,0,4,April,2021,0,Unknown
MCP3218001K,D0B4EA7E45B94B1AA636EB1EEB3BB161,True,NO APPARENT INJURY,NONE,UNKNOWN,PASSENGER,MOVING CONSTANT SPEED,West,DISABLING,40,False,False,2,7461853912594849,210014879,Montgomery County Police,Property Damage ,False,West,2,4,LEVEL,False,False,DRIVER,SAME DIR REAR END,DRY,DAYLIGHT,UNKNOWN,NON INTERSECTION,UNKNOWN,STRAIGHT,NO DEFECTS,"TWO-WAY, DIVIDED, POSITIVE MEDIAN BARRIER",39.052371,-77.0757575,9290911226978796,4705353737830373,0,0,0,2021042116,7705486039088590,GMC,2001,Sierra,Standard Pickup Trucks 4WD,8.0,4.3,Automatic 4,AWD,Regular Gasoline,14,16,VEIRS MILL RD,Maryland (State),FERRARA AVE,County,4705353737830373,20906,SILVER SPRING,133207.174949,359110751.771,39.08859082555049,-77.05486091907257,11.4825,40.123116,0.0,0.0,0.0,27.162708,304.74326,210421167054890885,2021-04-21 16:00:00,16,PM,111,2,Wednesday,0,4,April,2021,0,Unknown
MCP3050004Z,332FC114C4C440628BC75C36315B6E58,True,NO APPARENT INJURY,UNKNOWN,UNKNOWN,PASSENGER,BACKING,South,SUPERFICIAL,10,False,False,2,8243785626679992,210014891,Montgomery County Police,Property Damage ,True,UNKNOWN,0,0,UNKNOWN,True,True,DRIVER,OTHER,UNKNOWN,DAYLIGHT,NO CONTROLS,UNKNOWN,UNKNOWN,UNKNOWN,UNKNOWN,UNKNOWN,39.05721167,-77.083365,7781945108562677,7781945108562677,0,0,0,2021042118,7705486039088590,Toyota,2014,Camry,Midsize Cars,4.0,2.5,Automatic 6,FWD,Regular Gasoline,21,30,UNKNOWN,UNKNOWN,UNKNOWN,UNKNOWN,7781945108562677,20906,SILVER SPRING,133207.174949,359110751.771,39.08859082555049,-77.05486091907257,9.0825,40.60712,0.0,0.0,0.0,25.762016,303.02386,210421187054890885,2021-04-21 18:00:00,18,PM,111,2,Wednesday,0,4,April,2021,0,Unknown
MCP3050004Z,FD7D980ADC89482AA7060D034605BC6F,False,NO APPARENT INJURY,NONE,NOT DISTRACTED,PASSENGER,MOVING CONSTANT SPEED,West,FUNCTIONAL,10,False,False,2,2218989129586392,210014891,Montgomery County Police,Property Damage ,True,UNKNOWN,0,0,UNKNOWN,True,True,DRIVER,OTHER,UNKNOWN,DAYLIGHT,NO CONTROLS,UNKNOWN,UNKNOWN,UNKNOWN,UNKNOWN,UNKNOWN,39.05721167,-77.083365,7781945108562677,7781945108562677,0,0,0,2021042118,7705486039088590,Ford,2020,F150,Standard Pickup Trucks 2WD,6.0,3.5,Automatic 10,RWD,Regular Gasoline,17,23,UNKNOWN,UNKNOWN,UNKNOWN,UNKNOWN,7781945108562677,20906,SILVER SPRING,133207.174949,359110751.771,39.08859082555049,-77.05486091907257,9.0825,40.60712,0.0,0.0,0.0,25.762016,303.02386,210421187054890885,2021-04-21 18:00:00,18,PM,111,2,Wednesday,0,4,April,2021,0,Unknown
MCP106400BN,A84D7698462F47A8A47F20F9C98FA5B8,False,NO APPARENT INJURY,UNKNOWN,NOT DISTRACTED,BUS,MAKING RIGHT TURN,West,SUPERFICIAL,30,False,False,2,1306665488576693,210014952,Montgomery County Police,Property Damage ,False,North,2,2,HILL UPHILL,False,False,DRIVER,OTHER,DRY,DAYLIGHT,TRAFFIC SIGNAL,INTERSECTION,FOUR-WAY INTERSECTION,STRAIGHT,NO DEFECTS,"TWO-WAY, NOT DIVIDED",38.99623667,-77.02783333,7228418003688286,8554262040045692,0,0,0,2021042208,7703596439001907,Nova,0,Unknown,Unknown,0.0,0.0,Unknown,Unknown,Unknown,0,0,COLESVILLE RD,US (State),GEORGIA AVE,Maryland (State),8554262040045692,20910,SILVER SPRING,82846.1568889,126320091.137,39.00190768010143,-77.03596497235911,4.0465,55.98499,0.0,0.0,0.0,14.408997,257.00537,210422087035990019,2021-04-22 08:00:00,8,AM,112,3,Thursday,0,4,April,2021,0,Unknown
MCP106400BN,3B53A2F89E8D475B8A36CF8AF7AFCE45,True,NO APPARENT INJURY,UNKNOWN,OTHER ELECTRONIC DEVICE (NAVIGATIONAL PALM PILOT),PASSENGER,MAKING RIGHT TURN,West,SUPERFICIAL,30,False,False,2,650507175411651,210014952,Montgomery County Police,Property Damage ,False,North,2,2,HILL UPHILL,False,False,DRIVER,OTHER,DRY,DAYLIGHT,TRAFFIC SIGNAL,INTERSECTION,FOUR-WAY INTERSECTION,STRAIGHT,NO DEFECTS,"TWO-WAY, NOT DIVIDED",38.99623667,-77.02783333,7228418003688286,8554262040045692,0,0,0,2021042208,7703596439001907,Audi,2017,A4,Compact Cars,4.0,2.0,Automatic 7,AWD,Premium Gasoline,24,33,COLESVILLE RD,US (State),GEORGIA AVE,Maryland (State),8554262040045692,20910,SILVER SPRING,82846.1568889,126320091.137,39.00190768010143,-77.03596497235911,4.0465,55.98499,0.0,0.0,0.0,14.408997,257.00537,210422087035990019,2021-04-22 08:00:00,8,AM,112,3,Thursday,0,4,April,2021,0,Unknown
HA24490015,21C6A5EF906D462B840871FE104567FC,True,NO APPARENT INJURY,UNKNOWN,NOT DISTRACTED,PASSENGER,MOVING CONSTANT SPEED,East,SUPERFICIAL,30,False,False,2,4687715980291269,21000707,Maryland-National Capital,Property Damage ,False,East,3,4,LEVEL,False,False,DRIVER,SAME DIR REAR END,DRY,DAYLIGHT,TRAFFIC SIGNAL,INTERSECTION RELATED,FOUR-WAY INTERSECTION,STRAIGHT,NO DEFECTS,"TWO-WAY, NOT DIVIDED",38.96316047,-77.10129411,1363718650800826,9807198006945019,0,0,0,2021042209,7711806238956479,Ford,1999,F250,Standard Pickup Trucks 2WD,8.0,4.6,Automatic 4,RWD,Regular Gasoline,12,14,RIVER RD,Maryland (State),LITTLE FALLS PKWY,Government,9807198006945019,20816,BETHESDA,58716.1248449,117565480.431,38.95647982277882,-77.11806249046538,5.3975,49.259323,0.0,0.0,0.0,21.99538,291.10492,210422097118089564,2021-04-22 09:00:00,9,AM,112,3,Thursday,0,4,April,2021,0,Unknown
HA24490015,4B2D8FC6B8974704B471F147964AE6FB,False,NO APPARENT INJURY,UNKNOWN,NOT DISTRACTED,PASSENGER,SLOWING OR STOPPING,West,DISABLING,30,False,False,2,7292250802816021,21000707,Maryland-National Capital,Property Damage ,False,East,3,4,LEVEL,False,False,DRIVER,SAME DIR REAR END,DRY,DAYLIGHT,TRAFFIC SIGNAL,INTERSECTION RELATED,FOUR-WAY INTERSECTION,STRAIGHT,NO DEFECTS,"TWO-WAY, NOT DIVIDED",38.96316047,-77.10129411,1363718650800826,9807198006945019,0,0,0,2021042209,7711806238956479,BMW,2017,X6,Standard Sport Utility Vehicle 4WD,6.0,3.0,Automatic 8,AWD,Premium Gasoline,18,21,RIVER RD,Maryland (State),LITTLE FALLS PKWY,Government,9807198006945019,20816,BETHESDA,58716.1248449,117565480.431,38.95647982277882,-77.11806249046538,5.3975,49.259323,0.0,0.0,0.0,21.99538,291.10492,210422097118089564,2021-04-22 09:00:00,9,AM,112,3,Thursday,0,4,April,2021,0,Unknown
MCP284800B2,FE64CCFF73DE4D8C8F15DC58409A0D38,True,NO APPARENT INJURY,NONE,LOOKED BUT DID NOT SEE,PASSENGER,ENTERING TRAFFIC LANE,East,FUNCTIONAL,35,False,False,2,9248617240602961,210014983,Montgomery County Police,Property Damage ,False,South,1,3,LEVEL,False,False,DRIVER,SAME DIRECTION LEFT TURN,DRY,DAYLIGHT,NO CONTROLS,INTERSECTION,T-INTERSECTION,STRAIGHT,NO DEFECTS,"TWO-WAY, DIVIDED, POSITIVE MEDIAN BARRIER",39.02989667,-77.07565167,1627793738140795,7607340655706776,0,0,0,2021042211,7707527239025656,Nissan,2020,Rogue,Small Sport Utility Vehicle 2WD,4.0,2.5,Automatic CVT,AWD,Regular Gasoline,25,32,CONNECTICUT AVE,Maryland (State),DUPONT AVE #2,Municipality,7607340655706776,20895,KENSINGTON,70838.1492765,106180148.023,39.02565657266069,-77.07527294437958,5.9455,41.21302,0.0,0.0,0.0,23.933907,291.16132,210422117075290256,2021-04-22 11:00:00,11,AM,112,3,Thursday,0,4,April,2021,0,Unknown
MCP284800B2,BCEC7ACB76AB41C7A17DF2ADC0A7C1FC,False,NO APPARENT INJURY,NONE,NOT DISTRACTED,PASSENGER,MOVING CONSTANT SPEED,South,DISABLING,35,False,False,2,2014965418187696,210014983,Montgomery County Police,Property Damage ,False,South,1,3,LEVEL,False,False,DRIVER,SAME DIRECTION LEFT TURN,DRY,DAYLIGHT,NO CONTROLS,INTERSECTION,T-INTERSECTION,STRAIGHT,NO DEFECTS,"TWO-WAY, DIVIDED, POSITIVE MEDIAN BARRIER",39.02989667,-77.07565167,1627793738140795,7607340655706776,0,0,0,2021042211,7707527239025656,Acura,2006,TSX,Compact Cars,4.0,2.4,Automatic 5,FWD,Premium Gasoline,19,28,CONNECTICUT AVE,Maryland (State),DUPONT AVE #2,Municipality,7607340655706776,20895,KENSINGTON,70838.1492765,106180148.023,39.02565657266069,-77.07527294437958,5.9455,41.21302,0.0,0.0,0.0,23.933907,291.16132,210422117075290256,2021-04-22 11:00:00,11,AM,112,3,Thursday,0,4,April,2021,0,Unknown
MCP26170099,8ABA08C3C90C4B67A5C59C1FB1B6A322,False,POSSIBLE INJURY,UNKNOWN,NOT DISTRACTED,PASSENGER,STOPPED IN TRAFFIC LANE,West,FUNCTIONAL,35,False,False,2,7942766397009399,210015014,Montgomery County Police,Injury ,False,West,1,2,LEVEL,False,False,DRIVER,SAME DIR REAR END,DRY,DAYLIGHT,NO CONTROLS,NON INTERSECTION,UNKNOWN,STRAIGHT,NO DEFECTS,"TWO-WAY, NOT DIVIDED",39.11212867,-77.06192583,418179445979580,170090271737160,0,0,0,2021042215,7705486039088590,Toyota,2003,Prius,Compact Cars,4.0,1.5,Automatic CVT,FWD,Regular Gasoline,42,41,NORBECK RD,Maryland (State),BAILEYS LA,County,170090271737160,20906,SILVER SPRING,133207.174949,359110751.771,39.08859082555049,-77.05486091907257,9.3325,29.691248,0.0,0.0,0.0,26.208395,285.94547,210422157054890885,2021-04-22 15:00:00,15,PM,112,3,Thursday,0,4,April,2021,0,Unknown
MCP26170099,8F6CA41E170F41759BE8FCBC3EDBC7D3,True,NO APPARENT INJURY,NONE,UNKNOWN,EMERGENCY,MOVING CONSTANT SPEED,West,FUNCTIONAL,35,False,False,2,9992477417057245,210015014,Montgomery County Police,Injury ,False,West,1,2,LEVEL,False,False,DRIVER,SAME DIR REAR END,DRY,DAYLIGHT,NO CONTROLS,NON INTERSECTION,UNKNOWN,STRAIGHT,NO DEFECTS,"TWO-WAY, NOT DIVIDED",39.11212867,-77.06192583,418179445979580,170090271737160,0,0,0,2021042215,7705486039088590,Dodge,2014,Charger,Large Cars,6.0,3.6,Automatic 5,RWD,Regular Gasoline,18,27,NORBECK RD,Maryland (State),BAILEYS LA,County,170090271737160,20906,SILVER SPRING,133207.174949,359110751.771,39.08859082555049,-77.05486091907257,9.3325,29.691248,0.0,0.0,0.0,26.208395,285.94547,210422157054890885,2021-04-22 15:00:00,15,PM,112,3,Thursday,0,4,April,2021,0,Unknown
MCP3276000X,1E0ED56E43FA4E6A839ECDF4FC43AAFB,True,NO APPARENT INJURY,UNKNOWN,OTHER DISTRACTION,PASSENGER,MOVING CONSTANT SPEED,North,SUPERFICIAL,25,False,False,2,8012572029153085,210015025,Montgomery County Police,Property Damage ,True,North,1,1,LEVEL,False,False,DRIVER,SAME DIRECTION SIDESWIPE,DRY,DAYLIGHT,NO CONTROLS,NON INTERSECTION,UNKNOWN,STRAIGHT,NO DEFECTS,ONE-WAY TRAFFICWAY,38.9906803,-77.0263876,5660893524410086,8368871616036332,0,0,0,2021042216,7703596439001907,Toyota,2006,Highlander,Sport Utility Vehicle - 2WD,6.0,3.3,Automatic 4,AWD,Regular Gasoline,16,25,GEORGIA AVE,US (State),SLIGO AVE,County,8368871616036332,20910,SILVER SPRING,82846.1568889,126320091.137,39.00190768010143,-77.03596497235911,10.5465,27.087914,0.0,0.0,0.0,28.079998,292.6199,210422167035990019,2021-04-22 16:00:00,16,PM,112,3,Thursday,0,4,April,2021,0,Unknown
MCP3276000X,DDC3DE8BC15A47CCAC12795BFA4AB09E,False,NO APPARENT INJURY,NONE,NOT DISTRACTED,PASSENGER,SLOWING OR STOPPING,North,SUPERFICIAL,25,False,False,2,7942766329898923,210015025,Montgomery County Police,Property Damage ,True,North,1,1,LEVEL,False,False,DRIVER,SAME DIRECTION SIDESWIPE,DRY,DAYLIGHT,NO CONTROLS,NON INTERSECTION,UNKNOWN,STRAIGHT,NO DEFECTS,ONE-WAY TRAFFICWAY,38.9906803,-77.0263876,5660893524410086,8368871616036332,0,0,0,2021042216,7703596439001907,Toyota,2007,Prius,Midsize Cars,4.0,1.5,Automatic CVT,FWD,Regular Gasoline,48,45,GEORGIA AVE,US (State),SLIGO AVE,County,8368871616036332,20910,SILVER SPRING,82846.1568889,126320091.137,39.00190768010143,-77.03596497235911,10.5465,27.087914,0.0,0.0,0.0,28.079998,292.6199,210422167035990019,2021-04-22 16:00:00,16,PM,112,3,Thursday,0,4,April,2021,0,Unknown
MCP2917007M,E90091AEADC242A0BEEA5ECD93B6DCB5,True,NO APPARENT INJURY,NONE,LOOKED BUT DID NOT SEE,PASSENGER,MAKING LEFT TURN,East,DISABLING,40,False,False,2,1100592140048051,210015056,Montgomery County Police,Property Damage ,False,West,2,3,GRADE DOWNHILL,False,False,DRIVER,STRAIGHT MOVEMENT ANGLE,DRY,DARK LIGHTS ON,TRAFFIC SIGNAL,INTERSECTION,FOUR-WAY INTERSECTION,STRAIGHT,NO DEFECTS,"TWO-WAY, DIVIDED, POSITIVE MEDIAN BARRIER",39.05564167,-77.083865,8073720238398338,7606981045769799,0,0,0,2021042221,7705486039088590,Nissan,2008,Altima,Midsize Cars,4.0,2.5,Automatic CVT,FWD,Regular Gasoline,19,26,RANDOLPH RD,County,SELFRIDGE RD,County,7606981045769799,20906,SILVER SPRING,133207.174949,359110751.771,39.08859082555049,-77.05486091907257,5.8824997,45.645473,0.0,0.0,0.0,7.968939,288.43503,210422217054890885,2021-04-22 21:00:00,21,PM,112,3,Thursday,0,4,April,2021,0,Unknown
MCP2917007M,5592A6F637BA46808EEB1B2F27ECDE47,False,NO APPARENT INJURY,NONE,NOT DISTRACTED,PASSENGER,MOVING CONSTANT SPEED,West,DISABLING,40,False,False,2,8730193296892072,210015056,Montgomery County Police,Property Damage ,False,West,2,3,GRADE DOWNHILL,False,False,DRIVER,STRAIGHT MOVEMENT ANGLE,DRY,DARK LIGHTS ON,TRAFFIC SIGNAL,INTERSECTION,FOUR-WAY INTERSECTION,STRAIGHT,NO DEFECTS,"TWO-WAY, DIVIDED, POSITIVE MEDIAN BARRIER",39.05564167,-77.083865,8073720238398338,7606981045769799,0,0,0,2021042221,7705486039088590,Oldsmobile,1986,Cutlass Ciera,Midsize Cars,6.0,2.8,Automatic 3,FWD,Regular Gasoline,17,26,RANDOLPH RD,County,SELFRIDGE RD,County,7606981045769799,20906,SILVER SPRING,133207.174949,359110751.771,39.08859082555049,-77.05486091907257,5.8824997,45.645473,0.0,0.0,0.0,7.968939,288.43503,210422217054890885,2021-04-22 21:00:00,21,PM,112,3,Thursday,0,4,April,2021,0,Unknown