ReportNumber,VehicleCrashKey,DriverAtFault,DriverInjurySeverity,DriverSubstanceAbuse,DriverDistractedBy,VehicleType,VehicleMovement,VehicleGoingDir,VehicleDamageExtent,SpeedLimit,ParkedVehicle,SubstanceAbuseContributed,VehiclesCrashedTotal,VehicleKey,LocalCaseNumber,AgencyName,ACRSReportType,HitRun,LaneDirection,LaneNumber,NumberOfLanes,RoadGrade,NonTraffic,OffRoadIncident,AccidentAtFault,CollisionType,SurfaceCondition,Light,TrafficControl,Junction,IntersectionType,RoadAlignment,RoadCondition,RoadDivision,Latitude,Longitude,RoadKey_x,CrossStreetKey,NonMotoristTotal,NonMotoristInjury,NonMotoristFatal,DateHourKey,LocationAreaKey,Make,Year_x,BaseModel,BodyClass,Cylinders,Displacement,Transmission,Drivetrain,FuelType,CityMPG,HighwayMPG,RoadName_x,RouteType_x,RoadName_y,RouteType_y,RoadKey_y,Zipcode,MailCity,ShapeLength,ShapeArea,CentroidLatitude,CentroidLongitude,Temperature,Humidity,Precipitation,Rain,Snow,WindSpeed,WindDirection,WeatherKey,Datetime,Hour,TimeOfDay,DayNumber,WeekDayNumber,WeekDayName,WeekendFlag,MonthNumber,MonthName,Year_y,HolidayFlag,HolidayName
MCP106400BP,FC65B7F869D04FE3B2590D7E33C8B952,True,NO APPARENT INJURY,UNKNOWN,NOT DISTRACTED,TRUCK,MAKING LEFT TURN,West,NO DAMAGE,25,False,False,2,213975767330911,210015078,Montgomery County Police,Property Damage ,False,North,1,1,LEVEL,False,False,DRIVER,ANGLE MEETS LEFT HEAD ON,DRY,DAYLIGHT,STOP SIGN,INTERSECTION,T-INTERSECTION,STRAIGHT,NO DEFECTS,"TWO-WAY, NOT DIVIDED",38.997415,-76.99736667,4748369296977743,7651766978733511,0,0,0,2021042307,7700204038982546,Mack,0,Unknown,Unknown,0.0,0.0,Unknown,Unknown,Unknown,0,0,BARRON ST,County,GILBERT PL,County,7651766978733511,20912,TAKOMA PARK,51232.0653417,65209197.2692,38.98254687160147,-77.00204079343348,2.698,71.97551,0.0,0.0,0.0,10.464798,266.0549,210423077002089825,2021-04-23 07:00:00,7,AM,113,4,Friday,0,4,April,2021,0,Unknown
MCP106400BP,C83D526EF64842ADA92CD564D9FFCE44,False,NO APPARENT INJURY,UNKNOWN,NOT DISTRACTED,BUS,STOPPED IN TRAFFIC LANE,North,NO DAMAGE,25,False,False,2,6691677547236723,210015078,Montgomery County Police,Property Damage ,False,North,1,1,LEVEL,False,False,DRIVER,ANGLE MEETS LEFT HEAD ON,DRY,DAYLIGHT,STOP SIGN,INTERSECTION,T-INTERSECTION,STRAIGHT,NO DEFECTS,"TWO-WAY, NOT DIVIDED",38.997415,-76.99736667,4748369296977743,7651766978733511,0,0,0,2021042307,7700204038982546,Thomas,0,Unknown,Unknown,0.0,0.0,Unknown,Unknown,Unknown,0,0,BARRON ST,County,GILBERT PL,County,7651766978733511,20912,TAKOMA PARK,51232.0653417,65209197.2692,38.98254687160147,-77.00204079343348,2.698,71.97551,0.0,0.0,0.0,10.464798,266.0549,210423077002089825,2021-04-23 07:00:00,7,AM,113,4,Friday,0,4,April,2021,0,Unknown
MCP31330029,51098477E7874CC2B0B0CB66CAA9429F,False,NO APPARENT INJURY,NONE,NOT DISTRACTED,PASSENGER,MOVING CONSTANT SPEED,West,DISABLING,35,False,False,2,6045013032354060,21005075,Montgomery County Police,Property Damage ,False,West,2,3,LEVEL,False,False,DRIVER,HEAD ON LEFT TURN,DRY,DAYLIGHT,STOP SIGN,INTERSECTION,FOUR-WAY INTERSECTION,STRAIGHT,NO DEFECTS,"TWO-WAY, DIVIDED, POSITIVE MEDIAN BARRIER",39.05751,-77.07787833,8073720238398338,2040370609732922,0,0,0,2021042307,7705486039088590,Toyota,2006,Tacoma,Standard Pickup Trucks 2WD,6.0,4.0,Automatic 5,RWD,Regular Gasoline,14,21,RANDOLPH RD,County,BUSHEY DR,County,2040370609732922,20906,SILVER SPRING,133207.174949,359110751.771,39.08859082555049,-77.05486091907257,2.1825001,76.80258,0.0,0.0,0.0,10.594036,260.21765,210423077054890885,2021-04-23 07:00:00,7,AM,113,4,Friday,0,4,April,2021,0,Unknown
MCP31330029,C27D4C7523F345B786FD2D2075A4FB2F,True,NO APPARENT INJURY,NONE,NOT DISTRACTED,PASSENGER,MAKING LEFT TURN,South,FUNCTIONAL,35,False,False,2,5017487350477528,21005075,Montgomery County Police,Property Damage ,False,West,2,3,LEVEL,False,False,DRIVER,HEAD ON LEFT TURN,DRY,DAYLIGHT,STOP SIGN,INTERSECTION,FOUR-WAY INTERSECTION,STRAIGHT,NO DEFECTS,"TWO-WAY, DIVIDED, POSITIVE MEDIAN BARRIER",39.05751,-77.07787833,8073720238398338,2040370609732922,0,0,0,2021042307,7705486039088590,Chevrolet,2010,Express Cargo,"Vans, Cargo Type",8.0,5.3,Automatic 4,RWD,Regular Gasoline,13,17,RANDOLPH RD,County,BUSHEY DR,County,2040370609732922,20906,SILVER SPRING,133207.174949,359110751.771,39.08859082555049,-77.05486091907257,2.1825001,76.80258,0.0,0.0,0.0,10.594036,260.21765,210423077054890885,2021-04-23 07:00:00,7,AM,113,4,Friday,0,4,April,2021,0,Unknown
MCP204600CL,C6DD6769BEAD4B86B9884686D0EA8E07,True,NO APPARENT INJURY,NONE,NOT DISTRACTED,PASSENGER,MOVING CONSTANT SPEED,East,DISABLING,25,False,False,1,2408098695618613,210015090,Montgomery County Police,Property Damage ,False,UNKNOWN,0,0,UNKNOWN,True,True,DRIVER,SINGLE VEHICLE,UNKNOWN,DAYLIGHT,NO CONTROLS,UNKNOWN,UNKNOWN,UNKNOWN,UNKNOWN,UNKNOWN,39.02727017,-76.978897,7781945108562677,7781945108562677,0,0,0,2021042309,7698354239018293,Ford,2012,Focus,Compact Cars,4.0,2.0,Automatic 6,FWD,Regular Gasoline,27,35,UNKNOWN,UNKNOWN,UNKNOWN,UNKNOWN,7781945108562677,20903,SILVER SPRING,50204.7192451,65972447.4483,39.01829365940637,-76.9835422251861,8.3845005,51.22072,0.0,0.0,0.0,9.6932955,254.93146,210423096983590182,2021-04-23 09:00:00,9,AM,113,4,Friday,0,4,April,2021,0,Unknown
MCP3122003Z,27F03785CAC24230945E0D7F75F45CF1,True,NO APPARENT INJURY,NONE,NOT DISTRACTED,EMERGENCY,MOVING CONSTANT SPEED,North,SUPERFICIAL,15,False,False,1,7752613674833350,210015140,Montgomery County Police,Property Damage ,False,North,1,1,LEVEL,False,False,DRIVER,SAME DIRECTION SIDESWIPE,DRY,DAYLIGHT,NO CONTROLS,UNKNOWN,UNKNOWN,STRAIGHT,NO DEFECTS,"TWO-WAY, NOT DIVIDED",39.0843678,-77.04851579,8540149138149295,5632489630477302,0,0,0,2021042311,7705486039088590,Spartan,0,Unknown,Unknown,0.0,0.0,Unknown,Unknown,Unknown,0,0,NORTH GATE DR,County,NORTH GATE TERR,County,5632489630477302,20906,SILVER SPRING,133207.174949,359110751.771,39.08859082555049,-77.05486091907257,11.4825,37.684994,0.0,0.0,0.0,14.404499,268.56793,210423117054890885,2021-04-23 11:00:00,11,AM,113,4,Friday,0,4,April,2021,0,Unknown
MCP3215001P,F98EE434DF104DEFB7D1694957CAA275,True,NO APPARENT INJURY,UNKNOWN,UNKNOWN,TRUCK,BACKING,East,UNKNOWN,25,False,False,2,9180769458213475,210015126,Montgomery County Police,Property Damage ,True,South,1,1,GRADE DOWNHILL,False,False,DRIVER,STRAIGHT MOVEMENT ANGLE,DRY,DAYLIGHT,NO CONTROLS,COMMERCIAL DRIVEWAY,UNKNOWN,STRAIGHT,NO DEFECTS,"TWO-WAY, NOT DIVIDED",39.03025233,-77.08076083,3526098950313929,4572810259180697,0,0,0,2021042312,7707527239025656,Chevrolet,2014,Spark,Subcompact Cars,4.0,1.2,Automatic 1,FWD,Regular Gasoline,30,37,HOWARD AVE,County,SUMMIT AVE,County,4572810259180697,20895,KENSINGTON,70838.1492765,106180148.023,39.02565657266069,-77.07527294437958,13.1455,32.829357,0.0,0.0,0.0,15.84,270.0,210423127075290256,2021-04-23 12:00:00,12,PM,113,4,Friday,0,4,April,2021,0,Unknown
MCP3215001P,C8B7DC15F926493B8E4A673F3A3C73D6,False,NO APPARENT INJURY,UNKNOWN,NOT DISTRACTED,PASSENGER,PARKED,UNKNOWN,SUPERFICIAL,25,True,False,2,8529846367815336,210015126,Montgomery County Police,Property Damage ,True,South,1,1,GRADE DOWNHILL,False,False,DRIVER,STRAIGHT MOVEMENT ANGLE,DRY,DAYLIGHT,NO CONTROLS,COMMERCIAL DRIVEWAY,UNKNOWN,STRAIGHT,NO DEFECTS,"TWO-WAY, NOT DIVIDED",39.03025233,-77.08076083,3526098950313929,4572810259180697,0,0,0,2021042312,7707527239025656,Jaguar,2016,XF,Midsize Cars,6.0,3.0,Automatic 8,AWD,Premium Gasoline,20,28,HOWARD AVE,County,SUMMIT AVE,County,4572810259180697,20895,KENSINGTON,70838.1492765,106180148.023,39.02565657266069,-77.07527294437958,13.1455,32.829357,0.0,0.0,0.0,15.84,270.0,210423127075290256,2021-04-23 12:00:00,12,PM,113,4,Friday,0,4,April,2021,0,Unknown
MCP284800B3,AB842440D6D647AABBCC0B5FAE6FA9B7,True,NO APPARENT INJURY,NONE,LOOKED BUT DID NOT SEE,EMERGENCY,BACKING,UNKNOWN,SUPERFICIAL,20,False,False,1,9992477417057245,210015138,Montgomery County Police,Property Damage ,False,UNKNOWN,0,0,LEVEL,False,False,DRIVER,SINGLE VEHICLE,DRY,DAYLIGHT,NO CONTROLS,NON INTERSECTION,UNKNOWN,STRAIGHT,NO DEFECTS,OTHER,39.030421,-77.090886,3526098950313929,4572810259180697,0,0,0,2021042313,7710519939016894,Dodge,2014,Charger,Large Cars,6.0,3.6,Automatic 5,RWD,Regular Gasoline,18,27,HOWARD AVE,County,SUMMIT AVE,County,4572810259180697,20814,BETHESDA,58373.8630538,68540697.609,39.016894075883464,-77.10519990449882,14.7845,32.82673,0.0,0.0,0.0,15.856356,272.6025,210423137105190168,2021-04-23 13:00:00,13,PM,113,4,Friday,0,4,April,2021,0,Unknown
MCP2866006R,0CC436484F2D41C1AAC1BB293B6E0431,False,NO APPARENT INJURY,NONE,NOT DISTRACTED,PASSENGER,MOVING CONSTANT SPEED,North,FUNCTIONAL,25,False,False,2,2390807577329985,210015159,Montgomery County Police,Property Damage ,True,North,2,3,LEVEL,False,False,DRIVER,SAME DIRECTION SIDESWIPE,DRY,DAYLIGHT,NO CONTROLS,NON INTERSECTION,UNKNOWN,STRAIGHT,NO DEFECTS,"TWO-WAY, DIVIDED, POSITIVE MEDIAN BARRIER",38.98725619,-77.07686817,1627793738140795,3531506090764751,0,0,0,2021042316,7707842038983818,Acura,2016,MDX,Small Sport Utility Vehicle 2WD,6.0,3.5,Automatic 9,AWD,Premium Gasoline,19,26,CONNECTICUT AVE,Maryland (State),BLACKTHORN ST,County,3531506090764751,20815,CHEVY CHASE,78258.2702851,151813895.483,38.98381860627773,-77.07842006190148,16.9245,30.44415,0.0,0.0,0.0,16.203999,271.273,210423167078489838,2021-04-23 16:00:00,16,PM,113,4,Friday,0,4,April,2021,0,Unknown
MCP2866006R,EC76F345552149278F6B2A1C3CD696B7,True,NO APPARENT INJURY,UNKNOWN,UNKNOWN,UNKNOWN,MOVING CONSTANT SPEED,North,UNKNOWN,25,False,False,2,8168321465439775,210015159,Montgomery County Police,Property Damage ,True,North,2,3,LEVEL,False,False,DRIVER,SAME DIRECTION SIDESWIPE,DRY,DAYLIGHT,NO CONTROLS,NON INTERSECTION,UNKNOWN,STRAIGHT,NO DEFECTS,"TWO-WAY, DIVIDED, POSITIVE MEDIAN BARRIER",38.98725619,-77.07686817,1627793738140795,3531506090764751,0,0,0,2021042316,7707842038983818,Unknown,0,Unknown,Unknown,0.0,0.0,Unknown,Unknown,Unknown,0,0,CONNECTICUT AVE,Maryland (State),BLACKTHORN ST,County,3531506090764751,20815,CHEVY CHASE,78258.2702851,151813895.483,38.98381860627773,-77.07842006190148,16.9245,30.44415,0.0,0.0,0.0,16.203999,271.273,210423167078489838,2021-04-23 16:00:00,16,PM,113,4,Friday,0,4,April,2021,0,Unknown
MCP2722003W,0FB516E2A155425793772B97C966DE72,True,SUSPECTED MINOR INJURY,NONE,UNKNOWN,MOTORCYCLE,PASSING,South,DISABLING,25,False,False,2,6711480671568823,210015171,Montgomery County Police,Injury ,False,South,1,1,LEVEL,False,False,DRIVER,SAME DIRECTION LEFT TURN,DRY,DAYLIGHT,NO CONTROLS,INTERSECTION,T-INTERSECTION,STRAIGHT,NO DEFECTS,"TWO-WAY, NOT DIVIDED",39.091365,-77.07636,3930092392648356,3786639377990067,0,0,0,2021042317,7705486039088590,Honda,2020,CR-V,Small Sport Utility Vehicle 4WD,4.0,1.5,Automatic CVT,AWD,Regular Gasoline,27,32,GRAND PRE RD,County,BEL PRE RD,County,3786639377990067,20906,SILVER SPRING,133207.174949,359110751.771,39.08859082555049,-77.05486091907257,16.3825,32.224705,0.0,0.0,0.0,16.215992,272.54474,210423177054890885,2021-04-23 17:00:00,17,PM,113,4,Friday,0,4,April,2021,0,Unknown
MCP2722003W,789A51089A5B47D0BA4D5A6283FD20F0,False,NO APPARENT INJURY,UNKNOWN,NOT DISTRACTED,PASSENGER,MAKING LEFT TURN,South,FUNCTIONAL,25,False,False,2,1711880447628232,210015171,Montgomery County Police,Injury ,False,South,1,1,LEVEL,False,False,DRIVER,SAME DIRECTION LEFT TURN,DRY,DAYLIGHT,NO CONTROLS,INTERSECTION,T-INTERSECTION,STRAIGHT,NO DEFECTS,"TWO-WAY, NOT DIVIDED",39.091365,-77.07636,3930092392648356,3786639377990067,0,0,0,2021042317,7705486039088590,Ford,2020,Fusion,Midsize Cars,4.0,2.0,Automatic 6,FWD,Regular Gasoline,43,40,GRAND PRE RD,County,BEL PRE RD,County,3786639377990067,20906,SILVER SPRING,133207.174949,359110751.771,39.08859082555049,-77.05486091907257,16.3825,32.224705,0.0,0.0,0.0,16.215992,272.54474,210423177054890885,2021-04-23 17:00:00,17,PM,113,4,Friday,0,4,April,2021,0,Unknown
MCP29920036,DFB5503EF1B7451EAD4414B77004DF72,False,NO APPARENT INJURY,UNKNOWN,NOT DISTRACTED,PASSENGER,MAKING RIGHT TURN,West,SUPERFICIAL,25,False,False,2,4595510051903263,210015180,Montgomery County Police,Property Damage ,False,West,1,2,HILL CREST,False,False,DRIVER,OTHER,DRY,DAYLIGHT,STOP SIGN,INTERSECTION,FOUR-WAY INTERSECTION,CURVE RIGHT,NO DEFECTS,"TWO-WAY, NOT DIVIDED",39.06777167,-77.06211333,342784259901357,1794839115545224,0,0,0,2021042318,7705486039088590,Honda,0,Unknown,Unknown,0.0,0.0,Unknown,Unknown,Unknown,0,0,HATHAWAY DR,County,FLACK ST,County,1794839115545224,20906,SILVER SPRING,133207.174949,359110751.771,39.08859082555049,-77.05486091907257,15.382501,38.835052,0.0,0.0,0.0,12.599999,270.0,210423187054890885,2021-04-23 18:00:00,18,PM,113,4,Friday,0,4,April,2021,0,Unknown
MCP29920036,D3B97F4BD65B4C7ABE6F9FE6B0974F68,True,NO APPARENT INJURY,NONE,LOOKED BUT DID NOT SEE,MOTORCYCLE,ACCELERATING,West,DISABLING,25,False,False,2,4462156265234494,210015180,Montgomery County Police,Property Damage ,False,West,1,2,HILL CREST,False,False,DRIVER,OTHER,DRY,DAYLIGHT,STOP SIGN,INTERSECTION,FOUR-WAY INTERSECTION,CURVE RIGHT,NO DEFECTS,"TWO-WAY, NOT DIVIDED",39.06777167,-77.06211333,342784259901357,1794839115545224,0,0,0,2021042318,7705486039088590,Suzuki,0,Unknown,Unknown,0.0,0.0,Unknown,Unknown,Unknown,0,0,HATHAWAY DR,County,FLACK ST,County,1794839115545224,20906,SILVER SPRING,133207.174949,359110751.771,39.08859082555049,-77.05486091907257,15.382501,38.835052,0.0,0.0,0.0,12.599999,270.0,210423187054890885,2021-04-23 18:00:00,18,PM,113,4,Friday,0,4,April,2021,0,Unknown
MCP3246000V,42AFD1921F1A453FB9EE7C9EB08F45FF,False,NO APPARENT INJURY,NONE,NOT DISTRACTED,PASSENGER,MOVING CONSTANT SPEED,North,DISABLING,45,False,False,2,3886050241070943,210015207,Montgomery County Police,Property Damage ,False,North,3,3,LEVEL,False,False,DRIVER,STRAIGHT MOVEMENT ANGLE,UNKNOWN,DARK LIGHTS ON,TRAFFIC SIGNAL,INTERSECTION,FOUR-WAY INTERSECTION,STRAIGHT,NO DEFECTS,"TWO-WAY, DIVIDED, UNPROTECTED PAINTED MIN 4 FEET",39.08774967,-77.0793585,8554262040045692,1684887375913352,0,0,0,2021042322,7705486039088590,Toyota,1998,RAV4,Special Purpose Vehicle 2WD,4.0,2.0,Automatic 4,AWD,Regular Gasoline,21,24,GEORGIA AVE,Maryland (State),HEATHFIELD RD,County,1684887375913352,20906,SILVER SPRING,133207.174949,359110751.771,39.08859082555049,-77.05486091907257,9.882501,53.339138,0.0,0.0,0.0,10.948973,297.4075,210423227054890885,2021-04-23 22:00:00,22,PM,113,4,Friday,0,4,April,2021,0,Unknown
MCP3246000V,E71FB4B5195F44B8B0700B11041C894D,True,NO APPARENT INJURY,NONE,LOOKED BUT DID NOT SEE,PASSENGER,MAKING LEFT TURN,East,DISABLING,45,False,False,2,5826783019741363,210015207,Montgomery County Police,Property Damage ,False,North,3,3,LEVEL,False,False,DRIVER,STRAIGHT MOVEMENT ANGLE,UNKNOWN,DARK LIGHTS ON,TRAFFIC SIGNAL,INTERSECTION,FOUR-WAY INTERSECTION,STRAIGHT,NO DEFECTS,"TWO-WAY, DIVIDED, UNPROTECTED PAINTED MIN 4 FEET",39.08774967,-77.0793585,8554262040045692,1684887375913352,0,0,0,2021042322,7705486039088590,BMW,0,Unknown,Unknown,0.0,0.0,Unknown,Unknown,Unknown,0,0,GEORGIA AVE,Maryland (State),HEATHFIELD RD,County,1684887375913352,20906,SILVER SPRING,133207.174949,359110751.771,39.08859082555049,-77.05486091907257,9.882501,53.339138,0.0,0.0,0.0,10.948973,297.4075,210423227054890885,2021-04-23 22:00:00,22,PM,113,4,Friday,0,4,April,2021,0,Unknown
MCP2182002M,0AE51D9FED764BD28E8306BF99F14E6C,True,NO APPARENT INJURY,UNKNOWN,UNKNOWN,PASSENGER,MOVING CONSTANT SPEED,North,SUPERFICIAL,5,False,False,1,5644891299772783,210015253,Montgomery County Police,Property Damage ,True,North,1,2,LEVEL,False,False,DRIVER,OTHER,DRY,DARK -- UNKNOWN LIGHTING,NO CONTROLS,UNKNOWN,UNKNOWN,STRAIGHT,NO DEFECTS,"TWO-WAY, NOT DIVIDED",39.05966897,-77.0733596,4342690850977091,9149224460215788,0,0,0,2021042402,7705486039088590,Volvo,2003,S60,Compact Cars,5.0,2.4,Automatic 5,FWD,Premium Gasoline,18,26,FELDON ST,County,FAIRLY ST,County,9149224460215788,20906,SILVER SPRING,133207.174949,359110751.771,39.08859082555049,-77.05486091907257,6.8325,62.35455,0.0,0.0,0.0,11.726277,287.87878,210424027054890885,2021-04-24 02:00:00,2,AM,114,5,Saturday,1,4,April,2021,0,Unknown
MCP28320068,BA27F90D35F541AABE35474E94220D4D,False,NO APPARENT INJURY,NONE,NOT DISTRACTED,PASSENGER,STOPPED IN TRAFFIC LANE,East,DISABLING,30,False,False,2,8243785744123325,210015283,Montgomery County Police,Property Damage ,False,East,0,2,LEVEL,False,False,DRIVER,HEAD ON,DRY,DAYLIGHT,TRAFFIC SIGNAL,INTERSECTION,FOUR-WAY INTERSECTION,STRAIGHT,NO DEFECTS,"TWO-WAY, NOT DIVIDED",39.00635667,-77.09787833,5777913950568264,5925405510732472,0,0,0,2021042412,7710269338999892,Toyota,2013,Camry,Midsize Cars,4.0,2.5,Automatic 6,FWD,Regular Gasoline,21,30,CEDAR LA,County,ROCKVILLE PIKE,Maryland (State),5925405510732472,20892,BETHESDA,18629.8302482,13840739.1197,38.99989292006988,-77.1026933476101,16.8005,35.522118,0.0,0.0,0.0,9.178235,154.44008,210424127102689998,2021-04-24 12:00:00,12,PM,114,5,Saturday,1,4,April,2021,0,Unknown
MCP28320068,D86C07E3C3234F1B83A74A9B8E9902E6,True,NO APPARENT INJURY,NONE,BY MOVING OBJECT IN VEHICLE,PASSENGER,MAKING RIGHT TURN,South,DISABLING,30,False,False,2,7987893293421041,210015283,Montgomery County Police,Property Damage ,False,East,0,2,LEVEL,False,False,DRIVER,HEAD ON,DRY,DAYLIGHT,TRAFFIC SIGNAL,INTERSECTION,FOUR-WAY INTERSECTION,STRAIGHT,NO DEFECTS,"TWO-WAY, NOT DIVIDED",39.00635667,-77.09787833,5777913950568264,5925405510732472,0,0,0,2021042412,7710269338999892,Jeep,2019,Cherokee,Small Sport Utility Vehicle 4WD,4.0,2.0,Automatic 9,4WD,Regular Gasoline,20,29,CEDAR LA,County,ROCKVILLE PIKE,Maryland (State),5925405510732472,20892,BETHESDA,18629.8302482,13840739.1197,38.99989292006988,-77.1026933476101,16.8005,35.522118,0.0,0.0,0.0,9.178235,154.44008,210424127102689998,2021-04-24 12:00:00,12,PM,114,5,Saturday,1,4,April,2021,0,Unknown
MCP3200002J,264EEC5CF19A45DA9B8DC44509D23461,False,POSSIBLE INJURY,NONE,NOT DISTRACTED,PASSENGER,MAKING RIGHT TURN,South,FUNCTIONAL,35,False,False,2,1014617304470495,210015275,Montgomery County Police,Injury ,False,South,3,3,LEVEL,False,False,DRIVER,SAME DIR REAR END,DRY,DAYLIGHT,NO CONTROLS,INTERSECTION RELATED,T-INTERSECTION,STRAIGHT,NO DEFECTS,"TWO-WAY, DIVIDED, POSITIVE MEDIAN BARRIER",38.97057417,-77.0897625,7307765282026999,7652160664672567,0,0,0,2021042412,7707842038983818,Jeep,2020,Wrangler,Small Sport Utility Vehicle 4WD,6.0,3.6,Automatic 8,4WD,Regular Gasoline,21,22,WISCONSIN AVE,Maryland (State),HUNT AVE,County,7652160664672567,20815,CHEVY CHASE,78258.2702851,151813895.483,38.98381860627773,-77.07842006190148,16.7745,35.514526,0.0,0.0,0.0,9.178235,154.44008,210424127078489838,2021-04-24 12:00:00,12,PM,114,5,Saturday,1,4,April,2021,0,Unknown
MCP3200002J,767D9D79D83445CF88AB1D34CC05C640,True,NO APPARENT INJURY,NONE,UNKNOWN,PASSENGER,MOVING CONSTANT SPEED,South,FUNCTIONAL,35,False,False,2,5115928390379342,210015275,Montgomery County Police,Injury ,False,South,3,3,LEVEL,False,False,DRIVER,SAME DIR REAR END,DRY,DAYLIGHT,NO CONTROLS,INTERSECTION RELATED,T-INTERSECTION,STRAIGHT,NO DEFECTS,"TWO-WAY, DIVIDED, POSITIVE MEDIAN BARRIER",38.97057417,-77.0897625,7307765282026999,7652160664672567,0,0,0,2021042412,7707842038983818,Honda,2007,Pilot,Sport Utility Vehicle - 2WD,6.0,3.5,Automatic 5,AWD,Regular Gasoline,15,20,WISCONSIN AVE,Maryland (State),HUNT AVE,County,7652160664672567,20815,CHEVY CHASE,78258.2702851,151813895.483,38.98381860627773,-77.07842006190148,16.7745,35.514526,0.0,0.0,0.0,9.178235,154.44008,210424127078489838,2021-04-24 12:00:00,12,PM,114,5,Saturday,1,4,April,2021,0,Unknown
MCP3247000W,1CB3067E59F042F1BBAA6016C2F1C892,True,NO APPARENT INJURY,UNKNOWN,UNKNOWN,PASSENGER,BACKING,East,UNKNOWN,25,False,False,2,819104261510793,210015317,Montgomery County Police,Property Damage ,True,East,1,1,LEVEL,False,False,DRIVER,STRAIGHT MOVEMENT ANGLE,DRY,DAYLIGHT,NO CONTROLS,INTERSECTION,FOUR-WAY INTERSECTION,STRAIGHT,NO DEFECTS,"TWO-WAY, NOT DIVIDED",38.99165428,-77.02519539,887072325756327,3285914424412593,0,0,0,2021042416,7703596439001907,Nissan,2015,Altima,Midsize Cars,4.0,2.5,Automatic 7,FWD,Regular Gasoline,22,31,SILVER SPRING AVE,County,MAYOR LA,County,3285914424412593,20910,SILVER SPRING,82846.1568889,126320091.137,39.00190768010143,-77.03596497235911,16.1965,39.49189,0.0,0.0,0.0,11.212135,185.52745,210424167035990019,2021-04-24 16:00:00,16,PM,114,5,Saturday,1,4,April,2021,0,Unknown
MCP3247000W,4CECC7A85DCC4D049CCB839CE5E620BD,False,NO APPARENT INJURY,NONE,NOT DISTRACTED,PASSENGER,MAKING LEFT TURN,East,SUPERFICIAL,25,False,False,2,819104244733174,210015317,Montgomery County Police,Property Damage ,True,East,1,1,LEVEL,False,False,DRIVER,STRAIGHT MOVEMENT ANGLE,DRY,DAYLIGHT,NO CONTROLS,INTERSECTION,FOUR-WAY INTERSECTION,STRAIGHT,NO DEFECTS,"TWO-WAY, NOT DIVIDED",38.99165428,-77.02519539,887072325756327,3285914424412593,0,0,0,2021042416,7703596439001907,Nissan,2014,Altima,Midsize Cars,4.0,2.5,Automatic 7,FWD,Regular Gasoline,22,31,SILVER SPRING AVE,County,MAYOR LA,County,3285914424412593,20910,SILVER SPRING,82846.1568889,126320091.137,39.00190768010143,-77.03596497235911,16.1965,39.49189,0.0,0.0,0.0,11.212135,185.52745,210424167035990019,2021-04-24 16:00:00,16,PM,114,5,Saturday,1,4,April,2021,0,Unknown
MCP3264001L,198E327EF7DB4767BAB9EB9B9B8865EA,True,NO APPARENT INJURY,UNKNOWN,UNKNOWN,PASSENGER,UNKNOWN,UNKNOWN,UNKNOWN,25,False,False,1,1156250298513944,210015377,Montgomery County Police,Property Damage ,True,North,1,2,LEVEL,False,False,DRIVER,HEAD ON,WET,UNKNOWN,NO CONTROLS,NON INTERSECTION,UNKNOWN,STRAIGHT,NO DEFECTS,"TWO-WAY, NOT DIVIDED",38.99762833,-77.034265,4335944513939814,8356792977061148,0,0,0,2021042417,7703596439001907,Kia,2008,Rondo,Midsize Station Wagons,4.0,2.4,Automatic 4,FWD,Regular Gasoline,18,26,SECOND AVE,County,SPRING ST,County,8356792977061148,20910,SILVER SPRING,82846.1568889,126320091.137,39.00190768010143,-77.03596497235911,15.5965,43.276,0.0,0.0,0.0,9.9571085,167.4712,210424177035990019,2021-04-24 17:00:00,17,PM,114,5,Saturday,1,4,April,2021,0,Unknown
DM8479000R,0C60FBEC456A4D50A47A6BA9F22F6385,False,NO APPARENT INJURY,NONE,NOT DISTRACTED,PASSENGER,MOVING CONSTANT SPEED,North,SUPERFICIAL,35,False,False,2,3320835454763221,210015348,Takoma Park Police Depart,Property Damage ,True,North,1,3,LEVEL,False,False,DRIVER,SAME DIRECTION SIDESWIPE,WET,DARK LIGHTS ON,YIELD SIGN,NON INTERSECTION,UNKNOWN,CURVE RIGHT,NO DEFECTS,"TWO-WAY, DIVIDED, POSITIVE MEDIAN BARRIER",38.97568688,-76.99371432,8901981419077344,5475922897037119,0,0,0,2021042421,7700204038982546,Dodge,2010,Ram 1500 Pickup,Standard Pickup Trucks 2WD,8.0,4.7,Automatic 5,RWD,Regular Gasoline,14,18,NEW HAMPSHIRE AVE,Maryland (State),EAST WEST HWY (PG CO),Maryland (State),5475922897037119,20912,TAKOMA PARK,51232.0653417,65209197.2692,38.98254687160147,-77.00204079343348,10.998,89.56227,1.7,1.7,0.0,7.5685663,92.72626,210424217002089825,2021-04-24 21:00:00,21,PM,114,5,Saturday,1,4,April,2021,0,Unknown