ReportNumber,VehicleCrashKey,DriverAtFault,DriverInjurySeverity,DriverSubstanceAbuse,DriverDistractedBy,VehicleType,VehicleMovement,VehicleGoingDir,VehicleDamageExtent,SpeedLimit,ParkedVehicle,SubstanceAbuseContributed,VehiclesCrashedTotal,VehicleKey,LocalCaseNumber,AgencyName,ACRSReportType,HitRun,LaneDirection,LaneNumber,NumberOfLanes,RoadGrade,NonTraffic,OffRoadIncident,AccidentAtFault,CollisionType,SurfaceCondition,Light,TrafficControl,Junction,IntersectionType,RoadAlignment,RoadCondition,RoadDivision,Latitude,Longitude,RoadKey_x,CrossStreetKey,NonMotoristTotal,NonMotoristInjury,NonMotoristFatal,DateHourKey,LocationAreaKey,Make,Year_x,BaseModel,BodyClass,Cylinders,Displacement,Transmission,Drivetrain,FuelType,CityMPG,HighwayMPG,RoadName_x,RouteType_x,RoadName_y,RouteType_y,RoadKey_y,Zipcode,MailCity,ShapeLength,ShapeArea,CentroidLatitude,CentroidLongitude,Temperature,Humidity,Precipitation,Rain,Snow,WindSpeed,WindDirection,WeatherKey,Datetime,Hour,TimeOfDay,DayNumber,WeekDayNumber,WeekDayName,WeekendFlag,MonthNumber,MonthName,Year_y,HolidayFlag,HolidayName
DM8479000R,53EBA25CF7274B0EB6B9DD16D27BF4A9,True,NO APPARENT INJURY,UNKNOWN,UNKNOWN,PASSENGER,ENTERING TRAFFIC LANE,North,SUPERFICIAL,35,False,False,2,8330467320544760,210015348,Takoma Park Police Depart,Property Damage ,True,North,1,3,LEVEL,False,False,DRIVER,SAME DIRECTION SIDESWIPE,WET,DARK LIGHTS ON,YIELD SIGN,NON INTERSECTION,UNKNOWN,CURVE RIGHT,NO DEFECTS,"TWO-WAY, DIVIDED, POSITIVE MEDIAN BARRIER",38.97568688,-76.99371432,8901981419077344,5475922897037119,0,0,0,2021042421,7700204038982546,Mercury,2010,Milan,Midsize Cars,4.0,2.5,Automatic 6,FWD,Regular Gasoline,22,31,NEW HAMPSHIRE AVE,Maryland (State),EAST WEST HWY (PG CO),Maryland (State),5475922897037119,20912,TAKOMA PARK,51232.0653417,65209197.2692,38.98254687160147,-77.00204079343348,10.998,89.56227,1.7,1.7,0.0,7.5685663,92.72626,210424217002089825,2021-04-24 21:00:00,21,PM,114,5,Saturday,1,4,April,2021,0,Unknown
MCP2975003R,6851F24A2B7C47A2994B7CB0B9E8849C,True,NO APPARENT INJURY,ALCOHOL,UNKNOWN,PASSENGER,BACKING,West,SUPERFICIAL,5,False,False,1,7743341791132107,210015355,Montgomery County Police,Property Damage ,True,UNKNOWN,0,0,UNKNOWN,True,True,DRIVER,OTHER,UNKNOWN,DARK LIGHTS ON,NO CONTROLS,UNKNOWN,UNKNOWN,UNKNOWN,UNKNOWN,UNKNOWN,39.09257969,-77.04601867,7781945108562677,7781945108562677,0,0,0,2021042423,7705486039088590,GMC,2014,Sierra,Standard Pickup Trucks 2WD,8.0,4.3,Automatic 6,4WD,Regular Gasoline,16,22,UNKNOWN,UNKNOWN,UNKNOWN,UNKNOWN,7781945108562677,20906,SILVER SPRING,133207.174949,359110751.771,39.08859082555049,-77.05486091907257,9.5325,99.66475,2.7,2.7,0.0,7.928177,129.47243,210424237054890885,2021-04-24 23:00:00,23,PM,114,5,Saturday,1,4,April,2021,0,Unknown
MCP3246000X,B72F70A654574E5F881AB5F1A547A20A,True,NO APPARENT INJURY,NONE,OTHER DISTRACTION,PASSENGER,MOVING CONSTANT SPEED,West,DISABLING,25,False,False,1,7004010121091503,210015360,Montgomery County Police,Property Damage ,False,West,1,1,LEVEL,False,False,DRIVER,SAME DIR REAR END,WET,DARK LIGHTS ON,UNKNOWN,NON INTERSECTION,UNKNOWN,STRAIGHT,NO DEFECTS,"TWO-WAY, DIVIDED, UNPROTECTED PAINTED MIN 4 FEET",39.10425267,-77.04887733,7576478116500516,8903437844932022,0,0,0,2021042500,7705486039088590,Honda,2013,Civic,Compact Cars,4.0,1.8,Automatic 5,FWD,Regular Gasoline,28,31,PARK VISTA DR,County,LONGMEAD CROSSING DR,County,8903437844932022,20906,SILVER SPRING,133207.174949,359110751.771,39.08859082555049,-77.05486091907257,9.3325,100.0,2.8,2.8,0.0,6.5693827,99.46225,210425007054890885,2021-04-25 00:00:00,0,AM,115,6,Sunday,1,4,April,2021,0,Unknown
MCP1160000G,42C69B6C3F8145939FE56BAB3C239616,False,NO APPARENT INJURY,UNKNOWN,UNKNOWN,UNKNOWN,MOVING CONSTANT SPEED,West,UNKNOWN,35,False,False,2,8168321465439775,210015365,Montgomery County Police,Property Damage ,True,East,1,2,GRADE DOWNHILL,False,False,DRIVER,STRAIGHT MOVEMENT ANGLE,WET,DARK LIGHTS ON,FLASHING TRAFFIC SIGNAL,INTERSECTION,FOUR-WAY INTERSECTION,STRAIGHT,NO DEFECTS,"TWO-WAY, DIVIDED, POSITIVE MEDIAN BARRIER",38.975695,-77.12578,1363718650800826,3134929711281422,0,0,0,2021042501,7715220038996189,Unknown,0,Unknown,Unknown,0.0,0.0,Unknown,Unknown,Unknown,0,0,RIVER RD,Maryland (State),WHITTIER BLVD,County,3134929711281422,20817,BETHESDA,143234.920079,403664948.588,38.996189145680184,-77.15220044157795,9.443,99.66451,2.8,2.8,0.0,8.825508,78.231735,210425017152289961,2021-04-25 01:00:00,1,AM,115,6,Sunday,1,4,April,2021,0,Unknown
MCP1160000G,BC3F067D1D3043678F29A7951507A61D,True,NO APPARENT INJURY,NONE,NOT DISTRACTED,PASSENGER,STARTING FROM LANE,South,DISABLING,30,False,False,2,4223640563102557,210015365,Montgomery County Police,Property Damage ,True,East,1,2,GRADE DOWNHILL,False,False,DRIVER,STRAIGHT MOVEMENT ANGLE,WET,DARK LIGHTS ON,FLASHING TRAFFIC SIGNAL,INTERSECTION,FOUR-WAY INTERSECTION,STRAIGHT,NO DEFECTS,"TWO-WAY, DIVIDED, POSITIVE MEDIAN BARRIER",38.975695,-77.12578,1363718650800826,3134929711281422,0,0,0,2021042501,7715220038996189,Nissan,2014,Versa,Compact Cars,4.0,1.6,Automatic 4,FWD,Regular Gasoline,26,35,RIVER RD,Maryland (State),WHITTIER BLVD,County,3134929711281422,20817,BETHESDA,143234.920079,403664948.588,38.996189145680184,-77.15220044157795,9.443,99.66451,2.8,2.8,0.0,8.825508,78.231735,210425017152289961,2021-04-25 01:00:00,1,AM,115,6,Sunday,1,4,April,2021,0,Unknown
MCP3190002B,4E05F7D6D1004A198BE7D33032133086,False,NO APPARENT INJURY,NONE,LOOKED BUT DID NOT SEE,PASSENGER,MAKING LEFT TURN,North,NO DAMAGE,40,False,False,1,751452889037670,210015371,Montgomery County Police,Injury ,False,North,3,3,LEVEL,False,False,NONMOTORIST,OTHER,WET,DARK LIGHTS ON,NO CONTROLS,INTERSECTION,OTHER,STRAIGHT,NO DEFECTS,"TWO-WAY, DIVIDED, POSITIVE MEDIAN BARRIER",39.06115167,-77.07308,1627793738140795,4713999508398201,1,1,0,2021042504,7705486039088590,Toyota,2021,Corolla,Compact Cars,4.0,2.0,Automatic 10,FWD,Regular Gasoline,29,38,CONNECTICUT AVE,Maryland (State),GREENLY ST,County,4713999508398201,20906,SILVER SPRING,133207.174949,359110751.771,39.08859082555049,-77.05486091907257,8.632501,99.66236,0.7,0.7,0.0,10.799999,360.0,210425047054890885,2021-04-25 04:00:00,4,AM,115,6,Sunday,1,4,April,2021,0,Unknown
MCP1202004V,DC9554006DDC46E9B6F07C4A96073F43,True,NO APPARENT INJURY,NONE,NOT DISTRACTED,PASSENGER,MOVING CONSTANT SPEED,East,DISABLING,35,False,False,1,7030541539811171,210015376,Montgomery County Police,Property Damage ,False,East,2,4,ON BRIDGE,False,False,DRIVER,SINGLE VEHICLE,WET,DAYLIGHT,NO CONTROLS,NON INTERSECTION,UNKNOWN,STRAIGHT,NO DEFECTS,"TWO-WAY, DIVIDED, POSITIVE MEDIAN BARRIER",38.9911,-77.157,1363718650800826,3763043441888224,0,0,0,2021042507,7715220038996189,Dodge,2007,Nitro,Sport Utility Vehicle - 2WD,6.0,3.7,Automatic 4,AWD,Regular Gasoline,16,22,RIVER RD,Maryland (State),STRUC #15110,UNKNOWN,3763043441888224,20817,BETHESDA,143234.920079,403664948.588,38.996189145680184,-77.15220044157795,9.193,95.70715,0.0,0.0,0.0,13.009903,345.5792,210425077152289961,2021-04-25 07:00:00,7,AM,115,6,Sunday,1,4,April,2021,0,Unknown
MCP30260069,3AE897EBC5104D61AC5AE231A266CE16,False,NO APPARENT INJURY,NONE,NOT DISTRACTED,PASSENGER,STOPPED IN TRAFFIC LANE,East,FUNCTIONAL,35,False,False,2,1314430843980275,210015405,Montgomery County Police,Property Damage ,True,East,1,3,GRADE DOWNHILL,False,False,DRIVER,SAME DIR REAR END,DRY,DAYLIGHT,TRAFFIC SIGNAL,INTERSECTION RELATED,FOUR-WAY INTERSECTION,STRAIGHT,NO DEFECTS,"TWO-WAY, DIVIDED, POSITIVE MEDIAN BARRIER",38.99279833,-77.06038333,4570729910170239,6667714501427087,0,0,0,2021042512,7707842038983818,Toyota,2008,Corolla,Compact Cars,4.0,1.8,Automatic 4,FWD,Regular Gasoline,26,35,EAST WEST HWY,Maryland (State),MEADOWBROOK LA,Other Public Roadway,6667714501427087,20815,CHEVY CHASE,78258.2702851,151813895.483,38.98381860627773,-77.07842006190148,14.8245,64.42064,0.1,0.1,0.0,18.671474,326.0035,210425127078489838,2021-04-25 12:00:00,12,PM,115,6,Sunday,1,4,April,2021,0,Unknown
MCP30260069,C1D582A75E344431A61FBFB83DB1DC66,True,NO APPARENT INJURY,UNKNOWN,UNKNOWN,UNKNOWN,MOVING CONSTANT SPEED,East,UNKNOWN,35,False,False,2,8168321465439775,210015405,Montgomery County Police,Property Damage ,True,East,1,3,GRADE DOWNHILL,False,False,DRIVER,SAME DIR REAR END,DRY,DAYLIGHT,TRAFFIC SIGNAL,INTERSECTION RELATED,FOUR-WAY INTERSECTION,STRAIGHT,NO DEFECTS,"TWO-WAY, DIVIDED, POSITIVE MEDIAN BARRIER",38.99279833,-77.06038333,4570729910170239,6667714501427087,0,0,0,2021042512,7707842038983818,Unknown,0,Unknown,Unknown,0.0,0.0,Unknown,Unknown,Unknown,0,0,EAST WEST HWY,Maryland (State),MEADOWBROOK LA,Other Public Roadway,6667714501427087,20815,CHEVY CHASE,78258.2702851,151813895.483,38.98381860627773,-77.07842006190148,14.8245,64.42064,0.1,0.1,0.0,18.671474,326.0035,210425127078489838,2021-04-25 12:00:00,12,PM,115,6,Sunday,1,4,April,2021,0,Unknown
MCP3218001L,DFD1978AFAF54FACA38A93DEFD2273AF,False,POSSIBLE INJURY,NONE,NOT DISTRACTED,PASSENGER,MOVING CONSTANT SPEED,South,DISABLING,40,False,False,2,4388222131266446,210015426,Montgomery County Police,Injury ,False,South,2,4,LEVEL,False,False,DRIVER,STRAIGHT MOVEMENT ANGLE,DRY,DAYLIGHT,TRAFFIC SIGNAL,INTERSECTION,FOUR-WAY INTERSECTION,STRAIGHT,NO DEFECTS,"TWO-WAY, DIVIDED, POSITIVE MEDIAN BARRIER",39.05169567,-77.07490633,1627793738140795,9290911226978796,0,0,0,2021042515,7705486039088590,MINI,2004,Cooper,Minicompact Cars,4.0,1.6,Automatic CVT,FWD,Premium Gasoline,22,29,CONNECTICUT AVE,Maryland (State),VEIRS MILL RD,Maryland (State),9290911226978796,20906,SILVER SPRING,133207.174949,359110751.771,39.08859082555049,-77.05486091907257,16.9825,49.31223,0.0,0.0,0.0,19.35314,316.5074,210425157054890885,2021-04-25 15:00:00,15,PM,115,6,Sunday,1,4,April,2021,0,Unknown
MCP3218001L,ED7CC419994E418099EA009E586FB1BC,True,NO APPARENT INJURY,NONE,LOOKED BUT DID NOT SEE,PASSENGER,MAKING LEFT TURN,North,DISABLING,40,False,False,2,7318984751414214,210015426,Montgomery County Police,Injury ,False,South,2,4,LEVEL,False,False,DRIVER,STRAIGHT MOVEMENT ANGLE,DRY,DAYLIGHT,TRAFFIC SIGNAL,INTERSECTION,FOUR-WAY INTERSECTION,STRAIGHT,NO DEFECTS,"TWO-WAY, DIVIDED, POSITIVE MEDIAN BARRIER",39.05169567,-77.07490633,1627793738140795,9290911226978796,0,0,0,2021042515,7705486039088590,Honda,2013,Fit,Small Station Wagons,4.0,1.5,Automatic 5,FWD,Regular Gasoline,27,33,CONNECTICUT AVE,Maryland (State),VEIRS MILL RD,Maryland (State),9290911226978796,20906,SILVER SPRING,133207.174949,359110751.771,39.08859082555049,-77.05486091907257,16.9825,49.31223,0.0,0.0,0.0,19.35314,316.5074,210425157054890885,2021-04-25 15:00:00,15,PM,115,6,Sunday,1,4,April,2021,0,Unknown
MCP30140030,D4CECD175952439AAB3F68A4361E9E3C,True,NO APPARENT INJURY,UNKNOWN,NO DRIVER PRESENT,PASSENGER,MOVING CONSTANT SPEED,South,DISABLING,25,False,False,1,7987893226310565,210015466,Montgomery County Police,Property Damage ,True,South,1,1,LEVEL,False,False,DRIVER,SAME DIRECTION SIDESWIPE,DRY,DARK LIGHTS ON,NO CONTROLS,UNKNOWN,UNKNOWN,CURVE LEFT,NO DEFECTS,"TWO-WAY, NOT DIVIDED",39.06362622,-77.06138246,7921645342456984,2621126212252104,0,0,0,2021042600,7705486039088590,Jeep,2015,Cherokee,Small Sport Utility Vehicle 4WD,4.0,2.4,Automatic 9,4WD,Regular Gasoline,21,26,FARNELL DR,County,HOLDRIDGE RD,County,2621126212252104,20906,SILVER SPRING,133207.174949,359110751.771,39.08859082555049,-77.05486091907257,11.1825,60.340137,0.0,0.0,0.0,16.79314,329.03632,210426007054890885,2021-04-26 00:00:00,0,AM,116,0,Monday,0,4,April,2021,0,Unknown
MCP3130003F,231B6419079C4DCCA3ECB2B526A85B81,False,SUSPECTED MINOR INJURY,NONE,NOT DISTRACTED,PASSENGER,MOVING CONSTANT SPEED,North,DISABLING,45,False,False,2,751452905815289,210015531,Montgomery County Police,Injury ,False,North,2,3,LEVEL,False,False,DRIVER,STRAIGHT MOVEMENT ANGLE,DRY,DAYLIGHT,NO CONTROLS,CROSSOVER RELATED,T-INTERSECTION,STRAIGHT,NO DEFECTS,"TWO-WAY, DIVIDED, POSITIVE MEDIAN BARRIER",39.07824333,-77.080685,1627793738140795,8760747166704389,0,0,0,2021042613,7705486039088590,Toyota,2020,Corolla,Compact Cars,4.0,2.0,Automatic 10,FWD,Regular Gasoline,29,38,CONNECTICUT AVE,Maryland (State),CROSSOVER,UNKNOWN,8760747166704389,20906,SILVER SPRING,133207.174949,359110751.771,39.08859082555049,-77.05486091907257,14.9825,28.474491,0.0,0.0,0.0,14.565548,309.98682,210426137054890885,2021-04-26 13:00:00,13,PM,116,0,Monday,0,4,April,2021,0,Unknown
MCP3130003F,2CF0FD4C661B4141A43818589A241FAE,True,NO APPARENT INJURY,NONE,OTHER DISTRACTION,PASSENGER,MOVING CONSTANT SPEED,North,SUPERFICIAL,45,False,False,2,8865406089054714,210015531,Montgomery County Police,Injury ,False,North,2,3,LEVEL,False,False,DRIVER,STRAIGHT MOVEMENT ANGLE,DRY,DAYLIGHT,NO CONTROLS,CROSSOVER RELATED,T-INTERSECTION,STRAIGHT,NO DEFECTS,"TWO-WAY, DIVIDED, POSITIVE MEDIAN BARRIER",39.07824333,-77.080685,1627793738140795,8760747166704389,0,0,0,2021042613,7705486039088590,Toyota,2010,Yaris,Subcompact Cars,4.0,1.5,Automatic 4,FWD,Regular Gasoline,29,35,CONNECTICUT AVE,Maryland (State),CROSSOVER,UNKNOWN,8760747166704389,20906,SILVER SPRING,133207.174949,359110751.771,39.08859082555049,-77.05486091907257,14.9825,28.474491,0.0,0.0,0.0,14.565548,309.98682,210426137054890885,2021-04-26 13:00:00,13,PM,116,0,Monday,0,4,April,2021,0,Unknown
MCP15340004,158AA78F33394570AC416FD0923AAE87,True,NO APPARENT INJURY,UNKNOWN,NOT DISTRACTED,PASSENGER,MOVING CONSTANT SPEED,West,DISABLING,35,False,False,2,6875164217778411,210015540,Montgomery County Police,Property Damage ,False,West,1,1,LEVEL,False,False,DRIVER,ANGLE MEETS RIGHT TURN,DRY,DAYLIGHT,TRAFFIC SIGNAL,INTERSECTION,FOUR-WAY INTERSECTION,STRAIGHT,NO DEFECTS,"TWO-WAY, NOT DIVIDED",38.98621833,-77.11486333,8659486064429145,2258501311527651,0,0,0,2021042613,7710072538987731,Lexus,1999,LS,Midsize Cars,8.0,4.0,Automatic 5,RWD,Premium Gasoline,16,23,BRADLEY BLVD,Maryland (State),WILSON LA,Maryland (State),2258501311527651,20814,BETHESDA,46411.6876883,47837334.4314,38.98773167577017,-77.10072590539887,15.1485,28.100948,0.0,0.0,0.0,16.039202,314.0907,210426137100789877,2021-04-26 13:00:00,13,PM,116,0,Monday,0,4,April,2021,0,Unknown
MCP15340004,DAECF4B94A7C43769A3AA14405FB7967,False,NO APPARENT INJURY,UNKNOWN,NOT DISTRACTED,PASSENGER,MAKING RIGHT TURN,South,DISABLING,35,False,False,2,7318984784969452,210015540,Montgomery County Police,Property Damage ,False,West,1,1,LEVEL,False,False,DRIVER,ANGLE MEETS RIGHT TURN,DRY,DAYLIGHT,TRAFFIC SIGNAL,INTERSECTION,FOUR-WAY INTERSECTION,STRAIGHT,NO DEFECTS,"TWO-WAY, NOT DIVIDED",38.98621833,-77.11486333,8659486064429145,2258501311527651,0,0,0,2021042613,7710072538987731,Honda,2015,Fit,Small Station Wagons,4.0,1.5,Automatic 7,FWD,Regular Gasoline,29,36,BRADLEY BLVD,Maryland (State),WILSON LA,Maryland (State),2258501311527651,20814,BETHESDA,46411.6876883,47837334.4314,38.98773167577017,-77.10072590539887,15.1485,28.100948,0.0,0.0,0.0,16.039202,314.0907,210426137100789877,2021-04-26 13:00:00,13,PM,116,0,Monday,0,4,April,2021,0,Unknown
MCP2866006S,C011D75DA3E5404D854EAAB74C4E0C42,True,NO APPARENT INJURY,UNKNOWN,UNKNOWN,PASSENGER,MOVING CONSTANT SPEED,North,SUPERFICIAL,35,False,False,2,1561792244308137,210015590,Montgomery County Police,Property Damage ,True,North,1,4,LEVEL,False,False,DRIVER,SAME DIR REAR END,DRY,DAYLIGHT,TRAFFIC SIGNAL,INTERSECTION RELATED,FOUR-WAY INTERSECTION,STRAIGHT,NO DEFECTS,"TWO-WAY, DIVIDED, POSITIVE MEDIAN BARRIER",39.01304344,-77.11720512,4494898042244063,2480831238734810,0,0,0,2021042613,7710519939016894,Mazda,2007,B Pickup,Standard Pickup Trucks 2WD,6.0,4.0,Automatic 5,RWD,Regular Gasoline,15,20,OLD GEORGETOWN RD,Maryland (State),RYLAND DR,County,2480831238734810,20814,BETHESDA,58373.8630538,68540697.609,39.016894075883464,-77.10519990449882,15.2345,28.441122,0.0,0.0,0.0,15.281989,313.09085,210426137105190168,2021-04-26 13:00:00,13,PM,116,0,Monday,0,4,April,2021,0,Unknown
MCP2866006S,217A2277BBC043BF823BD9E024BF0122,False,NO APPARENT INJURY,NONE,NOT DISTRACTED,PASSENGER,STOPPED IN TRAFFIC LANE,North,SUPERFICIAL,35,False,False,2,8567421565498965,210015590,Montgomery County Police,Property Damage ,True,North,1,4,LEVEL,False,False,DRIVER,SAME DIR REAR END,DRY,DAYLIGHT,TRAFFIC SIGNAL,INTERSECTION RELATED,FOUR-WAY INTERSECTION,STRAIGHT,NO DEFECTS,"TWO-WAY, DIVIDED, POSITIVE MEDIAN BARRIER",39.01304344,-77.11720512,4494898042244063,2480831238734810,0,0,0,2021042613,7710519939016894,Toyota,2011,Venza,Sport Utility Vehicle - 2WD,4.0,2.7,Automatic 6,AWD,Regular Gasoline,18,25,OLD GEORGETOWN RD,Maryland (State),RYLAND DR,County,2480831238734810,20814,BETHESDA,58373.8630538,68540697.609,39.016894075883464,-77.10519990449882,15.2345,28.441122,0.0,0.0,0.0,15.281989,313.09085,210426137105190168,2021-04-26 13:00:00,13,PM,116,0,Monday,0,4,April,2021,0,Unknown
MCP3228001H,3A845E75BE8F4EEEA78F57EC1EC076F0,False,NO APPARENT INJURY,NONE,NOT DISTRACTED,BUS,PARKED,UNKNOWN,FUNCTIONAL,35,True,False,2,1306665488576693,210015602,Montgomery County Police,Property Damage ,False,West,2,2,LEVEL,False,False,DRIVER,SAME DIRECTION SIDESWIPE,DRY,DARK LIGHTS ON,TRAFFIC SIGNAL,INTERSECTION,FOUR-WAY INTERSECTION,STRAIGHT,NO DEFECTS,"TWO-WAY, DIVIDED, POSITIVE MEDIAN BARRIER",38.99448933,-77.02723133,8825017167010994,5660893524410086,0,0,0,2021042621,7703596439001907,Nova,0,Unknown,Unknown,0.0,0.0,Unknown,Unknown,Unknown,0,0,WAYNE AVE,County,GEORGIA AVE,US (State),5660893524410086,20910,SILVER SPRING,82846.1568889,126320091.137,39.00190768010143,-77.03596497235911,12.7965,51.328926,0.0,0.0,0.0,6.379216,163.61038,210426217035990019,2021-04-26 21:00:00,21,PM,116,0,Monday,0,4,April,2021,0,Unknown
MCP3228001H,938931E66E7F467A8AC0DB65F2E1CBCB,True,NO APPARENT INJURY,NONE,UNKNOWN,BUS,MAKING RIGHT TURN,West,SUPERFICIAL,35,False,False,2,1306665488576693,210015602,Montgomery County Police,Property Damage ,False,West,2,2,LEVEL,False,False,DRIVER,SAME DIRECTION SIDESWIPE,DRY,DARK LIGHTS ON,TRAFFIC SIGNAL,INTERSECTION,FOUR-WAY INTERSECTION,STRAIGHT,NO DEFECTS,"TWO-WAY, DIVIDED, POSITIVE MEDIAN BARRIER",38.99448933,-77.02723133,8825017167010994,5660893524410086,0,0,0,2021042621,7703596439001907,Nova,0,Unknown,Unknown,0.0,0.0,Unknown,Unknown,Unknown,0,0,WAYNE AVE,County,GEORGIA AVE,US (State),5660893524410086,20910,SILVER SPRING,82846.1568889,126320091.137,39.00190768010143,-77.03596497235911,12.7965,51.328926,0.0,0.0,0.0,6.379216,163.61038,210426217035990019,2021-04-26 21:00:00,21,PM,116,0,Monday,0,4,April,2021,0,Unknown
MCP1202004W,4C11FDA2A3F84AA4BF148189922E7A85,False,NO APPARENT INJURY,NONE,NOT DISTRACTED,PASSENGER,MAKING RIGHT TURN,North,FUNCTIONAL,5,False,False,2,6722520027908537,210015623,Montgomery County Police,Property Damage ,True,UNKNOWN,0,0,UNKNOWN,True,True,UNKNOWN,SAME DIRECTION RIGHT TURN,UNKNOWN,DAYLIGHT,NO CONTROLS,UNKNOWN,UNKNOWN,UNKNOWN,UNKNOWN,UNKNOWN,38.963488,-77.102495,7781945108562677,7781945108562677,0,0,0,2021042707,7711806238956479,Honda,2020,Civic,Compact Cars,4.0,1.5,Manual 6,FWD,Regular Gasoline,29,36,UNKNOWN,UNKNOWN,UNKNOWN,UNKNOWN,7781945108562677,20816,BETHESDA,58716.1248449,117565480.431,38.95647982277882,-77.11806249046538,9.497499,80.71481,0.0,0.0,0.0,8.654986,163.0724,210427077118089564,2021-04-27 07:00:00,7,AM,117,1,Tuesday,0,4,April,2021,0,Unknown
MCP1202004W,9748710D90E445C882C958FCB6738ED4,False,NO APPARENT INJURY,NONE,NOT DISTRACTED,PASSENGER,MAKING RIGHT TURN,North,FUNCTIONAL,5,False,False,2,3741542580684064,210015623,Montgomery County Police,Property Damage ,True,UNKNOWN,0,0,UNKNOWN,True,True,UNKNOWN,SAME DIRECTION RIGHT TURN,UNKNOWN,DAYLIGHT,NO CONTROLS,UNKNOWN,UNKNOWN,UNKNOWN,UNKNOWN,UNKNOWN,38.963488,-77.102495,7781945108562677,7781945108562677,0,0,0,2021042707,7711806238956479,Honda,1998,CR-V,Special Purpose Vehicle 4WD,4.0,2.0,Automatic 4,FWD,Regular Gasoline,19,23,UNKNOWN,UNKNOWN,UNKNOWN,UNKNOWN,7781945108562677,20816,BETHESDA,58716.1248449,117565480.431,38.95647982277882,-77.11806249046538,9.497499,80.71481,0.0,0.0,0.0,8.654986,163.0724,210427077118089564,2021-04-27 07:00:00,7,AM,117,1,Tuesday,0,4,April,2021,0,Unknown
MCP2353008Z,1D52EBA66783444780C25D1B34229DA1,False,SUSPECTED MINOR INJURY,NONE,UNKNOWN,PASSENGER,MOVING CONSTANT SPEED,South,DESTROYED,35,False,False,2,9088251191717951,210015629,Montgomery County Police,Injury ,False,South,1,3,LEVEL,False,False,DRIVER,STRAIGHT MOVEMENT ANGLE,DRY,DAYLIGHT,TRAFFIC SIGNAL,INTERSECTION,FOUR-WAY INTERSECTION,STRAIGHT,NO DEFECTS,"TWO-WAY, DIVIDED, POSITIVE MEDIAN BARRIER",38.97703667,-77.09099333,7307765282026999,7806589269723106,0,0,0,2021042708,7707842038983818,Toyota,2020,Camry,Midsize Cars,4.0,2.5,Automatic 8,FWD,Regular Gasoline,22,34,WISCONSIN AVE,Maryland (State),BRADLEY LA,Maryland (State),7806589269723106,20815,CHEVY CHASE,78258.2702851,151813895.483,38.98381860627773,-77.07842006190148,11.8245,71.684326,0.0,0.0,0.0,7.145796,220.91429,210427087078489838,2021-04-27 08:00:00,8,AM,117,1,Tuesday,0,4,April,2021,0,Unknown
MCP2353008Z,1D0078E5B1FC44478B7F6AE1254E5317,True,NO APPARENT INJURY,NONE,NOT DISTRACTED,PASSENGER,MAKING LEFT TURN,North,FUNCTIONAL,35,False,False,2,9922223718996193,210015629,Montgomery County Police,Injury ,False,South,1,3,LEVEL,False,False,DRIVER,STRAIGHT MOVEMENT ANGLE,DRY,DAYLIGHT,TRAFFIC SIGNAL,INTERSECTION,FOUR-WAY INTERSECTION,STRAIGHT,NO DEFECTS,"TWO-WAY, DIVIDED, POSITIVE MEDIAN BARRIER",38.97703667,-77.09099333,7307765282026999,7806589269723106,0,0,0,2021042708,7707842038983818,Buick,2011,Enclave,Sport Utility Vehicle - 2WD,6.0,3.6,Automatic 6,AWD,Regular Gasoline,16,22,WISCONSIN AVE,Maryland (State),BRADLEY LA,Maryland (State),7806589269723106,20815,CHEVY CHASE,78258.2702851,151813895.483,38.98381860627773,-77.07842006190148,11.8245,71.684326,0.0,0.0,0.0,7.145796,220.91429,210427087078489838,2021-04-27 08:00:00,8,AM,117,1,Tuesday,0,4,April,2021,0,Unknown
MCP3055002S,4768401F2D914803BD3A249FB4768A5C,True,NO APPARENT INJURY,UNKNOWN,LOOKED BUT DID NOT SEE,PASSENGER,SLOWING OR STOPPING,South,SUPERFICIAL,35,False,False,2,1142298987683511,210015642,Montgomery County Police,Property Damage ,False,South,1,1,LEVEL,False,False,DRIVER,SAME DIR REAR END,DRY,DAYLIGHT,TRAFFIC SIGNAL,INTERSECTION RELATED,T-INTERSECTION,STRAIGHT,NO DEFECTS,"TWO-WAY, NOT DIVIDED",39.09142,-77.063105,4506373220064526,3786639377990067,0,0,0,2021042710,7705486039088590,Volkswagen,1995,Golf/GTI,Compact Cars,4.0,2.0,Manual 5,FWD,Regular Gasoline,17,23,HOMECREST RD,County,BEL PRE RD,County,3786639377990067,20906,SILVER SPRING,133207.174949,359110751.771,39.08859082555049,-77.05486091907257,17.332499,55.86388,0.0,0.0,0.0,7.10031,239.53453,210427107054890885,2021-04-27 10:00:00,10,AM,117,1,Tuesday,0,4,April,2021,0,Unknown
MCP3055002S,2553F095F7BE47DBBC40BF66BCC9D190,False,NO APPARENT INJURY,UNKNOWN,NOT DISTRACTED,PASSENGER,SLOWING OR STOPPING,South,SUPERFICIAL,35,False,False,2,1143200118883287,210015642,Montgomery County Police,Property Damage ,False,South,1,1,LEVEL,False,False,DRIVER,SAME DIR REAR END,DRY,DAYLIGHT,TRAFFIC SIGNAL,INTERSECTION RELATED,T-INTERSECTION,STRAIGHT,NO DEFECTS,"TWO-WAY, NOT DIVIDED",39.09142,-77.063105,4506373220064526,3786639377990067,0,0,0,2021042710,7705486039088590,Hyundai,0,Unknown,Unknown,0.0,0.0,Unknown,Unknown,Unknown,0,0,HOMECREST RD,County,BEL PRE RD,County,3786639377990067,20906,SILVER SPRING,133207.174949,359110751.771,39.08859082555049,-77.05486091907257,17.332499,55.86388,0.0,0.0,0.0,7.10031,239.53453,210427107054890885,2021-04-27 10:00:00,10,AM,117,1,Tuesday,0,4,April,2021,0,Unknown