ReportNumber,VehicleCrashKey,DriverAtFault,DriverInjurySeverity,DriverSubstanceAbuse,DriverDistractedBy,VehicleType,VehicleMovement,VehicleGoingDir,VehicleDamageExtent,SpeedLimit,ParkedVehicle,SubstanceAbuseContributed,VehiclesCrashedTotal,VehicleKey,LocalCaseNumber,AgencyName,ACRSReportType,HitRun,LaneDirection,LaneNumber,NumberOfLanes,RoadGrade,NonTraffic,OffRoadIncident,AccidentAtFault,CollisionType,SurfaceCondition,Light,TrafficControl,Junction,IntersectionType,RoadAlignment,RoadCondition,RoadDivision,Latitude,Longitude,RoadKey_x,CrossStreetKey,NonMotoristTotal,NonMotoristInjury,NonMotoristFatal,DateHourKey,LocationAreaKey,Make,Year_x,BaseModel,BodyClass,Cylinders,Displacement,Transmission,Drivetrain,FuelType,CityMPG,HighwayMPG,RoadName_x,RouteType_x,RoadName_y,RouteType_y,RoadKey_y,Zipcode,MailCity,ShapeLength,ShapeArea,CentroidLatitude,CentroidLongitude,Temperature,Humidity,Precipitation,Rain,Snow,WindSpeed,WindDirection,WeatherKey,Datetime,Hour,TimeOfDay,DayNumber,WeekDayNumber,WeekDayName,WeekendFlag,MonthNumber,MonthName,Year_y,HolidayFlag,HolidayName
MCP3276000Y,DD558F334FD44CF1831585BB874DF23F,False,NO APPARENT INJURY,NONE,NOT DISTRACTED,BUS,STOPPED IN TRAFFIC LANE,North,SUPERFICIAL,35,False,False,2,6259949909495943,210016043,Montgomery County Police,Property Damage ,True,North,3,3,LEVEL,False,False,DRIVER,SAME DIR REAR END,DRY,DARK LIGHTS ON,UNKNOWN,INTERSECTION RELATED,T-INTERSECTION,STRAIGHT,NO DEFECTS,"TWO-WAY, DIVIDED, POSITIVE MEDIAN BARRIER",38.9952575,-77.0271719,5660893524410086,8034483918736540,0,0,0,2021042917,7703596439001907,New Flyer,0,Unknown,Unknown,0.0,0.0,Unknown,Unknown,Unknown,0,0,GEORGIA AVE,US (State),ELLSWORTH DR,County,8034483918736540,20910,SILVER SPRING,82846.1568889,126320091.137,39.00190768010143,-77.03596497235911,26.3465,65.022255,0.0,0.0,0.0,6.489992,236.3099,210429177035990019,2021-04-29 17:00:00,17,PM,119,3,Thursday,0,4,April,2021,0,Unknown
MCP3026006C,C764657D26DE437EA7FCAA3DD8BD507F,True,NO APPARENT INJURY,UNKNOWN,UNKNOWN,UNKNOWN,UNKNOWN,UNKNOWN,UNKNOWN,15,False,False,1,8168321465439775,210016256,Montgomery County Police,Property Damage ,True,UNKNOWN,0,0,UNKNOWN,True,True,DRIVER,UNKNOWN,UNKNOWN,UNKNOWN,NO CONTROLS,UNKNOWN,UNKNOWN,UNKNOWN,UNKNOWN,UNKNOWN,38.99963029,-77.05213347,7781945108562677,7781945108562677,0,0,0,2021042918,7703596439001907,Unknown,0,Unknown,Unknown,0.0,0.0,Unknown,Unknown,Unknown,0,0,UNKNOWN,UNKNOWN,UNKNOWN,UNKNOWN,7781945108562677,20910,SILVER SPRING,82846.1568889,126320091.137,39.00190768010143,-77.03596497235911,25.8965,54.92678,0.0,0.0,0.0,13.679999,270.0,210429187035990019,2021-04-29 18:00:00,18,PM,119,3,Thursday,0,4,April,2021,0,Unknown
MCP3045003T,99555D4ECB41432684AE4D33EC1B6762,True,NO APPARENT INJURY,NONE,INATTENTIVE OR LOST IN THOUGHT,PASSENGER,MAKING RIGHT TURN,East,DISABLING,30,False,False,2,2220025435247230,210016091,Montgomery County Police,Property Damage ,False,South,1,2,LEVEL,False,False,DRIVER,ANGLE MEETS RIGHT TURN,DRY,DAYLIGHT,NO CONTROLS,UNKNOWN,UNKNOWN,STRAIGHT,NO DEFECTS,"TWO-WAY, DIVIDED, POSITIVE MEDIAN BARRIER",39.025825,-77.132675,9639173670162862,5682945118739953,0,0,0,2021043010,7715220038996189,Volkswagen,2015,Jetta,Compact Cars,4.0,2.0,Automatic 6,FWD,Regular Gasoline,25,33,ROCKLEDGE DR,County,ROCK SPRING DR,County,5682945118739953,20817,BETHESDA,143234.920079,403664948.588,38.996189145680184,-77.15220044157795,17.442999,48.09684,0.0,0.0,0.0,25.40743,290.74615,210430107152289961,2021-04-30 10:00:00,10,AM,120,4,Friday,0,4,April,2021,0,Unknown
MCP3045003T,2C2E6ED2915F43F0B97F8CC186E658D5,False,NO APPARENT INJURY,NONE,NOT DISTRACTED,PASSENGER,MOVING CONSTANT SPEED,South,DISABLING,30,False,False,2,1006024320373239,210016091,Montgomery County Police,Property Damage ,False,South,1,2,LEVEL,False,False,DRIVER,ANGLE MEETS RIGHT TURN,DRY,DAYLIGHT,NO CONTROLS,UNKNOWN,UNKNOWN,STRAIGHT,NO DEFECTS,"TWO-WAY, DIVIDED, POSITIVE MEDIAN BARRIER",39.025825,-77.132675,9639173670162862,5682945118739953,0,0,0,2021043010,7715220038996189,Cadillac,2017,CT6,Large Cars,4.0,2.0,Automatic 8,AWD,Premium Gasoline,18,26,ROCKLEDGE DR,County,ROCK SPRING DR,County,5682945118739953,20817,BETHESDA,143234.920079,403664948.588,38.996189145680184,-77.15220044157795,17.442999,48.09684,0.0,0.0,0.0,25.40743,290.74615,210430107152289961,2021-04-30 10:00:00,10,AM,120,4,Friday,0,4,April,2021,0,Unknown
MCP1128005J,734BFA77439A46F8BB7CB9032D6E9C84,False,NO APPARENT INJURY,NONE,NOT DISTRACTED,PASSENGER,MOVING CONSTANT SPEED,East,FUNCTIONAL,55,False,False,2,5552969887419870,210016099,Montgomery County Police,Property Damage ,False,East,3,5,LEVEL,False,False,DRIVER,SAME DIRECTION SIDESWIPE,DRY,DAYLIGHT,UNKNOWN,UNKNOWN,UNKNOWN,STRAIGHT,NO DEFECTS,"TWO-WAY, DIVIDED, POSITIVE MEDIAN BARRIER",38.99906833,-77.15756167,2262757322158515,1363718650800826,0,0,0,2021043011,7715220038996189,Chevrolet,2017,Silverado,Standard Pickup Trucks 2WD,8.0,5.3,Automatic 6,4WD,Regular Gasoline,16,22,CAPITAL BELTWAY,Interstate (State),RIVER RD,Maryland (State),1363718650800826,20817,BETHESDA,143234.920079,403664948.588,38.996189145680184,-77.15220044157795,18.393,39.709427,0.0,0.0,0.0,31.293089,293.0255,210430117152289961,2021-04-30 11:00:00,11,AM,120,4,Friday,0,4,April,2021,0,Unknown
MCP1128005J,145736E4E2134D4A97F1E7D051C79387,True,NO APPARENT INJURY,NONE,NOT DISTRACTED,PASSENGER,OTHER,East,DISABLING,55,False,False,2,2781967168417092,210016099,Montgomery County Police,Property Damage ,False,East,3,5,LEVEL,False,False,DRIVER,SAME DIRECTION SIDESWIPE,DRY,DAYLIGHT,UNKNOWN,UNKNOWN,UNKNOWN,STRAIGHT,NO DEFECTS,"TWO-WAY, DIVIDED, POSITIVE MEDIAN BARRIER",38.99906833,-77.15756167,2262757322158515,1363718650800826,0,0,0,2021043011,7715220038996189,Ford,2002,F150,Standard Pickup Trucks 2WD,8.0,5.4,Automatic 4,RWD,Regular Gasoline,11,15,CAPITAL BELTWAY,Interstate (State),RIVER RD,Maryland (State),1363718650800826,20817,BETHESDA,143234.920079,403664948.588,38.996189145680184,-77.15220044157795,18.393,39.709427,0.0,0.0,0.0,31.293089,293.0255,210430117152289961,2021-04-30 11:00:00,11,AM,120,4,Friday,0,4,April,2021,0,Unknown
MCP3215001Q,BD24D660650241D19789DB03C639F79A,True,NO APPARENT INJURY,UNKNOWN,NOT DISTRACTED,PASSENGER,MOVING CONSTANT SPEED,East,FUNCTIONAL,35,False,False,2,6976769819066030,210016104,Montgomery County Police,Property Damage ,True,West,2,2,LEVEL,False,False,DRIVER,STRAIGHT MOVEMENT ANGLE,DRY,DAYLIGHT,TRAFFIC SIGNAL,INTERSECTION RELATED,T-INTERSECTION,STRAIGHT,NO DEFECTS,"TWO-WAY, DIVIDED, POSITIVE MEDIAN BARRIER",38.96609683,-77.10564333,1363718650800826,2022575274806909,0,0,0,2021043011,7711806238956479,Infiniti,2015,QX60,Small Sport Utility Vehicle 2WD,4.0,2.5,Automatic 7,AWD,Premium Gasoline,19,28,RIVER RD,Maryland (State),RIDGEFIELD RD,County,2022575274806909,20816,BETHESDA,58716.1248449,117565480.431,38.95647982277882,-77.11806249046538,18.3475,39.69629,0.0,0.0,0.0,31.293089,293.0255,210430117118089564,2021-04-30 11:00:00,11,AM,120,4,Friday,0,4,April,2021,0,Unknown
MCP3215001Q,29C777CDE2B44379B75ADBF36F3FAC6C,False,NO APPARENT INJURY,UNKNOWN,NOT DISTRACTED,PASSENGER,MAKING LEFT TURN,West,FUNCTIONAL,35,False,False,2,6453402388222957,210016104,Montgomery County Police,Property Damage ,True,West,2,2,LEVEL,False,False,DRIVER,STRAIGHT MOVEMENT ANGLE,DRY,DAYLIGHT,TRAFFIC SIGNAL,INTERSECTION RELATED,T-INTERSECTION,STRAIGHT,NO DEFECTS,"TWO-WAY, DIVIDED, POSITIVE MEDIAN BARRIER",38.96609683,-77.10564333,1363718650800826,2022575274806909,0,0,0,2021043011,7711806238956479,Volkswagen,2021,Tiguan,Small Sport Utility Vehicle 2WD,4.0,2.0,Automatic 8,AWD,Regular Gasoline,21,27,RIVER RD,Maryland (State),RIDGEFIELD RD,County,2022575274806909,20816,BETHESDA,58716.1248449,117565480.431,38.95647982277882,-77.11806249046538,18.3475,39.69629,0.0,0.0,0.0,31.293089,293.0255,210430117118089564,2021-04-30 11:00:00,11,AM,120,4,Friday,0,4,April,2021,0,Unknown
MCP271700V4,EB7EE8EE235540C091C66B34A1650D25,True,NO APPARENT INJURY,NONE,LOOKED BUT DID NOT SEE,PASSENGER,MAKING LEFT TURN,South,DISABLING,35,False,False,2,260643716105191,210016155,Montgomery County Police,Injury ,False,North,3,3,LEVEL,False,False,DRIVER,ANGLE MEETS LEFT TURN,DRY,DAYLIGHT,NO CONTROLS,INTERSECTION,T-INTERSECTION,STRAIGHT,NO DEFECTS,"TWO-WAY, DIVIDED, POSITIVE MEDIAN BARRIER",38.98896633,-77.0770805,1627793738140795,8175980742959294,0,0,0,2021043016,7707842038983818,Ford,2004,Ranger,Standard Pickup Trucks 2WD,6.0,4.0,Automatic 5,RWD,Regular Gasoline,15,21,CONNECTICUT AVE,Maryland (State),CLUB DR,County,8175980742959294,20815,CHEVY CHASE,78258.2702851,151813895.483,38.98381860627773,-77.07842006190148,20.624498,24.33579,0.0,0.0,0.0,34.76377,291.25058,210430167078489838,2021-04-30 16:00:00,16,PM,120,4,Friday,0,4,April,2021,0,Unknown
MCP271700V4,64133E6026A943B0A671192F1DF17FFE,False,SUSPECTED MINOR INJURY,NONE,NOT DISTRACTED,PASSENGER,MOVING CONSTANT SPEED,North,DISABLING,35,False,False,2,8243785626679992,210016155,Montgomery County Police,Injury ,False,North,3,3,LEVEL,False,False,DRIVER,ANGLE MEETS LEFT TURN,DRY,DAYLIGHT,NO CONTROLS,INTERSECTION,T-INTERSECTION,STRAIGHT,NO DEFECTS,"TWO-WAY, DIVIDED, POSITIVE MEDIAN BARRIER",38.98896633,-77.0770805,1627793738140795,8175980742959294,0,0,0,2021043016,7707842038983818,Toyota,2014,Camry,Midsize Cars,4.0,2.5,Automatic 6,FWD,Regular Gasoline,21,30,CONNECTICUT AVE,Maryland (State),CLUB DR,County,8175980742959294,20815,CHEVY CHASE,78258.2702851,151813895.483,38.98381860627773,-77.07842006190148,20.624498,24.33579,0.0,0.0,0.0,34.76377,291.25058,210430167078489838,2021-04-30 16:00:00,16,PM,120,4,Friday,0,4,April,2021,0,Unknown
MCP27670098,A39BEACFF2834D3B8578E095B40A8868,True,NO APPARENT INJURY,NONE,UNKNOWN,PASSENGER,PARKING,South,SUPERFICIAL,0,False,False,1,6476097802156277,210016183,Montgomery County Police,Property Damage ,False,UNKNOWN,0,0,UNKNOWN,True,True,DRIVER,SAME DIRECTION SIDESWIPE,UNKNOWN,DAYLIGHT,NO CONTROLS,UNKNOWN,UNKNOWN,UNKNOWN,UNKNOWN,UNKNOWN,39.058945,-77.04958833,7781945108562677,7781945108562677,0,0,0,2021043018,7705486039088590,Nissan,1998,Maxima,Midsize Cars,6.0,3.0,Automatic 4,FWD,Regular Gasoline,18,24,UNKNOWN,UNKNOWN,UNKNOWN,UNKNOWN,7781945108562677,20906,SILVER SPRING,133207.174949,359110751.771,39.08859082555049,-77.05486091907257,14.382501,55.29716,0.6,0.6,0.0,33.651817,304.54016,210430187054890885,2021-04-30 18:00:00,18,PM,120,4,Friday,0,4,April,2021,0,Unknown
MCP3247000X,5179A8E4D01B4AF4BA6514A6C7304797,True,NO APPARENT INJURY,ALCOHOL,INATTENTIVE OR LOST IN THOUGHT,PASSENGER,ACCELERATING,South,DISABLING,35,False,False,1,9324840567553576,210016193,Montgomery County Police,Property Damage ,False,North,0,3,HILL UPHILL,False,False,DRIVER,SINGLE VEHICLE,DRY,DARK LIGHTS ON,UNKNOWN,NON INTERSECTION,UNKNOWN,STRAIGHT,NO DEFECTS,"TWO-WAY, DIVIDED, POSITIVE MEDIAN BARRIER",38.99250167,-77.03494333,2838165004721940,118399697147806,0,0,0,2021043020,7703596439001907,Acura,2005,TL,Midsize Cars,6.0,3.2,Automatic 5,FWD,Premium Gasoline,18,26,COLESVILLE RD,Maryland (State),16TH ST,Maryland (State),118399697147806,20910,SILVER SPRING,82846.1568889,126320091.137,39.00190768010143,-77.03596497235911,10.8465,62.855583,0.0,0.0,0.0,26.072052,287.68448,210430207035990019,2021-04-30 20:00:00,20,PM,120,4,Friday,0,4,April,2021,0,Unknown
MCP3176001C,36CD269627E74292BEE1598F1DF1D1DA,True,NO APPARENT INJURY,NONE,NOT DISTRACTED,PASSENGER,MOVING CONSTANT SPEED,South,DISABLING,10,False,False,1,7004010137869122,210016213,Montgomery County Police,Property Damage ,False,UNKNOWN,0,0,UNKNOWN,True,True,DRIVER,SINGLE VEHICLE,UNKNOWN,DARK LIGHTS ON,NO CONTROLS,UNKNOWN,UNKNOWN,UNKNOWN,UNKNOWN,UNKNOWN,38.997748,-77.02496,7781945108562677,7781945108562677,0,0,0,2021050100,7703596439001907,Honda,2010,Civic,Subcompact Cars,4.0,1.8,Automatic 5,FWD,Regular Gasoline,21,36,UNKNOWN,UNKNOWN,UNKNOWN,UNKNOWN,7781945108562677,20910,SILVER SPRING,82846.1568889,126320091.137,39.00190768010143,-77.03596497235911,8.9965,37.64566,0.0,0.0,0.0,30.827856,317.36627,210501007035990019,2021-05-01 00:00:00,0,AM,121,5,Saturday,1,5,May,2021,0,Unknown
MCP2813008T,52059B07F22043D78533F693B33AFCBC,False,NO APPARENT INJURY,UNKNOWN,NOT DISTRACTED,PASSENGER,MOVING CONSTANT SPEED,East,DISABLING,35,False,False,2,125890922500140,210016217,Montgomery County Police,Property Damage ,False,East,2,3,LEVEL,False,False,DRIVER,STRAIGHT MOVEMENT ANGLE,DRY,DARK LIGHTS ON,TRAFFIC SIGNAL,INTERSECTION,FOUR-WAY INTERSECTION,STRAIGHT,NO DEFECTS,"TWO-WAY, DIVIDED, POSITIVE MEDIAN BARRIER",39.05608833,-77.082505,8073720238398338,9290911226978796,0,0,0,2021050101,7705486039088590,Volkswagen,2017,Passat,Midsize Cars,4.0,1.8,Automatic 6,FWD,Regular Gasoline,20,28,RANDOLPH RD,County,VEIRS MILL RD,Maryland (State),9290911226978796,20906,SILVER SPRING,133207.174949,359110751.771,39.08859082555049,-77.05486091907257,8.0825,33.836998,0.0,0.0,0.0,26.596178,309.50766,210501017054890885,2021-05-01 01:00:00,1,AM,121,5,Saturday,1,5,May,2021,0,Unknown
MCP2813008T,CD442E3D27584C54A157093E4A131A91,True,NO APPARENT INJURY,UNKNOWN,LOOKED BUT DID NOT SEE,PASSENGER,MOVING CONSTANT SPEED,East,DISABLING,35,False,False,2,1128146507785943,210016217,Montgomery County Police,Property Damage ,False,East,2,3,LEVEL,False,False,DRIVER,STRAIGHT MOVEMENT ANGLE,DRY,DARK LIGHTS ON,TRAFFIC SIGNAL,INTERSECTION,FOUR-WAY INTERSECTION,STRAIGHT,NO DEFECTS,"TWO-WAY, DIVIDED, POSITIVE MEDIAN BARRIER",39.05608833,-77.082505,8073720238398338,9290911226978796,0,0,0,2021050101,7705486039088590,Subaru,2002,Forester,Sport Utility Vehicle - 4WD,4.0,2.5,Automatic 4,AWD,Regular Gasoline,19,25,RANDOLPH RD,County,VEIRS MILL RD,Maryland (State),9290911226978796,20906,SILVER SPRING,133207.174949,359110751.771,39.08859082555049,-77.05486091907257,8.0825,33.836998,0.0,0.0,0.0,26.596178,309.50766,210501017054890885,2021-05-01 01:00:00,1,AM,121,5,Saturday,1,5,May,2021,0,Unknown
MCP31220041,9C3F3DFB048B4F14A1DCC765D66E07F4,False,NO APPARENT INJURY,NONE,NOT DISTRACTED,PASSENGER,STOPPED IN TRAFFIC LANE,East,FUNCTIONAL,35,False,False,2,7871367553460284,210016239,Montgomery County Police,Property Damage ,True,East,1,2,HILL UPHILL,False,False,DRIVER,SAME DIR REAR END,DRY,DAYLIGHT,OTHER,UNKNOWN,UNKNOWN,STRAIGHT,NO DEFECTS,"TWO-WAY, NOT DIVIDED WITH A CONTINUOUS LEFT TURN",39.090423,-77.051239,3786639377990067,8540149138149295,0,0,0,2021050110,7705486039088590,Toyota,2015,RAV4,Small Sport Utility Vehicle 2WD,4.0,2.5,Automatic 6,AWD,Regular Gasoline,22,28,BEL PRE RD,County,NORTH GATE DR,County,8540149138149295,20906,SILVER SPRING,133207.174949,359110751.771,39.08859082555049,-77.05486091907257,11.1825,33.612316,0.0,0.0,0.0,18.075441,314.19315,210501107054890885,2021-05-01 10:00:00,10,AM,121,5,Saturday,1,5,May,2021,0,Unknown
MCP31220041,A8E069ED7EF74C5DBE47F26475D36211,True,NO APPARENT INJURY,UNKNOWN,UNKNOWN,UNKNOWN,MOVING CONSTANT SPEED,East,FUNCTIONAL,35,False,False,2,8168321465439775,210016239,Montgomery County Police,Property Damage ,True,East,1,2,HILL UPHILL,False,False,DRIVER,SAME DIR REAR END,DRY,DAYLIGHT,OTHER,UNKNOWN,UNKNOWN,STRAIGHT,NO DEFECTS,"TWO-WAY, NOT DIVIDED WITH A CONTINUOUS LEFT TURN",39.090423,-77.051239,3786639377990067,8540149138149295,0,0,0,2021050110,7705486039088590,Unknown,0,Unknown,Unknown,0.0,0.0,Unknown,Unknown,Unknown,0,0,BEL PRE RD,County,NORTH GATE DR,County,8540149138149295,20906,SILVER SPRING,133207.174949,359110751.771,39.08859082555049,-77.05486091907257,11.1825,33.612316,0.0,0.0,0.0,18.075441,314.19315,210501107054890885,2021-05-01 10:00:00,10,AM,121,5,Saturday,1,5,May,2021,0,Unknown
DM8423002H,18A86EB60F0B4E4EB93347F1682521E1,True,NO APPARENT INJURY,UNKNOWN,NOT DISTRACTED,PASSENGER,MOVING CONSTANT SPEED,South,DESTROYED,25,False,False,1,125890872167283,210016244,Takoma Park Police Depart,Property Damage ,False,South,1,2,GRADE DOWNHILL,False,False,DRIVER,SINGLE VEHICLE,DRY,DAYLIGHT,TRAFFIC SIGNAL,INTERSECTION,FOUR-WAY INTERSECTION,STRAIGHT,NO DEFECTS,"TWO-WAY, NOT DIVIDED",38.98469833,-76.99876,8859724431699981,1436926816846265,0,0,0,2021050110,7700204038982546,Volkswagen,2012,Passat,Midsize Cars,5.0,2.5,Automatic 6,FWD,Regular Gasoline,22,28,CARROLL AVE,Maryland (State),FLOWER AVE,Maryland (State),1436926816846265,20912,TAKOMA PARK,51232.0653417,65209197.2692,38.98254687160147,-77.00204079343348,11.348,34.042305,0.0,0.0,0.0,20.620804,314.29276,210501107002089825,2021-05-01 10:00:00,10,AM,121,5,Saturday,1,5,May,2021,0,Unknown
MCP3084004M,08303B030D4D4F27BACDA32F43584F64,False,POSSIBLE INJURY,NONE,NOT DISTRACTED,PASSENGER,MOVING CONSTANT SPEED,East,DISABLING,30,False,False,2,8243785576347135,210016248,Montgomery County Police,Injury ,False,West,1,1,LEVEL,False,False,DRIVER,HEAD ON LEFT TURN,DRY,DAYLIGHT,NO CONTROLS,INTERSECTION,FOUR-WAY INTERSECTION,STRAIGHT,NO DEFECTS,"TWO-WAY, NOT DIVIDED",39.00102,-77.12317833,4574047290405965,5749579385942012,0,0,0,2021050111,7715220038996189,Toyota,2019,Camry,Midsize Cars,4.0,2.5,Automatic 8,FWD,Regular Gasoline,22,39,GREENTREE RD,County,EWING DR,County,5749579385942012,20817,BETHESDA,143234.920079,403664948.588,38.996189145680184,-77.15220044157795,13.292999,30.286266,0.0,0.0,0.0,17.610588,319.1447,210501117152289961,2021-05-01 11:00:00,11,AM,121,5,Saturday,1,5,May,2021,0,Unknown
MCP3084004M,F9CBB144FA28435BA2F94376321519E1,True,NO APPARENT INJURY,NONE,LOOKED BUT DID NOT SEE,PASSENGER,MAKING LEFT TURN,West,FUNCTIONAL,30,False,False,2,4909102112133355,210016248,Montgomery County Police,Injury ,False,West,1,1,LEVEL,False,False,DRIVER,HEAD ON LEFT TURN,DRY,DAYLIGHT,NO CONTROLS,INTERSECTION,FOUR-WAY INTERSECTION,STRAIGHT,NO DEFECTS,"TWO-WAY, NOT DIVIDED",39.00102,-77.12317833,4574047290405965,5749579385942012,0,0,0,2021050111,7715220038996189,Jeep,0,Unknown,Unknown,0.0,0.0,Unknown,Unknown,Unknown,0,0,GREENTREE RD,County,EWING DR,County,5749579385942012,20817,BETHESDA,143234.920079,403664948.588,38.996189145680184,-77.15220044157795,13.292999,30.286266,0.0,0.0,0.0,17.610588,319.1447,210501117152289961,2021-05-01 11:00:00,11,AM,121,5,Saturday,1,5,May,2021,0,Unknown
DM84760021,03D1FB8E35F347A2AFFEA7D12374A444,False,NO APPARENT INJURY,UNKNOWN,NOT DISTRACTED,PASSENGER,MOVING CONSTANT SPEED,East,FUNCTIONAL,30,False,False,2,3233063173565461,210016251,Takoma Park Police Depart,Property Damage ,False,East,2,3,LEVEL,False,False,DRIVER,SAME DIRECTION RIGHT TURN,DRY,DAYLIGHT,UNKNOWN,INTERSECTION,FOUR-WAY INTERSECTION,UNKNOWN,NO DEFECTS,"TWO-WAY, DIVIDED, POSITIVE MEDIAN BARRIER",38.98873167,-76.987525,5005946941929880,320050020941870,0,0,0,2021050112,7700204038982546,Toyota,0,Unknown,Unknown,0.0,0.0,Unknown,Unknown,Unknown,0,0,UNIVERSITY BLVD E,Maryland (State),ENT TO NEW HAMPSHIRE ESTATES PARK,UNKNOWN,320050020941870,20912,TAKOMA PARK,51232.0653417,65209197.2692,38.98254687160147,-77.00204079343348,15.348,26.726206,0.0,0.0,0.0,16.299694,313.2101,210501127002089825,2021-05-01 12:00:00,12,PM,121,5,Saturday,1,5,May,2021,0,Unknown
DM84760021,44FFFE307F4D45FC8CEB262D694F133E,True,NO APPARENT INJURY,UNKNOWN,LOOKED BUT DID NOT SEE,PASSENGER,ACCELERATING,East,FUNCTIONAL,30,False,False,2,7285498200960189,210016251,Takoma Park Police Depart,Property Damage ,False,East,2,3,LEVEL,False,False,DRIVER,SAME DIRECTION RIGHT TURN,DRY,DAYLIGHT,UNKNOWN,INTERSECTION,FOUR-WAY INTERSECTION,UNKNOWN,NO DEFECTS,"TWO-WAY, DIVIDED, POSITIVE MEDIAN BARRIER",38.98873167,-76.987525,5005946941929880,320050020941870,0,0,0,2021050112,7700204038982546,Honda,2006,Civic,Subcompact Cars,4.0,1.8,Automatic 5,FWD,Regular Gasoline,26,36,UNIVERSITY BLVD E,Maryland (State),ENT TO NEW HAMPSHIRE ESTATES PARK,UNKNOWN,320050020941870,20912,TAKOMA PARK,51232.0653417,65209197.2692,38.98254687160147,-77.00204079343348,15.348,26.726206,0.0,0.0,0.0,16.299694,313.2101,210501127002089825,2021-05-01 12:00:00,12,PM,121,5,Saturday,1,5,May,2021,0,Unknown
MCP3212002J,51BC66FA65F4427FA770EB4192503576,True,SUSPECTED SERIOUS INJURY,NONE,UNKNOWN,PASSENGER,MAKING RIGHT TURN,East,DISABLING,35,False,False,2,7923338297954918,210016295,Montgomery County Police,Injury ,False,North,2,3,LEVEL,False,False,DRIVER,HEAD ON,DRY,DAYLIGHT,NO CONTROLS,INTERSECTION,FOUR-WAY INTERSECTION,STRAIGHT,NO DEFECTS,"TWO-WAY, DIVIDED, POSITIVE MEDIAN BARRIER",39.00387767,-77.03648517,8554262040045692,3036300556972645,0,0,0,2021050118,7703596439001907,Infiniti,2018,Q50,Midsize Cars,6.0,3.0,Automatic 7,AWD,Premium Gasoline,19,26,GEORGIA AVE,Maryland (State),HIGHLAND DR,County,3036300556972645,20910,SILVER SPRING,82846.1568889,126320091.137,39.00190768010143,-77.03596497235911,19.3965,21.55966,0.0,0.0,0.0,11.212135,275.52744,210501187035990019,2021-05-01 18:00:00,18,PM,121,5,Saturday,1,5,May,2021,0,Unknown
MCP3212002J,ED8E93D65993400E925063CE18E9AE32,False,NO APPARENT INJURY,NONE,NOT DISTRACTED,PASSENGER,MOVING CONSTANT SPEED,North,DISABLING,35,False,False,2,7731083949284399,210016295,Montgomery County Police,Injury ,False,North,2,3,LEVEL,False,False,DRIVER,HEAD ON,DRY,DAYLIGHT,NO CONTROLS,INTERSECTION,FOUR-WAY INTERSECTION,STRAIGHT,NO DEFECTS,"TWO-WAY, DIVIDED, POSITIVE MEDIAN BARRIER",39.00387767,-77.03648517,8554262040045692,3036300556972645,0,0,0,2021050118,7703596439001907,Toyota,2013,Highlander,Small Sport Utility Vehicle 2WD,6.0,3.5,Automatic 5,AWD,Regular Gasoline,17,22,GEORGIA AVE,Maryland (State),HIGHLAND DR,County,3036300556972645,20910,SILVER SPRING,82846.1568889,126320091.137,39.00190768010143,-77.03596497235911,19.3965,21.55966,0.0,0.0,0.0,11.212135,275.52744,210501187035990019,2021-05-01 18:00:00,18,PM,121,5,Saturday,1,5,May,2021,0,Unknown
MCP3279000N,97A7F934EE4C4FBFB83848B268E08698,True,NO APPARENT INJURY,UNKNOWN,UNKNOWN,PASSENGER,MAKING RIGHT TURN,West,SUPERFICIAL,30,False,False,1,2781967151639473,210016302,Montgomery County Police,Property Damage ,True,UNKNOWN,0,0,UNKNOWN,True,True,DRIVER,SAME DIRECTION RIGHT TURN,UNKNOWN,DAYLIGHT,UNKNOWN,UNKNOWN,UNKNOWN,UNKNOWN,UNKNOWN,UNKNOWN,39.08804471,-77.07581446,7781945108562677,7781945108562677,0,0,0,2021050118,7705486039088590,Ford,2005,F150,Standard Pickup Trucks 2WD,8.0,4.2,Automatic 4,RWD,Regular Gasoline,13,17,UNKNOWN,UNKNOWN,UNKNOWN,UNKNOWN,7781945108562677,20906,SILVER SPRING,133207.174949,359110751.771,39.08859082555049,-77.05486091907257,18.8825,23.598246,0.0,0.0,0.0,10.446206,271.97488,210501187054890885,2021-05-01 18:00:00,18,PM,121,5,Saturday,1,5,May,2021,0,Unknown
MCP3257001S,66C84D26AD7B411FA61BBFA57B8A3A5A,True,NO APPARENT INJURY,NONE,UNKNOWN,PASSENGER,MOVING CONSTANT SPEED,North,FUNCTIONAL,20,False,False,1,2220025435247230,210016318,Montgomery County Police,Property Damage ,True,North,1,2,LEVEL,False,False,DRIVER,SAME DIR REAR END,DRY,DARK LIGHTS ON,NO CONTROLS,NON INTERSECTION,UNKNOWN,STRAIGHT,NO DEFECTS,"TWO-WAY, NOT DIVIDED",39.026589,-77.100456,6641390986705583,5080022737134299,0,0,0,2021050120,7710519939016894,Volkswagen,2015,Jetta,Compact Cars,4.0,2.0,Automatic 6,FWD,Regular Gasoline,25,33,MONTROSE AVE,County,TUCKERMAN LA,County,5080022737134299,20814,BETHESDA,58373.8630538,68540697.609,39.016894075883464,-77.10519990449882,14.7345,43.799393,0.0,0.0,0.0,8.669949,175.23645,210501207105190168,2021-05-01 20:00:00,20,PM,121,5,Saturday,1,5,May,2021,0,Unknown