ReportNumber,VehicleCrashKey,DriverAtFault,DriverInjurySeverity,DriverSubstanceAbuse,DriverDistractedBy,VehicleType,VehicleMovement,VehicleGoingDir,VehicleDamageExtent,SpeedLimit,ParkedVehicle,SubstanceAbuseContributed,VehiclesCrashedTotal,VehicleKey,LocalCaseNumber,AgencyName,ACRSReportType,HitRun,LaneDirection,LaneNumber,NumberOfLanes,RoadGrade,NonTraffic,OffRoadIncident,AccidentAtFault,CollisionType,SurfaceCondition,Light,TrafficControl,Junction,IntersectionType,RoadAlignment,RoadCondition,RoadDivision,Latitude,Longitude,RoadKey_x,CrossStreetKey,NonMotoristTotal,NonMotoristInjury,NonMotoristFatal,DateHourKey,LocationAreaKey,Make,Year_x,BaseModel,BodyClass,Cylinders,Displacement,Transmission,Drivetrain,FuelType,CityMPG,HighwayMPG,RoadName_x,RouteType_x,RoadName_y,RouteType_y,RoadKey_y,Zipcode,MailCity,ShapeLength,ShapeArea,CentroidLatitude,CentroidLongitude,Temperature,Humidity,Precipitation,Rain,Snow,WindSpeed,WindDirection,WeatherKey,Datetime,Hour,TimeOfDay,DayNumber,WeekDayNumber,WeekDayName,WeekendFlag,MonthNumber,MonthName,Year_y,HolidayFlag,HolidayName
MCP295200BN,872845B2EB004DE388DB3367FD488B7C,True,NO APPARENT INJURY,NONE,UNKNOWN,PASSENGER,SLOWING OR STOPPING,West,DISABLING,25,False,False,3,7004010272090074,210016685,Montgomery County Police,Injury ,False,West,1,2,LEVEL,False,False,DRIVER,SAME DIR REAR END,DRY,DAYLIGHT,TRAFFIC SIGNAL,INTERSECTION RELATED,FOUR-WAY INTERSECTION,STRAIGHT,NO DEFECTS,"TWO-WAY, NOT DIVIDED",38.999445,-77.01726833,8825017167010994,3912318926152506,0,0,0,2021050409,7703596439001907,Honda,2018,Civic,Compact Cars,4.0,1.5,Manual 6,FWD,Regular Gasoline,28,38,WAYNE AVE,County,DALE DR,County,3912318926152506,20910,SILVER SPRING,82846.1568889,126320091.137,39.00190768010143,-77.03596497235911,21.7965,82.30844,0.0,0.0,0.0,8.0899935,237.72438,210504097035990019,2021-05-04 09:00:00,9,AM,124,1,Tuesday,0,5,May,2021,0,Unknown
MCP93110036,B10B63E2998D4D15983F44B689B2F918,False,NO APPARENT INJURY,NONE,NOT DISTRACTED,PASSENGER,MAKING RIGHT TURN,South,FUNCTIONAL,35,False,False,2,846658595693447,210016681,Montgomery County Police,Property Damage ,False,South,2,2,LEVEL,False,False,DRIVER,SAME DIR REAR END,DRY,DAYLIGHT,NO CONTROLS,INTERSECTION,T-INTERSECTION,STRAIGHT,NO DEFECTS,"TWO-WAY, DIVIDED, POSITIVE MEDIAN BARRIER",39.02599833,-77.13274833,9639173670162862,5682945118739953,0,0,0,2021050409,7715220038996189,Subaru,2011,Forester,Sport Utility Vehicle - 4WD,4.0,2.5,Automatic 4,AWD,Regular Gasoline,21,23,ROCKLEDGE DR,County,ROCK SPRING DR,County,5682945118739953,20817,BETHESDA,143234.920079,403664948.588,38.996189145680184,-77.15220044157795,22.093,81.57676,0.0,0.0,0.0,8.39657,239.0363,210504097152289961,2021-05-04 09:00:00,9,AM,124,1,Tuesday,0,5,May,2021,0,Unknown
MCP93110036,3EC8BE07330F450CB184BB0832E10059,True,NO APPARENT INJURY,NONE,LOOKED BUT DID NOT SEE,PASSENGER,MOVING CONSTANT SPEED,South,DISABLING,35,False,False,2,7004010121091503,210016681,Montgomery County Police,Property Damage ,False,South,2,2,LEVEL,False,False,DRIVER,SAME DIR REAR END,DRY,DAYLIGHT,NO CONTROLS,INTERSECTION,T-INTERSECTION,STRAIGHT,NO DEFECTS,"TWO-WAY, DIVIDED, POSITIVE MEDIAN BARRIER",39.02599833,-77.13274833,9639173670162862,5682945118739953,0,0,0,2021050409,7715220038996189,Honda,2013,Civic,Compact Cars,4.0,1.8,Automatic 5,FWD,Regular Gasoline,28,31,ROCKLEDGE DR,County,ROCK SPRING DR,County,5682945118739953,20817,BETHESDA,143234.920079,403664948.588,38.996189145680184,-77.15220044157795,22.093,81.57676,0.0,0.0,0.0,8.39657,239.0363,210504097152289961,2021-05-04 09:00:00,9,AM,124,1,Tuesday,0,5,May,2021,0,Unknown
MCP22910052,37657341E94A42D5B20F74BA3DAAEF80,False,NO APPARENT INJURY,NONE,NOT DISTRACTED,PASSENGER,STOPPED IN TRAFFIC LANE,East,SUPERFICIAL,30,False,False,2,3625280018891853,210016731,Montgomery County Police,Property Damage ,False,East,0,2,LEVEL,False,False,DRIVER,SAME DIR REAR END,DRY,DAYLIGHT,TRAFFIC SIGNAL,INTERSECTION RELATED,Y-INTERSECTION,STRAIGHT,NO DEFECTS,"TWO-WAY, NOT DIVIDED",38.99813538,-77.06596461,8313298178840333,6531045230451124,0,0,0,2021050413,7707842038983818,Ford,2013,Escape,Small Sport Utility Vehicle 2WD,4.0,1.6,Automatic 6,FWD,Regular Gasoline,22,29,JONES BRIDGE RD,County,JONES MILL RD,County,6531045230451124,20815,CHEVY CHASE,78258.2702851,151813895.483,38.98381860627773,-77.07842006190148,28.5745,51.070545,0.0,0.0,0.0,10.1887,212.00534,210504137078489838,2021-05-04 13:00:00,13,PM,124,1,Tuesday,0,5,May,2021,0,Unknown
MCP22910052,9B31A1F0BF5948E2A78D61212935234A,True,NO APPARENT INJURY,NONE,UNKNOWN,PASSENGER,ACCELERATING,East,FUNCTIONAL,30,False,False,2,7318984717858976,210016731,Montgomery County Police,Property Damage ,False,East,0,2,LEVEL,False,False,DRIVER,SAME DIR REAR END,DRY,DAYLIGHT,TRAFFIC SIGNAL,INTERSECTION RELATED,Y-INTERSECTION,STRAIGHT,NO DEFECTS,"TWO-WAY, NOT DIVIDED",38.99813538,-77.06596461,8313298178840333,6531045230451124,0,0,0,2021050413,7707842038983818,Honda,2011,Fit,Small Station Wagons,4.0,1.5,Automatic 5,FWD,Regular Gasoline,27,33,JONES BRIDGE RD,County,JONES MILL RD,County,6531045230451124,20815,CHEVY CHASE,78258.2702851,151813895.483,38.98381860627773,-77.07842006190148,28.5745,51.070545,0.0,0.0,0.0,10.1887,212.00534,210504137078489838,2021-05-04 13:00:00,13,PM,124,1,Tuesday,0,5,May,2021,0,Unknown
MCP2967004W,010E1B17FC0F4257A10764785B7B84C1,True,NO APPARENT INJURY,UNKNOWN,BY MOVING OBJECT IN VEHICLE,PASSENGER,ACCELERATING,East,SUPERFICIAL,30,False,False,2,1166604376810459,21001677,Montgomery County Police,Injury ,False,East,0,4,LEVEL,False,False,DRIVER,SAME DIR BOTH LEFT TURN,WET,DAYLIGHT,TRAFFIC SIGNAL,INTERSECTION,FOUR-WAY INTERSECTION,STRAIGHT,NO DEFECTS,"TWO-WAY, NOT DIVIDED",38.98902017,-77.07668117,1627793738140795,8175980742959294,0,0,0,2021050418,7707842038983818,GMC,2017,Acadia,Standard Sport Utility Vehicle 2WD,6.0,3.6,Automatic 6,AWD,Regular Gasoline,15,25,CONNECTICUT AVE,Maryland (State),CLUB DR,County,8175980742959294,20815,CHEVY CHASE,78258.2702851,151813895.483,38.98381860627773,-77.07842006190148,27.8245,54.368717,0.0,0.0,0.0,9.531505,190.88548,210504187078489838,2021-05-04 18:00:00,18,PM,124,1,Tuesday,0,5,May,2021,0,Unknown
MCP2967004W,BD53215E47364B48AF0441FCE9384132,False,NO APPARENT INJURY,UNKNOWN,NOT DISTRACTED,PASSENGER,ACCELERATING,East,FUNCTIONAL,30,False,False,2,8243785576347135,21001677,Montgomery County Police,Injury ,False,East,0,4,LEVEL,False,False,DRIVER,SAME DIR BOTH LEFT TURN,WET,DAYLIGHT,TRAFFIC SIGNAL,INTERSECTION,FOUR-WAY INTERSECTION,STRAIGHT,NO DEFECTS,"TWO-WAY, NOT DIVIDED",38.98902017,-77.07668117,1627793738140795,8175980742959294,0,0,0,2021050418,7707842038983818,Toyota,2019,Camry,Midsize Cars,4.0,2.5,Automatic 8,FWD,Regular Gasoline,22,39,CONNECTICUT AVE,Maryland (State),CLUB DR,County,8175980742959294,20815,CHEVY CHASE,78258.2702851,151813895.483,38.98381860627773,-77.07842006190148,27.8245,54.368717,0.0,0.0,0.0,9.531505,190.88548,210504187078489838,2021-05-04 18:00:00,18,PM,124,1,Tuesday,0,5,May,2021,0,Unknown
MCP2866006V,2870592811104BA59B2637E8E6949E8B,False,NO APPARENT INJURY,NONE,NOT DISTRACTED,PASSENGER,SLOWING OR STOPPING,North,DISABLING,30,False,False,2,1032943032553493,210016784,Montgomery County Police,Property Damage ,False,North,3,3,LEVEL,False,False,DRIVER,STRAIGHT MOVEMENT ANGLE,WET,DAYLIGHT,STOP SIGN,INTERSECTION,FOUR-WAY INTERSECTION,STRAIGHT,NO DEFECTS,"TWO-WAY, DIVIDED, POSITIVE MEDIAN BARRIER",38.98218283,-77.0771265,1627793738140795,1317822097194700,0,0,0,2021050418,7707842038983818,Toyota,2011,Corolla,Compact Cars,4.0,1.8,Manual 5,FWD,Regular Gasoline,21,30,CONNECTICUT AVE,Maryland (State),THORNAPPLE ST,Municipality,1317822097194700,20815,CHEVY CHASE,78258.2702851,151813895.483,38.98381860627773,-77.07842006190148,27.8245,54.368717,0.0,0.0,0.0,9.531505,190.88548,210504187078489838,2021-05-04 18:00:00,18,PM,124,1,Tuesday,0,5,May,2021,0,Unknown
MCP2866006V,58647EB3E12940588C33023E814A54E2,True,NO APPARENT INJURY,NONE,LOOKED BUT DID NOT SEE,PASSENGER,MOVING CONSTANT SPEED,East,DISABLING,30,False,False,2,6308184708962955,210016784,Montgomery County Police,Property Damage ,False,North,3,3,LEVEL,False,False,DRIVER,STRAIGHT MOVEMENT ANGLE,WET,DAYLIGHT,STOP SIGN,INTERSECTION,FOUR-WAY INTERSECTION,STRAIGHT,NO DEFECTS,"TWO-WAY, DIVIDED, POSITIVE MEDIAN BARRIER",38.98218283,-77.0771265,1627793738140795,1317822097194700,0,0,0,2021050418,7707842038983818,Toyota,2010,Sequoia,Sport Utility Vehicle - 4WD,8.0,5.7,Automatic 6,4WD,Regular Gasoline,13,18,CONNECTICUT AVE,Maryland (State),THORNAPPLE ST,Municipality,1317822097194700,20815,CHEVY CHASE,78258.2702851,151813895.483,38.98381860627773,-77.07842006190148,27.8245,54.368717,0.0,0.0,0.0,9.531505,190.88548,210504187078489838,2021-05-04 18:00:00,18,PM,124,1,Tuesday,0,5,May,2021,0,Unknown
MCP3275000K,37842DF8AE484798B9F0ED791FA7F97C,False,POSSIBLE INJURY,NONE,UNKNOWN,PASSENGER,MOVING CONSTANT SPEED,South,SUPERFICIAL,35,False,False,1,5165463580714765,210016843,Montgomery County Police,Injury ,False,South,2,3,LEVEL,False,False,UNKNOWN,OTHER,DRY,DAYLIGHT,TRAFFIC SIGNAL,INTERSECTION,FOUR-WAY INTERSECTION,STRAIGHT,NO DEFECTS,"TWO-WAY, DIVIDED, POSITIVE MEDIAN BARRIER",38.99559833,-77.02806,8554262040045692,7228418003688286,1,1,0,2021050512,7703596439001907,Chevrolet,2019,Suburban,Standard Sport Utility Vehicle 2WD,8.0,5.3,Automatic 6,4WD,Regular Gasoline,14,21,GEORGIA AVE,Maryland (State),COLESVILLE RD,US (State),7228418003688286,20910,SILVER SPRING,82846.1568889,126320091.137,39.00190768010143,-77.03596497235911,23.0965,72.7888,0.0,0.0,0.0,5.315336,241.69934,210505127035990019,2021-05-05 12:00:00,12,PM,125,2,Wednesday,0,5,May,2021,0,Unknown
MCP1563006M,7A935980E8D345E7BFA6AF2E82655670,False,POSSIBLE INJURY,NONE,NOT DISTRACTED,PASSENGER,STOPPED IN TRAFFIC LANE,South,FUNCTIONAL,30,False,False,2,2014965418187696,210016855,Montgomery County Police,Injury ,False,South,1,1,GRADE DOWNHILL,False,False,DRIVER,SAME DIR REAR END,DRY,DAYLIGHT,NO CONTROLS,UNKNOWN,UNKNOWN,STRAIGHT,NO DEFECTS,"TWO-WAY, NOT DIVIDED",38.99623167,-77.065915,6531045230451124,7624556765852741,0,0,0,2021050513,7707842038983818,Acura,2006,TSX,Compact Cars,4.0,2.4,Automatic 5,FWD,Premium Gasoline,19,28,JONES MILL RD,County,COQUELIN TERR,County,7624556765852741,20815,CHEVY CHASE,78258.2702851,151813895.483,38.98381860627773,-77.07842006190148,24.874498,56.633934,0.2,0.2,0.0,18.11841,290.95584,210505137078489838,2021-05-05 13:00:00,13,PM,125,2,Wednesday,0,5,May,2021,0,Unknown
MCP1563006M,AED0476B8B62487790464E3792844A2E,True,NO APPARENT INJURY,NONE,NOT DISTRACTED,PASSENGER,SLOWING OR STOPPING,South,FUNCTIONAL,30,False,False,2,1014617304470495,210016855,Montgomery County Police,Injury ,False,South,1,1,GRADE DOWNHILL,False,False,DRIVER,SAME DIR REAR END,DRY,DAYLIGHT,NO CONTROLS,UNKNOWN,UNKNOWN,STRAIGHT,NO DEFECTS,"TWO-WAY, NOT DIVIDED",38.99623167,-77.065915,6531045230451124,7624556765852741,0,0,0,2021050513,7707842038983818,Jeep,2020,Wrangler,Small Sport Utility Vehicle 4WD,6.0,3.6,Automatic 8,4WD,Regular Gasoline,21,22,JONES MILL RD,County,COQUELIN TERR,County,7624556765852741,20815,CHEVY CHASE,78258.2702851,151813895.483,38.98381860627773,-77.07842006190148,24.874498,56.633934,0.2,0.2,0.0,18.11841,290.95584,210505137078489838,2021-05-05 13:00:00,13,PM,125,2,Wednesday,0,5,May,2021,0,Unknown
MCP3169003W,E514A62035E8442A85B4EFD7EB6BB66A,True,POSSIBLE INJURY,UNKNOWN,LOOKED BUT DID NOT SEE,PASSENGER,MAKING LEFT TURN,North,DISABLING,40,False,False,2,1032942931887779,210016857,Montgomery County Police,Injury ,False,South,2,3,LEVEL,False,False,DRIVER,HEAD ON LEFT TURN,DRY,DAYLIGHT,NO CONTROLS,INTERSECTION RELATED,T-INTERSECTION,CURVE LEFT,NO DEFECTS,"TWO-WAY, DIVIDED, POSITIVE MEDIAN BARRIER",39.03011333,-76.983475,8901981419077344,2068490210450865,0,0,0,2021050513,7698354239018293,Toyota,2017,Corolla,Midsize Cars,4.0,1.8,Automatic CVT,FWD,Regular Gasoline,28,35,NEW HAMPSHIRE AVE,Maryland (State),CRESTHAVEN DR,County,2068490210450865,20903,SILVER SPRING,50204.7192451,65972447.4483,39.01829365940637,-76.9835422251861,24.234499,60.406174,0.4,0.4,0.0,21.461555,292.69382,210505136983590182,2021-05-05 13:00:00,13,PM,125,2,Wednesday,0,5,May,2021,0,Unknown
MCP3169003W,4F1AB6B2C730487585F2FC3DB9FA82F9,False,NO APPARENT INJURY,UNKNOWN,NOT DISTRACTED,PASSENGER,MOVING CONSTANT SPEED,South,DISABLING,40,False,False,2,3642656862618506,210016857,Montgomery County Police,Injury ,False,South,2,3,LEVEL,False,False,DRIVER,HEAD ON LEFT TURN,DRY,DAYLIGHT,NO CONTROLS,INTERSECTION RELATED,T-INTERSECTION,CURVE LEFT,NO DEFECTS,"TWO-WAY, DIVIDED, POSITIVE MEDIAN BARRIER",39.03011333,-76.983475,8901981419077344,2068490210450865,0,0,0,2021050513,7698354239018293,Acura,2018,RDX,Small Sport Utility Vehicle 2WD,6.0,3.5,Automatic 6,AWD,Premium Gasoline,19,27,NEW HAMPSHIRE AVE,Maryland (State),CRESTHAVEN DR,County,2068490210450865,20903,SILVER SPRING,50204.7192451,65972447.4483,39.01829365940637,-76.9835422251861,24.234499,60.406174,0.4,0.4,0.0,21.461555,292.69382,210505136983590182,2021-05-05 13:00:00,13,PM,125,2,Wednesday,0,5,May,2021,0,Unknown
MCP295200BP,3A817766F61946ECA9630607C7C8A522,True,NO APPARENT INJURY,UNKNOWN,UNKNOWN,PASSENGER,OTHER,UNKNOWN,FUNCTIONAL,15,False,False,1,9914683811445312,210016889,Montgomery County Police,Property Damage ,False,UNKNOWN,0,0,UNKNOWN,True,True,DRIVER,OTHER,UNKNOWN,DAYLIGHT,NO CONTROLS,UNKNOWN,UNKNOWN,UNKNOWN,UNKNOWN,UNKNOWN,38.996505,-77.023735,7781945108562677,7781945108562677,0,0,0,2021050515,7703596439001907,Toyota,2014,4Runner,Standard Sport Utility Vehicle 4WD,6.0,4.0,Automatic 5,4WD,Regular Gasoline,17,21,UNKNOWN,UNKNOWN,UNKNOWN,UNKNOWN,7781945108562677,20910,SILVER SPRING,82846.1568889,126320091.137,39.00190768010143,-77.03596497235911,22.3965,60.17217,0.0,0.0,0.0,21.767351,304.21576,210505157035990019,2021-05-05 15:00:00,15,PM,125,2,Wednesday,0,5,May,2021,0,Unknown
MCP3276000Z,1E6DB15685B741F2996FDF0DD3E08940,False,NO APPARENT INJURY,NONE,NOT DISTRACTED,PASSENGER,SLOWING OR STOPPING,South,SUPERFICIAL,35,False,False,2,2481989065507589,210016901,Montgomery County Police,Property Damage ,False,South,3,3,LEVEL,False,False,DRIVER,SAME DIR REAR END,DRY,DAYLIGHT,NO CONTROLS,NON INTERSECTION,UNKNOWN,STRAIGHT,NO DEFECTS,"TWO-WAY, DIVIDED, POSITIVE MEDIAN BARRIER",38.99403017,-77.02686496,5660893524410086,8825017167010994,0,0,0,2021050516,7703596439001907,Subaru,2015,Impreza/Outback Sport,Small Station Wagons,4.0,2.0,Automatic 6,AWD,Regular Gasoline,25,33,GEORGIA AVE,US (State),WAYNE AVE,County,8825017167010994,20910,SILVER SPRING,82846.1568889,126320091.137,39.00190768010143,-77.03596497235911,22.9965,50.76181,0.0,0.0,0.0,23.000591,309.92032,210505167035990019,2021-05-05 16:00:00,16,PM,125,2,Wednesday,0,5,May,2021,0,Unknown
MCP3276000Z,89D23F7E8683457992C4C0EF62517734,True,NO APPARENT INJURY,NONE,LOOKED BUT DID NOT SEE,PASSENGER,CHANGING LANES,South,SUPERFICIAL,35,False,False,2,751452889037670,210016901,Montgomery County Police,Property Damage ,False,South,3,3,LEVEL,False,False,DRIVER,SAME DIR REAR END,DRY,DAYLIGHT,NO CONTROLS,NON INTERSECTION,UNKNOWN,STRAIGHT,NO DEFECTS,"TWO-WAY, DIVIDED, POSITIVE MEDIAN BARRIER",38.99403017,-77.02686496,5660893524410086,8825017167010994,0,0,0,2021050516,7703596439001907,Toyota,2021,Corolla,Compact Cars,4.0,2.0,Automatic 10,FWD,Regular Gasoline,29,38,GEORGIA AVE,US (State),WAYNE AVE,County,8825017167010994,20910,SILVER SPRING,82846.1568889,126320091.137,39.00190768010143,-77.03596497235911,22.9965,50.76181,0.0,0.0,0.0,23.000591,309.92032,210505167035990019,2021-05-05 16:00:00,16,PM,125,2,Wednesday,0,5,May,2021,0,Unknown
MCP2917007P,F128A1A6A6A941898B22304BB5E65781,False,NO APPARENT INJURY,NONE,NOT DISTRACTED,PASSENGER,STOPPED IN TRAFFIC LANE,East,DISABLING,40,False,False,2,9565689107564365,210016929,Montgomery County Police,Property Damage ,False,East,2,2,GRADE DOWNHILL,False,False,DRIVER,SAME DIR REAR END,DRY,DAYLIGHT,TRAFFIC SIGNAL,OTHER,OTHER,STRAIGHT,NO DEFECTS,"TWO-WAY, DIVIDED, POSITIVE MEDIAN BARRIER",39.06014833,-77.08969833,9290911226978796,9425066222700658,0,0,0,2021050518,7705486039088590,Jeep,2015,Grand Cherokee,Standard Sport Utility Vehicle 4WD,6.0,3.0,Automatic 8,4WD,Diesel,14,19,VEIRS MILL RD,Maryland (State),TURKEY BRANCH PKWY,County,9425066222700658,20906,SILVER SPRING,133207.174949,359110751.771,39.08859082555049,-77.05486091907257,20.182499,50.348835,0.0,0.0,0.0,23.000591,309.92032,210505187054890885,2021-05-05 18:00:00,18,PM,125,2,Wednesday,0,5,May,2021,0,Unknown
MCP2917007P,AF208D162A9C4A19AEFC66BA0311CB73,True,NO APPARENT INJURY,NONE,LOOKED BUT DID NOT SEE,PASSENGER,MOVING CONSTANT SPEED,East,DISABLING,40,False,False,2,8525273538772488,210016929,Montgomery County Police,Property Damage ,False,East,2,2,GRADE DOWNHILL,False,False,DRIVER,SAME DIR REAR END,DRY,DAYLIGHT,TRAFFIC SIGNAL,OTHER,OTHER,STRAIGHT,NO DEFECTS,"TWO-WAY, DIVIDED, POSITIVE MEDIAN BARRIER",39.06014833,-77.08969833,9290911226978796,9425066222700658,0,0,0,2021050518,7705486039088590,Toyota,2007,Camry,Compact Cars,4.0,2.4,Automatic 5,FWD,Regular Gasoline,21,31,VEIRS MILL RD,Maryland (State),TURKEY BRANCH PKWY,County,9425066222700658,20906,SILVER SPRING,133207.174949,359110751.771,39.08859082555049,-77.05486091907257,20.182499,50.348835,0.0,0.0,0.0,23.000591,309.92032,210505187054890885,2021-05-05 18:00:00,18,PM,125,2,Wednesday,0,5,May,2021,0,Unknown
MCP2693003L,B810682AD5CD4D4EABDED4B7DBA5B4EB,True,NO APPARENT INJURY,ALCOHOL,UNKNOWN,PASSENGER,MOVING CONSTANT SPEED,North,DISABLING,25,False,True,1,9324840584331195,210016944,Montgomery County Police,Property Damage ,False,North,1,1,LEVEL,False,False,DRIVER,OTHER,DRY,DARK LIGHTS ON,UNKNOWN,NON INTERSECTION,UNKNOWN,STRAIGHT,NO DEFECTS,"TWO-WAY, NOT DIVIDED",39.07720122,-77.07281981,1242379577104961,7739757322938245,0,0,0,2021050521,7705486039088590,Acura,2004,TL,Midsize Cars,6.0,3.2,Automatic 5,FWD,Premium Gasoline,18,26,RALPH RD,County,LOYOLA ST,County,7739757322938245,20906,SILVER SPRING,133207.174949,359110751.771,39.08859082555049,-77.05486091907257,14.2825,59.022293,0.0,0.0,0.0,19.513195,307.5042,210505217054890885,2021-05-05 21:00:00,21,PM,125,2,Wednesday,0,5,May,2021,0,Unknown
MCP291400BB,903A612828AE463B90DC26B7BC352ACA,True,NO APPARENT INJURY,UNKNOWN,NOT DISTRACTED,PASSENGER,MOVING CONSTANT SPEED,South,DISABLING,25,False,False,1,7589879993697787,210016958,Montgomery County Police,Property Damage ,False,South,1,1,HILL UPHILL,False,False,DRIVER,OTHER,UNKNOWN,DARK LIGHTS ON,NO CONTROLS,UNKNOWN,UNKNOWN,STRAIGHT,NO DEFECTS,"TWO-WAY, NOT DIVIDED",38.99793167,-77.01436167,3007388651558513,8825017167010994,0,0,0,2021050600,7703596439001907,Toyota,2007,RAV4,Sport Utility Vehicle - 2WD,4.0,2.4,Automatic 4,AWD,Regular Gasoline,19,27,MANSFIELD RD,County,WAYNE AVE,County,8825017167010994,20910,SILVER SPRING,82846.1568889,126320091.137,39.00190768010143,-77.03596497235911,12.1465,55.49054,0.0,0.0,0.0,20.65848,318.53238,210506007035990019,2021-05-06 00:00:00,0,AM,126,3,Thursday,0,5,May,2021,0,Unknown
MCP3045003W,CA1D42283A2D4534AE87101582C5B32E,True,NO APPARENT INJURY,NONE,INATTENTIVE OR LOST IN THOUGHT,PASSENGER,ACCELERATING,East,DISABLING,15,False,False,1,257262926013934,210017001,Montgomery County Police,Property Damage ,False,UNKNOWN,0,0,UNKNOWN,True,True,DRIVER,SINGLE VEHICLE,UNKNOWN,DAYLIGHT,NO CONTROLS,UNKNOWN,UNKNOWN,UNKNOWN,UNKNOWN,UNKNOWN,39.02538,-77.14576,7781945108562677,7781945108562677,0,0,0,2021050610,7715220038996189,Lexus,2006,ES,Midsize Cars,6.0,3.3,Automatic 5,FWD,Premium Gasoline,18,27,UNKNOWN,UNKNOWN,UNKNOWN,UNKNOWN,7781945108562677,20817,BETHESDA,143234.920079,403664948.588,38.996189145680184,-77.15220044157795,12.943,47.509842,0.0,0.0,0.0,13.049689,335.55606,210506107152289961,2021-05-06 10:00:00,10,AM,126,3,Thursday,0,5,May,2021,0,Unknown
HA24490017,D0D83DF51E9A4E8EBAE984CACC04A60F,False,NO APPARENT INJURY,UNKNOWN,NOT DISTRACTED,PASSENGER,MOVING CONSTANT SPEED,East,SUPERFICIAL,30,False,False,2,6326503091981788,21000840,Maryland-National Capital,Property Damage ,False,East,1,2,LEVEL,False,False,DRIVER,OTHER,UNKNOWN,DAYLIGHT,PERSON,INTERSECTION,FOUR-WAY INTERSECTION,STRAIGHT,NO DEFECTS,"TWO-WAY, NOT DIVIDED",39.01462911,-77.05450165,424439313025704,5564981422910326,0,0,0,2021050611,7703596439001907,Toyota,2011,Tacoma,Small Pickup Trucks 2WD,4.0,2.7,Automatic 4,4WD,Regular Gasoline,18,20,SEMINARY RD,County,FOREST GLEN RD,Maryland (State),5564981422910326,20910,SILVER SPRING,82846.1568889,126320091.137,39.00190768010143,-77.03596497235911,14.0965,45.358524,0.0,0.0,0.0,11.923557,331.11353,210506117035990019,2021-05-06 11:00:00,11,AM,126,3,Thursday,0,5,May,2021,0,Unknown
HA24490017,FB0663A18AA04B70B48D6216135B71D9,True,NO APPARENT INJURY,UNKNOWN,OTHER DISTRACTION,PASSENGER,MAKING RIGHT TURN,East,SUPERFICIAL,30,False,False,2,9523658745387968,21000840,Maryland-National Capital,Property Damage ,False,East,1,2,LEVEL,False,False,DRIVER,OTHER,UNKNOWN,DAYLIGHT,PERSON,INTERSECTION,FOUR-WAY INTERSECTION,STRAIGHT,NO DEFECTS,"TWO-WAY, NOT DIVIDED",39.01462911,-77.05450165,424439313025704,5564981422910326,0,0,0,2021050611,7703596439001907,Chevrolet,2015,Volt,Compact Cars,4.0,1.4,Automatic CVT,FWD,Premium Gasoline,35,40,SEMINARY RD,County,FOREST GLEN RD,Maryland (State),5564981422910326,20910,SILVER SPRING,82846.1568889,126320091.137,39.00190768010143,-77.03596497235911,14.0965,45.358524,0.0,0.0,0.0,11.923557,331.11353,210506117035990019,2021-05-06 11:00:00,11,AM,126,3,Thursday,0,5,May,2021,0,Unknown
MCP3274000P,BE2B3265621C4A7592FC5DD4AE67355D,True,NO APPARENT INJURY,NONE,OTHER DISTRACTION,PASSENGER,BACKING,North,SUPERFICIAL,15,False,False,2,932320174390296,210017026,Montgomery County Police,Property Damage ,False,UNKNOWN,0,0,UNKNOWN,True,True,DRIVER,OTHER,UNKNOWN,DAYLIGHT,NO CONTROLS,UNKNOWN,UNKNOWN,UNKNOWN,UNKNOWN,UNKNOWN,39.02635167,-77.12702167,7781945108562677,7781945108562677,0,0,0,2021050613,7715220038996189,MINI,0,Unknown,Unknown,0.0,0.0,Unknown,Unknown,Unknown,0,0,UNKNOWN,UNKNOWN,UNKNOWN,UNKNOWN,7781945108562677,20817,BETHESDA,143234.920079,403664948.588,38.996189145680184,-77.15220044157795,15.993,41.29616,0.0,0.0,0.0,10.009036,322.3057,210506137152289961,2021-05-06 13:00:00,13,PM,126,3,Thursday,0,5,May,2021,0,Unknown
MCP3274000P,697E4F086E2B4E1792A62E93BD7634CA,False,NO APPARENT INJURY,NONE,NOT DISTRACTED,PASSENGER,MOVING CONSTANT SPEED,East,DISABLING,15,False,False,2,8243785626679992,210017026,Montgomery County Police,Property Damage ,False,UNKNOWN,0,0,UNKNOWN,True,True,DRIVER,OTHER,UNKNOWN,DAYLIGHT,NO CONTROLS,UNKNOWN,UNKNOWN,UNKNOWN,UNKNOWN,UNKNOWN,39.02635167,-77.12702167,7781945108562677,7781945108562677,0,0,0,2021050613,7715220038996189,Toyota,2014,Camry,Midsize Cars,4.0,2.5,Automatic 6,FWD,Regular Gasoline,21,30,UNKNOWN,UNKNOWN,UNKNOWN,UNKNOWN,7781945108562677,20817,BETHESDA,143234.920079,403664948.588,38.996189145680184,-77.15220044157795,15.993,41.29616,0.0,0.0,0.0,10.009036,322.3057,210506137152289961,2021-05-06 13:00:00,13,PM,126,3,Thursday,0,5,May,2021,0,Unknown
MCP1128005L,AD19B9C16FA043559520B40B91551D8E,True,NO APPARENT INJURY,NONE,UNKNOWN,BUS,MOVING CONSTANT SPEED,South,SUPERFICIAL,35,False,False,1,6691677547236723,210017049,Montgomery County Police,Property Damage ,False,South,1,2,LEVEL,False,False,DRIVER,OTHER,DRY,DAYLIGHT,UNKNOWN,UNKNOWN,UNKNOWN,STRAIGHT,NO DEFECTS,"TWO-WAY, NOT DIVIDED",38.99584667,-77.11808833,9165727702388082,8096864911594515,0,0,0,2021050615,7715220038996189,Thomas,0,Unknown,Unknown,0.0,0.0,Unknown,Unknown,Unknown,0,0,IRVINGTON AVE,County,MCKINLEY ST,County,8096864911594515,20817,BETHESDA,143234.920079,403664948.588,38.996189145680184,-77.15220044157795,17.743,37.08973,0.0,0.0,0.0,9.290511,324.46225,210506157152289961,2021-05-06 15:00:00,15,PM,126,3,Thursday,0,5,May,2021,0,Unknown