ReportNumber,VehicleCrashKey,DriverAtFault,DriverInjurySeverity,DriverSubstanceAbuse,DriverDistractedBy,VehicleType,VehicleMovement,VehicleGoingDir,VehicleDamageExtent,SpeedLimit,ParkedVehicle,SubstanceAbuseContributed,VehiclesCrashedTotal,VehicleKey,LocalCaseNumber,AgencyName,ACRSReportType,HitRun,LaneDirection,LaneNumber,NumberOfLanes,RoadGrade,NonTraffic,OffRoadIncident,AccidentAtFault,CollisionType,SurfaceCondition,Light,TrafficControl,Junction,IntersectionType,RoadAlignment,RoadCondition,RoadDivision,Latitude,Longitude,RoadKey_x,CrossStreetKey,NonMotoristTotal,NonMotoristInjury,NonMotoristFatal,DateHourKey,LocationAreaKey,Make,Year_x,BaseModel,BodyClass,Cylinders,Displacement,Transmission,Drivetrain,FuelType,CityMPG,HighwayMPG,RoadName_x,RouteType_x,RoadName_y,RouteType_y,RoadKey_y,Zipcode,MailCity,ShapeLength,ShapeArea,CentroidLatitude,CentroidLongitude,Temperature,Humidity,Precipitation,Rain,Snow,WindSpeed,WindDirection,WeatherKey,Datetime,Hour,TimeOfDay,DayNumber,WeekDayNumber,WeekDayName,WeekendFlag,MonthNumber,MonthName,Year_y,HolidayFlag,HolidayName
MCP3007004P,FE1BF487303E4374ADEFC1A7D2D0F5F5,True,NO APPARENT INJURY,UNKNOWN,UNKNOWN,PASSENGER,STARTING FROM LANE,West,SUPERFICIAL,35,False,False,2,3097115414319252,210019111,Montgomery County Police,Property Damage ,True,East,2,2,LEVEL,False,False,DRIVER,HEAD ON LEFT TURN,UNKNOWN,DARK -- UNKNOWN LIGHTING,UNKNOWN,UNKNOWN,UNKNOWN,STRAIGHT,NO DEFECTS,"TWO-WAY, DIVIDED, POSITIVE MEDIAN BARRIER",39.08020082,-77.08043308,1627793738140795,4115245564239867,0,0,0,2021050622,7705486039088590,Honda,2009,Accord,Compact Cars,4.0,2.4,Automatic 5,FWD,Regular Gasoline,19,30,CONNECTICUT AVE,Maryland (State),ASPEN HILL RD,County,4115245564239867,20906,SILVER SPRING,133207.174949,359110751.771,39.08859082555049,-77.05486091907257,12.5325,66.60532,0.0,0.0,0.0,4.510787,208.61037,210506227054890885,2021-05-06 22:00:00,22,PM,126,3,Thursday,0,5,May,2021,0,Unknown
MCP3007004P,0BB1218C75EB491085E9CE5CDBCF4D7B,False,NO APPARENT INJURY,UNKNOWN,NOT DISTRACTED,PASSENGER,MOVING CONSTANT SPEED,East,FUNCTIONAL,35,False,False,2,6221347528805086,210019111,Montgomery County Police,Property Damage ,True,East,2,2,LEVEL,False,False,DRIVER,HEAD ON LEFT TURN,UNKNOWN,DARK -- UNKNOWN LIGHTING,UNKNOWN,UNKNOWN,UNKNOWN,STRAIGHT,NO DEFECTS,"TWO-WAY, DIVIDED, POSITIVE MEDIAN BARRIER",39.08020082,-77.08043308,1627793738140795,4115245564239867,0,0,0,2021050622,7705486039088590,Nissan,2006,Sentra,Compact Cars,4.0,1.8,Automatic 4,FWD,Regular Gasoline,20,26,CONNECTICUT AVE,Maryland (State),ASPEN HILL RD,County,4115245564239867,20906,SILVER SPRING,133207.174949,359110751.771,39.08859082555049,-77.05486091907257,12.5325,66.60532,0.0,0.0,0.0,4.510787,208.61037,210506227054890885,2021-05-06 22:00:00,22,PM,126,3,Thursday,0,5,May,2021,0,Unknown
DM8494000Q,330EF95C5663439EB2E88597BB1E405B,True,NO APPARENT INJURY,UNKNOWN,UNKNOWN,UNKNOWN,ACCELERATING,East,FUNCTIONAL,25,False,False,2,8525273639438202,210017158,Takoma Park Police Depart,Property Damage ,True,East,1,1,LEVEL,False,False,DRIVER,SAME DIR REAR END,DRY,DAYLIGHT,TRAFFIC SIGNAL,INTERSECTION RELATED,FOUR-WAY INTERSECTION,STRAIGHT,NO DEFECTS,"TWO-WAY, NOT DIVIDED",38.985898,-76.9879278,9157275209266752,6933583575929306,0,0,0,2021050712,7700204038982546,Toyota,2001,Camry,Compact Cars,4.0,2.2,Automatic 4,FWD,Regular Gasoline,17,25,NEW HAMPSHIRE AVENUE,UNKNOWN,HOLTON LANE,UNKNOWN,6933583575929306,20912,TAKOMA PARK,51232.0653417,65209197.2692,38.98254687160147,-77.00204079343348,16.948,50.33166,0.0,0.0,0.0,8.311245,162.3498,210507127002089825,2021-05-07 12:00:00,12,PM,127,4,Friday,0,5,May,2021,0,Unknown
DM8494000Q,1E21D83F38EC43EA9FA6769517A1E3BC,False,NO APPARENT INJURY,UNKNOWN,NOT DISTRACTED,PASSENGER,STOPPED IN TRAFFIC LANE,East,SUPERFICIAL,25,False,False,2,9233316904481485,210017158,Takoma Park Police Depart,Property Damage ,True,East,1,1,LEVEL,False,False,DRIVER,SAME DIR REAR END,DRY,DAYLIGHT,TRAFFIC SIGNAL,INTERSECTION RELATED,FOUR-WAY INTERSECTION,STRAIGHT,NO DEFECTS,"TWO-WAY, NOT DIVIDED",38.985898,-76.9879278,9157275209266752,6933583575929306,0,0,0,2021050712,7700204038982546,Honda,2015,Odyssey,Minivan - 2WD,6.0,3.5,Automatic 6,FWD,Regular Gasoline,19,27,NEW HAMPSHIRE AVENUE,UNKNOWN,HOLTON LANE,UNKNOWN,6933583575929306,20912,TAKOMA PARK,51232.0653417,65209197.2692,38.98254687160147,-77.00204079343348,16.948,50.33166,0.0,0.0,0.0,8.311245,162.3498,210507127002089825,2021-05-07 12:00:00,12,PM,127,4,Friday,0,5,May,2021,0,Unknown
MCP2866006W,84A2BF1C1F6343DB9125F68612EFA49B,False,NO APPARENT INJURY,NONE,NOT DISTRACTED,PASSENGER,MOVING CONSTANT SPEED,South,FUNCTIONAL,30,False,False,2,8062362652350403,210017186,Montgomery County Police,Property Damage ,False,South,1,3,LEVEL,False,False,DRIVER,STRAIGHT MOVEMENT ANGLE,WET,DAYLIGHT,STOP SIGN,INTERSECTION,FOUR-WAY INTERSECTION,STRAIGHT,NO DEFECTS,"TWO-WAY, DIVIDED, POSITIVE MEDIAN BARRIER",38.9819235,-77.07719917,1627793738140795,1317822097194700,0,0,0,2021050715,7707842038983818,Acura,2001,NSX,Two Seaters,6.0,3.0,Automatic 4,RWD,Premium Gasoline,15,22,CONNECTICUT AVE,Maryland (State),THORNAPPLE ST,Municipality,1317822097194700,20815,CHEVY CHASE,78258.2702851,151813895.483,38.98381860627773,-77.07842006190148,14.1745,71.39897,0.8,0.8,0.0,3.9763298,185.19434,210507157078489838,2021-05-07 15:00:00,15,PM,127,4,Friday,0,5,May,2021,0,Unknown
MCP2866006W,36CA474CEE0F4BD9B1CFF4E79D873061,True,NO APPARENT INJURY,NONE,UNKNOWN,PASSENGER,MAKING LEFT TURN,West,DISABLING,30,False,False,2,1032942931887779,210017186,Montgomery County Police,Property Damage ,False,South,1,3,LEVEL,False,False,DRIVER,STRAIGHT MOVEMENT ANGLE,WET,DAYLIGHT,STOP SIGN,INTERSECTION,FOUR-WAY INTERSECTION,STRAIGHT,NO DEFECTS,"TWO-WAY, DIVIDED, POSITIVE MEDIAN BARRIER",38.9819235,-77.07719917,1627793738140795,1317822097194700,0,0,0,2021050715,7707842038983818,Toyota,2017,Corolla,Midsize Cars,4.0,1.8,Automatic CVT,FWD,Regular Gasoline,28,35,CONNECTICUT AVE,Maryland (State),THORNAPPLE ST,Municipality,1317822097194700,20815,CHEVY CHASE,78258.2702851,151813895.483,38.98381860627773,-77.07842006190148,14.1745,71.39897,0.8,0.8,0.0,3.9763298,185.19434,210507157078489838,2021-05-07 15:00:00,15,PM,127,4,Friday,0,5,May,2021,0,Unknown
MCP30580045,4747E6D37A294651991FDD41130AD4D6,False,NO APPARENT INJURY,NONE,INATTENTIVE OR LOST IN THOUGHT,PASSENGER,MOVING CONSTANT SPEED,South,DISABLING,55,False,False,2,9242760514944928,210017203,Montgomery County Police,Property Damage ,False,South,2,4,LEVEL,False,False,UNKNOWN,SAME DIRECTION SIDESWIPE,WET,DAYLIGHT,NO CONTROLS,NON INTERSECTION,UNKNOWN,CURVE LEFT,NO DEFECTS,"TWO-WAY, DIVIDED, POSITIVE MEDIAN BARRIER",39.03386667,-77.14302667,1257986858156867,8760747166704389,0,0,0,2021050718,7715220038996189,Nissan,2017,Maxima,Midsize Cars,6.0,3.5,Automatic 7,FWD,Premium Gasoline,21,30,EISENHOWER MEMORIAL HWY,Interstate (State),CROSSOVER,UNKNOWN,8760747166704389,20817,BETHESDA,143234.920079,403664948.588,38.996189145680184,-77.15220044157795,10.842999,99.33738,3.3,3.3,0.0,10.799999,306.86996,210507187152289961,2021-05-07 18:00:00,18,PM,127,4,Friday,0,5,May,2021,0,Unknown
MCP30580045,F554B57D197E4171B8C11EA2D09A78B8,False,NO APPARENT INJURY,NONE,INATTENTIVE OR LOST IN THOUGHT,PASSENGER,MOVING CONSTANT SPEED,South,FUNCTIONAL,55,False,False,2,5376091177665482,210017203,Montgomery County Police,Property Damage ,False,South,2,4,LEVEL,False,False,UNKNOWN,SAME DIRECTION SIDESWIPE,WET,DAYLIGHT,NO CONTROLS,NON INTERSECTION,UNKNOWN,CURVE LEFT,NO DEFECTS,"TWO-WAY, DIVIDED, POSITIVE MEDIAN BARRIER",39.03386667,-77.14302667,1257986858156867,8760747166704389,0,0,0,2021050718,7715220038996189,Mercedes-Benz,2011,SLS AMG,Two Seaters,8.0,6.2,Automatic 7,RWD,Premium Gasoline,14,20,EISENHOWER MEMORIAL HWY,Interstate (State),CROSSOVER,UNKNOWN,8760747166704389,20817,BETHESDA,143234.920079,403664948.588,38.996189145680184,-77.15220044157795,10.842999,99.33738,3.3,3.3,0.0,10.799999,306.86996,210507187152289961,2021-05-07 18:00:00,18,PM,127,4,Friday,0,5,May,2021,0,Unknown
MCP2450003F,401C773A102F47B78C9045A87ABC8D7A,True,NO APPARENT INJURY,UNKNOWN,UNKNOWN,UNKNOWN,UNKNOWN,South,UNKNOWN,25,False,False,1,8168321465439775,210017210,Montgomery County Police,Property Damage ,True,South,1,1,LEVEL,False,False,DRIVER,OTHER,WET,DAYLIGHT,NO CONTROLS,INTERSECTION RELATED,FOUR-WAY INTERSECTION,UNKNOWN,UNKNOWN,"TWO-WAY, NOT DIVIDED",38.99693333,-76.99054,7724459984860056,3978079379521510,0,0,0,2021050718,7698354239018293,Unknown,0,Unknown,Unknown,0.0,0.0,Unknown,Unknown,Unknown,0,0,11TH AVE,County,RUATAN ST,County,3978079379521510,20903,SILVER SPRING,50204.7192451,65972447.4483,39.01829365940637,-76.9835422251861,11.2345,99.01056,2.6,2.6,0.0,9.605998,257.00537,210507186983590182,2021-05-07 18:00:00,18,PM,127,4,Friday,0,5,May,2021,0,Unknown
MCP2720005P,0D20904B1C834BBD914726AEE8D23D58,False,NO APPARENT INJURY,NONE,NOT DISTRACTED,PASSENGER,MOVING CONSTANT SPEED,West,FUNCTIONAL,40,False,False,1,846658562138209,210017224,Montgomery County Police,Injury ,False,West,2,3,GRADE DOWNHILL,False,False,NONMOTORIST,SINGLE VEHICLE,WET,DARK LIGHTS ON,TRAFFIC SIGNAL,NON INTERSECTION,UNKNOWN,STRAIGHT,NO DEFECTS,"TWO-WAY, DIVIDED, POSITIVE MEDIAN BARRIER",39.05667333,-77.08317333,9290911226978796,8073720238398338,1,1,0,2021050721,7705486039088590,Subaru,2017,Forester,Small Sport Utility Vehicle 4WD,4.0,2.5,Automatic 8,AWD,Regular Gasoline,22,27,VEIRS MILL RD,Maryland (State),RANDOLPH RD,County,8073720238398338,20906,SILVER SPRING,133207.174949,359110751.771,39.08859082555049,-77.05486091907257,9.0325,94.092606,0.7,0.7,0.0,15.273505,315.0001,210507217054890885,2021-05-07 21:00:00,21,PM,127,4,Friday,0,5,May,2021,0,Unknown
MCP32380015,C1A68AA2B1264AAD8956C4267270CFCD,True,POSSIBLE INJURY,ALCOHOL,NOT DISTRACTED,PASSENGER,BACKING,West,SUPERFICIAL,5,False,False,1,1152268474858712,210017240,Montgomery County Police,Injury ,False,UNKNOWN,0,0,UNKNOWN,True,True,DRIVER,OTHER,UNKNOWN,DARK LIGHTS ON,NO CONTROLS,UNKNOWN,UNKNOWN,UNKNOWN,UNKNOWN,UNKNOWN,38.99146653,-77.02467114,7781945108562677,7781945108562677,1,1,0,2021050802,7703596439001907,Mercury,2003,Sable,Midsize Cars,6.0,3.0,Automatic 4,FWD,Regular Gasoline,17,24,UNKNOWN,UNKNOWN,UNKNOWN,UNKNOWN,7781945108562677,20910,SILVER SPRING,82846.1568889,126320091.137,39.00190768010143,-77.03596497235911,6.1465,93.30808,0.0,0.0,0.0,7.754637,291.80148,210508027035990019,2021-05-08 02:00:00,2,AM,128,5,Saturday,1,5,May,2021,0,Unknown
MCP2932004L,0FC712A7D1D64667BB65B6EA72E06E7A,True,NO APPARENT INJURY,NONE,UNKNOWN,PASSENGER,MOVING CONSTANT SPEED,East,DISABLING,35,False,False,1,8567421498388489,210017241,Montgomery County Police,Property Damage ,False,East,1,2,LEVEL,False,False,DRIVER,OTHER,DRY,DARK LIGHTS ON,UNKNOWN,NON INTERSECTION,UNKNOWN,STRAIGHT,NO DEFECTS,"TWO-WAY, NOT DIVIDED",38.98719199,-77.02869005,3848511146538103,8657054184464313,0,0,0,2021050802,7703596439001907,Toyota,2015,Venza,Small Sport Utility Vehicle 2WD,4.0,2.7,Automatic 6,AWD,Regular Gasoline,20,26,13TH ST,County,WASH DC LINE,UNKNOWN,8657054184464313,20910,SILVER SPRING,82846.1568889,126320091.137,39.00190768010143,-77.03596497235911,6.1465,93.30808,0.0,0.0,0.0,7.754637,291.80148,210508027035990019,2021-05-08 02:00:00,2,AM,128,5,Saturday,1,5,May,2021,0,Unknown
MCP3156001L,961BAAB47BE44F6E985442846F172467,True,NO APPARENT INJURY,NONE,UNKNOWN,PASSENGER,BACKING,UNKNOWN,SUPERFICIAL,0,False,False,2,5457129227402383,210017249,Montgomery County Police,Property Damage ,False,UNKNOWN,0,0,UNKNOWN,True,True,DRIVER,OTHER,UNKNOWN,DAYLIGHT,UNKNOWN,UNKNOWN,UNKNOWN,UNKNOWN,UNKNOWN,UNKNOWN,38.99660167,-77.0237,7781945108562677,7781945108562677,0,0,0,2021050812,7703596439001907,Lexus,2007,RX,Sport Utility Vehicle - 2WD,6.0,3.5,Automatic 5,AWD,Premium Gasoline,17,22,UNKNOWN,UNKNOWN,UNKNOWN,UNKNOWN,7781945108562677,20910,SILVER SPRING,82846.1568889,126320091.137,39.00190768010143,-77.03596497235911,13.2465,62.75785,0.1,0.1,0.0,17.57744,304.9921,210508127035990019,2021-05-08 12:00:00,12,PM,128,5,Saturday,1,5,May,2021,0,Unknown
MCP3156001L,F0B6A0CD16984E3788801C5536E693C3,False,NO APPARENT INJURY,NONE,NOT DISTRACTED,PASSENGER,BACKING,UNKNOWN,SUPERFICIAL,0,False,False,2,7026902005199944,210017249,Montgomery County Police,Property Damage ,False,UNKNOWN,0,0,UNKNOWN,True,True,DRIVER,OTHER,UNKNOWN,DAYLIGHT,UNKNOWN,UNKNOWN,UNKNOWN,UNKNOWN,UNKNOWN,UNKNOWN,38.99660167,-77.0237,7781945108562677,7781945108562677,0,0,0,2021050812,7703596439001907,Toyota,2020,RAV4,Small Sport Utility Vehicle 4WD,4.0,2.5,Automatic 8,AWD,Regular Gasoline,27,33,UNKNOWN,UNKNOWN,UNKNOWN,UNKNOWN,7781945108562677,20910,SILVER SPRING,82846.1568889,126320091.137,39.00190768010143,-77.03596497235911,13.2465,62.75785,0.1,0.1,0.0,17.57744,304.9921,210508127035990019,2021-05-08 12:00:00,12,PM,128,5,Saturday,1,5,May,2021,0,Unknown
MCP2496002N,8CF0BD0499C9448E8175C460E5E889F5,True,NO APPARENT INJURY,NONE,LOOKED BUT DID NOT SEE,PASSENGER,CHANGING LANES,South,FUNCTIONAL,45,False,False,2,751452889037670,210017314,Montgomery County Police,Property Damage ,False,South,3,3,GRADE DOWNHILL,False,False,DRIVER,SAME DIRECTION RIGHT TURN,WET,DAYLIGHT,NO CONTROLS,INTERSECTION,OTHER,CURVE RIGHT,NO DEFECTS,"TWO-WAY, DIVIDED, UNPROTECTED PAINTED MIN 4 FEET",39.01477624,-77.04257069,8554262040045692,4386981630821377,0,0,0,2021050814,7703596439001907,Toyota,2021,Corolla,Compact Cars,4.0,2.0,Automatic 10,FWD,Regular Gasoline,29,38,GEORGIA AVE,Maryland (State),RAMP 5 FR MD 97 SB TO IS 495 EB,Ramp,4386981630821377,20910,SILVER SPRING,82846.1568889,126320091.137,39.00190768010143,-77.03596497235911,14.7965,55.59596,0.1,0.1,0.0,15.683774,301.86594,210508147035990019,2021-05-08 14:00:00,14,PM,128,5,Saturday,1,5,May,2021,0,Unknown
MCP2496002N,19C2EA6901A54ED595909B289A3272CC,False,NO APPARENT INJURY,NONE,NOT DISTRACTED,PASSENGER,MOVING CONSTANT SPEED,South,FUNCTIONAL,45,False,False,2,9233316787038152,210017314,Montgomery County Police,Property Damage ,False,South,3,3,GRADE DOWNHILL,False,False,DRIVER,SAME DIRECTION RIGHT TURN,WET,DAYLIGHT,NO CONTROLS,INTERSECTION,OTHER,CURVE RIGHT,NO DEFECTS,"TWO-WAY, DIVIDED, UNPROTECTED PAINTED MIN 4 FEET",39.01477624,-77.04257069,8554262040045692,4386981630821377,0,0,0,2021050814,7703596439001907,Honda,2012,Odyssey,Minivan - 2WD,6.0,3.5,Automatic 5,FWD,Regular Gasoline,18,27,GEORGIA AVE,Maryland (State),RAMP 5 FR MD 97 SB TO IS 495 EB,Ramp,4386981630821377,20910,SILVER SPRING,82846.1568889,126320091.137,39.00190768010143,-77.03596497235911,14.7965,55.59596,0.1,0.1,0.0,15.683774,301.86594,210508147035990019,2021-05-08 14:00:00,14,PM,128,5,Saturday,1,5,May,2021,0,Unknown
MCP31120053,C46DABD5C7604D0194EAAC4468CFEBD6,False,POSSIBLE INJURY,NONE,NOT DISTRACTED,PASSENGER,SLOWING OR STOPPING,South,SUPERFICIAL,25,False,False,2,7037495027338866,210017337,Montgomery County Police,Injury ,False,South,2,3,LEVEL,False,False,DRIVER,SAME DIR REAR END,DRY,DAYLIGHT,NO CONTROLS,UNKNOWN,UNKNOWN,STRAIGHT,NO DEFECTS,"TWO-WAY, DIVIDED, POSITIVE MEDIAN BARRIER",38.9833035,-77.09373033,7307765282026999,1915715673883513,0,0,0,2021050817,7710072538987731,Honda,2008,Fit,Small Station Wagons,4.0,1.5,Automatic 5,FWD,Regular Gasoline,27,34,WISCONSIN AVE,Maryland (State),ELM ST,County,1915715673883513,20814,BETHESDA,46411.6876883,47837334.4314,38.98773167577017,-77.10072590539887,14.5985,35.00428,0.0,0.0,0.0,23.565569,304.41843,210508177100789877,2021-05-08 17:00:00,17,PM,128,5,Saturday,1,5,May,2021,0,Unknown
MCP31120053,ACF6893E92334C49A868503B77F7EB05,True,NO APPARENT INJURY,NONE,NOT DISTRACTED,PASSENGER,SLOWING OR STOPPING,South,SUPERFICIAL,25,False,False,2,6880219044117533,210017337,Montgomery County Police,Injury ,False,South,2,3,LEVEL,False,False,DRIVER,SAME DIR REAR END,DRY,DAYLIGHT,NO CONTROLS,UNKNOWN,UNKNOWN,STRAIGHT,NO DEFECTS,"TWO-WAY, DIVIDED, POSITIVE MEDIAN BARRIER",38.9833035,-77.09373033,7307765282026999,1915715673883513,0,0,0,2021050817,7710072538987731,Lexus,2013,LS,Midsize Cars,8.0,4.6,Automatic 8,AWD,Premium Gasoline,16,23,WISCONSIN AVE,Maryland (State),ELM ST,County,1915715673883513,20814,BETHESDA,46411.6876883,47837334.4314,38.98773167577017,-77.10072590539887,14.5985,35.00428,0.0,0.0,0.0,23.565569,304.41843,210508177100789877,2021-05-08 17:00:00,17,PM,128,5,Saturday,1,5,May,2021,0,Unknown
MCP1202004X,061B8BDDF375470886B021DB8C8F29F3,True,NO APPARENT INJURY,UNKNOWN,UNKNOWN,UNKNOWN,PARKED,UNKNOWN,NO DAMAGE,0,True,False,2,8168321465439775,210019022,Montgomery County Police,Property Damage ,True,UNKNOWN,0,0,UNKNOWN,True,True,DRIVER,OTHER,UNKNOWN,DAYLIGHT,NO CONTROLS,UNKNOWN,UNKNOWN,UNKNOWN,UNKNOWN,UNKNOWN,38.9808,-77.1,7781945108562677,7781945108562677,0,0,0,2021050817,7710072538987731,Unknown,0,Unknown,Unknown,0.0,0.0,Unknown,Unknown,Unknown,0,0,UNKNOWN,UNKNOWN,UNKNOWN,UNKNOWN,7781945108562677,20814,BETHESDA,46411.6876883,47837334.4314,38.98773167577017,-77.10072590539887,14.5985,35.00428,0.0,0.0,0.0,23.565569,304.41843,210508177100789877,2021-05-08 17:00:00,17,PM,128,5,Saturday,1,5,May,2021,0,Unknown
MCP1202004X,A76C064645DF4C5CB37FC5BCAAB6C935,False,NO APPARENT INJURY,UNKNOWN,NOT DISTRACTED,PASSENGER,PARKING,South,FUNCTIONAL,0,False,False,2,3611013996569826,210019022,Montgomery County Police,Property Damage ,True,UNKNOWN,0,0,UNKNOWN,True,True,DRIVER,OTHER,UNKNOWN,DAYLIGHT,NO CONTROLS,UNKNOWN,UNKNOWN,UNKNOWN,UNKNOWN,UNKNOWN,38.9808,-77.1,7781945108562677,7781945108562677,0,0,0,2021050817,7710072538987731,Volkswagen,2012,Golf/GTI,Compact Cars,4.0,2.0,Automatic 6,FWD,Premium Gasoline,24,31,UNKNOWN,UNKNOWN,UNKNOWN,UNKNOWN,7781945108562677,20814,BETHESDA,46411.6876883,47837334.4314,38.98773167577017,-77.10072590539887,14.5985,35.00428,0.0,0.0,0.0,23.565569,304.41843,210508177100789877,2021-05-08 17:00:00,17,PM,128,5,Saturday,1,5,May,2021,0,Unknown
DM8494000R,99A59D188C35415689F6BE24414B978E,True,NO APPARENT INJURY,UNKNOWN,UNKNOWN,EMERGENCY,MAKING RIGHT TURN,East,SUPERFICIAL,25,False,False,1,9029915557031419,210017346,Takoma Park Police Depart,Property Damage ,False,South,1,1,LEVEL,False,False,DRIVER,SAME DIRECTION SIDESWIPE,DRY,DAYLIGHT,STOP SIGN,INTERSECTION RELATED,FOUR-WAY INTERSECTION,STRAIGHT,NO DEFECTS,"TWO-WAY, NOT DIVIDED",38.9795295,-77.00739667,4407102525562188,8263739039717789,0,0,0,2021050818,7700204038982546,Pierce,0,Unknown,Unknown,0.0,0.0,Unknown,Unknown,Unknown,0,0,GRANT AVE,Municipality,HANCOCK AVE,Municipality,8263739039717789,20912,TAKOMA PARK,51232.0653417,65209197.2692,38.98254687160147,-77.00204079343348,14.548,36.155212,0.0,0.0,0.0,25.305208,309.8055,210508187002089825,2021-05-08 18:00:00,18,PM,128,5,Saturday,1,5,May,2021,0,Unknown
MCP28550040,4C7596A14AF84411B10964DB4708791D,True,NO APPARENT INJURY,UNKNOWN,UNKNOWN,PASSENGER,OTHER,North,FUNCTIONAL,30,False,False,2,2426004853723527,210017363,Montgomery County Police,Property Damage ,True,West,1,1,LEVEL,False,False,DRIVER,STRAIGHT MOVEMENT ANGLE,DRY,DARK LIGHTS ON,NO CONTROLS,UNKNOWN,UNKNOWN,STRAIGHT,NO DEFECTS,"TWO-WAY, DIVIDED, UNPROTECTED PAINTED MIN 4 FEET",38.99804192,-77.03249403,9956308243923058,8356792977061148,0,0,0,2021050820,7703596439001907,Chevrolet,2004,Classic,Midsize Cars,4.0,2.2,Automatic 4,FWD,Regular Gasoline,21,31,FIRST AVE,County,SPRING ST,County,8356792977061148,20910,SILVER SPRING,82846.1568889,126320091.137,39.00190768010143,-77.03596497235911,11.4465,48.462563,0.0,0.0,0.0,11.709688,315.0001,210508207035990019,2021-05-08 20:00:00,20,PM,128,5,Saturday,1,5,May,2021,0,Unknown
MCP28550040,22EB47729726413ABA0E84D07AB81E50,False,NO APPARENT INJURY,UNKNOWN,NOT DISTRACTED,PASSENGER,MAKING U TURN,North,FUNCTIONAL,30,False,False,2,1032942915110160,210017363,Montgomery County Police,Property Damage ,True,West,1,1,LEVEL,False,False,DRIVER,STRAIGHT MOVEMENT ANGLE,DRY,DARK LIGHTS ON,NO CONTROLS,UNKNOWN,UNKNOWN,STRAIGHT,NO DEFECTS,"TWO-WAY, DIVIDED, UNPROTECTED PAINTED MIN 4 FEET",38.99804192,-77.03249403,9956308243923058,8356792977061148,0,0,0,2021050820,7703596439001907,Toyota,2016,Corolla,Midsize Cars,4.0,1.8,Automatic CVT,FWD,Regular Gasoline,28,36,FIRST AVE,County,SPRING ST,County,8356792977061148,20910,SILVER SPRING,82846.1568889,126320091.137,39.00190768010143,-77.03596497235911,11.4465,48.462563,0.0,0.0,0.0,11.709688,315.0001,210508207035990019,2021-05-08 20:00:00,20,PM,128,5,Saturday,1,5,May,2021,0,Unknown
MCP2412001L,E67C2EB580F342D89CC888119084DE2D,True,NO APPARENT INJURY,NONE,NOT DISTRACTED,PASSENGER,MAKING U TURN,West,DISABLING,25,False,False,2,8109739693455099,210017373,Montgomery County Police,Injury ,False,West,1,1,LEVEL,False,False,DRIVER,STRAIGHT MOVEMENT ANGLE,DRY,DARK LIGHTS ON,NO CONTROLS,NON INTERSECTION,UNKNOWN,STRAIGHT,NO DEFECTS,"TWO-WAY, NOT DIVIDED",38.99785167,-76.99862667,9352685360372031,7001767800461379,0,0,0,2021050823,7700204038982546,Ford,2007,Five Hundred,Large Cars,6.0,3.0,Automatic 6,AWD,Regular Gasoline,17,23,GARLAND AVE,County,DOMER AVE,County,7001767800461379,20912,TAKOMA PARK,51232.0653417,65209197.2692,38.98254687160147,-77.00204079343348,9.048,59.38956,0.0,0.0,0.0,13.281023,302.82855,210508237002089825,2021-05-08 23:00:00,23,PM,128,5,Saturday,1,5,May,2021,0,Unknown
MCP2412001L,F23EE32C5FDC46DC8500657149B8B184,False,NO APPARENT INJURY,NONE,NOT DISTRACTED,PASSENGER,MOVING CONSTANT SPEED,West,DISABLING,25,False,False,2,5952593093736806,210017373,Montgomery County Police,Injury ,False,West,1,1,LEVEL,False,False,DRIVER,STRAIGHT MOVEMENT ANGLE,DRY,DARK LIGHTS ON,NO CONTROLS,NON INTERSECTION,UNKNOWN,STRAIGHT,NO DEFECTS,"TWO-WAY, NOT DIVIDED",38.99785167,-76.99862667,9352685360372031,7001767800461379,0,0,0,2021050823,7700204038982546,Honda,1998,Accord,Midsize Cars,4.0,2.3,Automatic 4,FWD,Regular Gasoline,18,27,GARLAND AVE,County,DOMER AVE,County,7001767800461379,20912,TAKOMA PARK,51232.0653417,65209197.2692,38.98254687160147,-77.00204079343348,9.048,59.38956,0.0,0.0,0.0,13.281023,302.82855,210508237002089825,2021-05-08 23:00:00,23,PM,128,5,Saturday,1,5,May,2021,0,Unknown
DM85030002,F1734967EC644D25A76497470F355491,False,NO APPARENT INJURY,UNKNOWN,UNKNOWN,UNKNOWN,UNKNOWN,East,UNKNOWN,35,False,False,3,8168321465439775,210017394,Takoma Park Police Depart,Property Damage ,True,South,3,3,LEVEL,False,False,UNKNOWN,OTHER,DRY,DARK LIGHTS ON,UNKNOWN,INTERCHANGE RELATED,OTHER,STRAIGHT,UNKNOWN,"TWO-WAY, DIVIDED, POSITIVE MEDIAN BARRIER",38.98848667,-76.987865,8901981419077344,3065693472279380,0,0,0,2021050903,7700204038982546,Unknown,0,Unknown,Unknown,0.0,0.0,Unknown,Unknown,Unknown,0,0,NEW HAMPSHIRE AVE,Maryland (State),UNIVERSITY BLVD,Maryland (State),3065693472279380,20912,TAKOMA PARK,51232.0653417,65209197.2692,38.98254687160147,-77.00204079343348,7.248,68.320206,0.0,0.0,0.0,7.7879906,326.3099,210509037002089825,2021-05-09 03:00:00,3,AM,129,6,Sunday,1,5,May,2021,0,Unknown