ReportNumber,VehicleCrashKey,DriverAtFault,DriverInjurySeverity,DriverSubstanceAbuse,DriverDistractedBy,VehicleType,VehicleMovement,VehicleGoingDir,VehicleDamageExtent,SpeedLimit,ParkedVehicle,SubstanceAbuseContributed,VehiclesCrashedTotal,VehicleKey,LocalCaseNumber,AgencyName,ACRSReportType,HitRun,LaneDirection,LaneNumber,NumberOfLanes,RoadGrade,NonTraffic,OffRoadIncident,AccidentAtFault,CollisionType,SurfaceCondition,Light,TrafficControl,Junction,IntersectionType,RoadAlignment,RoadCondition,RoadDivision,Latitude,Longitude,RoadKey_x,CrossStreetKey,NonMotoristTotal,NonMotoristInjury,NonMotoristFatal,DateHourKey,LocationAreaKey,Make,Year_x,BaseModel,BodyClass,Cylinders,Displacement,Transmission,Drivetrain,FuelType,CityMPG,HighwayMPG,RoadName_x,RouteType_x,RoadName_y,RouteType_y,RoadKey_y,Zipcode,MailCity,ShapeLength,ShapeArea,CentroidLatitude,CentroidLongitude,Temperature,Humidity,Precipitation,Rain,Snow,WindSpeed,WindDirection,WeatherKey,Datetime,Hour,TimeOfDay,DayNumber,WeekDayNumber,WeekDayName,WeekendFlag,MonthNumber,MonthName,Year_y,HolidayFlag,HolidayName
DM85030002,2C7C3445D4FA4F2CB008256F461AB4E6,False,NO APPARENT INJURY,UNKNOWN,UNKNOWN,UNKNOWN,UNKNOWN,East,UNKNOWN,35,False,False,3,8168321465439775,210017394,Takoma Park Police Depart,Property Damage ,True,South,3,3,LEVEL,False,False,UNKNOWN,OTHER,DRY,DARK LIGHTS ON,UNKNOWN,INTERCHANGE RELATED,OTHER,STRAIGHT,UNKNOWN,"TWO-WAY, DIVIDED, POSITIVE MEDIAN BARRIER",38.98848667,-76.987865,8901981419077344,3065693472279380,0,0,0,2021050903,7700204038982546,Unknown,0,Unknown,Unknown,0.0,0.0,Unknown,Unknown,Unknown,0,0,NEW HAMPSHIRE AVE,Maryland (State),UNIVERSITY BLVD,Maryland (State),3065693472279380,20912,TAKOMA PARK,51232.0653417,65209197.2692,38.98254687160147,-77.00204079343348,7.248,68.320206,0.0,0.0,0.0,7.7879906,326.3099,210509037002089825,2021-05-09 03:00:00,3,AM,129,6,Sunday,1,5,May,2021,0,Unknown
DM85030002,9E90777B7E85411B96A3C276B2BA402A,False,NO APPARENT INJURY,UNKNOWN,UNKNOWN,PASSENGER,MOVING CONSTANT SPEED,South,DISABLING,35,False,False,3,5376091177665482,210017394,Takoma Park Police Depart,Property Damage ,True,South,3,3,LEVEL,False,False,UNKNOWN,OTHER,DRY,DARK LIGHTS ON,UNKNOWN,INTERCHANGE RELATED,OTHER,STRAIGHT,UNKNOWN,"TWO-WAY, DIVIDED, POSITIVE MEDIAN BARRIER",38.98848667,-76.987865,8901981419077344,3065693472279380,0,0,0,2021050903,7700204038982546,Mercedes-Benz,2011,SLS AMG,Two Seaters,8.0,6.2,Automatic 7,RWD,Premium Gasoline,14,20,NEW HAMPSHIRE AVE,Maryland (State),UNIVERSITY BLVD,Maryland (State),3065693472279380,20912,TAKOMA PARK,51232.0653417,65209197.2692,38.98254687160147,-77.00204079343348,7.248,68.320206,0.0,0.0,0.0,7.7879906,326.3099,210509037002089825,2021-05-09 03:00:00,3,AM,129,6,Sunday,1,5,May,2021,0,Unknown
MCP2192003W,957B04E6D819444489954A729AEBC779,True,NO APPARENT INJURY,NONE,UNKNOWN,PASSENGER,MOVING CONSTANT SPEED,South,DISABLING,45,False,False,2,7004010087536265,210017419,Montgomery County Police,Injury ,False,South,2,3,LEVEL,False,False,DRIVER,STRAIGHT MOVEMENT ANGLE,DRY,DAYLIGHT,TRAFFIC SIGNAL,INTERSECTION,FOUR-WAY INTERSECTION,STRAIGHT,NO DEFECTS,"TWO-WAY, DIVIDED, POSITIVE MEDIAN BARRIER",39.06304167,-77.07338167,1627793738140795,3597642028494755,0,0,0,2021050911,7705486039088590,Honda,2015,Civic,Compact Cars,4.0,1.8,Automatic CVT,FWD,Regular Gasoline,29,37,CONNECTICUT AVE,Maryland (State),WELLER RD,County,3597642028494755,20906,SILVER SPRING,133207.174949,359110751.771,39.08859082555049,-77.05486091907257,11.4325,59.141182,0.0,0.0,0.0,8.647496,182.3859,210509117054890885,2021-05-09 11:00:00,11,AM,129,6,Sunday,1,5,May,2021,0,Unknown
MCP2192003W,DE0B2C1540F240BCB8924E1DB3A1A5E4,False,NO APPARENT INJURY,NONE,NOT DISTRACTED,PASSENGER,MOVING CONSTANT SPEED,East,DISABLING,25,False,False,2,3997983305461047,210017419,Montgomery County Police,Injury ,False,South,2,3,LEVEL,False,False,DRIVER,STRAIGHT MOVEMENT ANGLE,DRY,DAYLIGHT,TRAFFIC SIGNAL,INTERSECTION,FOUR-WAY INTERSECTION,STRAIGHT,NO DEFECTS,"TWO-WAY, DIVIDED, POSITIVE MEDIAN BARRIER",39.06304167,-77.07338167,1627793738140795,3597642028494755,0,0,0,2021050911,7705486039088590,Chevrolet,2018,Colorado,Small Pickup Trucks 4WD,4.0,3.6,Automatic 6,4WD,Regular Gasoline,20,24,CONNECTICUT AVE,Maryland (State),WELLER RD,County,3597642028494755,20906,SILVER SPRING,133207.174949,359110751.771,39.08859082555049,-77.05486091907257,11.4325,59.141182,0.0,0.0,0.0,8.647496,182.3859,210509117054890885,2021-05-09 11:00:00,11,AM,129,6,Sunday,1,5,May,2021,0,Unknown
MCP12480003,CAE6BAD047ED490F861038A6F94A059F,True,NO APPARENT INJURY,NONE,NOT DISTRACTED,PASSENGER,MAKING LEFT TURN,West,FUNCTIONAL,25,False,False,2,2390807594107604,210017309,Montgomery County Police,Property Damage ,False,East,1,2,LEVEL,False,False,DRIVER,HEAD ON LEFT TURN,DRY,DAYLIGHT,TRAFFIC SIGNAL,INTERSECTION,FOUR-WAY INTERSECTION,STRAIGHT,NO DEFECTS,"TWO-WAY, DIVIDED, POSITIVE MEDIAN BARRIER",39.02647223,-77.14399922,1296267517137739,1338013089761889,0,0,0,2021050914,7715220038996189,Acura,2011,MDX,Sport Utility Vehicle - 4WD,6.0,3.7,Automatic 6,AWD,Premium Gasoline,16,21,WESTLAKE TERR,County,MOTOR CITY DR,County,1338013089761889,20817,BETHESDA,143234.920079,403664948.588,38.996189145680184,-77.15220044157795,16.843,42.4269,0.0,0.0,0.0,18.947083,165.69969,210509147152289961,2021-05-09 14:00:00,14,PM,129,6,Sunday,1,5,May,2021,0,Unknown
MCP12480003,B1598B8EFB974569A94BBDC822362661,False,NO APPARENT INJURY,NONE,NOT DISTRACTED,PASSENGER,MOVING CONSTANT SPEED,East,SUPERFICIAL,25,False,False,2,8243785693790468,210017309,Montgomery County Police,Property Damage ,False,East,1,2,LEVEL,False,False,DRIVER,HEAD ON LEFT TURN,DRY,DAYLIGHT,TRAFFIC SIGNAL,INTERSECTION,FOUR-WAY INTERSECTION,STRAIGHT,NO DEFECTS,"TWO-WAY, DIVIDED, POSITIVE MEDIAN BARRIER",39.02647223,-77.14399922,1296267517137739,1338013089761889,0,0,0,2021050914,7715220038996189,Toyota,2010,Camry,Midsize Cars,4.0,2.5,Automatic 6,FWD,Regular Gasoline,22,28,WESTLAKE TERR,County,MOTOR CITY DR,County,1338013089761889,20817,BETHESDA,143234.920079,403664948.588,38.996189145680184,-77.15220044157795,16.843,42.4269,0.0,0.0,0.0,18.947083,165.69969,210509147152289961,2021-05-09 14:00:00,14,PM,129,6,Sunday,1,5,May,2021,0,Unknown
MCP31970027,8E0F5D7CEE6E4B5D8D70C00B668C51D1,False,NO APPARENT INJURY,NONE,NOT DISTRACTED,PASSENGER,MOVING CONSTANT SPEED,East,SUPERFICIAL,35,False,False,2,1032942931887779,210017437,Montgomery County Police,Property Damage ,True,East,1,3,LEVEL,False,False,DRIVER,SAME DIRECTION SIDESWIPE,DRY,DAYLIGHT,NO CONTROLS,INTERSECTION,FOUR-WAY INTERSECTION,STRAIGHT,NO DEFECTS,"TWO-WAY, DIVIDED, POSITIVE MEDIAN BARRIER",39.05344547,-77.08981539,8073720238398338,8886326516954162,0,0,0,2021050914,7705486039088590,Toyota,2017,Corolla,Midsize Cars,4.0,1.8,Automatic CVT,FWD,Regular Gasoline,28,35,RANDOLPH RD,County,DEWEY RD,County,8886326516954162,20906,SILVER SPRING,133207.174949,359110751.771,39.08859082555049,-77.05486091907257,16.1325,43.42981,0.0,0.0,0.0,17.418196,161.93944,210509147054890885,2021-05-09 14:00:00,14,PM,129,6,Sunday,1,5,May,2021,0,Unknown
MCP31970027,342D2A7F60E848EB8E781F1770371C88,True,NO APPARENT INJURY,UNKNOWN,UNKNOWN,PASSENGER,MOVING CONSTANT SPEED,East,UNKNOWN,35,False,False,2,5417434195414281,210017437,Montgomery County Police,Property Damage ,True,East,1,3,LEVEL,False,False,DRIVER,SAME DIRECTION SIDESWIPE,DRY,DAYLIGHT,NO CONTROLS,INTERSECTION,FOUR-WAY INTERSECTION,STRAIGHT,NO DEFECTS,"TWO-WAY, DIVIDED, POSITIVE MEDIAN BARRIER",39.05344547,-77.08981539,8073720238398338,8886326516954162,0,0,0,2021050914,7705486039088590,Saturn,2007,Vue,Sport Utility Vehicle - 2WD,4.0,2.2,Automatic 4,FWD,Regular Gasoline,17,25,RANDOLPH RD,County,DEWEY RD,County,8886326516954162,20906,SILVER SPRING,133207.174949,359110751.771,39.08859082555049,-77.05486091907257,16.1325,43.42981,0.0,0.0,0.0,17.418196,161.93944,210509147054890885,2021-05-09 14:00:00,14,PM,129,6,Sunday,1,5,May,2021,0,Unknown
MCP3209002N,155BBD14B114472B8A5396329545DD73,True,NO APPARENT INJURY,NONE,NOT DISTRACTED,BUS,CHANGING LANES,North,SUPERFICIAL,35,False,False,2,789604639519848,210017455,Montgomery County Police,Property Damage ,False,North,1,3,LEVEL,False,False,DRIVER,SAME DIRECTION LEFT TURN,DRY,DAYLIGHT,NO CONTROLS,INTERSECTION RELATED,T-INTERSECTION,STRAIGHT,NO DEFECTS,"TWO-WAY, DIVIDED, POSITIVE MEDIAN BARRIER",38.991549,-77.02656824,5660893524410086,901965198716090,0,0,0,2021050916,7703596439001907,Metro,0,Unknown,Unknown,0.0,0.0,Unknown,Unknown,Unknown,0,0,GEORGIA AVE,US (State),RIPLEY ST,County,901965198716090,20910,SILVER SPRING,82846.1568889,126320091.137,39.00190768010143,-77.03596497235911,19.7965,41.80818,0.0,0.0,0.0,20.883104,179.01227,210509167035990019,2021-05-09 16:00:00,16,PM,129,6,Sunday,1,5,May,2021,0,Unknown
MCP3209002N,00F95C919018411E9AC8C56AC6AE5AB6,False,NO APPARENT INJURY,NONE,NOT DISTRACTED,PASSENGER,MOVING CONSTANT SPEED,North,FUNCTIONAL,35,False,False,2,7871367620570760,210017455,Montgomery County Police,Property Damage ,False,North,1,3,LEVEL,False,False,DRIVER,SAME DIRECTION LEFT TURN,DRY,DAYLIGHT,NO CONTROLS,INTERSECTION RELATED,T-INTERSECTION,STRAIGHT,NO DEFECTS,"TWO-WAY, DIVIDED, POSITIVE MEDIAN BARRIER",38.991549,-77.02656824,5660893524410086,901965198716090,0,0,0,2021050916,7703596439001907,Toyota,2019,RAV4,Small Sport Utility Vehicle 4WD,4.0,2.5,Automatic 8,AWD,Regular Gasoline,25,33,GEORGIA AVE,US (State),RIPLEY ST,County,901965198716090,20910,SILVER SPRING,82846.1568889,126320091.137,39.00190768010143,-77.03596497235911,19.7965,41.80818,0.0,0.0,0.0,20.883104,179.01227,210509167035990019,2021-05-09 16:00:00,16,PM,129,6,Sunday,1,5,May,2021,0,Unknown
MCP32630011,4B2DCC988F9542C397F0D949A593C5A3,False,NO APPARENT INJURY,NONE,NOT DISTRACTED,PASSENGER,STOPPED IN TRAFFIC LANE,West,SUPERFICIAL,35,False,False,2,846658528582971,210017448,Montgomery County Police,Property Damage ,False,West,2,2,HILL UPHILL,False,False,DRIVER,SAME DIR REAR END,DRY,DAYLIGHT,NO CONTROLS,NON INTERSECTION,UNKNOWN,STRAIGHT,NO DEFECTS,"TWO-WAY, DIVIDED, POSITIVE MEDIAN BARRIER",38.98956,-77.15043667,1363718650800826,7712635130901957,0,0,0,2021050916,7715220038996189,Subaru,2015,Forester,Small Sport Utility Vehicle 4WD,4.0,2.5,Automatic 8,AWD,Regular Gasoline,22,27,RIVER RD,Maryland (State),BURDETTE RD,County,7712635130901957,20817,BETHESDA,143234.920079,403664948.588,38.996189145680184,-77.15220044157795,19.942999,41.278038,0.0,0.0,0.0,21.9718,178.12216,210509167152289961,2021-05-09 16:00:00,16,PM,129,6,Sunday,1,5,May,2021,0,Unknown
MCP32630011,83B546F9B1DB42938EA99EE4048AD63F,True,NO APPARENT INJURY,NONE,LOOKED BUT DID NOT SEE,PASSENGER,SLOWING OR STOPPING,West,FUNCTIONAL,35,False,False,2,2311894309811732,210017448,Montgomery County Police,Property Damage ,False,West,2,2,HILL UPHILL,False,False,DRIVER,SAME DIR REAR END,DRY,DAYLIGHT,NO CONTROLS,NON INTERSECTION,UNKNOWN,STRAIGHT,NO DEFECTS,"TWO-WAY, DIVIDED, POSITIVE MEDIAN BARRIER",38.98956,-77.15043667,1363718650800826,7712635130901957,0,0,0,2021050916,7715220038996189,Chevrolet,2015,Cruze,Midsize Cars,4.0,1.4,Automatic 6,FWD,Regular Gasoline,26,37,RIVER RD,Maryland (State),BURDETTE RD,County,7712635130901957,20817,BETHESDA,143234.920079,403664948.588,38.996189145680184,-77.15220044157795,19.942999,41.278038,0.0,0.0,0.0,21.9718,178.12216,210509167152289961,2021-05-09 16:00:00,16,PM,129,6,Sunday,1,5,May,2021,0,Unknown
MCP29540098,24071DDE9AED4A84B023B3221ABEC9D9,True,NO APPARENT INJURY,NONE,UNKNOWN,TRUCK,MAKING RIGHT TURN,South,NO DAMAGE,0,False,False,1,2250767647570290,210017459,Montgomery County Police,Property Damage ,False,UNKNOWN,0,0,UNKNOWN,True,True,DRIVER,SAME DIRECTION SIDESWIPE,UNKNOWN,DAYLIGHT,NO CONTROLS,UNKNOWN,UNKNOWN,UNKNOWN,UNKNOWN,UNKNOWN,39.00034359,-76.99436836,7781945108562677,7781945108562677,0,0,0,2021050918,7698354239018293,Freightliner,0,Unknown,Unknown,0.0,0.0,Unknown,Unknown,Unknown,0,0,UNKNOWN,UNKNOWN,UNKNOWN,UNKNOWN,7781945108562677,20903,SILVER SPRING,50204.7192451,65972447.4483,39.01829365940637,-76.9835422251861,18.8345,55.681522,0.0,0.0,0.0,10.383987,123.690094,210509186983590182,2021-05-09 18:00:00,18,PM,129,6,Sunday,1,5,May,2021,0,Unknown
MCP3209002P,463C45AF46184D60A9E1664FA22D1150,True,NO APPARENT INJURY,ALCOHOL,LOOKED BUT DID NOT SEE,PASSENGER,MOVING CONSTANT SPEED,South,SUPERFICIAL,35,False,True,2,8240594995551519,210017467,Montgomery County Police,Property Damage ,False,South,2,3,LEVEL,False,False,DRIVER,SAME DIR REAR END,DRY,DAYLIGHT,TRAFFIC SIGNAL,INTERSECTION RELATED,FOUR-WAY INTERSECTION,STRAIGHT,NO DEFECTS,"TWO-WAY, DIVIDED, POSITIVE MEDIAN BARRIER",38.99472671,-77.02700099,5660893524410086,8825017167010994,0,0,0,2021050919,7703596439001907,Audi,2009,A5,Subcompact Cars,6.0,3.2,Automatic 6,AWD,Premium Gasoline,16,26,GEORGIA AVE,US (State),WAYNE AVE,County,8825017167010994,20910,SILVER SPRING,82846.1568889,126320091.137,39.00190768010143,-77.03596497235911,17.1465,64.286385,0.0,0.0,0.0,14.20062,120.46546,210509197035990019,2021-05-09 19:00:00,19,PM,129,6,Sunday,1,5,May,2021,0,Unknown
MCP3209002P,2892642266AE472887B036ABC3552182,False,NO APPARENT INJURY,NONE,NOT DISTRACTED,PASSENGER,MOVING CONSTANT SPEED,South,SUPERFICIAL,35,False,False,2,2156627390990147,210017467,Montgomery County Police,Property Damage ,False,South,2,3,LEVEL,False,False,DRIVER,SAME DIR REAR END,DRY,DAYLIGHT,TRAFFIC SIGNAL,INTERSECTION RELATED,FOUR-WAY INTERSECTION,STRAIGHT,NO DEFECTS,"TWO-WAY, DIVIDED, POSITIVE MEDIAN BARRIER",38.99472671,-77.02700099,5660893524410086,8825017167010994,0,0,0,2021050919,7703596439001907,BMW,2014,X3,Small Sport Utility Vehicle 4WD,4.0,2.0,Automatic 8,AWD,Premium Gasoline,19,26,GEORGIA AVE,US (State),WAYNE AVE,County,8825017167010994,20910,SILVER SPRING,82846.1568889,126320091.137,39.00190768010143,-77.03596497235911,17.1465,64.286385,0.0,0.0,0.0,14.20062,120.46546,210509197035990019,2021-05-09 19:00:00,19,PM,129,6,Sunday,1,5,May,2021,0,Unknown
MCP2412001M,ED368F7D0ABA42FF9A54EFF4EA2793AC,False,NO APPARENT INJURY,NONE,NOT DISTRACTED,PASSENGER,MOVING CONSTANT SPEED,South,DISABLING,40,False,False,2,7466681350715975,210017491,Montgomery County Police,Property Damage ,False,South,2,3,LEVEL,False,False,DRIVER,STRAIGHT MOVEMENT ANGLE,DRY,DARK LIGHTS ON,TRAFFIC SIGNAL,INTERSECTION,T-INTERSECTION,STRAIGHT,NO DEFECTS,"TWO-WAY, DIVIDED, POSITIVE MEDIAN BARRIER",39.00688749,-76.98038548,8901981419077344,4460803811679484,0,0,0,2021050923,7698354239018293,Dodge,2012,Avenger,Midsize Cars,4.0,2.4,Automatic 6,FWD,Regular Gasoline,19,28,NEW HAMPSHIRE AVE,Maryland (State),NORTHAMPTON DR,County,4460803811679484,20903,SILVER SPRING,50204.7192451,65972447.4483,39.01829365940637,-76.9835422251861,18.734499,60.297684,0.0,0.0,0.0,16.375053,213.34073,210509236983590182,2021-05-09 23:00:00,23,PM,129,6,Sunday,1,5,May,2021,0,Unknown
MCP2412001M,CB428376713E420E86848BAA4A130E53,True,NO APPARENT INJURY,ALCOHOL,NOT DISTRACTED,PASSENGER,MAKING LEFT TURN,North,DISABLING,40,False,False,2,8882634665904292,210017491,Montgomery County Police,Property Damage ,False,South,2,3,LEVEL,False,False,DRIVER,STRAIGHT MOVEMENT ANGLE,DRY,DARK LIGHTS ON,TRAFFIC SIGNAL,INTERSECTION,T-INTERSECTION,STRAIGHT,NO DEFECTS,"TWO-WAY, DIVIDED, POSITIVE MEDIAN BARRIER",39.00688749,-76.98038548,8901981419077344,4460803811679484,0,0,0,2021050923,7698354239018293,GMC,0,Unknown,Unknown,0.0,0.0,Unknown,Unknown,Unknown,0,0,NEW HAMPSHIRE AVE,Maryland (State),NORTHAMPTON DR,County,4460803811679484,20903,SILVER SPRING,50204.7192451,65972447.4483,39.01829365940637,-76.9835422251861,18.734499,60.297684,0.0,0.0,0.0,16.375053,213.34073,210509236983590182,2021-05-09 23:00:00,23,PM,129,6,Sunday,1,5,May,2021,0,Unknown
MCP2877008T,1CB31D876F14496E911C14B1E1AF6218,True,NO APPARENT INJURY,NONE,NOT DISTRACTED,PASSENGER,SLOWING OR STOPPING,South,FUNCTIONAL,35,False,False,2,3706795429459167,210017510,Montgomery County Police,Injury ,False,South,1,3,LEVEL,False,False,DRIVER,SAME DIR REAR END,DRY,DAYLIGHT,TRAFFIC SIGNAL,NON INTERSECTION,UNKNOWN,STRAIGHT,NO DEFECTS,"TWO-WAY, DIVIDED, POSITIVE MEDIAN BARRIER",38.96745467,-77.08873433,7307765282026999,6784661058996907,0,0,0,2021051007,7707842038983818,Mercedes-Benz,0,Unknown,Unknown,0.0,0.0,Unknown,Unknown,Unknown,0,0,WISCONSIN AVE,Maryland (State),DORSET AVE,Municipality,6784661058996907,20815,CHEVY CHASE,78258.2702851,151813895.483,38.98381860627773,-77.07842006190148,9.9745,77.24796,0.0,0.0,0.0,19.862083,316.46872,210510077078489838,2021-05-10 07:00:00,7,AM,130,0,Monday,0,5,May,2021,0,Unknown
MCP2877008T,4E61FA7945C248BEA7A99F29C2B87388,False,POSSIBLE INJURY,NONE,NOT DISTRACTED,PASSENGER,SLOWING OR STOPPING,South,SUPERFICIAL,35,False,False,2,5482037610831924,210017510,Montgomery County Police,Injury ,False,South,1,3,LEVEL,False,False,DRIVER,SAME DIR REAR END,DRY,DAYLIGHT,TRAFFIC SIGNAL,NON INTERSECTION,UNKNOWN,STRAIGHT,NO DEFECTS,"TWO-WAY, DIVIDED, POSITIVE MEDIAN BARRIER",38.96745467,-77.08873433,7307765282026999,6784661058996907,0,0,0,2021051007,7707842038983818,Toyota,2020,Tacoma,Small Pickup Trucks 4WD,6.0,3.5,Automatic 6,4WD,Regular Gasoline,17,22,WISCONSIN AVE,Maryland (State),DORSET AVE,Municipality,6784661058996907,20815,CHEVY CHASE,78258.2702851,151813895.483,38.98381860627773,-77.07842006190148,9.9745,77.24796,0.0,0.0,0.0,19.862083,316.46872,210510077078489838,2021-05-10 07:00:00,7,AM,130,0,Monday,0,5,May,2021,0,Unknown
MCP3048006X,36748CAC4622421B8DA6201A792E388C,False,NO APPARENT INJURY,UNKNOWN,NOT DISTRACTED,PASSENGER,STOPPED IN TRAFFIC LANE,South,FUNCTIONAL,25,False,False,2,7449593839323814,210017517,Montgomery County Police,Property Damage ,False,South,1,1,HILL UPHILL,False,False,DRIVER,SAME DIR REAR END,DRY,DAYLIGHT,NO CONTROLS,INTERSECTION,FOUR-WAY INTERSECTION,CURVE LEFT,NO DEFECTS,"TWO-WAY, NOT DIVIDED",38.99518167,-77.05412167,5228183453489777,8710422001251645,0,0,0,2021051009,7703596439001907,Toyota,2021,Highlander,Small Sport Utility Vehicle 2WD,4.0,2.5,Automatic 6,AWD,Regular Gasoline,20,35,LYTTONSVILLE RD,County,ROSS RD,County,8710422001251645,20910,SILVER SPRING,82846.1568889,126320091.137,39.00190768010143,-77.03596497235911,11.0965,69.83701,0.0,0.0,0.0,17.551615,334.48618,210510097035990019,2021-05-10 09:00:00,9,AM,130,0,Monday,0,5,May,2021,0,Unknown
MCP3048006X,E1820117E36E44AEA6870CF5F1A691F5,True,NO APPARENT INJURY,UNKNOWN,NOT DISTRACTED,PASSENGER,MOVING CONSTANT SPEED,South,FUNCTIONAL,25,False,False,2,2553140324289721,210017517,Montgomery County Police,Property Damage ,False,South,1,1,HILL UPHILL,False,False,DRIVER,SAME DIR REAR END,DRY,DAYLIGHT,NO CONTROLS,INTERSECTION,FOUR-WAY INTERSECTION,CURVE LEFT,NO DEFECTS,"TWO-WAY, NOT DIVIDED",38.99518167,-77.05412167,5228183453489777,8710422001251645,0,0,0,2021051009,7703596439001907,BMW,2014,X5,Standard Sport Utility Vehicle 4WD,6.0,3.0,Automatic 8,AWD,Premium Gasoline,15,22,LYTTONSVILLE RD,County,ROSS RD,County,8710422001251645,20910,SILVER SPRING,82846.1568889,126320091.137,39.00190768010143,-77.03596497235911,11.0965,69.83701,0.0,0.0,0.0,17.551615,334.48618,210510097035990019,2021-05-10 09:00:00,9,AM,130,0,Monday,0,5,May,2021,0,Unknown
MCP9386008J,A86C24366D7F4147A60B7E6F46F5C9FE,False,NO APPARENT INJURY,NONE,NOT DISTRACTED,PASSENGER,MOVING CONSTANT SPEED,West,DISABLING,35,False,False,2,7004010087536265,210017519,Montgomery County Police,Property Damage ,False,West,1,3,LEVEL,False,False,DRIVER,STRAIGHT MOVEMENT ANGLE,DRY,DAYLIGHT,STOP SIGN,INTERSECTION,T-INTERSECTION,STRAIGHT,NO DEFECTS,"TWO-WAY, DIVIDED, POSITIVE MEDIAN BARRIER",39.02278367,-77.131458,6477653073943693,368653242147843,0,0,0,2021051009,7715220038996189,Honda,2015,Civic,Compact Cars,4.0,1.8,Automatic CVT,FWD,Regular Gasoline,29,37,DEMOCRACY BLVD,County,MAYFIELD DR,County,368653242147843,20817,BETHESDA,143234.920079,403664948.588,38.996189145680184,-77.15220044157795,11.042999,70.55459,0.0,0.0,0.0,18.709612,329.98172,210510097152289961,2021-05-10 09:00:00,9,AM,130,0,Monday,0,5,May,2021,0,Unknown
MCP9386008J,9CEF6371D2DE4E0BB8A7D09CBC96AAB1,True,NO APPARENT INJURY,NONE,LOOKED BUT DID NOT SEE,PASSENGER,MAKING LEFT TURN,West,DISABLING,35,False,False,2,8243785626679992,210017519,Montgomery County Police,Property Damage ,False,West,1,3,LEVEL,False,False,DRIVER,STRAIGHT MOVEMENT ANGLE,DRY,DAYLIGHT,STOP SIGN,INTERSECTION,T-INTERSECTION,STRAIGHT,NO DEFECTS,"TWO-WAY, DIVIDED, POSITIVE MEDIAN BARRIER",39.02278367,-77.131458,6477653073943693,368653242147843,0,0,0,2021051009,7715220038996189,Toyota,2014,Camry,Midsize Cars,4.0,2.5,Automatic 6,FWD,Regular Gasoline,21,30,DEMOCRACY BLVD,County,MAYFIELD DR,County,368653242147843,20817,BETHESDA,143234.920079,403664948.588,38.996189145680184,-77.15220044157795,11.042999,70.55459,0.0,0.0,0.0,18.709612,329.98172,210510097152289961,2021-05-10 09:00:00,9,AM,130,0,Monday,0,5,May,2021,0,Unknown
MCP3215001R,AA51C32047C242CAA62E3ED950902AD0,False,NO APPARENT INJURY,UNKNOWN,NOT DISTRACTED,PASSENGER,STOPPED IN TRAFFIC LANE,South,SUPERFICIAL,30,False,False,2,5867016767515145,210017526,Montgomery County Police,Injury ,False,South,3,3,LEVEL,False,False,DRIVER,SAME DIRECTION SIDESWIPE,DRY,DAYLIGHT,NO CONTROLS,INTERSECTION RELATED,FOUR-WAY INTERSECTION,STRAIGHT,NO DEFECTS,"TWO-WAY, DIVIDED, POSITIVE MEDIAN BARRIER",38.97854433,-77.077271,1627793738140795,9043331264354651,0,0,0,2021051010,7707842038983818,Honda,2017,CR-V,Small Sport Utility Vehicle 2WD,4.0,1.5,Automatic CVT,AWD,Regular Gasoline,25,31,CONNECTICUT AVE,Maryland (State),ROSEMARY ST #2,Municipality,9043331264354651,20815,CHEVY CHASE,78258.2702851,151813895.483,38.98381860627773,-77.07842006190148,11.6745,64.15494,0.0,0.0,0.0,16.904673,333.43503,210510107078489838,2021-05-10 10:00:00,10,AM,130,0,Monday,0,5,May,2021,0,Unknown
MCP3215001R,BDCE542D0798464197F0165C0A073767,True,POSSIBLE INJURY,UNKNOWN,UNKNOWN,PASSENGER,MOVING CONSTANT SPEED,South,DISABLING,30,False,False,2,7026902021977563,210017526,Montgomery County Police,Injury ,False,South,3,3,LEVEL,False,False,DRIVER,SAME DIRECTION SIDESWIPE,DRY,DAYLIGHT,NO CONTROLS,INTERSECTION RELATED,FOUR-WAY INTERSECTION,STRAIGHT,NO DEFECTS,"TWO-WAY, DIVIDED, POSITIVE MEDIAN BARRIER",38.97854433,-77.077271,1627793738140795,9043331264354651,0,0,0,2021051010,7707842038983818,Toyota,2021,RAV4,Small Sport Utility Vehicle 4WD,4.0,2.5,Automatic 8,AWD,Regular Gasoline,27,33,CONNECTICUT AVE,Maryland (State),ROSEMARY ST #2,Municipality,9043331264354651,20815,CHEVY CHASE,78258.2702851,151813895.483,38.98381860627773,-77.07842006190148,11.6745,64.15494,0.0,0.0,0.0,16.904673,333.43503,210510107078489838,2021-05-10 10:00:00,10,AM,130,0,Monday,0,5,May,2021,0,Unknown
MCP1382005S,A691B931D24143FEA2C6BB68BBE0C4A6,False,NO APPARENT INJURY,NONE,NOT DISTRACTED,PASSENGER,MOVING CONSTANT SPEED,North,UNKNOWN,35,False,False,2,3711344859149304,210017533,Montgomery County Police,Property Damage ,False,North,3,3,GRADE DOWNHILL,False,False,DRIVER,SAME DIRECTION LEFT TURN,DRY,DAYLIGHT,NO CONTROLS,INTERSECTION RELATED,T-INTERSECTION,STRAIGHT,NO DEFECTS,"TWO-WAY, DIVIDED, POSITIVE MEDIAN BARRIER",38.997925,-77.030005,8554262040045692,7028044703065112,0,0,0,2021051010,7703596439001907,Chevrolet,2019,Tahoe,Standard Sport Utility Vehicle 2WD,8.0,5.3,Automatic 6,4WD,Regular Gasoline,15,22,GEORGIA AVE,Maryland (State),FENWICK LA,County,7028044703065112,20910,SILVER SPRING,82846.1568889,126320091.137,39.00190768010143,-77.03596497235911,11.5965,64.13726,0.0,0.0,0.0,16.904673,333.43503,210510107035990019,2021-05-10 10:00:00,10,AM,130,0,Monday,0,5,May,2021,0,Unknown