ReportNumber,VehicleCrashKey,DriverAtFault,DriverInjurySeverity,DriverSubstanceAbuse,DriverDistractedBy,VehicleType,VehicleMovement,VehicleGoingDir,VehicleDamageExtent,SpeedLimit,ParkedVehicle,SubstanceAbuseContributed,VehiclesCrashedTotal,VehicleKey,LocalCaseNumber,AgencyName,ACRSReportType,HitRun,LaneDirection,LaneNumber,NumberOfLanes,RoadGrade,NonTraffic,OffRoadIncident,AccidentAtFault,CollisionType,SurfaceCondition,Light,TrafficControl,Junction,IntersectionType,RoadAlignment,RoadCondition,RoadDivision,Latitude,Longitude,RoadKey_x,CrossStreetKey,NonMotoristTotal,NonMotoristInjury,NonMotoristFatal,DateHourKey,LocationAreaKey,Make,Year_x,BaseModel,BodyClass,Cylinders,Displacement,Transmission,Drivetrain,FuelType,CityMPG,HighwayMPG,RoadName_x,RouteType_x,RoadName_y,RouteType_y,RoadKey_y,Zipcode,MailCity,ShapeLength,ShapeArea,CentroidLatitude,CentroidLongitude,Temperature,Humidity,Precipitation,Rain,Snow,WindSpeed,WindDirection,WeatherKey,Datetime,Hour,TimeOfDay,DayNumber,WeekDayNumber,WeekDayName,WeekendFlag,MonthNumber,MonthName,Year_y,HolidayFlag,HolidayName
MCP1382005S,6B92056C336146EBA5769DCF624DF87A,True,NO APPARENT INJURY,NONE,NOT DISTRACTED,PASSENGER,STARTING FROM PARKED,North,NO DAMAGE,35,False,False,2,8012571995597847,210017533,Montgomery County Police,Property Damage ,False,North,3,3,GRADE DOWNHILL,False,False,DRIVER,SAME DIRECTION LEFT TURN,DRY,DAYLIGHT,NO CONTROLS,INTERSECTION RELATED,T-INTERSECTION,STRAIGHT,NO DEFECTS,"TWO-WAY, DIVIDED, POSITIVE MEDIAN BARRIER",38.997925,-77.030005,8554262040045692,7028044703065112,0,0,0,2021051010,7703596439001907,Toyota,2004,Highlander,Sport Utility Vehicle - 2WD,4.0,2.4,Automatic 4,AWD,Regular Gasoline,16,23,GEORGIA AVE,Maryland (State),FENWICK LA,County,7028044703065112,20910,SILVER SPRING,82846.1568889,126320091.137,39.00190768010143,-77.03596497235911,11.5965,64.13726,0.0,0.0,0.0,16.904673,333.43503,210510107035990019,2021-05-10 10:00:00,10,AM,130,0,Monday,0,5,May,2021,0,Unknown
MCP2418001D,AC0EA9B8AAB74BE79A827D3B1A589B38,True,SUSPECTED MINOR INJURY,UNKNOWN,UNKNOWN,PASSENGER,UNKNOWN,North,UNKNOWN,35,False,False,2,5029281377457681,210017544,Montgomery County Police,Injury ,True,North,3,3,HILL UPHILL,False,False,DRIVER,SAME DIR REAR END,DRY,DAYLIGHT,TRAFFIC SIGNAL,INTERSECTION RELATED,FOUR-WAY INTERSECTION,STRAIGHT,NO DEFECTS,"TWO-WAY, DIVIDED, POSITIVE MEDIAN BARRIER",39.01535704,-77.04248907,8554262040045692,2409786006147293,0,0,0,2021051012,7703596439001907,Ford,2000,Mustang,Subcompact Cars,8.0,4.6,Manual 5,RWD,Regular Gasoline,15,23,GEORGIA AVE,Maryland (State),MONTGOMERY HILLS BAPTIST CHURCH,UNKNOWN,2409786006147293,20910,SILVER SPRING,82846.1568889,126320091.137,39.00190768010143,-77.03596497235911,15.0965,54.721436,0.0,0.0,0.0,13.363711,332.74475,210510127035990019,2021-05-10 12:00:00,12,PM,130,0,Monday,0,5,May,2021,0,Unknown
MCP2418001D,CB62C87F50E84602AB7CC86372B54904,False,POSSIBLE INJURY,NONE,NOT DISTRACTED,PASSENGER,UNKNOWN,North,FUNCTIONAL,35,False,False,2,1711880447628232,210017544,Montgomery County Police,Injury ,True,North,3,3,HILL UPHILL,False,False,DRIVER,SAME DIR REAR END,DRY,DAYLIGHT,TRAFFIC SIGNAL,INTERSECTION RELATED,FOUR-WAY INTERSECTION,STRAIGHT,NO DEFECTS,"TWO-WAY, DIVIDED, POSITIVE MEDIAN BARRIER",39.01535704,-77.04248907,8554262040045692,2409786006147293,0,0,0,2021051012,7703596439001907,Ford,2020,Fusion,Midsize Cars,4.0,2.0,Automatic 6,FWD,Regular Gasoline,43,40,GEORGIA AVE,Maryland (State),MONTGOMERY HILLS BAPTIST CHURCH,UNKNOWN,2409786006147293,20910,SILVER SPRING,82846.1568889,126320091.137,39.00190768010143,-77.03596497235911,15.0965,54.721436,0.0,0.0,0.0,13.363711,332.74475,210510127035990019,2021-05-10 12:00:00,12,PM,130,0,Monday,0,5,May,2021,0,Unknown
MCP209400HD,47B92EAD4BD1475AB393F95C46F3179E,False,NO APPARENT INJURY,NONE,NOT DISTRACTED,PASSENGER,STOPPED IN TRAFFIC LANE,North,SUPERFICIAL,35,False,False,2,9429046770295452,210017589,Montgomery County Police,Property Damage ,True,North,2,3,GRADE DOWNHILL,False,False,DRIVER,SAME DIR REAR END,DRY,DAYLIGHT,TRAFFIC SIGNAL,INTERSECTION,T-INTERSECTION,STRAIGHT,NO DEFECTS,"TWO-WAY, DIVIDED, POSITIVE MEDIAN BARRIER",39.01570333,-77.09999167,5925405510732472,1161212865106327,0,0,0,2021051016,7710519939016894,Dodge,2020,Journey,Small Sport Utility Vehicle 2WD,4.0,2.4,Automatic 4,FWD,Regular Gasoline,19,25,ROCKVILLE PIKE,Maryland (State),WILSON DR,Government,1161212865106327,20814,BETHESDA,58373.8630538,68540697.609,39.016894075883464,-77.10519990449882,18.1845,40.208244,0.0,0.0,0.0,14.021525,318.12222,210510167105190168,2021-05-10 16:00:00,16,PM,130,0,Monday,0,5,May,2021,0,Unknown
MCP209400HD,67D7FB4753CA412DB3C81B2B9C6D1EED,True,NO APPARENT INJURY,NONE,UNKNOWN,PASSENGER,MOVING CONSTANT SPEED,North,SUPERFICIAL,35,False,False,2,3696052648751236,210017589,Montgomery County Police,Property Damage ,True,North,2,3,GRADE DOWNHILL,False,False,DRIVER,SAME DIR REAR END,DRY,DAYLIGHT,TRAFFIC SIGNAL,INTERSECTION,T-INTERSECTION,STRAIGHT,NO DEFECTS,"TWO-WAY, DIVIDED, POSITIVE MEDIAN BARRIER",39.01570333,-77.09999167,5925405510732472,1161212865106327,0,0,0,2021051016,7710519939016894,Kia,2020,Forte,Midsize Cars,4.0,2.0,Automatic CVT,FWD,Regular Gasoline,27,32,ROCKVILLE PIKE,Maryland (State),WILSON DR,Government,1161212865106327,20814,BETHESDA,58373.8630538,68540697.609,39.016894075883464,-77.10519990449882,18.1845,40.208244,0.0,0.0,0.0,14.021525,318.12222,210510167105190168,2021-05-10 16:00:00,16,PM,130,0,Monday,0,5,May,2021,0,Unknown
MCP30300041,86CCFB47B8A74B30AC1DC81E3B622AEA,False,NO APPARENT INJURY,UNKNOWN,NOT DISTRACTED,PASSENGER,STOPPED IN TRAFFIC LANE,West,SUPERFICIAL,35,False,False,2,3233063173565461,210017591,Montgomery County Police,Injury ,False,West,2,2,LEVEL,False,False,DRIVER,SAME DIR REAR END,DRY,DAYLIGHT,NO CONTROLS,NON INTERSECTION,UNKNOWN,STRAIGHT,NO DEFECTS,ONE-WAY TRAFFICWAY,38.98807017,-77.14694183,1363718650800826,2810990849197631,0,0,0,2021051016,7715220038996189,Toyota,0,Unknown,Unknown,0.0,0.0,Unknown,Unknown,Unknown,0,0,RIVER RD,Maryland (State),ROYAL DOMINION DR,County,2810990849197631,20817,BETHESDA,143234.920079,403664948.588,38.996189145680184,-77.15220044157795,18.243,39.527473,0.0,0.0,0.0,14.021525,318.12222,210510167152289961,2021-05-10 16:00:00,16,PM,130,0,Monday,0,5,May,2021,0,Unknown
MCP30300041,10B1E53F2E4D40E99C94598804E69AC5,True,NO APPARENT INJURY,UNKNOWN,INATTENTIVE OR LOST IN THOUGHT,PASSENGER,MOVING CONSTANT SPEED,West,SUPERFICIAL,35,False,False,2,3233063173565461,210017591,Montgomery County Police,Injury ,False,West,2,2,LEVEL,False,False,DRIVER,SAME DIR REAR END,DRY,DAYLIGHT,NO CONTROLS,NON INTERSECTION,UNKNOWN,STRAIGHT,NO DEFECTS,ONE-WAY TRAFFICWAY,38.98807017,-77.14694183,1363718650800826,2810990849197631,0,0,0,2021051016,7715220038996189,Toyota,0,Unknown,Unknown,0.0,0.0,Unknown,Unknown,Unknown,0,0,RIVER RD,Maryland (State),ROYAL DOMINION DR,County,2810990849197631,20817,BETHESDA,143234.920079,403664948.588,38.996189145680184,-77.15220044157795,18.243,39.527473,0.0,0.0,0.0,14.021525,318.12222,210510167152289961,2021-05-10 16:00:00,16,PM,130,0,Monday,0,5,May,2021,0,Unknown
MCP271700V7,7DBE9814D8E94A36A7DDD258B8D863BA,False,NO APPARENT INJURY,NONE,NOT DISTRACTED,PASSENGER,MOVING CONSTANT SPEED,West,SUPERFICIAL,25,False,False,1,8243785626679992,210017608,Montgomery County Police,Injury ,False,West,1,2,LEVEL,False,False,NONMOTORIST,OTHER,DRY,DAYLIGHT,NO CONTROLS,NON INTERSECTION,UNKNOWN,STRAIGHT,NO DEFECTS,"TWO-WAY, DIVIDED, UNPROTECTED PAINTED MIN 4 FEET",38.99185067,-77.09790933,5761416115761446,6739461664500198,1,1,0,2021051017,7710072538987731,Toyota,2014,Camry,Midsize Cars,4.0,2.5,Automatic 6,FWD,Regular Gasoline,21,30,PORTER RD,County,SUNDALE DR,County,6739461664500198,20814,BETHESDA,46411.6876883,47837334.4314,38.98773167577017,-77.10072590539887,18.0485,38.512463,0.0,0.0,0.0,14.003028,316.04153,210510177100789877,2021-05-10 17:00:00,17,PM,130,0,Monday,0,5,May,2021,0,Unknown
MCP3169003Y,1F0556EDCDEF452887FBE5EADF00E8CB,True,NO APPARENT INJURY,UNKNOWN,LOOKED BUT DID NOT SEE,UNKNOWN,MOVING CONSTANT SPEED,South,UNKNOWN,25,False,False,1,8168321465439775,210017670,Montgomery County Police,Injury ,True,South,2,2,LEVEL,False,False,DRIVER,OTHER,DRY,DAYLIGHT,UNKNOWN,UNKNOWN,OTHER,UNKNOWN,NO DEFECTS,ONE-WAY TRAFFICWAY,39.01356542,-77.04205078,8554262040045692,6043555973187736,1,1,0,2021051109,7703596439001907,Unknown,0,Unknown,Unknown,0.0,0.0,Unknown,Unknown,Unknown,0,0,GEORGIA AVE,Maryland (State),RAMP 6 FR IS 495 EB TO MD 97 SB,Ramp,6043555973187736,20910,SILVER SPRING,82846.1568889,126320091.137,39.00190768010143,-77.03596497235911,14.1465,47.511627,0.0,0.0,0.0,4.1046314,307.87503,210511097035990019,2021-05-11 09:00:00,9,AM,131,1,Tuesday,0,5,May,2021,0,Unknown
MCP2651004B,7BCD1F120A034B59936B6567B522B83D,True,NO APPARENT INJURY,UNKNOWN,NOT DISTRACTED,TRUCK,SLOWING OR STOPPING,North,FUNCTIONAL,40,False,False,2,2781967134861854,210017693,Montgomery County Police,Property Damage ,False,North,3,4,LEVEL,False,False,DRIVER,SAME DIR REAR END,DRY,DAYLIGHT,TRAFFIC SIGNAL,INTERSECTION,FOUR-WAY INTERSECTION,STRAIGHT,NO DEFECTS,"TWO-WAY, DIVIDED, POSITIVE MEDIAN BARRIER",39.03397983,-76.98638417,8901981419077344,5214957941182765,0,0,0,2021051111,7697146539036011,Ford,2004,F150,Standard Pickup Trucks 2WD,8.0,5.4,Automatic 4,RWD,Regular Gasoline,11,18,NEW HAMPSHIRE AVE,Maryland (State),MAHAN RD,UNKNOWN,5214957941182765,20993,SILVER SPRING,29796.9417713,31161143.5697,39.03601162551873,-76.97146578197675,16.618,41.476845,0.0,0.0,0.0,8.557102,284.6209,210511116971490360,2021-05-11 11:00:00,11,AM,131,1,Tuesday,0,5,May,2021,0,Unknown
MCP2651004B,A6E014AAAB984FB297F0D63F204F9292,False,NO APPARENT INJURY,UNKNOWN,NOT DISTRACTED,PASSENGER,SLOWING OR STOPPING,North,DISABLING,40,False,False,2,7285497966073523,210017693,Montgomery County Police,Property Damage ,False,North,3,4,LEVEL,False,False,DRIVER,SAME DIR REAR END,DRY,DAYLIGHT,TRAFFIC SIGNAL,INTERSECTION,FOUR-WAY INTERSECTION,STRAIGHT,NO DEFECTS,"TWO-WAY, DIVIDED, POSITIVE MEDIAN BARRIER",39.03397983,-76.98638417,8901981419077344,5214957941182765,0,0,0,2021051111,7697146539036011,Honda,2008,Civic,Subcompact Cars,4.0,1.8,Automatic 5,FWD,Regular Gasoline,21,36,NEW HAMPSHIRE AVE,Maryland (State),MAHAN RD,UNKNOWN,5214957941182765,20993,SILVER SPRING,29796.9417713,31161143.5697,39.03601162551873,-76.97146578197675,16.618,41.476845,0.0,0.0,0.0,8.557102,284.6209,210511116971490360,2021-05-11 11:00:00,11,AM,131,1,Tuesday,0,5,May,2021,0,Unknown
MCP2866006X,5EC9C2DDB99D4888B0197C4944D914AC,True,NO APPARENT INJURY,NONE,LOOKED BUT DID NOT SEE,PASSENGER,MOVING CONSTANT SPEED,South,DISABLING,30,False,False,2,7871367536682665,210017711,Montgomery County Police,Property Damage ,False,West,1,2,LEVEL,False,False,DRIVER,STRAIGHT MOVEMENT ANGLE,DRY,DAYLIGHT,STOP SIGN,INTERSECTION,FOUR-WAY INTERSECTION,STRAIGHT,NO DEFECTS,"TWO-WAY, NOT DIVIDED",38.98716533,-77.10343433,2258501311527651,625702795381843,0,0,0,2021051114,7710072538987731,Toyota,2012,RAV4,Sport Utility Vehicle - 2WD,4.0,2.5,Automatic 4,FWD,Regular Gasoline,19,26,WILSON LA,Maryland (State),EXETER RD,County,625702795381843,20814,BETHESDA,46411.6876883,47837334.4314,38.98773167577017,-77.10072590539887,16.9985,38.2076,0.0,0.0,0.0,17.87718,295.01685,210511147100789877,2021-05-11 14:00:00,14,PM,131,1,Tuesday,0,5,May,2021,0,Unknown
MCP2866006X,EA6E69736B5940EE95CA9B7095CA81CC,False,NO APPARENT INJURY,NONE,NOT DISTRACTED,PASSENGER,MOVING CONSTANT SPEED,West,DISABLING,30,False,False,2,395684117066308,210017711,Montgomery County Police,Property Damage ,False,West,1,2,LEVEL,False,False,DRIVER,STRAIGHT MOVEMENT ANGLE,DRY,DAYLIGHT,STOP SIGN,INTERSECTION,FOUR-WAY INTERSECTION,STRAIGHT,NO DEFECTS,"TWO-WAY, NOT DIVIDED",38.98716533,-77.10343433,2258501311527651,625702795381843,0,0,0,2021051114,7710072538987731,Toyota,2019,Avalon,Midsize Cars,4.0,2.5,Automatic 6,FWD,Regular Gasoline,22,31,WILSON LA,Maryland (State),EXETER RD,County,625702795381843,20814,BETHESDA,46411.6876883,47837334.4314,38.98773167577017,-77.10072590539887,16.9985,38.2076,0.0,0.0,0.0,17.87718,295.01685,210511147100789877,2021-05-11 14:00:00,14,PM,131,1,Tuesday,0,5,May,2021,0,Unknown
MCP22910053,EB492D35F18140D7BFB3553DF47A9B0E,False,NO APPARENT INJURY,NONE,NOT DISTRACTED,PASSENGER,SLOWING OR STOPPING,West,FUNCTIONAL,30,False,False,2,7706403552568074,210017713,Montgomery County Police,Property Damage ,False,West,1,2,LEVEL,False,False,DRIVER,SAME DIR REAR END,DRY,DAYLIGHT,NO CONTROLS,NON INTERSECTION,UNKNOWN,STRAIGHT,NO DEFECTS,"TWO-WAY, NOT DIVIDED",39.00772354,-77.09527579,5777913950568264,4764421044851220,0,0,0,2021051114,7710519939016894,Jeep,2021,Cherokee,Small Sport Utility Vehicle 4WD,4.0,3.2,Automatic 9,AWD,Regular Gasoline,18,29,CEDAR LA,County,ELMHIRST PKWY,Government,4764421044851220,20814,BETHESDA,58373.8630538,68540697.609,39.016894075883464,-77.10519990449882,16.1845,45.154526,0.0,0.0,0.0,15.124284,308.23386,210511147105190168,2021-05-11 14:00:00,14,PM,131,1,Tuesday,0,5,May,2021,0,Unknown
MCP22910053,E6692A1CEB7C43FB84038CE3DB9D7B94,True,NO APPARENT INJURY,NONE,NOT DISTRACTED,PASSENGER,MOVING CONSTANT SPEED,West,DISABLING,30,False,False,2,2553140324289721,210017713,Montgomery County Police,Property Damage ,False,West,1,2,LEVEL,False,False,DRIVER,SAME DIR REAR END,DRY,DAYLIGHT,NO CONTROLS,NON INTERSECTION,UNKNOWN,STRAIGHT,NO DEFECTS,"TWO-WAY, NOT DIVIDED",39.00772354,-77.09527579,5777913950568264,4764421044851220,0,0,0,2021051114,7710519939016894,BMW,2014,X5,Standard Sport Utility Vehicle 4WD,6.0,3.0,Automatic 8,AWD,Premium Gasoline,15,22,CEDAR LA,County,ELMHIRST PKWY,Government,4764421044851220,20814,BETHESDA,58373.8630538,68540697.609,39.016894075883464,-77.10519990449882,16.1845,45.154526,0.0,0.0,0.0,15.124284,308.23386,210511147105190168,2021-05-11 14:00:00,14,PM,131,1,Tuesday,0,5,May,2021,0,Unknown
MCP3163003F,57127F3F8BDB4C198091975477EA9186,False,NO APPARENT INJURY,NONE,NOT DISTRACTED,PASSENGER,MOVING CONSTANT SPEED,North,FUNCTIONAL,35,False,False,2,9995581696314003,210017732,Montgomery County Police,Property Damage ,False,North,1,3,LEVEL,False,False,DRIVER,SAME DIR REAR END,DRY,DAYLIGHT,UNKNOWN,NON INTERSECTION,UNKNOWN,STRAIGHT,UNKNOWN,"TWO-WAY, DIVIDED, POSITIVE MEDIAN BARRIER",38.99941422,-77.09687286,5925405510732472,8102196540894620,0,0,0,2021051116,7709047139001824,Subaru,2021,Outback,Small Sport Utility Vehicle 4WD,4.0,2.4,Automatic 8,AWD,Regular Gasoline,23,30,ROCKVILLE PIKE,Maryland (State),SOUTHWOOD DR,UNKNOWN,8102196540894620,20889,BETHESDA,13519.8810592,10781552.967,39.00182400847492,-77.09047126593259,17.9285,40.134403,0.0,0.0,0.0,18.532133,294.0755,210511167090490018,2021-05-11 16:00:00,16,PM,131,1,Tuesday,0,5,May,2021,0,Unknown
MCP3163003F,8679A342E0B5457AB51DE720DBF56E43,True,NO APPARENT INJURY,NONE,OTHER DISTRACTION,PASSENGER,MOVING CONSTANT SPEED,North,DISABLING,35,False,False,2,3233063173565461,210017732,Montgomery County Police,Property Damage ,False,North,1,3,LEVEL,False,False,DRIVER,SAME DIR REAR END,DRY,DAYLIGHT,UNKNOWN,NON INTERSECTION,UNKNOWN,STRAIGHT,UNKNOWN,"TWO-WAY, DIVIDED, POSITIVE MEDIAN BARRIER",38.99941422,-77.09687286,5925405510732472,8102196540894620,0,0,0,2021051116,7709047139001824,Toyota,0,Unknown,Unknown,0.0,0.0,Unknown,Unknown,Unknown,0,0,ROCKVILLE PIKE,Maryland (State),SOUTHWOOD DR,UNKNOWN,8102196540894620,20889,BETHESDA,13519.8810592,10781552.967,39.00182400847492,-77.09047126593259,17.9285,40.134403,0.0,0.0,0.0,18.532133,294.0755,210511167090490018,2021-05-11 16:00:00,16,PM,131,1,Tuesday,0,5,May,2021,0,Unknown
MCP32760010,BFD816B4CA2A475399BC06B36737DA62,True,NO APPARENT INJURY,NONE,NOT DISTRACTED,BUS,MAKING LEFT TURN,South,SUPERFICIAL,35,False,False,2,251816279034915,210017739,Montgomery County Police,Property Damage ,False,North,1,3,LEVEL,False,False,DRIVER,STRAIGHT MOVEMENT ANGLE,DRY,DAYLIGHT,TRAFFIC SIGNAL,INTERSECTION,T-INTERSECTION,STRAIGHT,NO DEFECTS,"TWO-WAY, DIVIDED, POSITIVE MEDIAN BARRIER",38.9942182,-77.03094552,2838165004721940,6643412886688661,0,0,0,2021051116,7703596439001907,NABI,0,Unknown,Unknown,0.0,0.0,Unknown,Unknown,Unknown,0,0,COLESVILLE RD,Maryland (State),WMATA BUS LOOP,UNKNOWN,6643412886688661,20910,SILVER SPRING,82846.1568889,126320091.137,39.00190768010143,-77.03596497235911,17.7465,40.081852,0.0,0.0,0.0,18.532133,294.0755,210511167035990019,2021-05-11 16:00:00,16,PM,131,1,Tuesday,0,5,May,2021,0,Unknown
MCP32760010,9F2832CDE0E7486381D8F82F128B27E3,False,NO APPARENT INJURY,NONE,NOT DISTRACTED,PASSENGER,STOPPED IN TRAFFIC LANE,North,SUPERFICIAL,35,False,False,2,502837769441808,210017739,Montgomery County Police,Property Damage ,False,North,1,3,LEVEL,False,False,DRIVER,STRAIGHT MOVEMENT ANGLE,DRY,DAYLIGHT,TRAFFIC SIGNAL,INTERSECTION,T-INTERSECTION,STRAIGHT,NO DEFECTS,"TWO-WAY, DIVIDED, POSITIVE MEDIAN BARRIER",38.9942182,-77.03094552,2838165004721940,6643412886688661,0,0,0,2021051116,7703596439001907,Chevrolet,2016,Impala,Large Cars,6.0,3.6,Automatic 6,FWD,Regular Gasoline,18,28,COLESVILLE RD,Maryland (State),WMATA BUS LOOP,UNKNOWN,6643412886688661,20910,SILVER SPRING,82846.1568889,126320091.137,39.00190768010143,-77.03596497235911,17.7465,40.081852,0.0,0.0,0.0,18.532133,294.0755,210511167035990019,2021-05-11 16:00:00,16,PM,131,1,Tuesday,0,5,May,2021,0,Unknown
MCP30680039,AB0E6470C73A42C7A3143DC71284336B,True,NO APPARENT INJURY,UNKNOWN,DISTRACTED BY OUTSIDE PERSON OBJECT OR EVENT,PASSENGER,MOVING CONSTANT SPEED,North,SUPERFICIAL,35,False,False,2,3722524553881576,210017741,Montgomery County Police,Injury ,False,North,3,3,LEVEL,False,False,DRIVER,SAME DIR REAR END,DRY,DAYLIGHT,UNKNOWN,INTERSECTION,FOUR-WAY INTERSECTION,STRAIGHT,NO DEFECTS,"TWO-WAY, DIVIDED, POSITIVE MEDIAN BARRIER",39.000405,-77.09687,5925405510732472,8102196540894620,0,0,0,2021051116,7709047139001824,Lexus,2008,IS,Subcompact Cars,6.0,2.5,Automatic 6,RWD,Premium Gasoline,18,26,ROCKVILLE PIKE,Maryland (State),SOUTHWOOD DR,UNKNOWN,8102196540894620,20889,BETHESDA,13519.8810592,10781552.967,39.00182400847492,-77.09047126593259,17.9285,40.134403,0.0,0.0,0.0,18.532133,294.0755,210511167090490018,2021-05-11 16:00:00,16,PM,131,1,Tuesday,0,5,May,2021,0,Unknown
MCP30680039,3C70E732B8AE4A7D9F00AEAE6E29EF94,False,POSSIBLE INJURY,UNKNOWN,NOT DISTRACTED,PASSENGER,STOPPED IN TRAFFIC LANE,North,DISABLING,35,False,False,2,1032942965443017,210017741,Montgomery County Police,Injury ,False,North,3,3,LEVEL,False,False,DRIVER,SAME DIR REAR END,DRY,DAYLIGHT,UNKNOWN,INTERSECTION,FOUR-WAY INTERSECTION,STRAIGHT,NO DEFECTS,"TWO-WAY, DIVIDED, POSITIVE MEDIAN BARRIER",39.000405,-77.09687,5925405510732472,8102196540894620,0,0,0,2021051116,7709047139001824,Toyota,2015,Corolla,Midsize Cars,4.0,1.8,Automatic CVT,FWD,Regular Gasoline,28,36,ROCKVILLE PIKE,Maryland (State),SOUTHWOOD DR,UNKNOWN,8102196540894620,20889,BETHESDA,13519.8810592,10781552.967,39.00182400847492,-77.09047126593259,17.9285,40.134403,0.0,0.0,0.0,18.532133,294.0755,210511167090490018,2021-05-11 16:00:00,16,PM,131,1,Tuesday,0,5,May,2021,0,Unknown
MCP1235002X,41C21527A1A04EC3B2D74893B0BEF33E,True,NO APPARENT INJURY,NONE,LOOKED BUT DID NOT SEE,PASSENGER,MAKING RIGHT TURN,UNKNOWN,NO DAMAGE,0,False,False,1,7379790505713931,210017760,Montgomery County Police,Injury ,False,UNKNOWN,0,0,UNKNOWN,True,True,DRIVER,SINGLE VEHICLE,UNKNOWN,DAYLIGHT,UNKNOWN,UNKNOWN,UNKNOWN,UNKNOWN,UNKNOWN,UNKNOWN,39.02064889,-76.9746419,7781945108562677,7781945108562677,1,1,0,2021051118,7698354239018293,Toyota,2021,Prius,Midsize Cars,4.0,1.8,Automatic CVT,FWD,Regular Gasoline,51,47,UNKNOWN,UNKNOWN,UNKNOWN,UNKNOWN,7781945108562677,20903,SILVER SPRING,50204.7192451,65972447.4483,39.01829365940637,-76.9835422251861,16.6845,44.047943,0.0,0.0,0.0,15.807239,300.06848,210511186983590182,2021-05-11 18:00:00,18,PM,131,1,Tuesday,0,5,May,2021,0,Unknown
MCP3200002M,B6A2C48B9CDE42889A75A10158B123BF,True,NO APPARENT INJURY,UNKNOWN,UNKNOWN,UNKNOWN,MOVING CONSTANT SPEED,South,FUNCTIONAL,25,False,False,1,8168321465439775,210017813,Montgomery County Police,Property Damage ,True,South,1,1,HILL UPHILL,False,False,DRIVER,SAME DIR REAR END,DRY,DAYLIGHT,NO CONTROLS,UNKNOWN,UNKNOWN,STRAIGHT,NO DEFECTS,"TWO-WAY, NOT DIVIDED",39.00481783,-77.06671983,8867820293700733,803956580942669,0,0,0,2021051208,7707842038983818,Unknown,0,Unknown,Unknown,0.0,0.0,Unknown,Unknown,Unknown,0,0,GLENMOOR DR,County,BRIERLY RD,County,803956580942669,20815,CHEVY CHASE,78258.2702851,151813895.483,38.98381860627773,-77.07842006190148,8.8745,52.490704,0.0,0.0,0.0,10.296251,306.46933,210512087078489838,2021-05-12 08:00:00,8,AM,132,2,Wednesday,0,5,May,2021,0,Unknown
MCP11190094,3521D940CE7E4346A3D11EC8EDE6817E,True,SUSPECTED SERIOUS INJURY,NONE,NOT DISTRACTED,MOTORCYCLE,MOVING CONSTANT SPEED,West,DISABLING,40,False,False,1,6703151496378279,210017834,Montgomery County Police,Injury ,False,West,1,1,LEVEL,False,False,DRIVER,SINGLE VEHICLE,DRY,DAYLIGHT,NO CONTROLS,NON INTERSECTION,UNKNOWN,CURVE LEFT,NO DEFECTS,"TWO-WAY, NOT DIVIDED",39.12054585,-77.04033047,418179445979580,3854530352961563,0,0,0,2021051211,7705486039088590,Kawasaki,0,Unknown,Unknown,0.0,0.0,Unknown,Unknown,Unknown,0,0,NORBECK RD,Maryland (State),WHITEHAVEN RD,County,3854530352961563,20906,SILVER SPRING,133207.174949,359110751.771,39.08859082555049,-77.05486091907257,12.882501,47.832687,0.0,0.0,0.0,9.227524,339.44388,210512117054890885,2021-05-12 11:00:00,11,AM,132,2,Wednesday,0,5,May,2021,0,Unknown
MCP2866006Y,C958952BE253430AB72B45DD3638E12E,False,NO APPARENT INJURY,NONE,NOT DISTRACTED,PASSENGER,MOVING CONSTANT SPEED,North,DISABLING,30,False,False,3,4758917149648435,210017884,Montgomery County Police,Property Damage ,False,North,3,3,LEVEL,False,False,DRIVER,STRAIGHT MOVEMENT ANGLE,DRY,DAYLIGHT,NO CONTROLS,INTERSECTION,T-INTERSECTION,STRAIGHT,NO DEFECTS,"TWO-WAY, DIVIDED, POSITIVE MEDIAN BARRIER",38.98906867,-77.077081,1627793738140795,8175980742959294,0,0,0,2021051215,7707842038983818,Lincoln,2016,MKZ,Midsize Cars,4.0,2.0,Automatic 6,FWD,Regular Gasoline,22,24,CONNECTICUT AVE,Maryland (State),CLUB DR,County,8175980742959294,20815,CHEVY CHASE,78258.2702851,151813895.483,38.98381860627773,-77.07842006190148,18.724499,29.228724,0.0,0.0,0.0,13.363711,355.36462,210512157078489838,2021-05-12 15:00:00,15,PM,132,2,Wednesday,0,5,May,2021,0,Unknown
MCP2866006Y,EF0E021CB0F04AF086F564DEB28B519E,False,NO APPARENT INJURY,NONE,NOT DISTRACTED,PASSENGER,MOVING CONSTANT SPEED,North,SUPERFICIAL,30,False,False,3,8243785576347135,210017884,Montgomery County Police,Property Damage ,False,North,3,3,LEVEL,False,False,DRIVER,STRAIGHT MOVEMENT ANGLE,DRY,DAYLIGHT,NO CONTROLS,INTERSECTION,T-INTERSECTION,STRAIGHT,NO DEFECTS,"TWO-WAY, DIVIDED, POSITIVE MEDIAN BARRIER",38.98906867,-77.077081,1627793738140795,8175980742959294,0,0,0,2021051215,7707842038983818,Toyota,2019,Camry,Midsize Cars,4.0,2.5,Automatic 8,FWD,Regular Gasoline,22,39,CONNECTICUT AVE,Maryland (State),CLUB DR,County,8175980742959294,20815,CHEVY CHASE,78258.2702851,151813895.483,38.98381860627773,-77.07842006190148,18.724499,29.228724,0.0,0.0,0.0,13.363711,355.36462,210512157078489838,2021-05-12 15:00:00,15,PM,132,2,Wednesday,0,5,May,2021,0,Unknown