ReportNumber,VehicleCrashKey,DriverAtFault,DriverInjurySeverity,DriverSubstanceAbuse,DriverDistractedBy,VehicleType,VehicleMovement,VehicleGoingDir,VehicleDamageExtent,SpeedLimit,ParkedVehicle,SubstanceAbuseContributed,VehiclesCrashedTotal,VehicleKey,LocalCaseNumber,AgencyName,ACRSReportType,HitRun,LaneDirection,LaneNumber,NumberOfLanes,RoadGrade,NonTraffic,OffRoadIncident,AccidentAtFault,CollisionType,SurfaceCondition,Light,TrafficControl,Junction,IntersectionType,RoadAlignment,RoadCondition,RoadDivision,Latitude,Longitude,RoadKey_x,CrossStreetKey,NonMotoristTotal,NonMotoristInjury,NonMotoristFatal,DateHourKey,LocationAreaKey,Make,Year_x,BaseModel,BodyClass,Cylinders,Displacement,Transmission,Drivetrain,FuelType,CityMPG,HighwayMPG,RoadName_x,RouteType_x,RoadName_y,RouteType_y,RoadKey_y,Zipcode,MailCity,ShapeLength,ShapeArea,CentroidLatitude,CentroidLongitude,Temperature,Humidity,Precipitation,Rain,Snow,WindSpeed,WindDirection,WeatherKey,Datetime,Hour,TimeOfDay,DayNumber,WeekDayNumber,WeekDayName,WeekendFlag,MonthNumber,MonthName,Year_y,HolidayFlag,HolidayName
MCP2866006Y,E550E5F1BC154A02A858AB8A2F3C4F3E,True,NO APPARENT INJURY,NONE,LOOKED BUT DID NOT SEE,PASSENGER,MAKING LEFT TURN,South,DISABLING,25,False,False,3,395683966067737,210017884,Montgomery County Police,Property Damage ,False,North,3,3,LEVEL,False,False,DRIVER,STRAIGHT MOVEMENT ANGLE,DRY,DAYLIGHT,NO CONTROLS,INTERSECTION,T-INTERSECTION,STRAIGHT,NO DEFECTS,"TWO-WAY, DIVIDED, POSITIVE MEDIAN BARRIER",38.98906867,-77.077081,1627793738140795,8175980742959294,0,0,0,2021051215,7707842038983818,Toyota,2016,Avalon,Midsize Cars,4.0,2.5,Automatic 6,FWD,Regular Gasoline,21,30,CONNECTICUT AVE,Maryland (State),CLUB DR,County,8175980742959294,20815,CHEVY CHASE,78258.2702851,151813895.483,38.98381860627773,-77.07842006190148,18.724499,29.228724,0.0,0.0,0.0,13.363711,355.36462,210512157078489838,2021-05-12 15:00:00,15,PM,132,2,Wednesday,0,5,May,2021,0,Unknown
MCP271700V6,A5DF7F9331714D1D83FC160DA642DDEE,False,SUSPECTED MINOR INJURY,NONE,NOT DISTRACTED,PASSENGER,MOVING CONSTANT SPEED,West,DISABLING,35,False,False,2,3625280018891853,210017886,Montgomery County Police,Injury ,False,West,2,2,GRADE DOWNHILL,False,False,DRIVER,STRAIGHT MOVEMENT ANGLE,DRY,DAYLIGHT,STOP SIGN,INTERSECTION,FOUR-WAY INTERSECTION,STRAIGHT,NO DEFECTS,"TWO-WAY, DIVIDED, UNPROTECTED PAINTED MIN 4 FEET",38.98849283,-77.07511617,4570729910170239,9829260116017662,0,0,0,2021051215,7707842038983818,Ford,2013,Escape,Small Sport Utility Vehicle 2WD,4.0,1.6,Automatic 6,FWD,Regular Gasoline,22,29,EAST WEST HWY,Maryland (State),GLENDALE RD,County,9829260116017662,20815,CHEVY CHASE,78258.2702851,151813895.483,38.98381860627773,-77.07842006190148,18.724499,29.228724,0.0,0.0,0.0,13.363711,355.36462,210512157078489838,2021-05-12 15:00:00,15,PM,132,2,Wednesday,0,5,May,2021,0,Unknown
MCP271700V6,37EA399C85CB485F9D2502878F00F1E9,True,SUSPECTED MINOR INJURY,NONE,LOOKED BUT DID NOT SEE,PASSENGER,MOVING CONSTANT SPEED,North,DISABLING,25,False,False,2,8243785626679992,210017886,Montgomery County Police,Injury ,False,West,2,2,GRADE DOWNHILL,False,False,DRIVER,STRAIGHT MOVEMENT ANGLE,DRY,DAYLIGHT,STOP SIGN,INTERSECTION,FOUR-WAY INTERSECTION,STRAIGHT,NO DEFECTS,"TWO-WAY, DIVIDED, UNPROTECTED PAINTED MIN 4 FEET",38.98849283,-77.07511617,4570729910170239,9829260116017662,0,0,0,2021051215,7707842038983818,Toyota,2014,Camry,Midsize Cars,4.0,2.5,Automatic 6,FWD,Regular Gasoline,21,30,EAST WEST HWY,Maryland (State),GLENDALE RD,County,9829260116017662,20815,CHEVY CHASE,78258.2702851,151813895.483,38.98381860627773,-77.07842006190148,18.724499,29.228724,0.0,0.0,0.0,13.363711,355.36462,210512157078489838,2021-05-12 15:00:00,15,PM,132,2,Wednesday,0,5,May,2021,0,Unknown
MCP2923007N,85737F7E3B5E4BF3824FFB8CD8D9EEC2,False,NO APPARENT INJURY,NONE,NOT DISTRACTED,PASSENGER,SLOWING OR STOPPING,West,FUNCTIONAL,40,False,False,2,805691474398614,21001788,Montgomery County Police,Property Damage ,False,West,2,2,LEVEL,False,False,DRIVER,SAME DIR REAR END,DRY,DAYLIGHT,NO CONTROLS,NON INTERSECTION,UNKNOWN,STRAIGHT,NO DEFECTS,"TWO-WAY, DIVIDED, POSITIVE MEDIAN BARRIER",39.05247733,-77.07594467,9290911226978796,1627793738140795,0,0,0,2021051215,7705486039088590,Kia,0,Unknown,Unknown,0.0,0.0,Unknown,Unknown,Unknown,0,0,VEIRS MILL RD,Maryland (State),CONNECTICUT AVE,Maryland (State),1627793738140795,20906,SILVER SPRING,133207.174949,359110751.771,39.08859082555049,-77.05486091907257,18.4825,30.451273,0.0,0.0,0.0,14.113653,354.14407,210512157054890885,2021-05-12 15:00:00,15,PM,132,2,Wednesday,0,5,May,2021,0,Unknown
MCP2923007N,7884CF520F1B436EA65E225373E4050D,True,NO APPARENT INJURY,NONE,INATTENTIVE OR LOST IN THOUGHT,PASSENGER,SLOWING OR STOPPING,West,DISABLING,40,False,False,2,6502835457675201,21001788,Montgomery County Police,Property Damage ,False,West,2,2,LEVEL,False,False,DRIVER,SAME DIR REAR END,DRY,DAYLIGHT,NO CONTROLS,NON INTERSECTION,UNKNOWN,STRAIGHT,NO DEFECTS,"TWO-WAY, DIVIDED, POSITIVE MEDIAN BARRIER",39.05247733,-77.07594467,9290911226978796,1627793738140795,0,0,0,2021051215,7705486039088590,Nissan,2014,Sentra,Midsize Cars,4.0,1.8,Automatic CVT,FWD,Regular Gasoline,30,38,VEIRS MILL RD,Maryland (State),CONNECTICUT AVE,Maryland (State),1627793738140795,20906,SILVER SPRING,133207.174949,359110751.771,39.08859082555049,-77.05486091907257,18.4825,30.451273,0.0,0.0,0.0,14.113653,354.14407,210512157054890885,2021-05-12 15:00:00,15,PM,132,2,Wednesday,0,5,May,2021,0,Unknown
MCP2009001S,795D07ECC4A3476D9CA1D7CD097C85A4,False,NO APPARENT INJURY,UNKNOWN,UNKNOWN,EMERGENCY,UNKNOWN,UNKNOWN,SUPERFICIAL,30,False,False,1,9992477417057245,210017974,Montgomery County Police,Property Damage ,False,UNKNOWN,0,0,UNKNOWN,True,True,UNKNOWN,UNKNOWN,UNKNOWN,UNKNOWN,UNKNOWN,UNKNOWN,UNKNOWN,UNKNOWN,UNKNOWN,UNKNOWN,38.970785,-77.11704167,7781945108562677,7781945108562677,0,0,0,2021051310,7711806238956479,Dodge,2014,Charger,Large Cars,6.0,3.6,Automatic 5,RWD,Regular Gasoline,18,27,UNKNOWN,UNKNOWN,UNKNOWN,UNKNOWN,7781945108562677,20816,BETHESDA,58716.1248449,117565480.431,38.95647982277882,-77.11806249046538,16.2975,36.40645,0.0,0.0,0.0,7.8954163,335.77228,210513107118089564,2021-05-13 10:00:00,10,AM,133,3,Thursday,0,5,May,2021,0,Unknown
MCP3055002T,8A31505CB57E43E1B322A0CC8F7D9746,True,NO APPARENT INJURY,UNKNOWN,LOOKED BUT DID NOT SEE,PASSENGER,MAKING LEFT TURN,North,NO DAMAGE,20,False,False,1,3233063173565461,210017989,Montgomery County Police,Injury ,False,UNKNOWN,0,0,UNKNOWN,True,True,DRIVER,OTHER,UNKNOWN,DAYLIGHT,NO CONTROLS,UNKNOWN,UNKNOWN,UNKNOWN,UNKNOWN,UNKNOWN,39.07962,-77.07936,7781945108562677,7781945108562677,1,1,0,2021051311,7705486039088590,Toyota,0,Unknown,Unknown,0.0,0.0,Unknown,Unknown,Unknown,0,0,UNKNOWN,UNKNOWN,UNKNOWN,UNKNOWN,7781945108562677,20906,SILVER SPRING,133207.174949,359110751.771,39.08859082555049,-77.05486091907257,17.682499,29.142973,0.0,0.0,0.0,7.729527,332.24155,210513117054890885,2021-05-13 11:00:00,11,AM,133,3,Thursday,0,5,May,2021,0,Unknown
MCP9386008L,1FCB5973A8F645FDB5360096DDDF8DFB,True,NO APPARENT INJURY,NONE,NOT DISTRACTED,EMERGENCY,MOVING CONSTANT SPEED,South,SUPERFICIAL,15,False,False,1,9029915557031419,210018003,Montgomery County Police,Property Damage ,False,UNKNOWN,0,0,UNKNOWN,True,True,DRIVER,SINGLE VEHICLE,UNKNOWN,DAYLIGHT,UNKNOWN,UNKNOWN,UNKNOWN,UNKNOWN,UNKNOWN,UNKNOWN,38.9821825,-77.09652067,7781945108562677,7781945108562677,0,0,0,2021051313,7710072538987731,Pierce,0,Unknown,Unknown,0.0,0.0,Unknown,Unknown,Unknown,0,0,UNKNOWN,UNKNOWN,UNKNOWN,UNKNOWN,7781945108562677,20814,BETHESDA,46411.6876883,47837334.4314,38.98773167577017,-77.10072590539887,19.0985,25.091183,0.0,0.0,0.0,10.1887,327.99466,210513137100789877,2021-05-13 13:00:00,13,PM,133,3,Thursday,0,5,May,2021,0,Unknown
MCP3200002N,A4E7EB34C8F1489A816C31D3CCD68475,False,NO APPARENT INJURY,NONE,NOT DISTRACTED,TRUCK,MOVING CONSTANT SPEED,North,NO DAMAGE,35,False,False,2,2855389770578551,210018008,Montgomery County Police,Property Damage ,False,North,3,4,LEVEL,False,False,DRIVER,SAME DIRECTION SIDESWIPE,DRY,DAYLIGHT,NO CONTROLS,UNKNOWN,UNKNOWN,STRAIGHT,NO DEFECTS,"TWO-WAY, DIVIDED, POSITIVE MEDIAN BARRIER",39.005064,-77.07765617,1627793738140795,8313298178840333,0,0,0,2021051313,7707842038983818,Isuzu,0,Unknown,Unknown,0.0,0.0,Unknown,Unknown,Unknown,0,0,CONNECTICUT AVE,Maryland (State),JONES BRIDGE RD,County,8313298178840333,20815,CHEVY CHASE,78258.2702851,151813895.483,38.98381860627773,-77.07842006190148,19.124498,25.09836,0.0,0.0,0.0,10.1887,327.99466,210513137078489838,2021-05-13 13:00:00,13,PM,133,3,Thursday,0,5,May,2021,0,Unknown
MCP3200002N,9FE365CC6EFB484994147D02F6BCC3C2,True,NO APPARENT INJURY,NONE,NOT DISTRACTED,TRUCK,CHANGING LANES,North,SUPERFICIAL,35,False,False,2,3063454694624351,210018008,Montgomery County Police,Property Damage ,False,North,3,4,LEVEL,False,False,DRIVER,SAME DIRECTION SIDESWIPE,DRY,DAYLIGHT,NO CONTROLS,UNKNOWN,UNKNOWN,STRAIGHT,NO DEFECTS,"TWO-WAY, DIVIDED, POSITIVE MEDIAN BARRIER",39.005064,-77.07765617,1627793738140795,8313298178840333,0,0,0,2021051313,7707842038983818,Ford,2014,F150,Standard Pickup Trucks 4WD,6.0,3.5,Automatic 6,4WD,Regular Gasoline,15,21,CONNECTICUT AVE,Maryland (State),JONES BRIDGE RD,County,8313298178840333,20815,CHEVY CHASE,78258.2702851,151813895.483,38.98381860627773,-77.07842006190148,19.124498,25.09836,0.0,0.0,0.0,10.1887,327.99466,210513137078489838,2021-05-13 13:00:00,13,PM,133,3,Thursday,0,5,May,2021,0,Unknown
MCP295200BQ,C9CC8345C5194228B04FC8F3B51AB0F7,False,NO APPARENT INJURY,NONE,NOT DISTRACTED,PASSENGER,PARKED,UNKNOWN,FUNCTIONAL,15,True,False,2,811929256876329,210018006,Montgomery County Police,Property Damage ,True,UNKNOWN,0,0,UNKNOWN,True,True,DRIVER,OTHER,UNKNOWN,DAYLIGHT,UNKNOWN,UNKNOWN,UNKNOWN,UNKNOWN,UNKNOWN,UNKNOWN,38.9931854,-77.02500007,7781945108562677,7781945108562677,0,0,0,2021051313,7703596439001907,Toyota,2020,Sienna,Minivan - 2WD,6.0,3.5,Automatic 8,AWD,Regular Gasoline,18,24,UNKNOWN,UNKNOWN,UNKNOWN,UNKNOWN,7781945108562677,20910,SILVER SPRING,82846.1568889,126320091.137,39.00190768010143,-77.03596497235911,19.0465,25.076838,0.0,0.0,0.0,10.1887,327.99466,210513137035990019,2021-05-13 13:00:00,13,PM,133,3,Thursday,0,5,May,2021,0,Unknown
MCP295200BQ,A24324ECCD314623BDCCCD4A53A4E34E,True,NO APPARENT INJURY,UNKNOWN,UNKNOWN,PASSENGER,BACKING,UNKNOWN,UNKNOWN,15,False,False,2,599731559090625,210018006,Montgomery County Police,Property Damage ,True,UNKNOWN,0,0,UNKNOWN,True,True,DRIVER,OTHER,UNKNOWN,DAYLIGHT,UNKNOWN,UNKNOWN,UNKNOWN,UNKNOWN,UNKNOWN,UNKNOWN,38.9931854,-77.02500007,7781945108562677,7781945108562677,0,0,0,2021051313,7703596439001907,Audi,2016,Q3,Compact Cars,4.0,2.0,Automatic 8,AWD,Premium Gasoline,20,28,UNKNOWN,UNKNOWN,UNKNOWN,UNKNOWN,7781945108562677,20910,SILVER SPRING,82846.1568889,126320091.137,39.00190768010143,-77.03596497235911,19.0465,25.076838,0.0,0.0,0.0,10.1887,327.99466,210513137035990019,2021-05-13 13:00:00,13,PM,133,3,Thursday,0,5,May,2021,0,Unknown
MCP3275000N,EF63CA975A3E4E32A3B4B87E99B0E726,False,NO APPARENT INJURY,NONE,NOT DISTRACTED,UNKNOWN,PARKED,UNKNOWN,UNKNOWN,35,True,False,2,8168321465439775,210018013,Montgomery County Police,Property Damage ,False,North,3,3,LEVEL,False,False,DRIVER,SAME DIRECTION RIGHT TURN,DRY,DAYLIGHT,OTHER,NON INTERSECTION,UNKNOWN,STRAIGHT,NO DEFECTS,"TWO-WAY, DIVIDED, POSITIVE MEDIAN BARRIER",38.9952638,-77.02708555,8554262040045692,7228418003688286,0,0,0,2021051315,7703596439001907,Unknown,0,Unknown,Unknown,0.0,0.0,Unknown,Unknown,Unknown,0,0,GEORGIA AVE,Maryland (State),COLESVILLE RD,US (State),7228418003688286,20910,SILVER SPRING,82846.1568889,126320091.137,39.00190768010143,-77.03596497235911,20.2965,22.039995,0.0,0.0,0.0,14.759999,347.3196,210513157035990019,2021-05-13 15:00:00,15,PM,133,3,Thursday,0,5,May,2021,0,Unknown
MCP3275000N,A8BBDA014C554B7FB2C87C36E8DF93B3,True,NO APPARENT INJURY,NONE,INATTENTIVE OR LOST IN THOUGHT,PASSENGER,UNKNOWN,North,NO DAMAGE,35,False,False,2,260643749660429,210018013,Montgomery County Police,Property Damage ,False,North,3,3,LEVEL,False,False,DRIVER,SAME DIRECTION RIGHT TURN,DRY,DAYLIGHT,OTHER,NON INTERSECTION,UNKNOWN,STRAIGHT,NO DEFECTS,"TWO-WAY, DIVIDED, POSITIVE MEDIAN BARRIER",38.9952638,-77.02708555,8554262040045692,7228418003688286,0,0,0,2021051315,7703596439001907,Ford,2006,Ranger,Standard Pickup Trucks 2WD,6.0,3.0,Automatic 5,RWD,Regular Gasoline,15,21,GEORGIA AVE,Maryland (State),COLESVILLE RD,US (State),7228418003688286,20910,SILVER SPRING,82846.1568889,126320091.137,39.00190768010143,-77.03596497235911,20.2965,22.039995,0.0,0.0,0.0,14.759999,347.3196,210513157035990019,2021-05-13 15:00:00,15,PM,133,3,Thursday,0,5,May,2021,0,Unknown
DM8494000W,A4A78B130F654615B4771E9706AF0507,False,POSSIBLE INJURY,UNKNOWN,NOT DISTRACTED,PASSENGER,MOVING CONSTANT SPEED,West,DISABLING,25,False,False,2,8208858220827462,210018037,Takoma Park Police Depart,Injury ,False,West,1,1,LEVEL,False,False,DRIVER,STRAIGHT MOVEMENT ANGLE,DRY,DAYLIGHT,STOP SIGN,INTERSECTION RELATED,FOUR-WAY INTERSECTION,STRAIGHT,NO DEFECTS,OTHER,38.97636533,-76.99672167,8581221189109699,6661651656906602,0,0,0,2021051316,7700204038982546,Honda,2017,HR-V,Small Station Wagons,4.0,1.8,Automatic 7,FWD,Regular Gasoline,27,31,ETHAN ALLEN AVE,Maryland (State),ELM AVE,Municipality,6661651656906602,20912,TAKOMA PARK,51232.0653417,65209197.2692,38.98254687160147,-77.00204079343348,20.048,24.090525,0.0,0.0,0.0,14.618837,350.07382,210513167002089825,2021-05-13 16:00:00,16,PM,133,3,Thursday,0,5,May,2021,0,Unknown
DM8494000W,B1B0C054022E4FAAB0E0EE7B61AA6D47,True,NO APPARENT INJURY,UNKNOWN,UNKNOWN,PASSENGER,MOVING CONSTANT SPEED,North,DISABLING,25,False,False,2,6502835390564725,210018037,Takoma Park Police Depart,Injury ,False,West,1,1,LEVEL,False,False,DRIVER,STRAIGHT MOVEMENT ANGLE,DRY,DAYLIGHT,STOP SIGN,INTERSECTION RELATED,FOUR-WAY INTERSECTION,STRAIGHT,NO DEFECTS,OTHER,38.97636533,-76.99672167,8581221189109699,6661651656906602,0,0,0,2021051316,7700204038982546,Nissan,2018,Sentra,Midsize Cars,4.0,1.6,Manual 6,FWD,Premium Gasoline,25,30,ETHAN ALLEN AVE,Maryland (State),ELM AVE,Municipality,6661651656906602,20912,TAKOMA PARK,51232.0653417,65209197.2692,38.98254687160147,-77.00204079343348,20.048,24.090525,0.0,0.0,0.0,14.618837,350.07382,210513167002089825,2021-05-13 16:00:00,16,PM,133,3,Thursday,0,5,May,2021,0,Unknown
MCP30930032,0BFD9C07ACE74D98AB58BF611D865622,True,NO APPARENT INJURY,UNKNOWN,NOT DISTRACTED,PASSENGER,MOVING CONSTANT SPEED,South,DISABLING,15,False,False,1,9324840684996909,210018046,Montgomery County Police,Property Damage ,False,South,1,1,LEVEL,False,False,DRIVER,OTHER,DRY,DAYLIGHT,UNKNOWN,UNKNOWN,UNKNOWN,STRAIGHT,NO DEFECTS,"TWO-WAY, NOT DIVIDED",38.981135,-77.08102333,2414455379527462,6475443491844882,0,0,0,2021051317,7707842038983818,Acura,2002,TL,Midsize Cars,6.0,3.2,Automatic 5,FWD,Premium Gasoline,17,27,MEADOW LA,Municipality,SYCAMORE ST,Municipality,6475443491844882,20815,CHEVY CHASE,78258.2702851,151813895.483,38.98381860627773,-77.07842006190148,19.3245,26.471985,0.0,0.0,0.0,14.917212,351.67444,210513177078489838,2021-05-13 17:00:00,17,PM,133,3,Thursday,0,5,May,2021,0,Unknown
MCP31120054,C22F66D535304DB48EFFFE10ED8B168C,True,NO APPARENT INJURY,NONE,LOOKED BUT DID NOT SEE,PASSENGER,BACKING,UNKNOWN,SUPERFICIAL,0,False,False,2,7991704702180672,210018042,Montgomery County Police,Injury ,False,UNKNOWN,0,0,UNKNOWN,True,True,DRIVER,OTHER,UNKNOWN,DAYLIGHT,UNKNOWN,UNKNOWN,UNKNOWN,UNKNOWN,UNKNOWN,UNKNOWN,38.97929617,-77.09994933,7781945108562677,7781945108562677,0,0,0,2021051317,7707842038983818,BMW,2006,M,Subcompact Cars,6.0,3.2,Automatic 6,RWD,Premium Gasoline,14,17,UNKNOWN,UNKNOWN,UNKNOWN,UNKNOWN,7781945108562677,20815,CHEVY CHASE,78258.2702851,151813895.483,38.98381860627773,-77.07842006190148,19.3245,26.471985,0.0,0.0,0.0,14.917212,351.67444,210513177078489838,2021-05-13 17:00:00,17,PM,133,3,Thursday,0,5,May,2021,0,Unknown
MCP31120054,FA0811220E424A7EBE5490F790732447,False,SUSPECTED MINOR INJURY,NONE,NOT DISTRACTED,PASSENGER,PARKED,UNKNOWN,FUNCTIONAL,0,True,False,2,6801964070250583,210018042,Montgomery County Police,Injury ,False,UNKNOWN,0,0,UNKNOWN,True,True,DRIVER,OTHER,UNKNOWN,DAYLIGHT,UNKNOWN,UNKNOWN,UNKNOWN,UNKNOWN,UNKNOWN,UNKNOWN,38.97929617,-77.09994933,7781945108562677,7781945108562677,0,0,0,2021051317,7707842038983818,Nissan,0,Unknown,Unknown,0.0,0.0,Unknown,Unknown,Unknown,0,0,UNKNOWN,UNKNOWN,UNKNOWN,UNKNOWN,7781945108562677,20815,CHEVY CHASE,78258.2702851,151813895.483,38.98381860627773,-77.07842006190148,19.3245,26.471985,0.0,0.0,0.0,14.917212,351.67444,210513177078489838,2021-05-13 17:00:00,17,PM,133,3,Thursday,0,5,May,2021,0,Unknown
MCP25350026,B351832E3F984E59850963E8E5B5A905,False,NO APPARENT INJURY,UNKNOWN,NOT DISTRACTED,PASSENGER,MAKING LEFT TURN,South,NO DAMAGE,25,False,False,2,2218989129586392,210018069,Montgomery County Police,Property Damage ,True,North,3,3,GRADE DOWNHILL,False,False,DRIVER,HEAD ON LEFT TURN,DRY,DAYLIGHT,NO CONTROLS,INTERSECTION,T-INTERSECTION,STRAIGHT,NO DEFECTS,"TWO-WAY, DIVIDED, POSITIVE MEDIAN BARRIER",38.9913435,-77.09582383,7307765282026999,7519884327239623,0,0,0,2021051319,7710072538987731,Ford,2020,F150,Standard Pickup Trucks 2WD,6.0,3.5,Automatic 10,RWD,Regular Gasoline,17,23,WISCONSIN AVE,Maryland (State),HIGHLAND AVE,County,7519884327239623,20814,BETHESDA,46411.6876883,47837334.4314,38.98773167577017,-77.10072590539887,17.6985,34.902596,0.0,0.0,0.0,10.137692,343.49554,210513197100789877,2021-05-13 19:00:00,19,PM,133,3,Thursday,0,5,May,2021,0,Unknown
MCP25350026,A651E7FF3D0844F2B2D5274EDE0083B2,True,NO APPARENT INJURY,NONE,INATTENTIVE OR LOST IN THOUGHT,PASSENGER,MOVING CONSTANT SPEED,North,DESTROYED,25,False,False,2,4595510051903263,210018069,Montgomery County Police,Property Damage ,True,North,3,3,GRADE DOWNHILL,False,False,DRIVER,HEAD ON LEFT TURN,DRY,DAYLIGHT,NO CONTROLS,INTERSECTION,T-INTERSECTION,STRAIGHT,NO DEFECTS,"TWO-WAY, DIVIDED, POSITIVE MEDIAN BARRIER",38.9913435,-77.09582383,7307765282026999,7519884327239623,0,0,0,2021051319,7710072538987731,Honda,0,Unknown,Unknown,0.0,0.0,Unknown,Unknown,Unknown,0,0,WISCONSIN AVE,Maryland (State),HIGHLAND AVE,County,7519884327239623,20814,BETHESDA,46411.6876883,47837334.4314,38.98773167577017,-77.10072590539887,17.6985,34.902596,0.0,0.0,0.0,10.137692,343.49554,210513197100789877,2021-05-13 19:00:00,19,PM,133,3,Thursday,0,5,May,2021,0,Unknown
MCP3069005D,34E557CCCF62412DABB53814618ECFB5,True,NO APPARENT INJURY,NONE,LOOKED BUT DID NOT SEE,PASSENGER,MAKING LEFT TURN,North,FUNCTIONAL,35,False,False,2,7318984868857547,210018066,Montgomery County Police,Property Damage ,False,South,2,2,LEVEL,False,False,DRIVER,HEAD ON LEFT TURN,DRY,DUSK,NO CONTROLS,NON INTERSECTION,UNKNOWN,STRAIGHT,NO DEFECTS,"TWO-WAY, NOT DIVIDED",38.999445,-77.05151333,5228183453489777,8698572861437387,0,0,0,2021051319,7703596439001907,Honda,2018,Fit,Small Station Wagons,4.0,1.5,Automatic 7,FWD,Regular Gasoline,29,36,LYTTONSVILLE RD,County,LYTTONSVILLE PL,County,8698572861437387,20910,SILVER SPRING,82846.1568889,126320091.137,39.00190768010143,-77.03596497235911,17.6465,34.887474,0.0,0.0,0.0,10.137692,343.49554,210513197035990019,2021-05-13 19:00:00,19,PM,133,3,Thursday,0,5,May,2021,0,Unknown
MCP3069005D,67147DEE805648D5B97D9D14CF4DB15B,False,NO APPARENT INJURY,NONE,NOT DISTRACTED,PASSENGER,MOVING CONSTANT SPEED,South,DISABLING,35,False,False,2,1339024192371165,210018066,Montgomery County Police,Property Damage ,False,South,2,2,LEVEL,False,False,DRIVER,HEAD ON LEFT TURN,DRY,DUSK,NO CONTROLS,NON INTERSECTION,UNKNOWN,STRAIGHT,NO DEFECTS,"TWO-WAY, NOT DIVIDED",38.999445,-77.05151333,5228183453489777,8698572861437387,0,0,0,2021051319,7703596439001907,Nissan,1990,Pathfinder,Special Purpose Vehicle 2WD,6.0,3.0,Automatic 4,AWD,Regular Gasoline,14,17,LYTTONSVILLE RD,County,LYTTONSVILLE PL,County,8698572861437387,20910,SILVER SPRING,82846.1568889,126320091.137,39.00190768010143,-77.03596497235911,17.6465,34.887474,0.0,0.0,0.0,10.137692,343.49554,210513197035990019,2021-05-13 19:00:00,19,PM,133,3,Thursday,0,5,May,2021,0,Unknown
MCP31220043,A50F1486EBDB4C1AA24C96CF3746BB20,True,NO APPARENT INJURY,UNKNOWN,NOT DISTRACTED,PASSENGER,ACCELERATING,North,FUNCTIONAL,15,False,False,2,9512053712509329,210018102,Montgomery County Police,Property Damage ,True,UNKNOWN,0,0,UNKNOWN,True,True,DRIVER,SAME DIRECTION SIDESWIPE,UNKNOWN,DAYLIGHT,NO CONTROLS,UNKNOWN,UNKNOWN,UNKNOWN,UNKNOWN,UNKNOWN,39.0844278,-77.0798352,7781945108562677,7781945108562677,0,0,0,2021051408,7705486039088590,Nissan,2012,Juke,Small Station Wagons,4.0,1.6,Automatic 6,FWD,Premium Gasoline,25,29,UNKNOWN,UNKNOWN,UNKNOWN,UNKNOWN,7781945108562677,20906,SILVER SPRING,133207.174949,359110751.771,39.08859082555049,-77.05486091907257,13.1825,57.53773,0.0,0.0,0.0,5.8048253,7.12493,210514087054890885,2021-05-14 08:00:00,8,AM,134,4,Friday,0,5,May,2021,0,Unknown
MCP31220043,EDC4D5DA5568437EB4A7E12B0144CFF2,False,NO APPARENT INJURY,NONE,NOT DISTRACTED,PASSENGER,STARTING FROM PARKED,West,FUNCTIONAL,15,False,False,2,2815627384783423,210018102,Montgomery County Police,Property Damage ,True,UNKNOWN,0,0,UNKNOWN,True,True,DRIVER,SAME DIRECTION SIDESWIPE,UNKNOWN,DAYLIGHT,NO CONTROLS,UNKNOWN,UNKNOWN,UNKNOWN,UNKNOWN,UNKNOWN,39.0844278,-77.0798352,7781945108562677,7781945108562677,0,0,0,2021051408,7705486039088590,Honda,2017,Accord,Midsize Cars,4.0,2.4,Automatic 6,FWD,Regular Gasoline,21,32,UNKNOWN,UNKNOWN,UNKNOWN,UNKNOWN,7781945108562677,20906,SILVER SPRING,133207.174949,359110751.771,39.08859082555049,-77.05486091907257,13.1825,57.53773,0.0,0.0,0.0,5.8048253,7.12493,210514087054890885,2021-05-14 08:00:00,8,AM,134,4,Friday,0,5,May,2021,0,Unknown
MCP263900C2,09EE511B97064D31BA60DCFBDAB73D4B,False,NO APPARENT INJURY,NONE,NOT DISTRACTED,PASSENGER,PARKED,UNKNOWN,DISABLING,25,True,False,2,8801447963235187,210018130,Montgomery County Police,Property Damage ,False,South,1,1,LEVEL,False,False,DRIVER,OPPOSITE DIRECTION SIDESWIPE,DRY,DAYLIGHT,NO CONTROLS,NON INTERSECTION,UNKNOWN,STRAIGHT,NO DEFECTS,"TWO-WAY, NOT DIVIDED",39.07905167,-77.07510833,6653866210450982,7397660917017595,0,0,0,2021051411,7705486039088590,Chevrolet,2010,Equinox,Sport Utility Vehicle - 2WD,4.0,2.4,Automatic 6,AWD,Regular Gasoline,17,24,WENDY LA,County,PALMIRA LA,County,7397660917017595,20906,SILVER SPRING,133207.174949,359110751.771,39.08859082555049,-77.05486091907257,19.682499,29.185698,0.0,0.0,0.0,6.193674,35.537766,210514117054890885,2021-05-14 11:00:00,11,AM,134,4,Friday,0,5,May,2021,0,Unknown
MCP263900C2,1BDF2FF656F247468F03D15CEDCCDCE6,True,NO APPARENT INJURY,NONE,NOT DISTRACTED,PASSENGER,MAKING LEFT TURN,West,DISABLING,25,False,False,2,7743341791132107,210018130,Montgomery County Police,Property Damage ,False,South,1,1,LEVEL,False,False,DRIVER,OPPOSITE DIRECTION SIDESWIPE,DRY,DAYLIGHT,NO CONTROLS,NON INTERSECTION,UNKNOWN,STRAIGHT,NO DEFECTS,"TWO-WAY, NOT DIVIDED",39.07905167,-77.07510833,6653866210450982,7397660917017595,0,0,0,2021051411,7705486039088590,GMC,2014,Sierra,Standard Pickup Trucks 2WD,8.0,4.3,Automatic 6,4WD,Regular Gasoline,16,22,WENDY LA,County,PALMIRA LA,County,7397660917017595,20906,SILVER SPRING,133207.174949,359110751.771,39.08859082555049,-77.05486091907257,19.682499,29.185698,0.0,0.0,0.0,6.193674,35.537766,210514117054890885,2021-05-14 11:00:00,11,AM,134,4,Friday,0,5,May,2021,0,Unknown