ReportNumber,VehicleCrashKey,DriverAtFault,DriverInjurySeverity,DriverSubstanceAbuse,DriverDistractedBy,VehicleType,VehicleMovement,VehicleGoingDir,VehicleDamageExtent,SpeedLimit,ParkedVehicle,SubstanceAbuseContributed,VehiclesCrashedTotal,VehicleKey,LocalCaseNumber,AgencyName,ACRSReportType,HitRun,LaneDirection,LaneNumber,NumberOfLanes,RoadGrade,NonTraffic,OffRoadIncident,AccidentAtFault,CollisionType,SurfaceCondition,Light,TrafficControl,Junction,IntersectionType,RoadAlignment,RoadCondition,RoadDivision,Latitude,Longitude,RoadKey_x,CrossStreetKey,NonMotoristTotal,NonMotoristInjury,NonMotoristFatal,DateHourKey,LocationAreaKey,Make,Year_x,BaseModel,BodyClass,Cylinders,Displacement,Transmission,Drivetrain,FuelType,CityMPG,HighwayMPG,RoadName_x,RouteType_x,RoadName_y,RouteType_y,RoadKey_y,Zipcode,MailCity,ShapeLength,ShapeArea,CentroidLatitude,CentroidLongitude,Temperature,Humidity,Precipitation,Rain,Snow,WindSpeed,WindDirection,WeatherKey,Datetime,Hour,TimeOfDay,DayNumber,WeekDayNumber,WeekDayName,WeekendFlag,MonthNumber,MonthName,Year_y,HolidayFlag,HolidayName
MCP3004003X,D3DADF1B65B847C8852488FCA9073034,False,NO APPARENT INJURY,NONE,NOT DISTRACTED,PASSENGER,MOVING CONSTANT SPEED,West,FUNCTIONAL,35,False,False,2,2815627468671518,210018799,Montgomery County Police,Property Damage ,False,West,1,2,LEVEL,False,False,DRIVER,OTHER,DRY,DAYLIGHT,UNKNOWN,INTERSECTION,FOUR-WAY INTERSECTION,STRAIGHT,NO DEFECTS,"TWO-WAY, DIVIDED, UNPROTECTED PAINTED MIN 4 FEET",38.98845,-77.07499833,4570729910170239,9829260116017662,0,0,0,2021051817,7707842038983818,Honda,2018,Accord,Large Cars,4.0,2.0,Automatic 10,FWD,Regular Gasoline,22,32,EAST WEST HWY,Maryland (State),GLENDALE RD,County,9829260116017662,20815,CHEVY CHASE,78258.2702851,151813895.483,38.98381860627773,-77.07842006190148,25.6745,28.826647,0.0,0.0,0.0,6.1305785,130.23628,210518177078489838,2021-05-18 17:00:00,17,PM,138,1,Tuesday,0,5,May,2021,0,Unknown
MCP3004003X,7A602418DD5F4DD98353F62CCF428726,True,NO APPARENT INJURY,NONE,LOOKED BUT DID NOT SEE,PASSENGER,MAKING LEFT TURN,West,DISABLING,35,False,False,2,1032943149996826,210018799,Montgomery County Police,Property Damage ,False,West,1,2,LEVEL,False,False,DRIVER,OTHER,DRY,DAYLIGHT,UNKNOWN,INTERSECTION,FOUR-WAY INTERSECTION,STRAIGHT,NO DEFECTS,"TWO-WAY, DIVIDED, UNPROTECTED PAINTED MIN 4 FEET",38.98845,-77.07499833,4570729910170239,9829260116017662,0,0,0,2021051817,7707842038983818,Toyota,2018,Corolla,Midsize Cars,4.0,1.8,Automatic CVT,FWD,Regular Gasoline,28,35,EAST WEST HWY,Maryland (State),GLENDALE RD,County,9829260116017662,20815,CHEVY CHASE,78258.2702851,151813895.483,38.98381860627773,-77.07842006190148,25.6745,28.826647,0.0,0.0,0.0,6.1305785,130.23628,210518177078489838,2021-05-18 17:00:00,17,PM,138,1,Tuesday,0,5,May,2021,0,Unknown
MCP32270027,FCA3EF3B5FD049A0B48C39B8D42C9D6A,True,NO APPARENT INJURY,UNKNOWN,UNKNOWN,PASSENGER,MOVING CONSTANT SPEED,North,UNKNOWN,35,False,False,2,6148504679607641,210018630,Montgomery County Police,Property Damage ,True,North,2,3,LEVEL,False,False,DRIVER,SAME DIRECTION SIDESWIPE,DRY,DAYLIGHT,TRAFFIC SIGNAL,INTERSECTION,FOUR-WAY INTERSECTION,STRAIGHT,NO DEFECTS,"TWO-WAY, DIVIDED, POSITIVE MEDIAN BARRIER",39.01579485,-76.97749898,8901981419077344,4991976696759948,0,0,0,2021051819,7698354239018293,Honda,2004,CR-V,Sport Utility Vehicle - 4WD,4.0,2.4,Automatic 4,AWD,Regular Gasoline,19,23,NEW HAMPSHIRE AVE,Maryland (State),OAKVIEW DR,County,4991976696759948,20903,SILVER SPRING,50204.7192451,65972447.4483,39.01829365940637,-76.9835422251861,23.0845,38.49451,0.0,0.0,0.0,13.089354,148.49579,210518196983590182,2021-05-18 19:00:00,19,PM,138,1,Tuesday,0,5,May,2021,0,Unknown
MCP32270027,F71BBEBB33CB4185BF160176E90F465C,False,NO APPARENT INJURY,NONE,NOT DISTRACTED,PASSENGER,MOVING CONSTANT SPEED,North,SUPERFICIAL,35,False,False,2,7026902021977563,210018630,Montgomery County Police,Property Damage ,True,North,2,3,LEVEL,False,False,DRIVER,SAME DIRECTION SIDESWIPE,DRY,DAYLIGHT,TRAFFIC SIGNAL,INTERSECTION,FOUR-WAY INTERSECTION,STRAIGHT,NO DEFECTS,"TWO-WAY, DIVIDED, POSITIVE MEDIAN BARRIER",39.01579485,-76.97749898,8901981419077344,4991976696759948,0,0,0,2021051819,7698354239018293,Toyota,2021,RAV4,Small Sport Utility Vehicle 4WD,4.0,2.5,Automatic 8,AWD,Regular Gasoline,27,33,NEW HAMPSHIRE AVE,Maryland (State),OAKVIEW DR,County,4991976696759948,20903,SILVER SPRING,50204.7192451,65972447.4483,39.01829365940637,-76.9835422251861,23.0845,38.49451,0.0,0.0,0.0,13.089354,148.49579,210518196983590182,2021-05-18 19:00:00,19,PM,138,1,Tuesday,0,5,May,2021,0,Unknown
MCP2917007Q,E8AE9DA549C44344AE2CA685C32F8C38,False,NO APPARENT INJURY,NONE,NOT DISTRACTED,PASSENGER,MOVING CONSTANT SPEED,North,SUPERFICIAL,35,False,False,2,8882634665904292,210018829,Montgomery County Police,Property Damage ,False,North,1,3,LEVEL,False,False,DRIVER,STRAIGHT MOVEMENT ANGLE,DRY,DARK -- UNKNOWN LIGHTING,NO CONTROLS,COMMERCIAL DRIVEWAY,T-INTERSECTION,STRAIGHT,NO DEFECTS,"TWO-WAY, DIVIDED, POSITIVE MEDIAN BARRIER",39.07925833,-77.073015,8554262040045692,9227305820425636,0,0,0,2021051820,7705486039088590,GMC,0,Unknown,Unknown,0.0,0.0,Unknown,Unknown,Unknown,0,0,GEORGIA AVE,Maryland (State),LOTTE PLAZA,UNKNOWN,9227305820425636,20906,SILVER SPRING,133207.174949,359110751.771,39.08859082555049,-77.05486091907257,21.0325,47.619175,0.0,0.0,0.0,10.30883,204.77512,210518207054890885,2021-05-18 20:00:00,20,PM,138,1,Tuesday,0,5,May,2021,0,Unknown
MCP2917007Q,6D4B9EDF85274C34ADDA7843557362CA,True,NO APPARENT INJURY,ALCOHOL,LOOKED BUT DID NOT SEE,PASSENGER,ENTERING TRAFFIC LANE,West,DISABLING,35,False,True,2,7285498083516856,210018829,Montgomery County Police,Property Damage ,False,North,1,3,LEVEL,False,False,DRIVER,STRAIGHT MOVEMENT ANGLE,DRY,DARK -- UNKNOWN LIGHTING,NO CONTROLS,COMMERCIAL DRIVEWAY,T-INTERSECTION,STRAIGHT,NO DEFECTS,"TWO-WAY, DIVIDED, POSITIVE MEDIAN BARRIER",39.07925833,-77.073015,8554262040045692,9227305820425636,0,0,0,2021051820,7705486039088590,Honda,2001,Civic,Compact Cars,4.0,1.7,Manual 5,FWD,Regular Gasoline,26,34,GEORGIA AVE,Maryland (State),LOTTE PLAZA,UNKNOWN,9227305820425636,20906,SILVER SPRING,133207.174949,359110751.771,39.08859082555049,-77.05486091907257,21.0325,47.619175,0.0,0.0,0.0,10.30883,204.77512,210518207054890885,2021-05-18 20:00:00,20,PM,138,1,Tuesday,0,5,May,2021,0,Unknown
MCP3144001M,D5D72C4FDB834630A21C3713514F87E9,True,NO APPARENT INJURY,UNKNOWN,UNKNOWN,PASSENGER,MOVING CONSTANT SPEED,South,SUPERFICIAL,25,False,False,1,8892869415288246,210018839,Montgomery County Police,Property Damage ,True,South,0,0,LEVEL,False,False,DRIVER,SAME DIRECTION SIDESWIPE,DRY,DARK LIGHTS ON,NO CONTROLS,NON INTERSECTION,UNKNOWN,STRAIGHT,NO DEFECTS,"TWO-WAY, NOT DIVIDED",39.02617,-77.06414667,5564094260645131,1483359867490914,0,0,0,2021051822,7707527239025656,Land Rover,0,Unknown,Unknown,0.0,0.0,Unknown,Unknown,Unknown,0,0,DRUMM AVE,County,FAYETTE RD,County,1483359867490914,20895,KENSINGTON,70838.1492765,106180148.023,39.02565657266069,-77.07527294437958,17.9455,58.718388,0.0,0.0,0.0,7.42159,202.8337,210518227075290256,2021-05-18 22:00:00,22,PM,138,1,Tuesday,0,5,May,2021,0,Unknown
MCP9386008M,1DFEAA6CB2CB4E37B6A582381F95DE2D,True,NO APPARENT INJURY,NONE,NOT DISTRACTED,PASSENGER,ACCELERATING,East,DESTROYED,25,False,False,2,7942766279566066,210018856,Montgomery County Police,Property Damage ,False,South,1,4,LEVEL,False,False,DRIVER,STRAIGHT MOVEMENT ANGLE,DRY,DAYLIGHT,STOP SIGN,INTERSECTION,FOUR-WAY INTERSECTION,STRAIGHT,NO DEFECTS,"TWO-WAY, DIVIDED, UNPROTECTED PAINTED MIN 4 FEET",38.98806867,-77.099394,4494898042244063,9011314214305799,0,0,0,2021051908,7710072538987731,Toyota,2008,Prius,Midsize Cars,4.0,1.5,Automatic CVT,FWD,Regular Gasoline,48,45,OLD GEORGETOWN RD,Maryland (State),CORDELL AVE,County,9011314214305799,20814,BETHESDA,46411.6876883,47837334.4314,38.98773167577017,-77.10072590539887,16.6485,65.915855,0.0,0.0,0.0,3.9763298,275.19434,210519087100789877,2021-05-19 08:00:00,8,AM,139,2,Wednesday,0,5,May,2021,0,Unknown
MCP9386008M,CB0FD063A6D3472DBEE06D110D243A06,False,NO APPARENT INJURY,NONE,NOT DISTRACTED,PASSENGER,MOVING CONSTANT SPEED,North,FUNCTIONAL,35,False,False,2,2156627458100623,210018856,Montgomery County Police,Property Damage ,False,South,1,4,LEVEL,False,False,DRIVER,STRAIGHT MOVEMENT ANGLE,DRY,DAYLIGHT,STOP SIGN,INTERSECTION,FOUR-WAY INTERSECTION,STRAIGHT,NO DEFECTS,"TWO-WAY, DIVIDED, UNPROTECTED PAINTED MIN 4 FEET",38.98806867,-77.099394,4494898042244063,9011314214305799,0,0,0,2021051908,7710072538987731,BMW,2010,X3,Sport Utility Vehicle - 4WD,6.0,3.0,Automatic 6,AWD,Premium Gasoline,17,24,OLD GEORGETOWN RD,Maryland (State),CORDELL AVE,County,9011314214305799,20814,BETHESDA,46411.6876883,47837334.4314,38.98773167577017,-77.10072590539887,16.6485,65.915855,0.0,0.0,0.0,3.9763298,275.19434,210519087100789877,2021-05-19 08:00:00,8,AM,139,2,Wednesday,0,5,May,2021,0,Unknown
MCP106400BS,0550B93553644ABFAF7B052086451FDE,True,NO APPARENT INJURY,UNKNOWN,UNKNOWN,PASSENGER,MOVING CONSTANT SPEED,West,FUNCTIONAL,30,False,False,2,3625279951781377,210018907,Montgomery County Police,Injury ,False,East,1,1,HILL UPHILL,False,False,DRIVER,OPPOSITE DIRECTION SIDESWIPE,DRY,DAYLIGHT,NO CONTROLS,NON INTERSECTION,UNKNOWN,CURVE RIGHT,NO DEFECTS,"TWO-WAY, NOT DIVIDED",39.00168333,-77.018055,3912318926152506,5211460014152208,0,0,0,2021051914,7703596439001907,Ford,2017,Escape,Small Sport Utility Vehicle 2WD,4.0,1.5,Automatic 6,FWD,Regular Gasoline,21,29,DALE DR,County,DARTMOUTH AVE,County,5211460014152208,20910,SILVER SPRING,82846.1568889,126320091.137,39.00190768010143,-77.03596497235911,29.1465,26.286592,0.0,0.0,0.0,5.991594,147.26479,210519147035990019,2021-05-19 14:00:00,14,PM,139,2,Wednesday,0,5,May,2021,0,Unknown
MCP106400BS,3006AFFA94684062BC06449B3083FD46,True,POSSIBLE INJURY,UNKNOWN,UNKNOWN,PASSENGER,MOVING CONSTANT SPEED,East,FUNCTIONAL,30,False,False,2,8525273555550107,210018907,Montgomery County Police,Injury ,False,East,1,1,HILL UPHILL,False,False,DRIVER,OPPOSITE DIRECTION SIDESWIPE,DRY,DAYLIGHT,NO CONTROLS,NON INTERSECTION,UNKNOWN,CURVE RIGHT,NO DEFECTS,"TWO-WAY, NOT DIVIDED",39.00168333,-77.018055,3912318926152506,5211460014152208,0,0,0,2021051914,7703596439001907,Toyota,2006,Camry,Compact Cars,4.0,2.4,Automatic 5,FWD,Regular Gasoline,18,30,DALE DR,County,DARTMOUTH AVE,County,5211460014152208,20910,SILVER SPRING,82846.1568889,126320091.137,39.00190768010143,-77.03596497235911,29.1465,26.286592,0.0,0.0,0.0,5.991594,147.26479,210519147035990019,2021-05-19 14:00:00,14,PM,139,2,Wednesday,0,5,May,2021,0,Unknown
MCP30930034,EA24B6E3863C4C18AD21840BB02B7017,True,NO APPARENT INJURY,UNKNOWN,LOOKED BUT DID NOT SEE,PASSENGER,BACKING,UNKNOWN,SUPERFICIAL,0,False,False,1,9523658946719396,210018941,Montgomery County Police,Property Damage ,False,UNKNOWN,0,0,UNKNOWN,True,True,DRIVER,OTHER,UNKNOWN,DAYLIGHT,UNKNOWN,UNKNOWN,UNKNOWN,UNKNOWN,UNKNOWN,UNKNOWN,38.977775,-77.07883667,7781945108562677,7781945108562677,0,0,0,2021051917,7707842038983818,Chevrolet,2019,Volt,Compact Cars,4.0,1.5,Automatic CVT,FWD,Regular Gasoline,43,42,UNKNOWN,UNKNOWN,UNKNOWN,UNKNOWN,7781945108562677,20815,CHEVY CHASE,78258.2702851,151813895.483,38.98381860627773,-77.07842006190148,29.2745,26.053812,0.0,0.0,0.0,11.304229,189.16228,210519177078489838,2021-05-19 17:00:00,17,PM,139,2,Wednesday,0,5,May,2021,0,Unknown
MCP2617009F,0E8159990D5544FE98C3CCDFA117E526,True,NO APPARENT INJURY,NONE,LOOKED BUT DID NOT SEE,PASSENGER,MAKING LEFT TURN,West,DESTROYED,45,False,False,2,2109319614904632,210018944,Montgomery County Police,Injury ,False,West,2,2,LEVEL,False,False,DRIVER,HEAD ON LEFT TURN,DRY,DAYLIGHT,TRAFFIC SIGNAL,INTERSECTION,FOUR-WAY INTERSECTION,STRAIGHT,NO DEFECTS,"TWO-WAY, DIVIDED, POSITIVE MEDIAN BARRIER",39.120485,-77.03414117,5351901845213740,1498137660831595,0,0,0,2021051918,7705486039088590,Acura,2002,MDX,Sport Utility Vehicle - 4WD,6.0,3.5,Automatic 5,AWD,Premium Gasoline,15,21,NORBECK RD,County,LAYHILL RD,Maryland (State),1498137660831595,20906,SILVER SPRING,133207.174949,359110751.771,39.08859082555049,-77.05486091907257,28.9825,27.990644,0.0,0.0,0.0,9.114471,170.9098,210519187054890885,2021-05-19 18:00:00,18,PM,139,2,Wednesday,0,5,May,2021,0,Unknown
MCP2617009F,29D16189563144D9963FD7F1F45EC114,False,POSSIBLE INJURY,NONE,NOT DISTRACTED,PASSENGER,MOVING CONSTANT SPEED,East,DESTROYED,45,False,False,2,2534137761373789,210018944,Montgomery County Police,Injury ,False,West,2,2,LEVEL,False,False,DRIVER,HEAD ON LEFT TURN,DRY,DAYLIGHT,TRAFFIC SIGNAL,INTERSECTION,FOUR-WAY INTERSECTION,STRAIGHT,NO DEFECTS,"TWO-WAY, DIVIDED, POSITIVE MEDIAN BARRIER",39.120485,-77.03414117,5351901845213740,1498137660831595,0,0,0,2021051918,7705486039088590,Honda,2020,Accord,Large Cars,4.0,2.0,Automatic 10,FWD,Regular Gasoline,22,32,NORBECK RD,County,LAYHILL RD,Maryland (State),1498137660831595,20906,SILVER SPRING,133207.174949,359110751.771,39.08859082555049,-77.05486091907257,28.9825,27.990644,0.0,0.0,0.0,9.114471,170.9098,210519187054890885,2021-05-19 18:00:00,18,PM,139,2,Wednesday,0,5,May,2021,0,Unknown
MCP30060066,585F884E2C9C4F0D8CE0C70694B38076,True,NO APPARENT INJURY,NONE,LOOKED BUT DID NOT SEE,PASSENGER,ACCELERATING,West,FUNCTIONAL,45,False,False,2,5345014248601014,210018996,Montgomery County Police,Injury ,False,West,0,2,LEVEL,False,False,DRIVER,SAME DIR REAR END,DRY,DAYLIGHT,YIELD SIGN,INTERSECTION,FOUR-WAY INTERSECTION,CURVE RIGHT,NO DEFECTS,"TWO-WAY, DIVIDED, POSITIVE MEDIAN BARRIER",39.09349333,-77.07942833,3786639377990067,8554262040045692,0,0,0,2021052009,7705486039088590,Chrysler,2016,200,Midsize Cars,4.0,2.4,Automatic 9,FWD,Regular Gasoline,23,36,BEL PRE RD,County,GEORGIA AVE,Maryland (State),8554262040045692,20906,SILVER SPRING,133207.174949,359110751.771,39.08859082555049,-77.05486091907257,23.8825,42.817524,0.0,0.0,0.0,7.386582,313.0251,210520097054890885,2021-05-20 09:00:00,9,AM,140,3,Thursday,0,5,May,2021,0,Unknown
MCP30060066,E9037F39B7BF41CB900047D900D287A8,False,POSSIBLE INJURY,NONE,NOT DISTRACTED,PASSENGER,SLOWING OR STOPPING,West,FUNCTIONAL,45,False,False,2,169882151489943,210018996,Montgomery County Police,Injury ,False,West,0,2,LEVEL,False,False,DRIVER,SAME DIR REAR END,DRY,DAYLIGHT,YIELD SIGN,INTERSECTION,FOUR-WAY INTERSECTION,CURVE RIGHT,NO DEFECTS,"TWO-WAY, DIVIDED, POSITIVE MEDIAN BARRIER",39.09349333,-77.07942833,3786639377990067,8554262040045692,0,0,0,2021052009,7705486039088590,Hyundai,2013,Sonata,Large Cars,4.0,2.4,Automatic 6,FWD,Regular Gasoline,24,34,BEL PRE RD,County,GEORGIA AVE,Maryland (State),8554262040045692,20906,SILVER SPRING,133207.174949,359110751.771,39.08859082555049,-77.05486091907257,23.8825,42.817524,0.0,0.0,0.0,7.386582,313.0251,210520097054890885,2021-05-20 09:00:00,9,AM,140,3,Thursday,0,5,May,2021,0,Unknown
MCP23580089,E882D506C91E4B0CAA016028A03B5B77,True,NO APPARENT INJURY,NONE,NOT DISTRACTED,PASSENGER,STARTING FROM LANE,East,FUNCTIONAL,35,False,False,2,8308213267031586,210019026,Montgomery County Police,Property Damage ,False,East,2,2,LEVEL,False,False,DRIVER,SAME DIR REAR END,DRY,DAYLIGHT,TRAFFIC SIGNAL,INTERSECTION RELATED,FOUR-WAY INTERSECTION,STRAIGHT,NO DEFECTS,"TWO-WAY, NOT DIVIDED",38.97239633,-77.12066817,1363718650800826,4534450561785329,0,0,0,2021052012,7711806238956479,Lexus,2010,GX,Sport Utility Vehicle - 4WD,8.0,4.6,Automatic 6,4WD,Premium Gasoline,15,20,RIVER RD,Maryland (State),GOLDSBORO RD,Maryland (State),4534450561785329,20816,BETHESDA,58716.1248449,117565480.431,38.95647982277882,-77.11806249046538,30.5975,24.598173,0.0,0.0,0.0,2.0364676,315.0001,210520127118089564,2021-05-20 12:00:00,12,PM,140,3,Thursday,0,5,May,2021,0,Unknown
MCP23580089,4E41CCA9C4FA47E78C40A19284BAC5AE,False,NO APPARENT INJURY,UNKNOWN,NOT DISTRACTED,PASSENGER,STARTING FROM LANE,East,FUNCTIONAL,35,False,False,2,3233063173565461,210019026,Montgomery County Police,Property Damage ,False,East,2,2,LEVEL,False,False,DRIVER,SAME DIR REAR END,DRY,DAYLIGHT,TRAFFIC SIGNAL,INTERSECTION RELATED,FOUR-WAY INTERSECTION,STRAIGHT,NO DEFECTS,"TWO-WAY, NOT DIVIDED",38.97239633,-77.12066817,1363718650800826,4534450561785329,0,0,0,2021052012,7711806238956479,Toyota,0,Unknown,Unknown,0.0,0.0,Unknown,Unknown,Unknown,0,0,RIVER RD,Maryland (State),GOLDSBORO RD,Maryland (State),4534450561785329,20816,BETHESDA,58716.1248449,117565480.431,38.95647982277882,-77.11806249046538,30.5975,24.598173,0.0,0.0,0.0,2.0364676,315.0001,210520127118089564,2021-05-20 12:00:00,12,PM,140,3,Thursday,0,5,May,2021,0,Unknown
HA24490018,C38B1780DEC74782AC588A826FA4A80F,True,NO APPARENT INJURY,UNKNOWN,UNKNOWN,UNKNOWN,MOVING CONSTANT SPEED,East,UNKNOWN,25,False,False,1,8168321465439775,21000936,Maryland-National Capital,Injury ,True,East,1,2,LEVEL,False,False,DRIVER,SAME DIR REAR END,DRY,DAYLIGHT,NO CONTROLS,INTERSECTION RELATED,OTHER,CURVE LEFT,UNKNOWN,"TWO-WAY, NOT DIVIDED",38.9896826,-77.00633868,8891242047416743,6580382841016986,1,1,0,2021052014,7700204038982546,Unknown,0,Unknown,Unknown,0.0,0.0,Unknown,Unknown,Unknown,0,0,SLIGO CREEK PKWY,Government,PARK VALLEY RD,County,6580382841016986,20912,TAKOMA PARK,51232.0653417,65209197.2692,38.98254687160147,-77.00204079343348,32.148003,23.775759,0.0,0.0,0.0,11.165805,110.77233,210520147002089825,2021-05-20 14:00:00,14,PM,140,3,Thursday,0,5,May,2021,0,Unknown
MCP271700V8,C86DCA0B168A48BE9BB8550E2ACAC4B1,True,SUSPECTED MINOR INJURY,NONE,INATTENTIVE OR LOST IN THOUGHT,PASSENGER,MOVING CONSTANT SPEED,East,DISABLING,25,False,False,1,8243785710568087,210019087,Montgomery County Police,Injury ,False,East,1,2,LEVEL,False,False,DRIVER,SINGLE VEHICLE,DRY,DAYLIGHT,NO CONTROLS,NON INTERSECTION,UNKNOWN,STRAIGHT,NO DEFECTS,"TWO-WAY, DIVIDED, UNPROTECTED PAINTED MIN 4 FEET",39.02272133,-77.10793567,9624603609515706,5925405510732472,0,0,0,2021052018,7710519939016894,Toyota,2011,Camry,Midsize Cars,4.0,2.5,Automatic 6,FWD,Regular Gasoline,22,29,GROSVENOR LA,County,ROCKVILLE PIKE,Maryland (State),5925405510732472,20814,BETHESDA,58373.8630538,68540697.609,39.016894075883464,-77.10519990449882,29.7845,31.182323,0.0,0.0,0.0,16.171976,106.821495,210520187105190168,2021-05-20 18:00:00,18,PM,140,3,Thursday,0,5,May,2021,0,Unknown
MCP3026006F,B6E9EAF1F7B94E5B90C1362914F6EEFF,False,NO APPARENT INJURY,NONE,NOT DISTRACTED,PASSENGER,SLOWING OR STOPPING,East,SUPERFICIAL,30,False,False,2,2446108759661290,210019172,Montgomery County Police,Property Damage ,True,East,2,2,GRADE DOWNHILL,False,False,DRIVER,SAME DIR REAR END,DRY,DAYLIGHT,NO CONTROLS,INTERSECTION RELATED,UNKNOWN,STRAIGHT,NO DEFECTS,"TWO-WAY, DIVIDED, UNPROTECTED PAINTED MIN 4 FEET",38.98807535,-77.07731692,4570729910170239,1627793738140795,0,0,0,2021052110,7707842038983818,Mazda,2018,CX-5,Small Sport Utility Vehicle 2WD,4.0,2.2,Automatic 6,4WD,Diesel,24,30,EAST WEST HWY,Maryland (State),CONNECTICUT AVE,Maryland (State),1627793738140795,20815,CHEVY CHASE,78258.2702851,151813895.483,38.98381860627773,-77.07842006190148,21.7745,35.339024,0.0,0.0,0.0,5.3517847,160.34608,210521107078489838,2021-05-21 10:00:00,10,AM,141,4,Friday,0,5,May,2021,0,Unknown
MCP3026006F,B449712D7C6C4F4DBE9CEEE13A1990AE,True,NO APPARENT INJURY,UNKNOWN,UNKNOWN,PASSENGER,MOVING CONSTANT SPEED,East,UNKNOWN,30,False,False,2,6801964070250583,210019172,Montgomery County Police,Property Damage ,True,East,2,2,GRADE DOWNHILL,False,False,DRIVER,SAME DIR REAR END,DRY,DAYLIGHT,NO CONTROLS,INTERSECTION RELATED,UNKNOWN,STRAIGHT,NO DEFECTS,"TWO-WAY, DIVIDED, UNPROTECTED PAINTED MIN 4 FEET",38.98807535,-77.07731692,4570729910170239,1627793738140795,0,0,0,2021052110,7707842038983818,Nissan,0,Unknown,Unknown,0.0,0.0,Unknown,Unknown,Unknown,0,0,EAST WEST HWY,Maryland (State),CONNECTICUT AVE,Maryland (State),1627793738140795,20815,CHEVY CHASE,78258.2702851,151813895.483,38.98381860627773,-77.07842006190148,21.7745,35.339024,0.0,0.0,0.0,5.3517847,160.34608,210521107078489838,2021-05-21 10:00:00,10,AM,141,4,Friday,0,5,May,2021,0,Unknown
MCP15340005,067B2007B37B4E029D622635C2841CAC,True,NO APPARENT INJURY,NONE,NOT DISTRACTED,PASSENGER,MOVING CONSTANT SPEED,North,SUPERFICIAL,35,False,False,2,3706795429459167,210019175,Montgomery County Police,Property Damage ,False,North,0,4,LEVEL,False,False,DRIVER,SAME DIR REAR END,DRY,DAYLIGHT,UNKNOWN,OTHER,FOUR-WAY INTERSECTION,STRAIGHT,NO DEFECTS,"TWO-WAY, DIVIDED, POSITIVE MEDIAN BARRIER",39.00331833,-77.110045,4494898042244063,5777913950568264,0,0,0,2021052111,7710269338999892,Mercedes-Benz,0,Unknown,Unknown,0.0,0.0,Unknown,Unknown,Unknown,0,0,OLD GEORGETOWN RD,Maryland (State),CEDAR LA,County,5777913950568264,20892,BETHESDA,18629.8302482,13840739.1197,38.99989292006988,-77.1026933476101,23.8505,30.575092,0.0,0.0,0.0,5.815978,158.19853,210521117102689998,2021-05-21 11:00:00,11,AM,141,4,Friday,0,5,May,2021,0,Unknown
MCP15340005,8A5D02AE176B4F3E9117045AC9BADBE9,False,NO APPARENT INJURY,NONE,NOT DISTRACTED,PASSENGER,MOVING CONSTANT SPEED,North,SUPERFICIAL,35,False,False,2,7871367570237903,210019175,Montgomery County Police,Property Damage ,False,North,0,4,LEVEL,False,False,DRIVER,SAME DIR REAR END,DRY,DAYLIGHT,UNKNOWN,OTHER,FOUR-WAY INTERSECTION,STRAIGHT,NO DEFECTS,"TWO-WAY, DIVIDED, POSITIVE MEDIAN BARRIER",39.00331833,-77.110045,4494898042244063,5777913950568264,0,0,0,2021052111,7710269338999892,Toyota,2014,RAV4,Small Sport Utility Vehicle 2WD,4.0,2.5,Automatic 6,AWD,Regular Gasoline,22,28,OLD GEORGETOWN RD,Maryland (State),CEDAR LA,County,5777913950568264,20892,BETHESDA,18629.8302482,13840739.1197,38.99989292006988,-77.1026933476101,23.8505,30.575092,0.0,0.0,0.0,5.815978,158.19853,210521117102689998,2021-05-21 11:00:00,11,AM,141,4,Friday,0,5,May,2021,0,Unknown
MCP1301001L,F7104509544041E89FD4AEC47016FB8C,True,FATAL INJURY,UNKNOWN,NOT DISTRACTED,PASSENGER,MOVING CONSTANT SPEED,East,DESTROYED,25,False,False,1,395684133843927,210019250,Montgomery County Police,Fatal ,False,East,1,2,HILL UPHILL,False,False,DRIVER,HEAD ON,DRY,DAYLIGHT,UNKNOWN,INTERSECTION,T-INTERSECTION,CURVE RIGHT,NO DEFECTS,UNKNOWN,39.102555,-77.04604333,7576478116500516,3304940145588961,0,0,0,2021052117,7705486039088590,Toyota,2018,Avalon,Midsize Cars,4.0,2.5,Automatic 6,FWD,Regular Gasoline,21,30,PARK VISTA DR,County,HATTERAS WAY,UNKNOWN,3304940145588961,20906,SILVER SPRING,133207.174949,359110751.771,39.08859082555049,-77.05486091907257,29.2825,26.864864,0.0,0.0,0.0,6.830519,161.56496,210521177054890885,2021-05-21 17:00:00,17,PM,141,4,Friday,0,5,May,2021,0,Unknown
MCP3212002M,55954CAF740B4D3A93FA9C161D2B9F3F,True,NO APPARENT INJURY,ALCOHOL,LOOKED BUT DID NOT SEE,PASSENGER,ACCELERATING,UNKNOWN,FUNCTIONAL,5,False,False,1,8385899423333060,210019283,Montgomery County Police,Property Damage ,False,UNKNOWN,0,0,UNKNOWN,True,True,DRIVER,SINGLE VEHICLE,UNKNOWN,DARK LIGHTS ON,UNKNOWN,UNKNOWN,UNKNOWN,UNKNOWN,UNKNOWN,UNKNOWN,39.00896867,-77.04142317,7781945108562677,7781945108562677,0,0,0,2021052120,7703596439001907,Volkswagen,0,Unknown,Unknown,0.0,0.0,Unknown,Unknown,Unknown,0,0,UNKNOWN,UNKNOWN,UNKNOWN,UNKNOWN,7781945108562677,20910,SILVER SPRING,82846.1568889,126320091.137,39.00190768010143,-77.03596497235911,23.8465,43.093678,0.0,0.0,0.0,11.090103,193.13403,210521207035990019,2021-05-21 20:00:00,20,PM,141,4,Friday,0,5,May,2021,0,Unknown