ReportNumber,VehicleCrashKey,DriverAtFault,DriverInjurySeverity,DriverSubstanceAbuse,DriverDistractedBy,VehicleType,VehicleMovement,VehicleGoingDir,VehicleDamageExtent,SpeedLimit,ParkedVehicle,SubstanceAbuseContributed,VehiclesCrashedTotal,VehicleKey,LocalCaseNumber,AgencyName,ACRSReportType,HitRun,LaneDirection,LaneNumber,NumberOfLanes,RoadGrade,NonTraffic,OffRoadIncident,AccidentAtFault,CollisionType,SurfaceCondition,Light,TrafficControl,Junction,IntersectionType,RoadAlignment,RoadCondition,RoadDivision,Latitude,Longitude,RoadKey_x,CrossStreetKey,NonMotoristTotal,NonMotoristInjury,NonMotoristFatal,DateHourKey,LocationAreaKey,Make,Year_x,BaseModel,BodyClass,Cylinders,Displacement,Transmission,Drivetrain,FuelType,CityMPG,HighwayMPG,RoadName_x,RouteType_x,RoadName_y,RouteType_y,RoadKey_y,Zipcode,MailCity,ShapeLength,ShapeArea,CentroidLatitude,CentroidLongitude,Temperature,Humidity,Precipitation,Rain,Snow,WindSpeed,WindDirection,WeatherKey,Datetime,Hour,TimeOfDay,DayNumber,WeekDayNumber,WeekDayName,WeekendFlag,MonthNumber,MonthName,Year_y,HolidayFlag,HolidayName
MCP2496002Q,04268BCC2DA647B39ECCD509848DA578,True,NO APPARENT INJURY,NONE,LOOKED BUT DID NOT SEE,PASSENGER,CHANGING LANES,North,DISABLING,45,False,False,2,1032942931887779,210019553,Montgomery County Police,Property Damage ,False,North,3,3,LEVEL,False,False,DRIVER,SAME DIRECTION RIGHT TURN,WET,DAWN,NO CONTROLS,NON INTERSECTION,UNKNOWN,STRAIGHT,NO DEFECTS,"TWO-WAY, DIVIDED, UNPROTECTED PAINTED MIN 4 FEET",39.010725,-77.04066667,8554262040045692,3141001782990517,0,0,0,2021052407,7703596439001907,Toyota,2017,Corolla,Midsize Cars,4.0,1.8,Automatic CVT,FWD,Regular Gasoline,28,35,GEORGIA AVE,Maryland (State),WHITE OAK DR,County,3141001782990517,20910,SILVER SPRING,82846.1568889,126320091.137,39.00190768010143,-77.03596497235911,19.7465,70.80629,0.3,0.3,0.0,11.212135,47.602623,210524077035990019,2021-05-24 07:00:00,7,AM,144,0,Monday,0,5,May,2021,0,Unknown
MCP30230044,F1FBF84B693F452A96E31BF68B2D362C,True,POSSIBLE INJURY,NONE,NOT DISTRACTED,PASSENGER,MOVING CONSTANT SPEED,South,DISABLING,40,False,False,2,5108981178243991,210019559,Montgomery County Police,Injury ,False,South,1,2,GRADE DOWNHILL,False,False,DRIVER,SAME DIR REAR END,WET,DAYLIGHT,NO CONTROLS,NON INTERSECTION,UNKNOWN,STRAIGHT,NO DEFECTS,"TWO-WAY, DIVIDED, POSITIVE MEDIAN BARRIER",39.076302,-77.04599333,1498137660831595,342784259901357,0,0,0,2021052408,7705486039088590,Toyota,2005,MR2,Two Seaters,4.0,1.8,Manual 5,RWD,Regular Gasoline,23,29,LAYHILL RD,Maryland (State),HATHAWAY DR,County,342784259901357,20906,SILVER SPRING,133207.174949,359110751.771,39.08859082555049,-77.05486091907257,17.682499,95.976906,0.0,0.0,0.0,12.904882,112.98875,210524087054890885,2021-05-24 08:00:00,8,AM,144,0,Monday,0,5,May,2021,0,Unknown
MCP30230044,EDED8AF37DBA4EF3AD3D0B475FFF7E26,False,POSSIBLE INJURY,NONE,NOT DISTRACTED,PASSENGER,STOPPED IN TRAFFIC LANE,South,NO DAMAGE,40,False,False,2,6812311346736941,210019559,Montgomery County Police,Injury ,False,South,1,2,GRADE DOWNHILL,False,False,DRIVER,SAME DIR REAR END,WET,DAYLIGHT,NO CONTROLS,NON INTERSECTION,UNKNOWN,STRAIGHT,NO DEFECTS,"TWO-WAY, DIVIDED, POSITIVE MEDIAN BARRIER",39.076302,-77.04599333,1498137660831595,342784259901357,0,0,0,2021052408,7705486039088590,Ford,2020,EcoSport,Small Sport Utility Vehicle 2WD,3.0,1.0,Automatic 6,AWD,Regular Gasoline,23,29,LAYHILL RD,Maryland (State),HATHAWAY DR,County,342784259901357,20906,SILVER SPRING,133207.174949,359110751.771,39.08859082555049,-77.05486091907257,17.682499,95.976906,0.0,0.0,0.0,12.904882,112.98875,210524087054890885,2021-05-24 08:00:00,8,AM,144,0,Monday,0,5,May,2021,0,Unknown
MCP1182003L,9034B106EFD54281861332EB7486292F,False,NO APPARENT INJURY,NONE,NOT DISTRACTED,PASSENGER,STOPPED IN TRAFFIC LANE,East,SUPERFICIAL,25,False,False,2,502837886885141,210019564,Montgomery County Police,Property Damage ,False,East,1,2,LEVEL,False,False,DRIVER,SAME DIR REAR END,WET,DAYLIGHT,NO CONTROLS,INTERSECTION RELATED,FOUR-WAY INTERSECTION,STRAIGHT,NO DEFECTS,"TWO-WAY, DIVIDED, UNPROTECTED PAINTED MIN 4 FEET",38.98672833,-77.105405,2258501311527651,7977593021890841,0,0,0,2021052408,7710072538987731,Chevrolet,2011,Impala,Large Cars,6.0,3.5,Automatic 4,FWD,Regular Gasoline,17,26,WILSON LA,Maryland (State),GLENBROOK RD,County,7977593021890841,20814,BETHESDA,46411.6876883,47837334.4314,38.98773167577017,-77.10072590539887,17.8985,89.508316,0.0,0.0,0.0,13.5515,106.99091,210524087100789877,2021-05-24 08:00:00,8,AM,144,0,Monday,0,5,May,2021,0,Unknown
MCP1182003L,F1E7315B7F6C407A9ABFD2E58B299D22,True,NO APPARENT INJURY,NONE,NOT DISTRACTED,BUS,SLOWING OR STOPPING,East,SUPERFICIAL,25,False,False,2,6691677547236723,210019564,Montgomery County Police,Property Damage ,False,East,1,2,LEVEL,False,False,DRIVER,SAME DIR REAR END,WET,DAYLIGHT,NO CONTROLS,INTERSECTION RELATED,FOUR-WAY INTERSECTION,STRAIGHT,NO DEFECTS,"TWO-WAY, DIVIDED, UNPROTECTED PAINTED MIN 4 FEET",38.98672833,-77.105405,2258501311527651,7977593021890841,0,0,0,2021052408,7710072538987731,Thomas,0,Unknown,Unknown,0.0,0.0,Unknown,Unknown,Unknown,0,0,WILSON LA,Maryland (State),GLENBROOK RD,County,7977593021890841,20814,BETHESDA,46411.6876883,47837334.4314,38.98773167577017,-77.10072590539887,17.8985,89.508316,0.0,0.0,0.0,13.5515,106.99091,210524087100789877,2021-05-24 08:00:00,8,AM,144,0,Monday,0,5,May,2021,0,Unknown
MCP209400HH,446BAE16B00B4A87BEF64869F6F249CE,True,NO APPARENT INJURY,NONE,UNKNOWN,PASSENGER,MAKING U TURN,South,FUNCTIONAL,25,False,False,2,257262942791553,210019606,Montgomery County Police,Injury ,False,South,1,2,LEVEL,False,False,DRIVER,OPPOSITE DIRECTION SIDESWIPE,WET,DAYLIGHT,NO CONTROLS,NON INTERSECTION,UNKNOWN,STRAIGHT,NO DEFECTS,"TWO-WAY, NOT DIVIDED",38.98787,-77.09836333,9030182442049257,4494898042244063,0,0,0,2021052413,7710072538987731,Lexus,2007,ES,Midsize Cars,6.0,3.5,Automatic 6,FWD,Premium Gasoline,19,27,ST ELMO AVE,County,OLD GEORGETOWN RD,Maryland (State),4494898042244063,20814,BETHESDA,46411.6876883,47837334.4314,38.98773167577017,-77.10072590539887,18.0485,74.267166,0.3,0.3,0.0,15.141414,108.00426,210524137100789877,2021-05-24 13:00:00,13,PM,144,0,Monday,0,5,May,2021,0,Unknown
MCP209400HH,0B23F1F134AF4FF3BF4EC1EC74DD0EA7,False,POSSIBLE INJURY,NONE,NOT DISTRACTED,PASSENGER,MOVING CONSTANT SPEED,South,DISABLING,25,False,False,2,1012713762977856,210019606,Montgomery County Police,Injury ,False,South,1,2,LEVEL,False,False,DRIVER,OPPOSITE DIRECTION SIDESWIPE,WET,DAYLIGHT,NO CONTROLS,NON INTERSECTION,UNKNOWN,STRAIGHT,NO DEFECTS,"TWO-WAY, NOT DIVIDED",38.98787,-77.09836333,9030182442049257,4494898042244063,0,0,0,2021052413,7710072538987731,Audi,2019,A7,Midsize Cars,6.0,3.0,Automatic 7,AWD,Premium Gasoline,22,29,ST ELMO AVE,County,OLD GEORGETOWN RD,Maryland (State),4494898042244063,20814,BETHESDA,46411.6876883,47837334.4314,38.98773167577017,-77.10072590539887,18.0485,74.267166,0.3,0.3,0.0,15.141414,108.00426,210524137100789877,2021-05-24 13:00:00,13,PM,144,0,Monday,0,5,May,2021,0,Unknown
MCP32470015,B32A32BB74014894AE3D561A95E5E75C,False,NO APPARENT INJURY,NONE,NOT DISTRACTED,TRUCK,CHANGING LANES,North,SUPERFICIAL,35,False,False,2,2781967101306616,210019619,Montgomery County Police,Property Damage ,False,North,2,3,LEVEL,False,False,DRIVER,SAME DIRECTION LEFT TURN,DRY,DAYLIGHT,NO CONTROLS,NON INTERSECTION,UNKNOWN,STRAIGHT,NO DEFECTS,"TWO-WAY, NOT DIVIDED",38.9974583,-77.02709103,7228418003688286,6732058886739677,0,0,0,2021052414,7703596439001907,Ford,2006,F150,Standard Pickup Trucks 2WD,8.0,5.4,Automatic 4,RWD,Regular Gasoline,12,17,COLESVILLE RD,US (State),FENTON ST,County,6732058886739677,20910,SILVER SPRING,82846.1568889,126320091.137,39.00190768010143,-77.03596497235911,17.9965,69.100266,0.0,0.0,0.0,15.978484,112.52061,210524147035990019,2021-05-24 14:00:00,14,PM,144,0,Monday,0,5,May,2021,0,Unknown
MCP32470015,52141BADE02E41BE800BCE346BAF4827,True,NO APPARENT INJURY,NONE,NOT DISTRACTED,BUS,SLOWING OR STOPPING,North,SUPERFICIAL,35,False,False,2,1306665488576693,210019619,Montgomery County Police,Property Damage ,False,North,2,3,LEVEL,False,False,DRIVER,SAME DIRECTION LEFT TURN,DRY,DAYLIGHT,NO CONTROLS,NON INTERSECTION,UNKNOWN,STRAIGHT,NO DEFECTS,"TWO-WAY, NOT DIVIDED",38.9974583,-77.02709103,7228418003688286,6732058886739677,0,0,0,2021052414,7703596439001907,Nova,0,Unknown,Unknown,0.0,0.0,Unknown,Unknown,Unknown,0,0,COLESVILLE RD,US (State),FENTON ST,County,6732058886739677,20910,SILVER SPRING,82846.1568889,126320091.137,39.00190768010143,-77.03596497235911,17.9965,69.100266,0.0,0.0,0.0,15.978484,112.52061,210524147035990019,2021-05-24 14:00:00,14,PM,144,0,Monday,0,5,May,2021,0,Unknown
DM8490000W,320C636FAAB743CCA9B71F1E2EE015A7,True,SUSPECTED MINOR INJURY,UNKNOWN,OTHER ELECTRONIC DEVICE (NAVIGATIONAL PALM PILOT),PASSENGER,MOVING CONSTANT SPEED,East,NO DAMAGE,15,False,False,1,4223640546324938,210019621,Takoma Park Police Depart,Injury ,False,UNKNOWN,0,0,UNKNOWN,True,True,DRIVER,OTHER,UNKNOWN,DAYLIGHT,UNKNOWN,UNKNOWN,UNKNOWN,UNKNOWN,UNKNOWN,UNKNOWN,38.98941383,-76.989808,7781945108562677,7781945108562677,1,1,0,2021052415,7700204038982546,Nissan,2015,Versa,Compact Cars,4.0,1.6,Automatic 4,FWD,Regular Gasoline,26,35,UNKNOWN,UNKNOWN,UNKNOWN,UNKNOWN,7781945108562677,20912,TAKOMA PARK,51232.0653417,65209197.2692,38.98254687160147,-77.00204079343348,18.548,66.53801,0.0,0.0,0.0,16.610792,119.89881,210524157002089825,2021-05-24 15:00:00,15,PM,144,0,Monday,0,5,May,2021,0,Unknown
MCP3163003G,A5DD0B2968734E4A86B81F818B1C20D1,False,NO APPARENT INJURY,NONE,LOOKED BUT DID NOT SEE,PASSENGER,ACCELERATING,West,DISABLING,35,False,False,3,1032943032553493,210019631,Montgomery County Police,Property Damage ,False,West,2,2,GRADE DOWNHILL,False,False,DRIVER,SAME DIR REAR END,WET,DAYLIGHT,TRAFFIC SIGNAL,INTERSECTION,FOUR-WAY INTERSECTION,STRAIGHT,NO DEFECTS,"TWO-WAY, DIVIDED, POSITIVE MEDIAN BARRIER",38.98622783,-77.14327559,1363718650800826,8431981656414478,0,0,0,2021052416,7715220038996189,Toyota,2011,Corolla,Compact Cars,4.0,1.8,Manual 5,FWD,Regular Gasoline,21,30,RIVER RD,Maryland (State),BEECH TREE RD,County,8431981656414478,20817,BETHESDA,143234.920079,403664948.588,38.996189145680184,-77.15220044157795,17.692999,72.05315,0.3,0.3,0.0,15.778518,117.1496,210524167152289961,2021-05-24 16:00:00,16,PM,144,0,Monday,0,5,May,2021,0,Unknown
MCP3163003G,004D237250EA4D48AE02C63DBDE11BCA,True,NO APPARENT INJURY,NONE,LOOKED BUT DID NOT SEE,EMERGENCY,ACCELERATING,West,FUNCTIONAL,35,False,False,3,660615385035114,210019631,Montgomery County Police,Property Damage ,False,West,2,2,GRADE DOWNHILL,False,False,DRIVER,SAME DIR REAR END,WET,DAYLIGHT,TRAFFIC SIGNAL,INTERSECTION,FOUR-WAY INTERSECTION,STRAIGHT,NO DEFECTS,"TWO-WAY, DIVIDED, POSITIVE MEDIAN BARRIER",38.98622783,-77.14327559,1363718650800826,8431981656414478,0,0,0,2021052416,7715220038996189,Ford,0,Unknown,Unknown,0.0,0.0,Unknown,Unknown,Unknown,0,0,RIVER RD,Maryland (State),BEECH TREE RD,County,8431981656414478,20817,BETHESDA,143234.920079,403664948.588,38.996189145680184,-77.15220044157795,17.692999,72.05315,0.3,0.3,0.0,15.778518,117.1496,210524167152289961,2021-05-24 16:00:00,16,PM,144,0,Monday,0,5,May,2021,0,Unknown
MCP3163003G,FACE90ABE5134954976453A9E95557A8,False,NO APPARENT INJURY,NONE,NOT DISTRACTED,PASSENGER,MOVING CONSTANT SPEED,West,FUNCTIONAL,35,False,False,3,1166604360032840,210019631,Montgomery County Police,Property Damage ,False,West,2,2,GRADE DOWNHILL,False,False,DRIVER,SAME DIR REAR END,WET,DAYLIGHT,TRAFFIC SIGNAL,INTERSECTION,FOUR-WAY INTERSECTION,STRAIGHT,NO DEFECTS,"TWO-WAY, DIVIDED, POSITIVE MEDIAN BARRIER",38.98622783,-77.14327559,1363718650800826,8431981656414478,0,0,0,2021052416,7715220038996189,GMC,2016,Acadia,Standard Sport Utility Vehicle 2WD,6.0,3.6,Automatic 6,AWD,Regular Gasoline,15,22,RIVER RD,Maryland (State),BEECH TREE RD,County,8431981656414478,20817,BETHESDA,143234.920079,403664948.588,38.996189145680184,-77.15220044157795,17.692999,72.05315,0.3,0.3,0.0,15.778518,117.1496,210524167152289961,2021-05-24 16:00:00,16,PM,144,0,Monday,0,5,May,2021,0,Unknown
DM8423002K,8E097FA8BDEE4790B2AAB11C9F2C3E8F,True,NO APPARENT INJURY,NONE,UNKNOWN,PASSENGER,PARKING,North,DISABLING,25,False,False,1,4595510051903263,210019633,Takoma Park Police Depart,Property Damage ,False,North,0,2,LEVEL,False,False,DRIVER,SAME DIR REAR END,WET,DAYLIGHT,NO CONTROLS,NON INTERSECTION,UNKNOWN,STRAIGHT,NO DEFECTS,"TWO-WAY, NOT DIVIDED",38.98443,-77.00450167,5812528152928271,3093445008027021,0,0,0,2021052416,7700204038982546,Honda,0,Unknown,Unknown,0.0,0.0,Unknown,Unknown,Unknown,0,0,MAPLE AVE,Municipality,LINCOLN AVE,Municipality,3093445008027021,20912,TAKOMA PARK,51232.0653417,65209197.2692,38.98254687160147,-77.00204079343348,17.348,72.46448,1.2,1.2,0.0,15.137133,115.34614,210524167002089825,2021-05-24 16:00:00,16,PM,144,0,Monday,0,5,May,2021,0,Unknown
MCP32470014,AD2230C50F0C466EB9572A5C847BBC3C,True,NO APPARENT INJURY,NONE,LOOKED BUT DID NOT SEE,PASSENGER,CHANGING LANES,North,DISABLING,35,False,False,2,7871367637348379,210019635,Montgomery County Police,Injury ,False,North,0,3,LEVEL,False,False,DRIVER,SAME DIRECTION LEFT TURN,WET,DAYLIGHT,OTHER,INTERSECTION,FOUR-WAY INTERSECTION,STRAIGHT,NO DEFECTS,"TWO-WAY, NOT DIVIDED",39.01046333,-77.04058333,8554262040045692,3141001782990517,0,0,0,2021052416,7703596439001907,Toyota,2018,RAV4,Small Sport Utility Vehicle 4WD,4.0,2.5,Automatic 6,AWD,Regular Gasoline,22,28,GEORGIA AVE,Maryland (State),WHITE OAK DR,County,3141001782990517,20910,SILVER SPRING,82846.1568889,126320091.137,39.00190768010143,-77.03596497235911,17.1465,72.427956,1.2,1.2,0.0,15.137133,115.34614,210524167035990019,2021-05-24 16:00:00,16,PM,144,0,Monday,0,5,May,2021,0,Unknown
MCP32470014,2D3EE2579E864734B883D6F73A309A2C,True,NO APPARENT INJURY,NONE,UNKNOWN,PASSENGER,MOVING CONSTANT SPEED,North,FUNCTIONAL,35,False,False,2,6312893571399229,210019635,Montgomery County Police,Injury ,False,North,0,3,LEVEL,False,False,DRIVER,SAME DIRECTION LEFT TURN,WET,DAYLIGHT,OTHER,INTERSECTION,FOUR-WAY INTERSECTION,STRAIGHT,NO DEFECTS,"TWO-WAY, NOT DIVIDED",39.01046333,-77.04058333,8554262040045692,3141001782990517,0,0,0,2021052416,7703596439001907,Chevrolet,0,Unknown,Unknown,0.0,0.0,Unknown,Unknown,Unknown,0,0,GEORGIA AVE,Maryland (State),WHITE OAK DR,County,3141001782990517,20910,SILVER SPRING,82846.1568889,126320091.137,39.00190768010143,-77.03596497235911,17.1465,72.427956,1.2,1.2,0.0,15.137133,115.34614,210524167035990019,2021-05-24 16:00:00,16,PM,144,0,Monday,0,5,May,2021,0,Unknown
HA2396000X,68C43438E7224F8CA0FE8B24662F72E0,True,NO APPARENT INJURY,NONE,NOT DISTRACTED,PASSENGER,MOVING CONSTANT SPEED,South,FUNCTIONAL,25,False,False,1,5952593093736806,21000960,Maryland-National Capital,Property Damage ,False,South,1,1,LEVEL,False,False,DRIVER,SINGLE VEHICLE,WET,DAYLIGHT,NO CONTROLS,NON INTERSECTION,UNKNOWN,CURVE LEFT,NO DEFECTS,"TWO-WAY, NOT DIVIDED",39.02606283,-77.09455183,1431569093396660,2696403938661764,0,0,0,2021052417,7707527239025656,Honda,1998,Accord,Midsize Cars,4.0,2.3,Automatic 4,FWD,Regular Gasoline,18,27,BEACH DR,Government,END BRIDGE,UNKNOWN,2696403938661764,20895,KENSINGTON,70838.1492765,106180148.023,39.02565657266069,-77.07527294437958,16.4955,82.715935,0.6,0.6,0.0,12.074766,116.56499,210524177075290256,2021-05-24 17:00:00,17,PM,144,0,Monday,0,5,May,2021,0,Unknown
MCP3226001C,FD47AF2C3CF4499EBEB660B1F2D14749,True,NO APPARENT INJURY,NONE,LOOKED BUT DID NOT SEE,PASSENGER,MOVING CONSTANT SPEED,South,FUNCTIONAL,10,False,False,1,4595510051903263,210019649,Montgomery County Police,Property Damage ,True,UNKNOWN,0,0,UNKNOWN,True,True,DRIVER,OTHER,UNKNOWN,DAYLIGHT,NO CONTROLS,UNKNOWN,UNKNOWN,UNKNOWN,UNKNOWN,UNKNOWN,39.06169233,-77.04468317,7781945108562677,7781945108562677,0,0,0,2021052418,7705486039088590,Honda,0,Unknown,Unknown,0.0,0.0,Unknown,Unknown,Unknown,0,0,UNKNOWN,UNKNOWN,UNKNOWN,UNKNOWN,7781945108562677,20906,SILVER SPRING,133207.174949,359110751.771,39.08859082555049,-77.05486091907257,16.182499,86.5293,0.3,0.3,0.0,10.966713,113.19862,210524187054890885,2021-05-24 18:00:00,18,PM,144,0,Monday,0,5,May,2021,0,Unknown
MCP3228001L,7E79E07B019849DE913C7B7AADC794F6,True,POSSIBLE INJURY,NONE,NOT DISTRACTED,PASSENGER,MOVING CONSTANT SPEED,West,DISABLING,35,False,False,2,6148504864161450,210019656,Montgomery County Police,Injury ,False,West,2,2,GRADE DOWNHILL,False,False,DRIVER,SAME DIR REAR END,WET,DAYLIGHT,NO CONTROLS,INTERSECTION,T-INTERSECTION,STRAIGHT,NO DEFECTS,"TWO-WAY, DIVIDED, UNPROTECTED PAINTED MIN 4 FEET",38.99220165,-77.03102874,4570729910170239,2838165004721940,0,0,0,2021052419,7703596439001907,Honda,2009,CR-V,Sport Utility Vehicle - 2WD,4.0,2.4,Automatic 5,AWD,Regular Gasoline,20,26,EAST WEST HWY,Maryland (State),COLESVILLE RD,Maryland (State),2838165004721940,20910,SILVER SPRING,82846.1568889,126320091.137,39.00190768010143,-77.03596497235911,16.2965,84.59676,0.3,0.3,0.0,11.304229,127.23492,210524197035990019,2021-05-24 19:00:00,19,PM,144,0,Monday,0,5,May,2021,0,Unknown
MCP3228001L,7C02E450DD624561A23573174C9FDB3E,True,POSSIBLE INJURY,NONE,UNKNOWN,PASSENGER,SLOWING OR STOPPING,West,FUNCTIONAL,35,False,False,2,9811594910326043,210019656,Montgomery County Police,Injury ,False,West,2,2,GRADE DOWNHILL,False,False,DRIVER,SAME DIR REAR END,WET,DAYLIGHT,NO CONTROLS,INTERSECTION,T-INTERSECTION,STRAIGHT,NO DEFECTS,"TWO-WAY, DIVIDED, UNPROTECTED PAINTED MIN 4 FEET",38.99220165,-77.03102874,4570729910170239,2838165004721940,0,0,0,2021052419,7703596439001907,Nissan,2008,Rogue,Sport Utility Vehicle - 2WD,4.0,2.5,Automatic CVT,AWD,Regular Gasoline,21,26,EAST WEST HWY,Maryland (State),COLESVILLE RD,Maryland (State),2838165004721940,20910,SILVER SPRING,82846.1568889,126320091.137,39.00190768010143,-77.03596497235911,16.2965,84.59676,0.3,0.3,0.0,11.304229,127.23492,210524197035990019,2021-05-24 19:00:00,19,PM,144,0,Monday,0,5,May,2021,0,Unknown
MCP2085000K,BCF084F775E54B7B814117148F656C1E,True,NO APPARENT INJURY,UNKNOWN,UNKNOWN,EMERGENCY,UNKNOWN,UNKNOWN,SUPERFICIAL,25,False,False,1,3777471195858314,210019671,Montgomery County Police,Property Damage ,False,UNKNOWN,0,1,UNKNOWN,False,False,DRIVER,UNKNOWN,UNKNOWN,UNKNOWN,UNKNOWN,UNKNOWN,UNKNOWN,UNKNOWN,UNKNOWN,UNKNOWN,38.99122203,-77.09847687,6443147835241641,5569294071261699,0,0,0,2021052500,7710072538987731,Ford,2016,Explorer,Standard Sport Utility Vehicle 4WD,6.0,3.5,Automatic 6,AWD,Regular Gasoline,16,23,RUGBY AVE,UNKNOWN,WOODMONT AVE,UNKNOWN,5569294071261699,20814,BETHESDA,46411.6876883,47837334.4314,38.98773167577017,-77.10072590539887,13.9485,90.67742,0.0,0.0,0.0,9.585739,124.286934,210525007100789877,2021-05-25 00:00:00,0,AM,145,1,Tuesday,0,5,May,2021,0,Unknown
MCP3239001F,E0D30CA197D740288DF838456D788AAE,False,NO APPARENT INJURY,NONE,NOT DISTRACTED,PASSENGER,MOVING CONSTANT SPEED,South,DISABLING,40,False,False,2,4909102112133355,210019670,Montgomery County Police,Property Damage ,False,South,3,3,LEVEL,False,False,DRIVER,STRAIGHT MOVEMENT ANGLE,WET,DARK LIGHTS ON,NO CONTROLS,INTERSECTION RELATED,T-INTERSECTION,STRAIGHT,NO DEFECTS,"TWO-WAY, NOT DIVIDED",39.0309855,-76.98418825,8901981419077344,2068490210450865,0,0,0,2021052500,7698354239018293,Jeep,0,Unknown,Unknown,0.0,0.0,Unknown,Unknown,Unknown,0,0,NEW HAMPSHIRE AVE,Maryland (State),CRESTHAVEN DR,County,2068490210450865,20903,SILVER SPRING,50204.7192451,65972447.4483,39.01829365940637,-76.9835422251861,13.9845,96.17544,0.0,0.0,0.0,9.085988,123.6901,210525006983590182,2021-05-25 00:00:00,0,AM,145,1,Tuesday,0,5,May,2021,0,Unknown
MCP3239001F,E995E4DA22F84B4DB1ABBE2DA5D199AB,True,NO APPARENT INJURY,NONE,LOOKED BUT DID NOT SEE,PASSENGER,MAKING RIGHT TURN,East,DISABLING,40,False,False,2,8385899423333060,210019670,Montgomery County Police,Property Damage ,False,South,3,3,LEVEL,False,False,DRIVER,STRAIGHT MOVEMENT ANGLE,WET,DARK LIGHTS ON,NO CONTROLS,INTERSECTION RELATED,T-INTERSECTION,STRAIGHT,NO DEFECTS,"TWO-WAY, NOT DIVIDED",39.0309855,-76.98418825,8901981419077344,2068490210450865,0,0,0,2021052500,7698354239018293,Volkswagen,0,Unknown,Unknown,0.0,0.0,Unknown,Unknown,Unknown,0,0,NEW HAMPSHIRE AVE,Maryland (State),CRESTHAVEN DR,County,2068490210450865,20903,SILVER SPRING,50204.7192451,65972447.4483,39.01829365940637,-76.9835422251861,13.9845,96.17544,0.0,0.0,0.0,9.085988,123.6901,210525006983590182,2021-05-25 00:00:00,0,AM,145,1,Tuesday,0,5,May,2021,0,Unknown
MCP2016005M,8FC4C267E4B44186AF8401B1B8D4FFB4,True,NO APPARENT INJURY,NONE,NOT DISTRACTED,PASSENGER,CHANGING LANES,North,FUNCTIONAL,55,False,False,2,8525273505217250,210019686,Montgomery County Police,Property Damage ,True,North,2,4,LEVEL,False,False,DRIVER,SAME DIRECTION SIDESWIPE,UNKNOWN,DAYLIGHT,UNKNOWN,UNKNOWN,UNKNOWN,OTHER,NO DEFECTS,"TWO-WAY, DIVIDED, POSITIVE MEDIAN BARRIER",39.01927664,-77.10396128,3407679307494955,6477653073943693,0,0,0,2021052506,7710519939016894,Toyota,2009,Camry,Midsize Cars,4.0,2.4,Automatic 5,FWD,Regular Gasoline,21,31,NO NAME,Interstate (State),DEMOCRACY BLVD,County,6477653073943693,20814,BETHESDA,58373.8630538,68540697.609,39.016894075883464,-77.10519990449882,13.8345,91.26679,0.0,0.0,0.0,5.904439,142.43134,210525067105190168,2021-05-25 06:00:00,6,AM,145,1,Tuesday,0,5,May,2021,0,Unknown
MCP2016005M,E9B616C7A76D47FBB5034A6ED69EBAC0,False,NO APPARENT INJURY,UNKNOWN,NOT DISTRACTED,PASSENGER,MOVING CONSTANT SPEED,North,FUNCTIONAL,55,False,False,2,1557048930682314,210019686,Montgomery County Police,Property Damage ,True,North,2,4,LEVEL,False,False,DRIVER,SAME DIRECTION SIDESWIPE,UNKNOWN,DAYLIGHT,UNKNOWN,UNKNOWN,UNKNOWN,OTHER,NO DEFECTS,"TWO-WAY, DIVIDED, POSITIVE MEDIAN BARRIER",39.01927664,-77.10396128,3407679307494955,6477653073943693,0,0,0,2021052506,7710519939016894,Kia,2016,Soul,Small Station Wagons,4.0,1.6,Automatic 6,FWD,Regular Gasoline,24,30,NO NAME,Interstate (State),DEMOCRACY BLVD,County,6477653073943693,20814,BETHESDA,58373.8630538,68540697.609,39.016894075883464,-77.10519990449882,13.8345,91.26679,0.0,0.0,0.0,5.904439,142.43134,210525067105190168,2021-05-25 06:00:00,6,AM,145,1,Tuesday,0,5,May,2021,0,Unknown
MCP30380054,A060214289C04CDBA0516DC5F1964660,True,NO APPARENT INJURY,UNKNOWN,LOOKED BUT DID NOT SEE,PASSENGER,PARKING,North,SUPERFICIAL,10,False,False,1,7871367637348379,210019805,Montgomery County Police,Property Damage ,True,UNKNOWN,0,0,UNKNOWN,True,True,DRIVER,OTHER,UNKNOWN,DAYLIGHT,NO CONTROLS,UNKNOWN,UNKNOWN,UNKNOWN,UNKNOWN,UNKNOWN,39.0799002,-77.07244149,7781945108562677,7781945108562677,0,0,0,2021052517,7705486039088590,Toyota,2018,RAV4,Small Sport Utility Vehicle 4WD,4.0,2.5,Automatic 6,AWD,Regular Gasoline,22,28,UNKNOWN,UNKNOWN,UNKNOWN,UNKNOWN,7781945108562677,20906,SILVER SPRING,133207.174949,359110751.771,39.08859082555049,-77.05486091907257,24.832499,59.779606,0.0,0.0,0.0,12.864649,162.07199,210525177054890885,2021-05-25 17:00:00,17,PM,145,1,Tuesday,0,5,May,2021,0,Unknown