ReportNumber,VehicleCrashKey,DriverAtFault,DriverInjurySeverity,DriverSubstanceAbuse,DriverDistractedBy,VehicleType,VehicleMovement,VehicleGoingDir,VehicleDamageExtent,SpeedLimit,ParkedVehicle,SubstanceAbuseContributed,VehiclesCrashedTotal,VehicleKey,LocalCaseNumber,AgencyName,ACRSReportType,HitRun,LaneDirection,LaneNumber,NumberOfLanes,RoadGrade,NonTraffic,OffRoadIncident,AccidentAtFault,CollisionType,SurfaceCondition,Light,TrafficControl,Junction,IntersectionType,RoadAlignment,RoadCondition,RoadDivision,Latitude,Longitude,RoadKey_x,CrossStreetKey,NonMotoristTotal,NonMotoristInjury,NonMotoristFatal,DateHourKey,LocationAreaKey,Make,Year_x,BaseModel,BodyClass,Cylinders,Displacement,Transmission,Drivetrain,FuelType,CityMPG,HighwayMPG,RoadName_x,RouteType_x,RoadName_y,RouteType_y,RoadKey_y,Zipcode,MailCity,ShapeLength,ShapeArea,CentroidLatitude,CentroidLongitude,Temperature,Humidity,Precipitation,Rain,Snow,WindSpeed,WindDirection,WeatherKey,Datetime,Hour,TimeOfDay,DayNumber,WeekDayNumber,WeekDayName,WeekendFlag,MonthNumber,MonthName,Year_y,HolidayFlag,HolidayName
MCP32270028,D7CB212F453249B7B5A1764DD66276F6,False,NO APPARENT INJURY,NONE,NOT DISTRACTED,PASSENGER,SLOWING OR STOPPING,North,FUNCTIONAL,35,False,False,2,8319853137118611,210019788,Montgomery County Police,Property Damage ,False,North,3,3,GRADE DOWNHILL,False,False,DRIVER,SAME DIR REAR END,DRY,DAYLIGHT,UNKNOWN,UNKNOWN,UNKNOWN,STRAIGHT,NO DEFECTS,"TWO-WAY, DIVIDED, UNPROTECTED PAINTED MIN 4 FEET",39.01194265,-77.04141844,8554262040045692,6642601588594235,0,0,0,2021052517,7703596439001907,Chevrolet,2009,Van 1500,"Vans, Cargo Type",8.0,5.3,Automatic 4,RWD,Regular Gasoline,14,16,GEORGIA AVE,Maryland (State),RAMP 4 FR MD 97 NB TO IS 495 EB,Ramp,6642601588594235,20910,SILVER SPRING,82846.1568889,126320091.137,39.00190768010143,-77.03596497235911,25.3965,58.410168,0.0,0.0,0.0,13.679999,180.0,210525177035990019,2021-05-25 17:00:00,17,PM,145,1,Tuesday,0,5,May,2021,0,Unknown
MCP32270028,C6EC92F68619474D9C0279F413F56C77,True,NO APPARENT INJURY,NONE,UNKNOWN,PASSENGER,MOVING CONSTANT SPEED,North,FUNCTIONAL,35,False,False,2,2815627368005804,210019788,Montgomery County Police,Property Damage ,False,North,3,3,GRADE DOWNHILL,False,False,DRIVER,SAME DIR REAR END,DRY,DAYLIGHT,UNKNOWN,UNKNOWN,UNKNOWN,STRAIGHT,NO DEFECTS,"TWO-WAY, DIVIDED, UNPROTECTED PAINTED MIN 4 FEET",39.01194265,-77.04141844,8554262040045692,6642601588594235,0,0,0,2021052517,7703596439001907,Honda,2016,Accord,Midsize Cars,4.0,2.4,Automatic 6,FWD,Regular Gasoline,21,33,GEORGIA AVE,Maryland (State),RAMP 4 FR MD 97 NB TO IS 495 EB,Ramp,6642601588594235,20910,SILVER SPRING,82846.1568889,126320091.137,39.00190768010143,-77.03596497235911,25.3965,58.410168,0.0,0.0,0.0,13.679999,180.0,210525177035990019,2021-05-25 17:00:00,17,PM,145,1,Tuesday,0,5,May,2021,0,Unknown
MCP30500052,B14AEA1440D345E1AF270CB9A7FD5C33,False,NO APPARENT INJURY,NONE,NOT DISTRACTED,PASSENGER,MOVING CONSTANT SPEED,West,DISABLING,35,False,False,2,1032942982220636,210019806,Montgomery County Police,Property Damage ,False,East,1,2,LEVEL,False,False,DRIVER,STRAIGHT MOVEMENT ANGLE,DRY,DAYLIGHT,TRAFFIC SIGNAL,INTERSECTION,FOUR-WAY INTERSECTION,STRAIGHT,NO DEFECTS,"TWO-WAY, DIVIDED, POSITIVE MEDIAN BARRIER",39.05624167,-77.08244333,8073720238398338,9290911226978796,0,0,0,2021052519,7705486039088590,Toyota,2012,Corolla,Compact Cars,4.0,1.8,Automatic 4,FWD,Regular Gasoline,26,33,RANDOLPH RD,County,VEIRS MILL RD,Maryland (State),9290911226978796,20906,SILVER SPRING,133207.174949,359110751.771,39.08859082555049,-77.05486091907257,24.432499,64.20888,0.0,0.0,0.0,10.495713,157.8336,210525197054890885,2021-05-25 19:00:00,19,PM,145,1,Tuesday,0,5,May,2021,0,Unknown
MCP30500052,313238B2A3BB42FC8EAF8DAD42594CD1,True,NO APPARENT INJURY,NONE,OTHER DISTRACTION,PASSENGER,MOVING CONSTANT SPEED,East,FUNCTIONAL,35,False,False,2,1374907379595124,210019806,Montgomery County Police,Property Damage ,False,East,1,2,LEVEL,False,False,DRIVER,STRAIGHT MOVEMENT ANGLE,DRY,DAYLIGHT,TRAFFIC SIGNAL,INTERSECTION,FOUR-WAY INTERSECTION,STRAIGHT,NO DEFECTS,"TWO-WAY, DIVIDED, POSITIVE MEDIAN BARRIER",39.05624167,-77.08244333,8073720238398338,9290911226978796,0,0,0,2021052519,7705486039088590,Toyota,2005,Sienna,Minivan - 2WD,6.0,3.3,Automatic 5,AWD,Regular Gasoline,16,22,RANDOLPH RD,County,VEIRS MILL RD,Maryland (State),9290911226978796,20906,SILVER SPRING,133207.174949,359110751.771,39.08859082555049,-77.05486091907257,24.432499,64.20888,0.0,0.0,0.0,10.495713,157.8336,210525197054890885,2021-05-25 19:00:00,19,PM,145,1,Tuesday,0,5,May,2021,0,Unknown
DM85010005,799C127688724CDFB6FF70124D08FD4E,False,NO APPARENT INJURY,NONE,NOT DISTRACTED,PASSENGER,MOVING CONSTANT SPEED,South,FUNCTIONAL,35,False,False,2,195013396630891,210019810,Takoma Park Police Depart,Property Damage ,True,South,2,4,LEVEL,False,False,DRIVER,SAME DIRECTION LEFT TURN,DRY,DAYLIGHT,TRAFFIC SIGNAL,INTERSECTION,FOUR-WAY INTERSECTION,STRAIGHT,NO DEFECTS,"TWO-WAY, DIVIDED, UNPROTECTED PAINTED MIN 4 FEET",38.97532244,-76.99422409,8901981419077344,5475922897037119,0,0,0,2021052519,7700204038982546,Hyundai,2019,Accent,Compact Cars,4.0,1.6,Automatic 6,FWD,Regular Gasoline,28,37,NEW HAMPSHIRE AVE,Maryland (State),EAST WEST HWY (PG CO),Maryland (State),5475922897037119,20912,TAKOMA PARK,51232.0653417,65209197.2692,38.98254687160147,-77.00204079343348,24.798,63.081493,0.0,0.0,0.0,13.0447235,152.02061,210525197002089825,2021-05-25 19:00:00,19,PM,145,1,Tuesday,0,5,May,2021,0,Unknown
DM85010005,FAA34912FB9F404BB7F8C659D9C7EECC,True,NO APPARENT INJURY,UNKNOWN,UNKNOWN,PASSENGER,CHANGING LANES,South,SUPERFICIAL,35,False,False,2,169882084379467,210019810,Takoma Park Police Depart,Property Damage ,True,South,2,4,LEVEL,False,False,DRIVER,SAME DIRECTION LEFT TURN,DRY,DAYLIGHT,TRAFFIC SIGNAL,INTERSECTION,FOUR-WAY INTERSECTION,STRAIGHT,NO DEFECTS,"TWO-WAY, DIVIDED, UNPROTECTED PAINTED MIN 4 FEET",38.97532244,-76.99422409,8901981419077344,5475922897037119,0,0,0,2021052519,7700204038982546,Hyundai,2017,Sonata,Large Cars,4.0,2.0,Automatic 6,FWD,Regular Gasoline,25,36,NEW HAMPSHIRE AVE,Maryland (State),EAST WEST HWY (PG CO),Maryland (State),5475922897037119,20912,TAKOMA PARK,51232.0653417,65209197.2692,38.98254687160147,-77.00204079343348,24.798,63.081493,0.0,0.0,0.0,13.0447235,152.02061,210525197002089825,2021-05-25 19:00:00,19,PM,145,1,Tuesday,0,5,May,2021,0,Unknown
MCP32300022,BA247545F81A4D31BC2FD32607253B2A,False,NO APPARENT INJURY,NONE,NOT DISTRACTED,PASSENGER,MOVING CONSTANT SPEED,South,DISABLING,30,False,False,2,2815627368005804,210019936,Montgomery County Police,Property Damage ,False,South,0,3,LEVEL,False,False,DRIVER,SAME DIRECTION SIDESWIPE,DRY,DAYLIGHT,NO CONTROLS,NON INTERSECTION,UNKNOWN,STRAIGHT,NO DEFECTS,"TWO-WAY, NOT DIVIDED",39.08029483,-77.07949,4115245564239867,1627793738140795,0,0,0,2021052615,7705486039088590,Honda,2016,Accord,Midsize Cars,4.0,2.4,Automatic 6,FWD,Regular Gasoline,21,33,ASPEN HILL RD,County,CONNECTICUT AVE,Maryland (State),1627793738140795,20906,SILVER SPRING,133207.174949,359110751.771,39.08859082555049,-77.05486091907257,29.932499,50.780666,0.2,0.2,0.0,14.336861,208.49554,210526157054890885,2021-05-26 15:00:00,15,PM,146,2,Wednesday,0,5,May,2021,0,Unknown
MCP32300022,63D16F2AC9A044978855D150842CD7A4,True,NO APPARENT INJURY,NONE,NOT DISTRACTED,PASSENGER,MOVING CONSTANT SPEED,South,DISABLING,30,False,False,2,2815627485449137,210019936,Montgomery County Police,Property Damage ,False,South,0,3,LEVEL,False,False,DRIVER,SAME DIRECTION SIDESWIPE,DRY,DAYLIGHT,NO CONTROLS,NON INTERSECTION,UNKNOWN,STRAIGHT,NO DEFECTS,"TWO-WAY, NOT DIVIDED",39.08029483,-77.07949,4115245564239867,1627793738140795,0,0,0,2021052615,7705486039088590,Honda,2019,Accord,Large Cars,4.0,2.0,Automatic 10,FWD,Regular Gasoline,22,32,ASPEN HILL RD,County,CONNECTICUT AVE,Maryland (State),1627793738140795,20906,SILVER SPRING,133207.174949,359110751.771,39.08859082555049,-77.05486091907257,29.932499,50.780666,0.2,0.2,0.0,14.336861,208.49554,210526157054890885,2021-05-26 15:00:00,15,PM,146,2,Wednesday,0,5,May,2021,0,Unknown
MCP3004003Y,C9E498EECB844C6BB00FF704E2A726D2,True,NO APPARENT INJURY,NONE,LOOKED BUT DID NOT SEE,PASSENGER,MAKING LEFT TURN,South,FUNCTIONAL,35,False,False,2,2220025418469611,210019946,Montgomery County Police,Injury ,False,North,3,3,LEVEL,False,False,DRIVER,HEAD ON LEFT TURN,DRY,DAYLIGHT,NO CONTROLS,INTERSECTION,T-INTERSECTION,STRAIGHT,NO DEFECTS,"TWO-WAY, DIVIDED, POSITIVE MEDIAN BARRIER",38.989045,-77.07673,1627793738140795,8175980742959294,0,0,0,2021052616,7707842038983818,Volkswagen,2016,Jetta,Compact Cars,4.0,1.4,Automatic 6,FWD,Regular Gasoline,25,33,CONNECTICUT AVE,Maryland (State),CLUB DR,County,8175980742959294,20815,CHEVY CHASE,78258.2702851,151813895.483,38.98381860627773,-77.07842006190148,26.6745,69.88884,0.8,0.8,0.0,11.440978,257.27563,210526167078489838,2021-05-26 16:00:00,16,PM,146,2,Wednesday,0,5,May,2021,0,Unknown
MCP3004003Y,3D7710AD99A34B79A6EACFF4E3A30D44,False,POSSIBLE INJURY,NONE,NOT DISTRACTED,PASSENGER,MOVING CONSTANT SPEED,North,DISABLING,35,False,False,2,169882050824229,210019946,Montgomery County Police,Injury ,False,North,3,3,LEVEL,False,False,DRIVER,HEAD ON LEFT TURN,DRY,DAYLIGHT,NO CONTROLS,INTERSECTION,T-INTERSECTION,STRAIGHT,NO DEFECTS,"TWO-WAY, DIVIDED, POSITIVE MEDIAN BARRIER",38.989045,-77.07673,1627793738140795,8175980742959294,0,0,0,2021052616,7707842038983818,Hyundai,2019,Sonata,Large Cars,4.0,2.0,Automatic 6,FWD,Regular Gasoline,23,32,CONNECTICUT AVE,Maryland (State),CLUB DR,County,8175980742959294,20815,CHEVY CHASE,78258.2702851,151813895.483,38.98381860627773,-77.07842006190148,26.6745,69.88884,0.8,0.8,0.0,11.440978,257.27563,210526167078489838,2021-05-26 16:00:00,16,PM,146,2,Wednesday,0,5,May,2021,0,Unknown
MCP31120055,A8F92CE2C854490FB9BFD5B97D554100,True,NO APPARENT INJURY,UNKNOWN,UNKNOWN,PASSENGER,MAKING LEFT TURN,UNKNOWN,UNKNOWN,0,False,False,1,3472377568931576,210020093,Montgomery County Police,Property Damage ,True,UNKNOWN,0,0,UNKNOWN,True,True,DRIVER,OTHER,UNKNOWN,DAYLIGHT,UNKNOWN,UNKNOWN,UNKNOWN,UNKNOWN,UNKNOWN,UNKNOWN,38.97967637,-77.09905718,7781945108562677,7781945108562677,0,0,0,2021052617,7710072538987731,Ram,2016,1500,Standard Pickup Trucks 2WD,6.0,5.7,Automatic 8,RWD,Midgrade Gasoline,15,25,UNKNOWN,UNKNOWN,UNKNOWN,UNKNOWN,7781945108562677,20814,BETHESDA,46411.6876883,47837334.4314,38.98773167577017,-77.10072590539887,28.3485,60.028915,0.0,0.0,0.0,10.594036,189.78233,210526177100789877,2021-05-26 17:00:00,17,PM,146,2,Wednesday,0,5,May,2021,0,Unknown
MCP3084004Q,3C344495C6F641D2A8ADC343C8E727CB,True,NO APPARENT INJURY,UNKNOWN,UNKNOWN,PASSENGER,UNKNOWN,UNKNOWN,UNKNOWN,25,False,False,1,3233063173565461,210020045,Montgomery County Police,Property Damage ,True,North,1,1,LEVEL,False,False,DRIVER,UNKNOWN,DRY,DAYLIGHT,NO CONTROLS,NON INTERSECTION,UNKNOWN,STRAIGHT,NO DEFECTS,"TWO-WAY, NOT DIVIDED",39.02980833,-77.08988333,4027085361208979,7490544442044479,0,0,0,2021052619,7710519939016894,Toyota,0,Unknown,Unknown,0.0,0.0,Unknown,Unknown,Unknown,0,0,WEYMOUTH ST,Municipality,OXFORD ST,Municipality,7490544442044479,20814,BETHESDA,58373.8630538,68540697.609,39.016894075883464,-77.10519990449882,27.2845,65.42091,0.1,0.1,0.0,7.8954163,245.77226,210526197105190168,2021-05-26 19:00:00,19,PM,146,2,Wednesday,0,5,May,2021,0,Unknown
MCP9386008P,B2D1B5BA30CD4D5F81FF161C8960F3CC,False,NO APPARENT INJURY,NONE,NOT DISTRACTED,MOTORCYCLE,MOVING CONSTANT SPEED,East,FUNCTIONAL,35,False,False,1,8344577877422758,210020005,Montgomery County Police,Property Damage ,False,East,1,2,HILL UPHILL,False,False,UNKNOWN,SINGLE VEHICLE,WET,DAWN,UNKNOWN,NON INTERSECTION,UNKNOWN,STRAIGHT,NO DEFECTS,"TWO-WAY, NOT DIVIDED",38.96752983,-77.1269005,7737340436593800,4534450561785329,0,0,0,2021052705,7711806238956479,Cadillac,2010,Limousine,Large Cars,8.0,4.6,Automatic 4,FWD,Regular Gasoline,12,18,MASSACHUSETTS AVE,Maryland (State),GOLDSBORO RD,Maryland (State),4534450561785329,20816,BETHESDA,58716.1248449,117565480.431,38.95647982277882,-77.11806249046538,19.9475,83.92183,0.0,0.0,0.0,11.592894,306.15826,210527057118089564,2021-05-27 05:00:00,5,AM,147,3,Thursday,0,5,May,2021,0,Unknown
MCP3055002W,7C39DF18D2124DF8B69AB0DA7E768B4E,False,NO APPARENT INJURY,UNKNOWN,NOT DISTRACTED,PASSENGER,MOVING CONSTANT SPEED,West,SUPERFICIAL,35,False,False,2,2781967185194711,210020009,Montgomery County Police,Property Damage ,False,West,1,2,GRADE DOWNHILL,False,False,DRIVER,OTHER,DRY,DAYLIGHT,TRAFFIC SIGNAL,INTERSECTION RELATED,FOUR-WAY INTERSECTION,STRAIGHT,NO DEFECTS,"TWO-WAY, NOT DIVIDED",39.09138667,-77.04712167,3786639377990067,6376360919158303,0,0,0,2021052706,7705486039088590,Ford,2003,F150,Standard Pickup Trucks 2WD,8.0,5.4,Automatic 4,RWD,Regular Gasoline,13,17,BEL PRE RD,County,PARKER FARM WAY,Other Public Roadway,6376360919158303,20906,SILVER SPRING,133207.174949,359110751.771,39.08859082555049,-77.05486091907257,18.7825,89.29218,0.0,0.0,0.0,12.599998,306.86996,210527067054890885,2021-05-27 06:00:00,6,AM,147,3,Thursday,0,5,May,2021,0,Unknown
MCP3055002W,A47063C3A6794C619F7A3977B3B553FA,True,NO APPARENT INJURY,UNKNOWN,NOT DISTRACTED,TRUCK,MOVING CONSTANT SPEED,West,NO DAMAGE,35,False,False,2,8278686888605801,210020009,Montgomery County Police,Property Damage ,False,West,1,2,GRADE DOWNHILL,False,False,DRIVER,OTHER,DRY,DAYLIGHT,TRAFFIC SIGNAL,INTERSECTION RELATED,FOUR-WAY INTERSECTION,STRAIGHT,NO DEFECTS,"TWO-WAY, NOT DIVIDED",39.09138667,-77.04712167,3786639377990067,6376360919158303,0,0,0,2021052706,7705486039088590,Ram,0,Unknown,Unknown,0.0,0.0,Unknown,Unknown,Unknown,0,0,BEL PRE RD,County,PARKER FARM WAY,Other Public Roadway,6376360919158303,20906,SILVER SPRING,133207.174949,359110751.771,39.08859082555049,-77.05486091907257,18.7825,89.29218,0.0,0.0,0.0,12.599998,306.86996,210527067054890885,2021-05-27 06:00:00,6,AM,147,3,Thursday,0,5,May,2021,0,Unknown
DM84770012,24C4E96B8AC046C39881F09B08253180,False,NO APPARENT INJURY,NONE,NOT DISTRACTED,BUS,STOPPED IN TRAFFIC LANE,North,SUPERFICIAL,15,False,False,2,6691677547236723,210020026,Takoma Park Police Depart,Property Damage ,True,North,1,1,HILL UPHILL,False,False,DRIVER,OTHER,DRY,DAYLIGHT,NO CONTROLS,UNKNOWN,UNKNOWN,STRAIGHT,NO DEFECTS,"TWO-WAY, NOT DIVIDED",38.9815335,-76.99586004,8127040603275407,7248835168364805,0,0,0,2021052709,7700204038982546,Thomas,0,Unknown,Unknown,0.0,0.0,Unknown,Unknown,Unknown,0,0,FLOWER AVE,Municipality,GARLAND AVE,Municipality,7248835168364805,20912,TAKOMA PARK,51232.0653417,65209197.2692,38.98254687160147,-77.00204079343348,23.498,68.19914,0.0,0.0,0.0,12.984975,316.1232,210527097002089825,2021-05-27 09:00:00,9,AM,147,3,Thursday,0,5,May,2021,0,Unknown
DM84770012,586DB32B29484A90A52E73899BCEBF25,True,NO APPARENT INJURY,UNKNOWN,UNKNOWN,PASSENGER,PASSING,South,UNKNOWN,15,False,False,2,3851345364151993,210020026,Takoma Park Police Depart,Property Damage ,True,North,1,1,HILL UPHILL,False,False,DRIVER,OTHER,DRY,DAYLIGHT,NO CONTROLS,UNKNOWN,UNKNOWN,STRAIGHT,NO DEFECTS,"TWO-WAY, NOT DIVIDED",38.9815335,-76.99586004,8127040603275407,7248835168364805,0,0,0,2021052709,7700204038982546,Mercedes-Benz,2015,ML-Class,Standard Sport Utility Vehicle 4WD,6.0,3.5,Automatic 7,4WD,Premium Gasoline,18,22,FLOWER AVE,Municipality,GARLAND AVE,Municipality,7248835168364805,20912,TAKOMA PARK,51232.0653417,65209197.2692,38.98254687160147,-77.00204079343348,23.498,68.19914,0.0,0.0,0.0,12.984975,316.1232,210527097002089825,2021-05-27 09:00:00,9,AM,147,3,Thursday,0,5,May,2021,0,Unknown
MCP3200002S,A28E1C1680824E4AB40F6A3E6DF545FD,True,NO APPARENT INJURY,NONE,UNKNOWN,PASSENGER,MOVING CONSTANT SPEED,North,DISABLING,35,False,False,2,8928596689942898,210020056,Montgomery County Police,Property Damage ,False,North,1,3,LEVEL,False,False,DRIVER,SAME DIRECTION SIDESWIPE,DRY,DAYLIGHT,NO CONTROLS,UNKNOWN,UNKNOWN,STRAIGHT,NO DEFECTS,"TWO-WAY, DIVIDED, POSITIVE MEDIAN BARRIER",39.01826567,-77.1014275,5925405510732472,5490281782539181,0,0,0,2021052712,7710519939016894,Porsche,2018,Macan,Small Sport Utility Vehicle 4WD,6.0,3.0,Automatic 7,AWD,Premium Gasoline,17,23,ROCKVILLE PIKE,Maryland (State),RAMP 1 FR MD 355 NB TO IS 495 WB,Ramp,5490281782539181,20814,BETHESDA,58373.8630538,68540697.609,39.016894075883464,-77.10519990449882,27.0345,44.11892,0.0,0.0,0.0,11.753876,310.0302,210527127105190168,2021-05-27 12:00:00,12,PM,147,3,Thursday,0,5,May,2021,0,Unknown
MCP3200002S,07010DD4E2EC4C3E94EC7A1CCF2B771D,False,NO APPARENT INJURY,NONE,NOT DISTRACTED,PASSENGER,MOVING CONSTANT SPEED,North,FUNCTIONAL,35,False,False,2,451641799060264,210020056,Montgomery County Police,Property Damage ,False,North,1,3,LEVEL,False,False,DRIVER,SAME DIRECTION SIDESWIPE,DRY,DAYLIGHT,NO CONTROLS,UNKNOWN,UNKNOWN,STRAIGHT,NO DEFECTS,"TWO-WAY, DIVIDED, POSITIVE MEDIAN BARRIER",39.01826567,-77.1014275,5925405510732472,5490281782539181,0,0,0,2021052712,7710519939016894,Jeep,2007,Wrangler,Sport Utility Vehicle - 2WD,6.0,3.8,Automatic 4,AWD,Regular Gasoline,15,18,ROCKVILLE PIKE,Maryland (State),RAMP 1 FR MD 355 NB TO IS 495 WB,Ramp,5490281782539181,20814,BETHESDA,58373.8630538,68540697.609,39.016894075883464,-77.10519990449882,27.0345,44.11892,0.0,0.0,0.0,11.753876,310.0302,210527127105190168,2021-05-27 12:00:00,12,PM,147,3,Thursday,0,5,May,2021,0,Unknown
MCP31120056,298CF73519F5472886EF3C0BE6AAEBB7,True,NO APPARENT INJURY,UNKNOWN,UNKNOWN,PASSENGER,PARKING,UNKNOWN,UNKNOWN,0,False,False,1,6171912110486182,210020086,Montgomery County Police,Property Damage ,True,UNKNOWN,0,0,UNKNOWN,True,True,DRIVER,OTHER,UNKNOWN,DAYLIGHT,UNKNOWN,UNKNOWN,UNKNOWN,UNKNOWN,UNKNOWN,UNKNOWN,38.97847827,-77.09008303,7781945108562677,7781945108562677,0,0,0,2021052715,7707842038983818,Volkswagen,2019,Tiguan,Small Sport Utility Vehicle 2WD,4.0,2.0,Automatic 8,AWD,Regular Gasoline,21,29,UNKNOWN,UNKNOWN,UNKNOWN,UNKNOWN,7781945108562677,20815,CHEVY CHASE,78258.2702851,151813895.483,38.98381860627773,-77.07842006190148,29.124498,32.803474,0.0,0.0,0.0,13.896187,306.57312,210527157078489838,2021-05-27 15:00:00,15,PM,147,3,Thursday,0,5,May,2021,0,Unknown
MCP30380053,DD05FDD964B14CB0A9741D369A23F7AD,True,NO APPARENT INJURY,UNKNOWN,UNKNOWN,PASSENGER,MAKING RIGHT TURN,West,UNKNOWN,30,False,False,1,8168321465439775,210020082,Montgomery County Police,Injury ,True,North,1,2,LEVEL,False,False,DRIVER,OTHER,DRY,DAYLIGHT,TRAFFIC SIGNAL,INTERSECTION RELATED,FOUR-WAY INTERSECTION,STRAIGHT,NO DEFECTS,"TWO-WAY, DIVIDED, UNPROTECTED PAINTED MIN 4 FEET",38.99552664,-77.02445613,6732058886739677,8825017167010994,1,1,0,2021052715,7703596439001907,Unknown,0,Unknown,Unknown,0.0,0.0,Unknown,Unknown,Unknown,0,0,FENTON ST,County,WAYNE AVE,County,8825017167010994,20910,SILVER SPRING,82846.1568889,126320091.137,39.00190768010143,-77.03596497235911,29.0465,32.78177,0.0,0.0,0.0,13.896187,306.57312,210527157035990019,2021-05-27 15:00:00,15,PM,147,3,Thursday,0,5,May,2021,0,Unknown
MCP3271000Z,3210A8C4CD434422A8EB8F744B7A233E,False,NO APPARENT INJURY,NONE,NOT DISTRACTED,PASSENGER,STOPPED IN TRAFFIC LANE,East,SUPERFICIAL,55,False,False,2,799640563657626,210020099,Montgomery County Police,Property Damage ,True,East,2,4,LEVEL,False,False,DRIVER,SAME DIR REAR END,DRY,DAYLIGHT,NO CONTROLS,NON INTERSECTION,UNKNOWN,STRAIGHT,NO DEFECTS,"TWO-WAY, DIVIDED, POSITIVE MEDIAN BARRIER",38.99507918,-77.15821706,2262757322158515,1363718650800826,0,0,0,2021052716,7715220038996189,Jeep,2012,Compass,Sport Utility Vehicle - 2WD,4.0,2.4,Automatic CVT,FWD,Regular Gasoline,23,27,CAPITAL BELTWAY,Interstate (State),RIVER RD,Maryland (State),1363718650800826,20817,BETHESDA,143234.920079,403664948.588,38.996189145680184,-77.15220044157795,29.343,31.476694,0.0,0.0,0.0,12.904882,337.01126,210527167152289961,2021-05-27 16:00:00,16,PM,147,3,Thursday,0,5,May,2021,0,Unknown
MCP3271000Z,5EE5695BDBCF41569CBA052E5DC0C015,True,NO APPARENT INJURY,UNKNOWN,UNKNOWN,PASSENGER,MOVING CONSTANT SPEED,East,SUPERFICIAL,55,False,False,2,2815627418338661,210020099,Montgomery County Police,Property Damage ,True,East,2,4,LEVEL,False,False,DRIVER,SAME DIR REAR END,DRY,DAYLIGHT,NO CONTROLS,NON INTERSECTION,UNKNOWN,STRAIGHT,NO DEFECTS,"TWO-WAY, DIVIDED, POSITIVE MEDIAN BARRIER",38.99507918,-77.15821706,2262757322158515,1363718650800826,0,0,0,2021052716,7715220038996189,Honda,2015,Accord,Midsize Cars,4.0,2.4,Automatic 6,FWD,Regular Gasoline,21,34,CAPITAL BELTWAY,Interstate (State),RIVER RD,Maryland (State),1363718650800826,20817,BETHESDA,143234.920079,403664948.588,38.996189145680184,-77.15220044157795,29.343,31.476694,0.0,0.0,0.0,12.904882,337.01126,210527167152289961,2021-05-27 16:00:00,16,PM,147,3,Thursday,0,5,May,2021,0,Unknown
MCP32710010,3BADBF4E2BA5422F851078F1D180CD88,True,POSSIBLE INJURY,NONE,UNKNOWN,PASSENGER,MOVING CONSTANT SPEED,East,DESTROYED,35,False,False,2,650507158634032,210020114,Montgomery County Police,Injury ,False,East,1,2,LEVEL,False,False,DRIVER,STRAIGHT MOVEMENT ANGLE,DRY,DAYLIGHT,STOP SIGN,INTERSECTION,T-INTERSECTION,STRAIGHT,NO DEFECTS,"TWO-WAY, DIVIDED, POSITIVE MEDIAN BARRIER",38.97054563,-77.11614968,1363718650800826,807010729639139,0,0,0,2021052719,7711806238956479,Audi,2016,A4,Compact Cars,4.0,2.0,Automatic 8,AWD,Premium Gasoline,21,30,RIVER RD,Maryland (State),OGDEN RD,County,807010729639139,20816,BETHESDA,58716.1248449,117565480.431,38.95647982277882,-77.11806249046538,27.6475,34.63014,0.0,0.0,0.0,9.0645685,6.842679,210527197118089564,2021-05-27 19:00:00,19,PM,147,3,Thursday,0,5,May,2021,0,Unknown
MCP32710010,75FF87C0178B47D8B2998B1CE2FBF73C,False,NO APPARENT INJURY,NONE,LOOKED BUT DID NOT SEE,PASSENGER,MAKING LEFT TURN,West,DISABLING,25,False,False,2,170151789765393,210020114,Montgomery County Police,Injury ,False,East,1,2,LEVEL,False,False,DRIVER,STRAIGHT MOVEMENT ANGLE,DRY,DAYLIGHT,STOP SIGN,INTERSECTION,T-INTERSECTION,STRAIGHT,NO DEFECTS,"TWO-WAY, DIVIDED, POSITIVE MEDIAN BARRIER",38.97054563,-77.11614968,1363718650800826,807010729639139,0,0,0,2021052719,7711806238956479,Jeep,2017,Wrangler,Small Sport Utility Vehicle 4WD,6.0,3.6,Automatic 5,4WD,Regular Gasoline,16,21,RIVER RD,Maryland (State),OGDEN RD,County,807010729639139,20816,BETHESDA,58716.1248449,117565480.431,38.95647982277882,-77.11806249046538,27.6475,34.63014,0.0,0.0,0.0,9.0645685,6.842679,210527197118089564,2021-05-27 19:00:00,19,PM,147,3,Thursday,0,5,May,2021,0,Unknown
MCP26120040,C738DFA387AA4BD1B98798B22FD54A72,False,NO APPARENT INJURY,NONE,UNKNOWN,PASSENGER,MOVING CONSTANT SPEED,East,SUPERFICIAL,30,False,False,2,3063454744957208,210020118,Montgomery County Police,Property Damage ,False,UNKNOWN,0,2,LEVEL,False,False,UNKNOWN,OTHER,DRY,DAYLIGHT,NO CONTROLS,UNKNOWN,UNKNOWN,STRAIGHT,NO DEFECTS,"TWO-WAY, NOT DIVIDED",39.07971667,-77.06524833,2242153826664605,8554262040045692,0,0,0,2021052719,7705486039088590,Ford,2019,F150,Standard Pickup Trucks 4WD,6.0,3.5,Automatic 10,4WD,Regular Gasoline,17,25,HEWITT AVE,County,GEORGIA AVE,Maryland (State),8554262040045692,20906,SILVER SPRING,133207.174949,359110751.771,39.08859082555049,-77.05486091907257,26.432499,41.166687,0.0,0.0,0.0,6.4799995,360.0,210527197054890885,2021-05-27 19:00:00,19,PM,147,3,Thursday,0,5,May,2021,0,Unknown