ReportNumber,VehicleCrashKey,DriverAtFault,DriverInjurySeverity,DriverSubstanceAbuse,DriverDistractedBy,VehicleType,VehicleMovement,VehicleGoingDir,VehicleDamageExtent,SpeedLimit,ParkedVehicle,SubstanceAbuseContributed,VehiclesCrashedTotal,VehicleKey,LocalCaseNumber,AgencyName,ACRSReportType,HitRun,LaneDirection,LaneNumber,NumberOfLanes,RoadGrade,NonTraffic,OffRoadIncident,AccidentAtFault,CollisionType,SurfaceCondition,Light,TrafficControl,Junction,IntersectionType,RoadAlignment,RoadCondition,RoadDivision,Latitude,Longitude,RoadKey_x,CrossStreetKey,NonMotoristTotal,NonMotoristInjury,NonMotoristFatal,DateHourKey,LocationAreaKey,Make,Year_x,BaseModel,BodyClass,Cylinders,Displacement,Transmission,Drivetrain,FuelType,CityMPG,HighwayMPG,RoadName_x,RouteType_x,RoadName_y,RouteType_y,RoadKey_y,Zipcode,MailCity,ShapeLength,ShapeArea,CentroidLatitude,CentroidLongitude,Temperature,Humidity,Precipitation,Rain,Snow,WindSpeed,WindDirection,WeatherKey,Datetime,Hour,TimeOfDay,DayNumber,WeekDayNumber,WeekDayName,WeekendFlag,MonthNumber,MonthName,Year_y,HolidayFlag,HolidayName
MCP26120040,08CCE147CBCB4463ACAE4DBBA3B71063,False,NO APPARENT INJURY,NONE,UNKNOWN,OTHER,MOVING CONSTANT SPEED,West,SUPERFICIAL,30,False,False,2,8690921057660712,210020118,Montgomery County Police,Property Damage ,False,UNKNOWN,0,2,LEVEL,False,False,UNKNOWN,OTHER,DRY,DAYLIGHT,NO CONTROLS,UNKNOWN,UNKNOWN,STRAIGHT,NO DEFECTS,"TWO-WAY, NOT DIVIDED",39.07971667,-77.06524833,2242153826664605,8554262040045692,0,0,0,2021052719,7705486039088590,Ford,2000,Windstar,Minivan - 2WD,6.0,3.0,Automatic 4,FWD,Regular Gasoline,15,21,HEWITT AVE,County,GEORGIA AVE,Maryland (State),8554262040045692,20906,SILVER SPRING,133207.174949,359110751.771,39.08859082555049,-77.05486091907257,26.432499,41.166687,0.0,0.0,0.0,6.4799995,360.0,210527197054890885,2021-05-27 19:00:00,19,PM,147,3,Thursday,0,5,May,2021,0,Unknown
DM8479000T,D3F480EE638B459ABC20533741BC4F76,False,NO APPARENT INJURY,NONE,UNKNOWN,OTHER,PARKED,UNKNOWN,SUPERFICIAL,0,True,False,2,3414161128511951,210020119,Takoma Park Police Depart,Property Damage ,True,UNKNOWN,0,0,UNKNOWN,True,True,UNKNOWN,OTHER,UNKNOWN,DAYLIGHT,NO CONTROLS,UNKNOWN,UNKNOWN,UNKNOWN,UNKNOWN,UNKNOWN,38.98765667,-76.987545,7781945108562677,7781945108562677,0,0,0,2021052719,7700204038982546,Hino,0,Unknown,Unknown,0.0,0.0,Unknown,Unknown,Unknown,0,0,UNKNOWN,UNKNOWN,UNKNOWN,UNKNOWN,7781945108562677,20912,TAKOMA PARK,51232.0653417,65209197.2692,38.98254687160147,-77.00204079343348,27.798,35.0196,0.0,0.0,0.0,9.422101,6.581848,210527197002089825,2021-05-27 19:00:00,19,PM,147,3,Thursday,0,5,May,2021,0,Unknown
DM8479000T,507C8AA4646C4AF59A8CEF5405AD9960,False,NO APPARENT INJURY,UNKNOWN,UNKNOWN,PASSENGER,STARTING FROM PARKED,North,UNKNOWN,5,False,False,2,1032942948665398,210020119,Takoma Park Police Depart,Property Damage ,True,UNKNOWN,0,0,UNKNOWN,True,True,UNKNOWN,OTHER,UNKNOWN,DAYLIGHT,NO CONTROLS,UNKNOWN,UNKNOWN,UNKNOWN,UNKNOWN,UNKNOWN,38.98765667,-76.987545,7781945108562677,7781945108562677,0,0,0,2021052719,7700204038982546,Toyota,2014,Corolla,Midsize Cars,4.0,1.8,Automatic CVT,FWD,Regular Gasoline,29,36,UNKNOWN,UNKNOWN,UNKNOWN,UNKNOWN,7781945108562677,20912,TAKOMA PARK,51232.0653417,65209197.2692,38.98254687160147,-77.00204079343348,27.798,35.0196,0.0,0.0,0.0,9.422101,6.581848,210527197002089825,2021-05-27 19:00:00,19,PM,147,3,Thursday,0,5,May,2021,0,Unknown
MCP30500053,7D772ADD48014088A022CCD90DCA599C,True,NO APPARENT INJURY,NONE,LOOKED BUT DID NOT SEE,PASSENGER,MOVING CONSTANT SPEED,West,DISABLING,30,False,False,1,7004010087536265,210020127,Montgomery County Police,Property Damage ,False,West,1,1,LEVEL,False,False,DRIVER,SINGLE VEHICLE,DRY,DARK NO LIGHTS,NO CONTROLS,NON INTERSECTION,UNKNOWN,STRAIGHT,NO DEFECTS,"TWO-WAY, DIVIDED, UNPROTECTED PAINTED MIN 4 FEET",39.07947,-77.06656167,2242153826664605,8554262040045692,0,0,0,2021052721,7705486039088590,Honda,2015,Civic,Compact Cars,4.0,1.8,Automatic CVT,FWD,Regular Gasoline,29,37,HEWITT AVE,County,GEORGIA AVE,Maryland (State),8554262040045692,20906,SILVER SPRING,133207.174949,359110751.771,39.08859082555049,-77.05486091907257,21.0325,72.4233,0.0,0.0,0.0,3.7585104,343.3007,210527217054890885,2021-05-27 21:00:00,21,PM,147,3,Thursday,0,5,May,2021,0,Unknown
MCP2892009D,51CDB3D93C4543EAB2A3963397B7EA21,True,NO APPARENT INJURY,NONE,NOT DISTRACTED,PASSENGER,ENTERING TRAFFIC LANE,South,DISABLING,35,False,False,2,5826783019741363,210020126,Montgomery County Police,Property Damage ,False,West,1,1,GRADE DOWNHILL,False,False,DRIVER,STRAIGHT MOVEMENT ANGLE,DRY,DARK LIGHTS ON,NO CONTROLS,INTERSECTION,T-INTERSECTION,STRAIGHT,NO DEFECTS,"TWO-WAY, NOT DIVIDED",39.00656667,-77.02638167,3912318926152506,7796389191317173,0,0,0,2021052721,7703596439001907,BMW,0,Unknown,Unknown,0.0,0.0,Unknown,Unknown,Unknown,0,0,DALE DR,County,HARVEY RD,County,7796389191317173,20910,SILVER SPRING,82846.1568889,126320091.137,39.00190768010143,-77.03596497235911,22.3465,62.53655,0.0,0.0,0.0,4.6938252,4.398633,210527217035990019,2021-05-27 21:00:00,21,PM,147,3,Thursday,0,5,May,2021,0,Unknown
MCP2892009D,26E0444F211547EDA78ED4A34CE2D4A9,False,NO APPARENT INJURY,NONE,NOT DISTRACTED,PASSENGER,MOVING CONSTANT SPEED,West,DISABLING,35,False,False,2,3233063173565461,210020126,Montgomery County Police,Property Damage ,False,West,1,1,GRADE DOWNHILL,False,False,DRIVER,STRAIGHT MOVEMENT ANGLE,DRY,DARK LIGHTS ON,NO CONTROLS,INTERSECTION,T-INTERSECTION,STRAIGHT,NO DEFECTS,"TWO-WAY, NOT DIVIDED",39.00656667,-77.02638167,3912318926152506,7796389191317173,0,0,0,2021052721,7703596439001907,Toyota,0,Unknown,Unknown,0.0,0.0,Unknown,Unknown,Unknown,0,0,DALE DR,County,HARVEY RD,County,7796389191317173,20910,SILVER SPRING,82846.1568889,126320091.137,39.00190768010143,-77.03596497235911,22.3465,62.53655,0.0,0.0,0.0,4.6938252,4.398633,210527217035990019,2021-05-27 21:00:00,21,PM,147,3,Thursday,0,5,May,2021,0,Unknown
MCP3144001N,29486DE6BF23439FAC6ED25418DF2CF9,False,NO APPARENT INJURY,NONE,NOT DISTRACTED,PASSENGER,MOVING CONSTANT SPEED,East,DESTROYED,25,False,False,1,114196037197622,210020131,Montgomery County Police,Property Damage ,False,East,2,2,LEVEL,False,False,UNKNOWN,OTHER,DRY,DARK LIGHTS ON,NO CONTROLS,NON INTERSECTION,UNKNOWN,STRAIGHT,NO DEFECTS,"TWO-WAY, NOT DIVIDED",39.03250667,-77.06856833,3952435617672010,1846989335145949,0,0,0,2021052721,7707527239025656,Toyota,2000,Avalon,Large Cars,6.0,3.0,Automatic 4,FWD,Regular Gasoline,19,27,FARRAGUT AVE,County,GLENWAY DR,County,1846989335145949,20895,KENSINGTON,70838.1492765,106180148.023,39.02565657266069,-77.07527294437958,21.5455,71.5969,0.0,0.0,0.0,4.3349743,355.23645,210527217075290256,2021-05-27 21:00:00,21,PM,147,3,Thursday,0,5,May,2021,0,Unknown
MCP2358008B,B0643B9F3076435D924D0EB144E2D8B5,True,NO APPARENT INJURY,NONE,NOT DISTRACTED,PASSENGER,MOVING CONSTANT SPEED,East,FUNCTIONAL,25,False,False,1,9992477215725817,210020198,Montgomery County Police,Property Damage ,False,West,1,1,LEVEL,False,False,DRIVER,SAME DIR REAR END,DRY,DAYLIGHT,NO CONTROLS,NON INTERSECTION,UNKNOWN,STRAIGHT,NO DEFECTS,"TWO-WAY, NOT DIVIDED",39.01072819,-77.1207989,4751386178895751,1127494225498693,0,0,0,2021052812,7715220038996189,Dodge,2018,Charger,Large Cars,6.0,3.6,Automatic 8,RWD,Regular Gasoline,15,25,WYNGATE DR,County,LINDALE DR,County,1127494225498693,20817,BETHESDA,143234.920079,403664948.588,38.996189145680184,-77.15220044157795,23.893,56.211395,0.0,0.0,0.0,17.31746,110.69553,210528127152289961,2021-05-28 12:00:00,12,PM,148,4,Friday,0,5,May,2021,0,Unknown
DM8386001G,71318B5203BC4231AE646010ECFB777A,True,NO APPARENT INJURY,NONE,UNKNOWN,PASSENGER,ACCELERATING,West,SUPERFICIAL,0,False,False,1,3642656644509459,210020216,Takoma Park Police Depart,Property Damage ,False,UNKNOWN,0,0,LEVEL,False,False,DRIVER,SINGLE VEHICLE,DRY,DAYLIGHT,UNKNOWN,UNKNOWN,UNKNOWN,UNKNOWN,NO DEFECTS,UNKNOWN,38.96711978,-77.00210908,8901981419077344,1917864160383177,0,0,0,2021052814,7700204038982546,Acura,2017,RDX,Small Sport Utility Vehicle 2WD,6.0,3.5,Automatic 6,AWD,Premium Gasoline,19,27,NEW HAMPSHIRE AVE,Maryland (State),IN CORP LMTS TAKOMA PARK,UNKNOWN,1917864160383177,20912,TAKOMA PARK,51232.0653417,65209197.2692,38.98254687160147,-77.00204079343348,23.098,64.94767,0.1,0.1,0.0,14.332341,101.59215,210528147002089825,2021-05-28 14:00:00,14,PM,148,4,Friday,0,5,May,2021,0,Unknown
MCP2652000G,38AACAEDA1164AB780B535AEA84DBAEB,False,NO APPARENT INJURY,NONE,NOT DISTRACTED,PASSENGER,STOPPED IN TRAFFIC LANE,North,FUNCTIONAL,35,False,False,3,2815627300895328,210020219,Montgomery County Police,Property Damage ,False,North,2,3,LEVEL,False,False,DRIVER,OTHER,WET,DAYLIGHT,NO CONTROLS,NON INTERSECTION,UNKNOWN,STRAIGHT,NO DEFECTS,"TWO-WAY, DIVIDED, POSITIVE MEDIAN BARRIER",38.99781412,-77.03015262,8554262040045692,8760747166704389,0,0,0,2021052814,7703596439001907,Honda,2012,Accord,Compact Cars,4.0,2.4,Automatic 5,FWD,Regular Gasoline,22,33,GEORGIA AVE,Maryland (State),CROSSOVER,UNKNOWN,8760747166704389,20910,SILVER SPRING,82846.1568889,126320091.137,39.00190768010143,-77.03596497235911,22.8965,64.9046,0.1,0.1,0.0,14.332341,101.59215,210528147035990019,2021-05-28 14:00:00,14,PM,148,4,Friday,0,5,May,2021,0,Unknown
MCP2652000G,CD9E1E527D7F4158BE108DC55A699950,True,NO APPARENT INJURY,NONE,NOT DISTRACTED,PASSENGER,STARTING FROM LANE,North,FUNCTIONAL,35,False,False,3,3063454761734827,210020219,Montgomery County Police,Property Damage ,False,North,2,3,LEVEL,False,False,DRIVER,OTHER,WET,DAYLIGHT,NO CONTROLS,NON INTERSECTION,UNKNOWN,STRAIGHT,NO DEFECTS,"TWO-WAY, DIVIDED, POSITIVE MEDIAN BARRIER",38.99781412,-77.03015262,8554262040045692,8760747166704389,0,0,0,2021052814,7703596439001907,Ford,2018,F150,Standard Pickup Trucks 4WD,6.0,5.0,Automatic 10,4WD,Regular Gasoline,16,25,GEORGIA AVE,Maryland (State),CROSSOVER,UNKNOWN,8760747166704389,20910,SILVER SPRING,82846.1568889,126320091.137,39.00190768010143,-77.03596497235911,22.8965,64.9046,0.1,0.1,0.0,14.332341,101.59215,210528147035990019,2021-05-28 14:00:00,14,PM,148,4,Friday,0,5,May,2021,0,Unknown
MCP2652000G,973F297F5DCB49F78FE57BB3440D21BF,False,NO APPARENT INJURY,NONE,NOT DISTRACTED,PASSENGER,STARTING FROM LANE,North,FUNCTIONAL,35,False,False,3,805691474398614,210020219,Montgomery County Police,Property Damage ,False,North,2,3,LEVEL,False,False,DRIVER,OTHER,WET,DAYLIGHT,NO CONTROLS,NON INTERSECTION,UNKNOWN,STRAIGHT,NO DEFECTS,"TWO-WAY, DIVIDED, POSITIVE MEDIAN BARRIER",38.99781412,-77.03015262,8554262040045692,8760747166704389,0,0,0,2021052814,7703596439001907,Kia,0,Unknown,Unknown,0.0,0.0,Unknown,Unknown,Unknown,0,0,GEORGIA AVE,Maryland (State),CROSSOVER,UNKNOWN,8760747166704389,20910,SILVER SPRING,82846.1568889,126320091.137,39.00190768010143,-77.03596497235911,22.8965,64.9046,0.1,0.1,0.0,14.332341,101.59215,210528147035990019,2021-05-28 14:00:00,14,PM,148,4,Friday,0,5,May,2021,0,Unknown
MCP3039005C,E721B01DC37A4B2FA6CDF20BB7A6F3A3,False,NO APPARENT INJURY,NONE,NOT DISTRACTED,PASSENGER,MOVING CONSTANT SPEED,West,SUPERFICIAL,30,False,False,2,5115928289713628,210016894,Montgomery County Police,Property Damage ,True,East,1,1,LEVEL,False,False,DRIVER,STRAIGHT MOVEMENT ANGLE,DRY,DAYLIGHT,NO CONTROLS,UNKNOWN,UNKNOWN,STRAIGHT,NO DEFECTS,"TWO-WAY, NOT DIVIDED",38.98953056,-77.02490849,8316392878101489,6732058886739677,0,0,0,2021052814,7703596439001907,Honda,2009,Pilot,Sport Utility Vehicle - 2WD,6.0,3.5,Automatic 5,AWD,Regular Gasoline,16,22,GIST AVE,County,FENTON ST,County,6732058886739677,20910,SILVER SPRING,82846.1568889,126320091.137,39.00190768010143,-77.03596497235911,22.8965,64.9046,0.1,0.1,0.0,14.332341,101.59215,210528147035990019,2021-05-28 14:00:00,14,PM,148,4,Friday,0,5,May,2021,0,Unknown
MCP3039005C,0867C6981785475B9290B33FDAF3B284,True,NO APPARENT INJURY,UNKNOWN,UNKNOWN,UNKNOWN,BACKING,UNKNOWN,UNKNOWN,30,False,False,2,8168321465439775,210016894,Montgomery County Police,Property Damage ,True,East,1,1,LEVEL,False,False,DRIVER,STRAIGHT MOVEMENT ANGLE,DRY,DAYLIGHT,NO CONTROLS,UNKNOWN,UNKNOWN,STRAIGHT,NO DEFECTS,"TWO-WAY, NOT DIVIDED",38.98953056,-77.02490849,8316392878101489,6732058886739677,0,0,0,2021052814,7703596439001907,Unknown,0,Unknown,Unknown,0.0,0.0,Unknown,Unknown,Unknown,0,0,GIST AVE,County,FENTON ST,County,6732058886739677,20910,SILVER SPRING,82846.1568889,126320091.137,39.00190768010143,-77.03596497235911,22.8965,64.9046,0.1,0.1,0.0,14.332341,101.59215,210528147035990019,2021-05-28 14:00:00,14,PM,148,4,Friday,0,5,May,2021,0,Unknown
MCP2767009C,69169CD814F84731B48F70AF9A119A0F,True,POSSIBLE INJURY,ALCOHOL,UNKNOWN,PASSENGER,MAKING RIGHT TURN,West,FUNCTIONAL,35,False,False,2,9324840584331195,210020265,Montgomery County Police,Injury ,True,North,3,3,LEVEL,False,False,DRIVER,STRAIGHT MOVEMENT ANGLE,DRY,DAYLIGHT,NO CONTROLS,INTERSECTION RELATED,T-INTERSECTION,CURVE LEFT,NO DEFECTS,"TWO-WAY, DIVIDED, POSITIVE MEDIAN BARRIER",39.05929376,-77.05014686,8554262040045692,1498137660831595,0,0,0,2021052817,7705486039088590,Acura,2004,TL,Midsize Cars,6.0,3.2,Automatic 5,FWD,Premium Gasoline,18,26,GEORGIA AVE,Maryland (State),LAYHILL RD,Maryland (State),1498137660831595,20906,SILVER SPRING,133207.174949,359110751.771,39.08859082555049,-77.05486091907257,19.432499,90.47509,1.1,1.1,0.0,14.440443,85.71093,210528177054890885,2021-05-28 17:00:00,17,PM,148,4,Friday,0,5,May,2021,0,Unknown
MCP2767009C,62C092DFEB8E4E8C802172D4A45ED23B,False,NO APPARENT INJURY,NONE,NOT DISTRACTED,PASSENGER,MOVING CONSTANT SPEED,North,SUPERFICIAL,35,False,False,2,5029281411012919,210020265,Montgomery County Police,Injury ,True,North,3,3,LEVEL,False,False,DRIVER,STRAIGHT MOVEMENT ANGLE,DRY,DAYLIGHT,NO CONTROLS,INTERSECTION RELATED,T-INTERSECTION,CURVE LEFT,NO DEFECTS,"TWO-WAY, DIVIDED, POSITIVE MEDIAN BARRIER",39.05929376,-77.05014686,8554262040045692,1498137660831595,0,0,0,2021052817,7705486039088590,Ford,2006,Mustang,Subcompact Cars,6.0,4.0,Automatic 5,RWD,Regular Gasoline,15,23,GEORGIA AVE,Maryland (State),LAYHILL RD,Maryland (State),1498137660831595,20906,SILVER SPRING,133207.174949,359110751.771,39.08859082555049,-77.05486091907257,19.432499,90.47509,1.1,1.1,0.0,14.440443,85.71093,210528177054890885,2021-05-28 17:00:00,17,PM,148,4,Friday,0,5,May,2021,0,Unknown
MCP29340047,6A1A1E7CE008464CA5E307904E8E0865,False,NO APPARENT INJURY,NONE,NOT DISTRACTED,PASSENGER,SLOWING OR STOPPING,North,FUNCTIONAL,35,False,False,2,7004010087536265,210019969,Montgomery County Police,Property Damage ,True,North,3,5,LEVEL,False,False,DRIVER,SAME DIR REAR END,DRY,DAYLIGHT,TRAFFIC SIGNAL,INTERSECTION RELATED,FOUR-WAY INTERSECTION,STRAIGHT,NO DEFECTS,"TWO-WAY, DIVIDED, POSITIVE MEDIAN BARRIER",39.00631465,-77.09748738,5925405510732472,5777913950568264,0,0,0,2021052817,7710519939016894,Honda,2015,Civic,Compact Cars,4.0,1.8,Automatic CVT,FWD,Regular Gasoline,29,37,ROCKVILLE PIKE,Maryland (State),CEDAR LA,County,5777913950568264,20814,BETHESDA,58373.8630538,68540697.609,39.016894075883464,-77.10519990449882,20.734499,84.01,0.4,0.4,0.0,14.869351,83.047134,210528177105190168,2021-05-28 17:00:00,17,PM,148,4,Friday,0,5,May,2021,0,Unknown
MCP29340047,0F411159294B4D0A99B5B837E8E407C4,True,NO APPARENT INJURY,UNKNOWN,UNKNOWN,UNKNOWN,UNKNOWN,North,UNKNOWN,35,False,False,2,1857375314848593,210019969,Montgomery County Police,Property Damage ,True,North,3,5,LEVEL,False,False,DRIVER,SAME DIR REAR END,DRY,DAYLIGHT,TRAFFIC SIGNAL,INTERSECTION RELATED,FOUR-WAY INTERSECTION,STRAIGHT,NO DEFECTS,"TWO-WAY, DIVIDED, POSITIVE MEDIAN BARRIER",39.00631465,-77.09748738,5925405510732472,5777913950568264,0,0,0,2021052817,7710519939016894,Nissan,2011,Murano,Sport Utility Vehicle - 4WD,6.0,3.5,Automatic CVT,AWD,Regular Gasoline,18,23,ROCKVILLE PIKE,Maryland (State),CEDAR LA,County,5777913950568264,20814,BETHESDA,58373.8630538,68540697.609,39.016894075883464,-77.10519990449882,20.734499,84.01,0.4,0.4,0.0,14.869351,83.047134,210528177105190168,2021-05-28 17:00:00,17,PM,148,4,Friday,0,5,May,2021,0,Unknown
MCP32470016,29A2B621A2E747DB976EA7C7DA628643,False,SUSPECTED MINOR INJURY,NONE,NOT DISTRACTED,PASSENGER,SLOWING OR STOPPING,East,SUPERFICIAL,35,False,False,3,6885860882013176,210020261,Montgomery County Police,Injury ,False,East,1,2,LEVEL,False,False,DRIVER,SAME DIR REAR END,DRY,DAYLIGHT,NO CONTROLS,UNKNOWN,UNKNOWN,CURVE LEFT,NO DEFECTS,"TWO-WAY, DIVIDED, POSITIVE MEDIAN BARRIER",38.99446,-77.02583167,8825017167010994,5660893524410086,0,0,0,2021052817,7703596439001907,Acura,2004,RSX,Subcompact Cars,4.0,2.0,Automatic 5,FWD,Regular Gasoline,21,28,WAYNE AVE,County,GEORGIA AVE,US (State),5660893524410086,20910,SILVER SPRING,82846.1568889,126320091.137,39.00190768010143,-77.03596497235911,20.9965,81.9523,0.6,0.6,0.0,14.458382,71.11382,210528177035990019,2021-05-28 17:00:00,17,PM,148,4,Friday,0,5,May,2021,0,Unknown
MCP32470016,521BD033D42F4F23821773A5FC62F468,False,NO APPARENT INJURY,NONE,NOT DISTRACTED,PASSENGER,MOVING CONSTANT SPEED,East,SUPERFICIAL,35,False,False,3,4595510051903263,210020261,Montgomery County Police,Injury ,False,East,1,2,LEVEL,False,False,DRIVER,SAME DIR REAR END,DRY,DAYLIGHT,NO CONTROLS,UNKNOWN,UNKNOWN,CURVE LEFT,NO DEFECTS,"TWO-WAY, DIVIDED, POSITIVE MEDIAN BARRIER",38.99446,-77.02583167,8825017167010994,5660893524410086,0,0,0,2021052817,7703596439001907,Honda,0,Unknown,Unknown,0.0,0.0,Unknown,Unknown,Unknown,0,0,WAYNE AVE,County,GEORGIA AVE,US (State),5660893524410086,20910,SILVER SPRING,82846.1568889,126320091.137,39.00190768010143,-77.03596497235911,20.9965,81.9523,0.6,0.6,0.0,14.458382,71.11382,210528177035990019,2021-05-28 17:00:00,17,PM,148,4,Friday,0,5,May,2021,0,Unknown
MCP32470016,9425D6EF8A704229ADD57A22F79E118A,True,NO APPARENT INJURY,NONE,UNKNOWN,PASSENGER,MOVING CONSTANT SPEED,East,SUPERFICIAL,35,False,False,3,6410422360593744,210020261,Montgomery County Police,Injury ,False,East,1,2,LEVEL,False,False,DRIVER,SAME DIR REAR END,DRY,DAYLIGHT,NO CONTROLS,UNKNOWN,UNKNOWN,CURVE LEFT,NO DEFECTS,"TWO-WAY, DIVIDED, POSITIVE MEDIAN BARRIER",38.99446,-77.02583167,8825017167010994,5660893524410086,0,0,0,2021052817,7703596439001907,Honda,2000,Prelude,Subcompact Cars,4.0,2.2,Automatic 4,FWD,Premium Gasoline,19,24,WAYNE AVE,County,GEORGIA AVE,US (State),5660893524410086,20910,SILVER SPRING,82846.1568889,126320091.137,39.00190768010143,-77.03596497235911,20.9965,81.9523,0.6,0.6,0.0,14.458382,71.11382,210528177035990019,2021-05-28 17:00:00,17,PM,148,4,Friday,0,5,May,2021,0,Unknown
MCP3228001Q,B03C5BC7B7664334872FFF824BD825E4,False,NO APPARENT INJURY,NONE,NOT DISTRACTED,EMERGENCY,SLOWING OR STOPPING,West,NO DAMAGE,35,False,False,2,3777471145525457,210020291,Montgomery County Police,Property Damage ,False,West,2,2,LEVEL,False,False,DRIVER,SAME DIR REAR END,WET,DAYLIGHT,TRAFFIC SIGNAL,INTERSECTION,FOUR-WAY INTERSECTION,STRAIGHT,NO DEFECTS,"TWO-WAY, DIVIDED, POSITIVE MEDIAN BARRIER",38.994581,-77.02666642,8825017167010994,5660893524410086,0,0,0,2021052818,7703596439001907,Ford,2013,Explorer,Standard Sport Utility Vehicle 2WD,6.0,3.5,Automatic 6,AWD,Regular Gasoline,17,23,WAYNE AVE,County,GEORGIA AVE,US (State),5660893524410086,20910,SILVER SPRING,82846.1568889,126320091.137,39.00190768010143,-77.03596497235911,19.6965,92.792366,1.8,1.8,0.0,12.413477,60.461315,210528187035990019,2021-05-28 18:00:00,18,PM,148,4,Friday,0,5,May,2021,0,Unknown
MCP3228001Q,BF32C9B624D14305A74143F67BF122D3,True,NO APPARENT INJURY,NONE,NOT DISTRACTED,EMERGENCY,SLOWING OR STOPPING,West,NO DAMAGE,35,False,False,2,9992477417057245,210020291,Montgomery County Police,Property Damage ,False,West,2,2,LEVEL,False,False,DRIVER,SAME DIR REAR END,WET,DAYLIGHT,TRAFFIC SIGNAL,INTERSECTION,FOUR-WAY INTERSECTION,STRAIGHT,NO DEFECTS,"TWO-WAY, DIVIDED, POSITIVE MEDIAN BARRIER",38.994581,-77.02666642,8825017167010994,5660893524410086,0,0,0,2021052818,7703596439001907,Dodge,2014,Charger,Large Cars,6.0,3.6,Automatic 5,RWD,Regular Gasoline,18,27,WAYNE AVE,County,GEORGIA AVE,US (State),5660893524410086,20910,SILVER SPRING,82846.1568889,126320091.137,39.00190768010143,-77.03596497235911,19.6965,92.792366,1.8,1.8,0.0,12.413477,60.461315,210528187035990019,2021-05-28 18:00:00,18,PM,148,4,Friday,0,5,May,2021,0,Unknown
DM84990009,22A2F2E88789465F94C588774A193E8A,False,SUSPECTED MINOR INJURY,NONE,NOT DISTRACTED,PASSENGER,MOVING CONSTANT SPEED,West,FUNCTIONAL,25,False,False,2,7868426109636619,210020273,Takoma Park Police Depart,Injury ,False,West,1,1,LEVEL,False,False,DRIVER,STRAIGHT MOVEMENT ANGLE,WET,DAYLIGHT,STOP SIGN,INTERSECTION RELATED,FOUR-WAY INTERSECTION,STRAIGHT,NO DEFECTS,"TWO-WAY, NOT DIVIDED",38.97619943,-76.99682209,8581221189109699,6661651656906602,0,0,0,2021052819,7700204038982546,Toyota,1999,Camry,Compact Cars,4.0,2.2,Automatic 4,FWD,Regular Gasoline,20,28,ETHAN ALLEN AVE,Maryland (State),ELM AVE,Municipality,6661651656906602,20912,TAKOMA PARK,51232.0653417,65209197.2692,38.98254687160147,-77.00204079343348,18.648,94.21029,7.5,7.5,0.0,14.182355,66.037506,210528197002089825,2021-05-28 19:00:00,19,PM,148,4,Friday,0,5,May,2021,0,Unknown
DM84990009,F19E3E401BAD4A3991F11B623B8685E2,True,NO APPARENT INJURY,NONE,OTHER DISTRACTION,PASSENGER,OTHER,South,FUNCTIONAL,25,False,False,2,7004010121091503,210020273,Takoma Park Police Depart,Injury ,False,West,1,1,LEVEL,False,False,DRIVER,STRAIGHT MOVEMENT ANGLE,WET,DAYLIGHT,STOP SIGN,INTERSECTION RELATED,FOUR-WAY INTERSECTION,STRAIGHT,NO DEFECTS,"TWO-WAY, NOT DIVIDED",38.97619943,-76.99682209,8581221189109699,6661651656906602,0,0,0,2021052819,7700204038982546,Honda,2013,Civic,Compact Cars,4.0,1.8,Automatic 5,FWD,Regular Gasoline,28,31,ETHAN ALLEN AVE,Maryland (State),ELM AVE,Municipality,6661651656906602,20912,TAKOMA PARK,51232.0653417,65209197.2692,38.98254687160147,-77.00204079343348,18.648,94.21029,7.5,7.5,0.0,14.182355,66.037506,210528197002089825,2021-05-28 19:00:00,19,PM,148,4,Friday,0,5,May,2021,0,Unknown
MCP3228001P,B4DECB6E5C83408AAC79DC9810718143,True,NO APPARENT INJURY,NONE,OTHER DISTRACTION,PASSENGER,MOVING CONSTANT SPEED,North,SUPERFICIAL,35,False,False,2,4940576635323255,210020282,Montgomery County Police,Property Damage ,True,North,1,3,LEVEL,False,False,DRIVER,SAME DIR REND RIGHT TURN,WET,DARK LIGHTS ON,TRAFFIC SIGNAL,INTERSECTION,FOUR-WAY INTERSECTION,STRAIGHT,NO DEFECTS,"TWO-WAY, DIVIDED, POSITIVE MEDIAN BARRIER",38.99291681,-77.02657019,5660893524410086,4545188728761907,0,0,0,2021052820,7703596439001907,Chevrolet,2015,Malibu,Midsize Cars,4.0,2.0,Automatic 6,FWD,Regular Gasoline,21,29,GEORGIA AVE,US (State),THAYER AVE,County,4545188728761907,20910,SILVER SPRING,82846.1568889,126320091.137,39.00190768010143,-77.03596497235911,16.7965,96.56349,4.1,4.1,0.0,14.113652,37.746864,210528207035990019,2021-05-28 20:00:00,20,PM,148,4,Friday,0,5,May,2021,0,Unknown
MCP3228001P,F1DC67BBCEC3400889B6291576A457C1,False,NO APPARENT INJURY,NONE,NOT DISTRACTED,PASSENGER,STOPPED IN TRAFFIC LANE,North,SUPERFICIAL,35,False,False,2,8561479771152198,210020282,Montgomery County Police,Property Damage ,True,North,1,3,LEVEL,False,False,DRIVER,SAME DIR REND RIGHT TURN,WET,DARK LIGHTS ON,TRAFFIC SIGNAL,INTERSECTION,FOUR-WAY INTERSECTION,STRAIGHT,NO DEFECTS,"TWO-WAY, DIVIDED, POSITIVE MEDIAN BARRIER",38.99291681,-77.02657019,5660893524410086,4545188728761907,0,0,0,2021052820,7703596439001907,BMW,2016,7 Series,Large Cars,8.0,4.4,Automatic 8,RWD,Premium Gasoline,16,24,GEORGIA AVE,US (State),THAYER AVE,County,4545188728761907,20910,SILVER SPRING,82846.1568889,126320091.137,39.00190768010143,-77.03596497235911,16.7965,96.56349,4.1,4.1,0.0,14.113652,37.746864,210528207035990019,2021-05-28 20:00:00,20,PM,148,4,Friday,0,5,May,2021,0,Unknown