ReportNumber,VehicleCrashKey,DriverAtFault,DriverInjurySeverity,DriverSubstanceAbuse,DriverDistractedBy,VehicleType,VehicleMovement,VehicleGoingDir,VehicleDamageExtent,SpeedLimit,ParkedVehicle,SubstanceAbuseContributed,VehiclesCrashedTotal,VehicleKey,LocalCaseNumber,AgencyName,ACRSReportType,HitRun,LaneDirection,LaneNumber,NumberOfLanes,RoadGrade,NonTraffic,OffRoadIncident,AccidentAtFault,CollisionType,SurfaceCondition,Light,TrafficControl,Junction,IntersectionType,RoadAlignment,RoadCondition,RoadDivision,Latitude,Longitude,RoadKey_x,CrossStreetKey,NonMotoristTotal,NonMotoristInjury,NonMotoristFatal,DateHourKey,LocationAreaKey,Make,Year_x,BaseModel,BodyClass,Cylinders,Displacement,Transmission,Drivetrain,FuelType,CityMPG,HighwayMPG,RoadName_x,RouteType_x,RoadName_y,RouteType_y,RoadKey_y,Zipcode,MailCity,ShapeLength,ShapeArea,CentroidLatitude,CentroidLongitude,Temperature,Humidity,Precipitation,Rain,Snow,WindSpeed,WindDirection,WeatherKey,Datetime,Hour,TimeOfDay,DayNumber,WeekDayNumber,WeekDayName,WeekendFlag,MonthNumber,MonthName,Year_y,HolidayFlag,HolidayName
MCP2930001V,8CC7B31084FD42C0ADAF40B181C4418C,True,NO APPARENT INJURY,ALCOHOL,UNKNOWN,PASSENGER,MOVING CONSTANT SPEED,South,DISABLING,45,False,False,1,4834438381084471,210020674,Montgomery County Police,Property Damage ,False,South,1,3,GRADE DOWNHILL,False,False,DRIVER,SINGLE VEHICLE,DRY,DARK LIGHTS ON,UNKNOWN,INTERSECTION RELATED,FOUR-WAY INTERSECTION,STRAIGHT,NO DEFECTS,"TWO-WAY, DIVIDED, POSITIVE MEDIAN BARRIER",39.110635,-77.07460167,8554262040045692,418179445979580,0,0,0,2021060103,7705486039088590,Honda,2017,Pilot,Small Sport Utility Vehicle 2WD,6.0,3.5,Automatic 6,AWD,Regular Gasoline,19,26,GEORGIA AVE,Maryland (State),NORBECK RD,Maryland (State),418179445979580,20906,SILVER SPRING,133207.174949,359110751.771,39.08859082555049,-77.05486091907257,12.382501,81.92914,0.0,0.0,0.0,5.991594,237.26477,210601037054890885,2021-06-01 03:00:00,3,AM,152,1,Tuesday,0,6,June,2021,0,Unknown
MCP30930035,DC97CFBE42E1441C9124BC6E1FD80CE1,True,NO APPARENT INJURY,UNKNOWN,UNKNOWN,PASSENGER,CHANGING LANES,North,UNKNOWN,30,False,False,2,2815627401561042,210020768,Montgomery County Police,Property Damage ,True,North,2,3,LEVEL,False,False,DRIVER,OTHER,DRY,DAYLIGHT,UNKNOWN,UNKNOWN,UNKNOWN,STRAIGHT,UNKNOWN,"TWO-WAY, DIVIDED, POSITIVE MEDIAN BARRIER",38.97662328,-77.07720058,1627793738140795,5391224867493716,0,0,0,2021060115,7707842038983818,Honda,2014,Accord,Midsize Cars,4.0,2.4,Automatic CVT,FWD,Regular Gasoline,21,34,CONNECTICUT AVE,Maryland (State),BRADLEY LA,Municipality,5391224867493716,20815,CHEVY CHASE,78258.2702851,151813895.483,38.98381860627773,-77.07842006190148,24.2745,48.976517,0.0,0.0,0.0,14.561099,171.46931,210601157078489838,2021-06-01 15:00:00,15,PM,152,1,Tuesday,0,6,June,2021,0,Unknown
MCP30930035,922158A3169449C18E971DFB5162F755,False,NO APPARENT INJURY,UNKNOWN,NOT DISTRACTED,PASSENGER,SLOWING OR STOPPING,North,SUPERFICIAL,30,False,False,2,3233063173565461,210020768,Montgomery County Police,Property Damage ,True,North,2,3,LEVEL,False,False,DRIVER,OTHER,DRY,DAYLIGHT,UNKNOWN,UNKNOWN,UNKNOWN,STRAIGHT,UNKNOWN,"TWO-WAY, DIVIDED, POSITIVE MEDIAN BARRIER",38.97662328,-77.07720058,1627793738140795,5391224867493716,0,0,0,2021060115,7707842038983818,Toyota,0,Unknown,Unknown,0.0,0.0,Unknown,Unknown,Unknown,0,0,CONNECTICUT AVE,Maryland (State),BRADLEY LA,Municipality,5391224867493716,20815,CHEVY CHASE,78258.2702851,151813895.483,38.98381860627773,-77.07842006190148,24.2745,48.976517,0.0,0.0,0.0,14.561099,171.46931,210601157078489838,2021-06-01 15:00:00,15,PM,152,1,Tuesday,0,6,June,2021,0,Unknown
MCP32300023,E63FDBB744BC4270823EE3B2F0B04BB7,False,POSSIBLE INJURY,NONE,NOT DISTRACTED,PASSENGER,PARKED,UNKNOWN,SUPERFICIAL,10,True,False,2,5446951459252023,210027096,Montgomery County Police,Injury ,False,UNKNOWN,0,0,UNKNOWN,True,True,DRIVER,OTHER,UNKNOWN,DAYLIGHT,NO CONTROLS,UNKNOWN,UNKNOWN,UNKNOWN,UNKNOWN,UNKNOWN,39.09167762,-77.04727254,7781945108562677,7781945108562677,0,0,0,2021060118,7705486039088590,Chevrolet,2004,Suburban,Sport Utility Vehicle - 4WD,8.0,5.3,Automatic 4,AWD,Regular Gasoline,13,17,UNKNOWN,UNKNOWN,UNKNOWN,UNKNOWN,7781945108562677,20906,SILVER SPRING,133207.174949,359110751.771,39.08859082555049,-77.05486091907257,22.9825,61.879997,0.0,0.0,0.0,6.4096174,141.84273,210601187054890885,2021-06-01 18:00:00,18,PM,152,1,Tuesday,0,6,June,2021,0,Unknown
MCP32300023,924046F54F304CAAB7B9734C5555B042,True,NO APPARENT INJURY,NONE,NOT DISTRACTED,PASSENGER,BACKING,West,SUPERFICIAL,10,False,False,2,7942766279566066,210027096,Montgomery County Police,Injury ,False,UNKNOWN,0,0,UNKNOWN,True,True,DRIVER,OTHER,UNKNOWN,DAYLIGHT,NO CONTROLS,UNKNOWN,UNKNOWN,UNKNOWN,UNKNOWN,UNKNOWN,39.09167762,-77.04727254,7781945108562677,7781945108562677,0,0,0,2021060118,7705486039088590,Toyota,2008,Prius,Midsize Cars,4.0,1.5,Automatic CVT,FWD,Regular Gasoline,48,45,UNKNOWN,UNKNOWN,UNKNOWN,UNKNOWN,7781945108562677,20906,SILVER SPRING,133207.174949,359110751.771,39.08859082555049,-77.05486091907257,22.9825,61.879997,0.0,0.0,0.0,6.4096174,141.84273,210601187054890885,2021-06-01 18:00:00,18,PM,152,1,Tuesday,0,6,June,2021,0,Unknown
MCP3008002N,EAF35DC7DEA7470FAC23E3D0D5D92512,True,NO APPARENT INJURY,NONE,NOT DISTRACTED,PASSENGER,STARTING FROM PARKED,South,SUPERFICIAL,5,False,False,1,3625279968558996,210020837,Montgomery County Police,Property Damage ,True,UNKNOWN,0,0,UNKNOWN,True,True,DRIVER,OTHER,UNKNOWN,DARK NO LIGHTS,NO CONTROLS,UNKNOWN,UNKNOWN,UNKNOWN,UNKNOWN,UNKNOWN,39.002045,-76.98815667,7781945108562677,7781945108562677,0,0,0,2021060122,7698354239018293,Ford,2010,Escape,Sport Utility Vehicle - 2WD,4.0,2.5,Automatic 6,FWD,Regular Gasoline,18,28,UNKNOWN,UNKNOWN,UNKNOWN,UNKNOWN,7781945108562677,20903,SILVER SPRING,50204.7192451,65972447.4483,39.01829365940637,-76.9835422251861,18.234499,82.13053,0.0,0.0,0.0,9.793058,162.89719,210601226983590182,2021-06-01 22:00:00,22,PM,152,1,Tuesday,0,6,June,2021,0,Unknown
MCP3268000W,4433416C6DF4487E8274FF8C1D3CC54F,False,NO APPARENT INJURY,UNKNOWN,NOT DISTRACTED,PASSENGER,MOVING CONSTANT SPEED,West,SUPERFICIAL,25,False,False,2,9146895796352443,210019712,Montgomery County Police,Property Damage ,False,East,1,2,LEVEL,False,False,DRIVER,SAME DIRECTION SIDESWIPE,DRY,DAYLIGHT,TRAFFIC SIGNAL,UNKNOWN,UNKNOWN,STRAIGHT,NO DEFECTS,"TWO-WAY, NOT DIVIDED",38.98731356,-77.02623738,5660893524410086,200088595810112,0,0,0,2021060210,7703596439001907,Toyota,2008,Yaris,Subcompact Cars,4.0,1.5,Automatic 4,FWD,Regular Gasoline,29,35,GEORGIA AVE,US (State),BURLINGTON AVE,Maryland (State),200088595810112,20910,SILVER SPRING,82846.1568889,126320091.137,39.00190768010143,-77.03596497235911,20.5465,71.41359,0.0,0.0,0.0,8.311245,184.96965,210602107035990019,2021-06-02 10:00:00,10,AM,153,2,Wednesday,0,6,June,2021,0,Unknown
MCP3268000W,D9AF714ABFD74CDFAB9716837C5BEBD2,True,NO APPARENT INJURY,UNKNOWN,NOT DISTRACTED,BUS,MOVING CONSTANT SPEED,West,SUPERFICIAL,25,False,False,2,5484534103395100,210019712,Montgomery County Police,Property Damage ,False,East,1,2,LEVEL,False,False,DRIVER,SAME DIRECTION SIDESWIPE,DRY,DAYLIGHT,TRAFFIC SIGNAL,UNKNOWN,UNKNOWN,STRAIGHT,NO DEFECTS,"TWO-WAY, NOT DIVIDED",38.98731356,-77.02623738,5660893524410086,200088595810112,0,0,0,2021060210,7703596439001907,Saab,0,Unknown,Unknown,0.0,0.0,Unknown,Unknown,Unknown,0,0,GEORGIA AVE,US (State),BURLINGTON AVE,Maryland (State),200088595810112,20910,SILVER SPRING,82846.1568889,126320091.137,39.00190768010143,-77.03596497235911,20.5465,71.41359,0.0,0.0,0.0,8.311245,184.96965,210602107035990019,2021-06-02 10:00:00,10,AM,153,2,Wednesday,0,6,June,2021,0,Unknown
MCP3074004Q,521BD15CC2AD4832B26F9F24314F441A,True,NO APPARENT INJURY,UNKNOWN,LOOKED BUT DID NOT SEE,PASSENGER,CHANGING LANES,South,FUNCTIONAL,35,False,False,2,8525273572327726,210020944,Montgomery County Police,Property Damage ,False,South,0,3,LEVEL,False,False,DRIVER,SAME DIRECTION SIDESWIPE,DRY,DAYLIGHT,NO CONTROLS,OTHER,OTHER,STRAIGHT,NO DEFECTS,"TWO-WAY, DIVIDED, POSITIVE MEDIAN BARRIER",39.01465512,-77.04269579,8554262040045692,4386981630821377,0,0,0,2021060215,7703596439001907,Toyota,2005,Camry,Compact Cars,4.0,2.4,Automatic 5,FWD,Regular Gasoline,18,26,GEORGIA AVE,Maryland (State),RAMP 5 FR MD 97 SB TO IS 495 EB,Ramp,4386981630821377,20910,SILVER SPRING,82846.1568889,126320091.137,39.00190768010143,-77.03596497235911,24.9965,50.955936,0.0,0.0,0.0,14.685176,168.69011,210602157035990019,2021-06-02 15:00:00,15,PM,153,2,Wednesday,0,6,June,2021,0,Unknown
MCP3074004Q,25C10B03DDAC489DB07A3341B65DD5BC,False,NO APPARENT INJURY,UNKNOWN,NOT DISTRACTED,PASSENGER,MOVING CONSTANT SPEED,South,SUPERFICIAL,35,False,False,2,7004010272090074,210020944,Montgomery County Police,Property Damage ,False,South,0,3,LEVEL,False,False,DRIVER,SAME DIRECTION SIDESWIPE,DRY,DAYLIGHT,NO CONTROLS,OTHER,OTHER,STRAIGHT,NO DEFECTS,"TWO-WAY, DIVIDED, POSITIVE MEDIAN BARRIER",39.01465512,-77.04269579,8554262040045692,4386981630821377,0,0,0,2021060215,7703596439001907,Honda,2018,Civic,Compact Cars,4.0,1.5,Manual 6,FWD,Regular Gasoline,28,38,GEORGIA AVE,Maryland (State),RAMP 5 FR MD 97 SB TO IS 495 EB,Ramp,4386981630821377,20910,SILVER SPRING,82846.1568889,126320091.137,39.00190768010143,-77.03596497235911,24.9965,50.955936,0.0,0.0,0.0,14.685176,168.69011,210602157035990019,2021-06-02 15:00:00,15,PM,153,2,Wednesday,0,6,June,2021,0,Unknown
MCP2917007T,AF3268592C874250BD371B8DA0619415,False,NO APPARENT INJURY,NONE,NOT DISTRACTED,PASSENGER,STARTING FROM LANE,North,SUPERFICIAL,40,False,False,4,2781967151639473,210020943,Montgomery County Police,Property Damage ,False,North,0,2,LEVEL,False,False,DRIVER,SAME DIRECTION LEFT TURN,DRY,DAYLIGHT,TRAFFIC SIGNAL,UNKNOWN,FOUR-WAY INTERSECTION,STRAIGHT,NO DEFECTS,"TWO-WAY, DIVIDED, POSITIVE MEDIAN BARRIER",39.09058841,-77.04471135,1498137660831595,3786639377990067,0,0,0,2021060215,7705486039088590,Ford,2005,F150,Standard Pickup Trucks 2WD,8.0,4.2,Automatic 4,RWD,Regular Gasoline,13,17,LAYHILL RD,Maryland (State),BEL PRE RD,County,3786639377990067,20906,SILVER SPRING,133207.174949,359110751.771,39.08859082555049,-77.05486091907257,24.7825,52.06712,0.0,0.0,0.0,12.849528,168.69011,210602157054890885,2021-06-02 15:00:00,15,PM,153,2,Wednesday,0,6,June,2021,0,Unknown
MCP2917007T,EC23EA465CAE4D5396CAE4CEB475E715,False,NO APPARENT INJURY,NONE,NOT DISTRACTED,PASSENGER,STOPPED IN TRAFFIC LANE,North,SUPERFICIAL,40,False,False,4,784325849310494,210020943,Montgomery County Police,Property Damage ,False,North,0,2,LEVEL,False,False,DRIVER,SAME DIRECTION LEFT TURN,DRY,DAYLIGHT,TRAFFIC SIGNAL,UNKNOWN,FOUR-WAY INTERSECTION,STRAIGHT,NO DEFECTS,"TWO-WAY, DIVIDED, POSITIVE MEDIAN BARRIER",39.09058841,-77.04471135,1498137660831595,3786639377990067,0,0,0,2021060215,7705486039088590,Chevrolet,2003,Impala,Large Cars,6.0,3.8,Automatic 4,FWD,Regular Gasoline,17,26,LAYHILL RD,Maryland (State),BEL PRE RD,County,3786639377990067,20906,SILVER SPRING,133207.174949,359110751.771,39.08859082555049,-77.05486091907257,24.7825,52.06712,0.0,0.0,0.0,12.849528,168.69011,210602157054890885,2021-06-02 15:00:00,15,PM,153,2,Wednesday,0,6,June,2021,0,Unknown
MCP2917007T,885E2BFFC307407F85BF5691D29EC954,False,NO APPARENT INJURY,NONE,NOT DISTRACTED,PASSENGER,STOPPED IN TRAFFIC LANE,North,SUPERFICIAL,40,False,False,4,799640496547150,210020943,Montgomery County Police,Property Damage ,False,North,0,2,LEVEL,False,False,DRIVER,SAME DIRECTION LEFT TURN,DRY,DAYLIGHT,TRAFFIC SIGNAL,UNKNOWN,FOUR-WAY INTERSECTION,STRAIGHT,NO DEFECTS,"TWO-WAY, DIVIDED, POSITIVE MEDIAN BARRIER",39.09058841,-77.04471135,1498137660831595,3786639377990067,0,0,0,2021060215,7705486039088590,Jeep,2016,Compass,Small Sport Utility Vehicle 2WD,4.0,2.4,Manual 5,FWD,Regular Gasoline,20,27,LAYHILL RD,Maryland (State),BEL PRE RD,County,3786639377990067,20906,SILVER SPRING,133207.174949,359110751.771,39.08859082555049,-77.05486091907257,24.7825,52.06712,0.0,0.0,0.0,12.849528,168.69011,210602157054890885,2021-06-02 15:00:00,15,PM,153,2,Wednesday,0,6,June,2021,0,Unknown
MCP2917007T,7B86B8AD8F1F44C5931BD85F522D0EE2,True,NO APPARENT INJURY,NONE,LOOKED BUT DID NOT SEE,PASSENGER,CHANGING LANES,North,DISABLING,40,False,False,4,7449897554959015,210020943,Montgomery County Police,Property Damage ,False,North,0,2,LEVEL,False,False,DRIVER,SAME DIRECTION LEFT TURN,DRY,DAYLIGHT,TRAFFIC SIGNAL,UNKNOWN,FOUR-WAY INTERSECTION,STRAIGHT,NO DEFECTS,"TWO-WAY, DIVIDED, POSITIVE MEDIAN BARRIER",39.09058841,-77.04471135,1498137660831595,3786639377990067,0,0,0,2021060215,7705486039088590,Scion,2008,xB,Small Station Wagons,4.0,2.4,Automatic 4,FWD,Regular Gasoline,22,28,LAYHILL RD,Maryland (State),BEL PRE RD,County,3786639377990067,20906,SILVER SPRING,133207.174949,359110751.771,39.08859082555049,-77.05486091907257,24.7825,52.06712,0.0,0.0,0.0,12.849528,168.69011,210602157054890885,2021-06-02 15:00:00,15,PM,153,2,Wednesday,0,6,June,2021,0,Unknown
MCP271700V9,05F82424DB504FB69300034B695BF67E,False,NO APPARENT INJURY,NONE,NOT DISTRACTED,PASSENGER,MOVING CONSTANT SPEED,North,FUNCTIONAL,25,False,False,2,7731083932506780,210020971,Montgomery County Police,Property Damage ,False,North,1,2,LEVEL,False,False,DRIVER,STRAIGHT MOVEMENT ANGLE,DRY,DAYLIGHT,STOP SIGN,INTERSECTION,FOUR-WAY INTERSECTION,STRAIGHT,NO DEFECTS,"TWO-WAY, DIVIDED, UNPROTECTED PAINTED MIN 4 FEET",38.99170233,-77.09802483,7306914204336491,3944856088122729,0,0,0,2021060218,7710072538987731,Toyota,2012,Highlander,Sport Utility Vehicle - 2WD,6.0,3.5,Automatic 5,AWD,Regular Gasoline,17,22,LOGAN DR,County,FALLS BRIDGE LA,County,3944856088122729,20814,BETHESDA,46411.6876883,47837334.4314,38.98773167577017,-77.10072590539887,23.8985,56.75902,0.0,0.0,0.0,12.496718,131.49637,210602187100789877,2021-06-02 18:00:00,18,PM,153,2,Wednesday,0,6,June,2021,0,Unknown
MCP271700V9,11DDDE960D55483EB89783554AD05015,True,NO APPARENT INJURY,NONE,UNKNOWN,PASSENGER,MOVING CONSTANT SPEED,East,DISABLING,25,False,False,2,4865882003715414,210020971,Montgomery County Police,Property Damage ,False,North,1,2,LEVEL,False,False,DRIVER,STRAIGHT MOVEMENT ANGLE,DRY,DAYLIGHT,STOP SIGN,INTERSECTION,FOUR-WAY INTERSECTION,STRAIGHT,NO DEFECTS,"TWO-WAY, DIVIDED, UNPROTECTED PAINTED MIN 4 FEET",38.99170233,-77.09802483,7306914204336491,3944856088122729,0,0,0,2021060218,7710072538987731,Hyundai,2009,Santa Fe,Sport Utility Vehicle - 2WD,6.0,2.7,Automatic 4,AWD,Regular Gasoline,17,24,LOGAN DR,County,FALLS BRIDGE LA,County,3944856088122729,20814,BETHESDA,46411.6876883,47837334.4314,38.98773167577017,-77.10072590539887,23.8985,56.75902,0.0,0.0,0.0,12.496718,131.49637,210602187100789877,2021-06-02 18:00:00,18,PM,153,2,Wednesday,0,6,June,2021,0,Unknown
MCP9318001J,C73AD21C4FAE475DB607EBE68BC53512,True,NO APPARENT INJURY,UNKNOWN,UNKNOWN,PASSENGER,PARKING,UNKNOWN,UNKNOWN,5,False,False,1,6308184776073431,210021079,Montgomery County Police,Property Damage ,True,UNKNOWN,0,0,UNKNOWN,True,True,DRIVER,SAME DIRECTION SIDESWIPE,UNKNOWN,DAYLIGHT,UNKNOWN,UNKNOWN,UNKNOWN,UNKNOWN,UNKNOWN,UNKNOWN,39.01526057,-77.03545179,7781945108562677,7781945108562677,0,0,0,2021060309,7703596439001907,Toyota,2014,Sequoia,Standard Sport Utility Vehicle 4WD,8.0,5.7,Automatic 6,4WD,Regular Gasoline,13,17,UNKNOWN,UNKNOWN,UNKNOWN,UNKNOWN,7781945108562677,20910,SILVER SPRING,82846.1568889,126320091.137,39.00190768010143,-77.03596497235911,19.5965,93.66296,0.0,0.0,0.0,11.5199995,180.0,210603097035990019,2021-06-03 09:00:00,9,AM,154,3,Thursday,0,6,June,2021,0,Unknown
MCP09420035,C5E2ED374287402A934C7604199D277C,False,NO APPARENT INJURY,NONE,NOT DISTRACTED,PASSENGER,MOVING CONSTANT SPEED,West,DISABLING,25,False,False,2,3285744045393034,210021052,Montgomery County Police,Property Damage ,False,West,1,2,LEVEL,False,False,DRIVER,STRAIGHT MOVEMENT ANGLE,DRY,DAYLIGHT,NO CONTROLS,INTERSECTION,FOUR-WAY INTERSECTION,STRAIGHT,NO DEFECTS,"TWO-WAY, NOT DIVIDED",38.98724182,-77.1033664,2258501311527651,625702795381843,0,0,0,2021060311,7710072538987731,BMW,2015,X1,Large Cars,4.0,2.0,Automatic 8,AWD,Premium Gasoline,18,26,WILSON LA,Maryland (State),EXETER RD,County,625702795381843,20814,BETHESDA,46411.6876883,47837334.4314,38.98773167577017,-77.10072590539887,22.4485,84.199585,0.2,0.2,0.0,13.202726,205.8663,210603117100789877,2021-06-03 11:00:00,11,AM,154,3,Thursday,0,6,June,2021,0,Unknown
MCP09420035,0376A966291E427292F50FC829790453,True,NO APPARENT INJURY,NONE,LOOKED BUT DID NOT SEE,PASSENGER,ACCELERATING,South,DISABLING,25,False,False,2,3063454677846732,210021052,Montgomery County Police,Property Damage ,False,West,1,2,LEVEL,False,False,DRIVER,STRAIGHT MOVEMENT ANGLE,DRY,DAYLIGHT,NO CONTROLS,INTERSECTION,FOUR-WAY INTERSECTION,STRAIGHT,NO DEFECTS,"TWO-WAY, NOT DIVIDED",38.98724182,-77.1033664,2258501311527651,625702795381843,0,0,0,2021060311,7710072538987731,Ford,2015,F150,Standard Pickup Trucks 2WD,6.0,3.5,Automatic 6,4WD,Regular Gasoline,17,22,WILSON LA,Maryland (State),EXETER RD,County,625702795381843,20814,BETHESDA,46411.6876883,47837334.4314,38.98773167577017,-77.10072590539887,22.4485,84.199585,0.2,0.2,0.0,13.202726,205.8663,210603117100789877,2021-06-03 11:00:00,11,AM,154,3,Thursday,0,6,June,2021,0,Unknown
MCP2008008G,0FAD1017751D4C5B9183BC3A9831BB60,False,NO APPARENT INJURY,NONE,NOT DISTRACTED,EMERGENCY,SLOWING OR STOPPING,UNKNOWN,SUPERFICIAL,0,False,False,2,4388744722969849,210021095,Montgomery County Police,Property Damage ,False,UNKNOWN,0,0,UNKNOWN,True,True,UNKNOWN,SAME DIRECTION SIDESWIPE,UNKNOWN,DAYLIGHT,UNKNOWN,UNKNOWN,UNKNOWN,UNKNOWN,UNKNOWN,UNKNOWN,39.00210351,-77.09358611,7781945108562677,7781945108562677,0,0,0,2021060313,7709047139001824,Kenworth,0,Unknown,Unknown,0.0,0.0,Unknown,Unknown,Unknown,0,0,UNKNOWN,UNKNOWN,UNKNOWN,UNKNOWN,7781945108562677,20889,BETHESDA,13519.8810592,10781552.967,39.00182400847492,-77.09047126593259,26.6285,66.304634,0.0,0.0,0.0,10.137692,196.50444,210603137090490018,2021-06-03 13:00:00,13,PM,154,3,Thursday,0,6,June,2021,0,Unknown
MCP2008008G,085E0A56C3C245D48061A08F7E19F018,False,NO APPARENT INJURY,UNKNOWN,NOT DISTRACTED,BUS,STOPPED IN TRAFFIC LANE,UNKNOWN,NO DAMAGE,0,False,False,2,8168321465439775,210021095,Montgomery County Police,Property Damage ,False,UNKNOWN,0,0,UNKNOWN,True,True,UNKNOWN,SAME DIRECTION SIDESWIPE,UNKNOWN,DAYLIGHT,UNKNOWN,UNKNOWN,UNKNOWN,UNKNOWN,UNKNOWN,UNKNOWN,39.00210351,-77.09358611,7781945108562677,7781945108562677,0,0,0,2021060313,7709047139001824,Unknown,0,Unknown,Unknown,0.0,0.0,Unknown,Unknown,Unknown,0,0,UNKNOWN,UNKNOWN,UNKNOWN,UNKNOWN,7781945108562677,20889,BETHESDA,13519.8810592,10781552.967,39.00182400847492,-77.09047126593259,26.6285,66.304634,0.0,0.0,0.0,10.137692,196.50444,210603137090490018,2021-06-03 13:00:00,13,PM,154,3,Thursday,0,6,June,2021,0,Unknown
MCP2917007V,BBCF06C666AC426DBE4C02E629EB21EA,True,NO APPARENT INJURY,UNKNOWN,NO DRIVER PRESENT,PASSENGER,MOVING CONSTANT SPEED,North,FUNCTIONAL,35,False,False,1,3706795429459167,210021102,Montgomery County Police,Property Damage ,True,North,0,2,LEVEL,False,False,DRIVER,SAME DIRECTION SIDESWIPE,DRY,DAYLIGHT,NO CONTROLS,INTERSECTION,FOUR-WAY INTERSECTION,STRAIGHT,NO DEFECTS,"TWO-WAY, NOT DIVIDED",39.06206,-77.08113167,2048197494937367,3597642028494755,0,0,0,2021060316,7705486039088590,Mercedes-Benz,0,Unknown,Unknown,0.0,0.0,Unknown,Unknown,Unknown,0,0,BARBARA RD,County,WELLER RD,County,3597642028494755,20906,SILVER SPRING,133207.174949,359110751.771,39.08859082555049,-77.05486091907257,24.332499,85.44286,2.2,2.2,0.0,9.0,233.13002,210603167054890885,2021-06-03 16:00:00,16,PM,154,3,Thursday,0,6,June,2021,0,Unknown
MCP32710012,8C3DDED963FA4BABA9D232E549EB4980,True,NO APPARENT INJURY,NONE,LOOKED BUT DID NOT SEE,PASSENGER,MAKING RIGHT TURN,North,SUPERFICIAL,25,False,False,1,8224256104307128,210021108,Montgomery County Police,Injury ,False,North,0,2,LEVEL,False,False,DRIVER,SINGLE VEHICLE,DRY,DAYLIGHT,TRAFFIC SIGNAL,INTERSECTION,FOUR-WAY INTERSECTION,STRAIGHT,NO DEFECTS,"TWO-WAY, NOT DIVIDED",38.99831547,-77.10916162,4494898042244063,3763144010349844,1,1,0,2021060317,7710269338999892,Toyota,2019,Prius,Midsize Cars,4.0,1.8,Automatic CVT,FWD,Regular Gasoline,52,48,OLD GEORGETOWN RD,Maryland (State),LINCOLN ST,County,3763144010349844,20892,BETHESDA,18629.8302482,13840739.1197,38.99989292006988,-77.1026933476101,25.7005,64.279305,0.0,0.0,0.0,13.797913,195.12405,210603177102689998,2021-06-03 17:00:00,17,PM,154,3,Thursday,0,6,June,2021,0,Unknown
MCP12350031,DBAEA664F83A4798A9A729C4264D4530,False,NO APPARENT INJURY,NONE,NOT DISTRACTED,PASSENGER,STOPPED IN TRAFFIC LANE,South,SUPERFICIAL,40,False,False,3,5271482059215469,210021122,Montgomery County Police,Injury ,False,South,2,3,LEVEL,False,False,DRIVER,SAME DIRECTION RIGHT TURN,WET,DAYLIGHT,NO CONTROLS,NON INTERSECTION,UNKNOWN,STRAIGHT,NO DEFECTS,"TWO-WAY, DIVIDED, POSITIVE MEDIAN BARRIER",39.01485167,-76.97758833,8901981419077344,4991976696759948,0,0,0,2021060318,7698354239018293,Chevrolet,2005,Silverado,Standard Pickup Trucks 2WD,8.0,5.3,Automatic 4,RWD,Regular Gasoline,14,19,NEW HAMPSHIRE AVE,Maryland (State),OAKVIEW DR,County,4991976696759948,20903,SILVER SPRING,50204.7192451,65972447.4483,39.01829365940637,-76.9835422251861,23.8345,83.8338,1.2,1.2,0.0,9.726665,182.12105,210603186983590182,2021-06-03 18:00:00,18,PM,154,3,Thursday,0,6,June,2021,0,Unknown
MCP12350031,FC1B5028427D4BBB8A22D593C1F61BF0,True,NO APPARENT INJURY,NONE,LOOKED BUT DID NOT SEE,PASSENGER,CHANGING LANES,South,SUPERFICIAL,40,False,False,3,7004010053981027,210021122,Montgomery County Police,Injury ,False,South,2,3,LEVEL,False,False,DRIVER,SAME DIRECTION RIGHT TURN,WET,DAYLIGHT,NO CONTROLS,NON INTERSECTION,UNKNOWN,STRAIGHT,NO DEFECTS,"TWO-WAY, DIVIDED, POSITIVE MEDIAN BARRIER",39.01485167,-76.97758833,8901981419077344,4991976696759948,0,0,0,2021060318,7698354239018293,Honda,2017,Civic,Compact Cars,4.0,1.5,Manual 6,FWD,Regular Gasoline,30,39,NEW HAMPSHIRE AVE,Maryland (State),OAKVIEW DR,County,4991976696759948,20903,SILVER SPRING,50204.7192451,65972447.4483,39.01829365940637,-76.9835422251861,23.8345,83.8338,1.2,1.2,0.0,9.726665,182.12105,210603186983590182,2021-06-03 18:00:00,18,PM,154,3,Thursday,0,6,June,2021,0,Unknown
MCP12350031,DB90A796AFE3438387F90E380D574E7D,False,POSSIBLE INJURY,NONE,NOT DISTRACTED,PASSENGER,MOVING CONSTANT SPEED,South,SUPERFICIAL,40,False,False,3,7004010053981027,210021122,Montgomery County Police,Injury ,False,South,2,3,LEVEL,False,False,DRIVER,SAME DIRECTION RIGHT TURN,WET,DAYLIGHT,NO CONTROLS,NON INTERSECTION,UNKNOWN,STRAIGHT,NO DEFECTS,"TWO-WAY, DIVIDED, POSITIVE MEDIAN BARRIER",39.01485167,-76.97758833,8901981419077344,4991976696759948,0,0,0,2021060318,7698354239018293,Honda,2017,Civic,Compact Cars,4.0,1.5,Manual 6,FWD,Regular Gasoline,30,39,NEW HAMPSHIRE AVE,Maryland (State),OAKVIEW DR,County,4991976696759948,20903,SILVER SPRING,50204.7192451,65972447.4483,39.01829365940637,-76.9835422251861,23.8345,83.8338,1.2,1.2,0.0,9.726665,182.12105,210603186983590182,2021-06-03 18:00:00,18,PM,154,3,Thursday,0,6,June,2021,0,Unknown
MCP2703002M,2B495EF044344F30974B34EBD8EFD370,True,NO APPARENT INJURY,UNKNOWN,OTHER CELLULAR PHONE RELATED,EMERGENCY,MOVING CONSTANT SPEED,North,SUPERFICIAL,0,False,False,1,660615385035114,210021138,Montgomery County Police,Property Damage ,False,UNKNOWN,0,0,UNKNOWN,True,True,DRIVER,SINGLE VEHICLE,UNKNOWN,DUSK,NO CONTROLS,UNKNOWN,UNKNOWN,UNKNOWN,UNKNOWN,UNKNOWN,38.99922583,-77.02929817,7781945108562677,7781945108562677,0,0,0,2021060320,7703596439001907,Ford,0,Unknown,Unknown,0.0,0.0,Unknown,Unknown,Unknown,0,0,UNKNOWN,UNKNOWN,UNKNOWN,UNKNOWN,7781945108562677,20910,SILVER SPRING,82846.1568889,126320091.137,39.00190768010143,-77.03596497235911,22.1465,91.220726,0.0,0.0,0.0,12.620554,176.72958,210603207035990019,2021-06-03 20:00:00,20,PM,154,3,Thursday,0,6,June,2021,0,Unknown