ReportNumber,VehicleCrashKey,DriverAtFault,DriverInjurySeverity,DriverSubstanceAbuse,DriverDistractedBy,VehicleType,VehicleMovement,VehicleGoingDir,VehicleDamageExtent,SpeedLimit,ParkedVehicle,SubstanceAbuseContributed,VehiclesCrashedTotal,VehicleKey,LocalCaseNumber,AgencyName,ACRSReportType,HitRun,LaneDirection,LaneNumber,NumberOfLanes,RoadGrade,NonTraffic,OffRoadIncident,AccidentAtFault,CollisionType,SurfaceCondition,Light,TrafficControl,Junction,IntersectionType,RoadAlignment,RoadCondition,RoadDivision,Latitude,Longitude,RoadKey_x,CrossStreetKey,NonMotoristTotal,NonMotoristInjury,NonMotoristFatal,DateHourKey,LocationAreaKey,Make,Year_x,BaseModel,BodyClass,Cylinders,Displacement,Transmission,Drivetrain,FuelType,CityMPG,HighwayMPG,RoadName_x,RouteType_x,RoadName_y,RouteType_y,RoadKey_y,Zipcode,MailCity,ShapeLength,ShapeArea,CentroidLatitude,CentroidLongitude,Temperature,Humidity,Precipitation,Rain,Snow,WindSpeed,WindDirection,WeatherKey,Datetime,Hour,TimeOfDay,DayNumber,WeekDayNumber,WeekDayName,WeekendFlag,MonthNumber,MonthName,Year_y,HolidayFlag,HolidayName
MCP2536003G,23B0B5782C48414E94796DEF183B8498,True,NO APPARENT INJURY,ALCOHOL,NOT DISTRACTED,PASSENGER,MOVING CONSTANT SPEED,East,SUPERFICIAL,15,False,False,1,650507259299746,210021159,Montgomery County Police,Property Damage ,False,UNKNOWN,0,0,UNKNOWN,True,True,DRIVER,HEAD ON,UNKNOWN,DARK LIGHTS ON,NO CONTROLS,UNKNOWN,UNKNOWN,UNKNOWN,UNKNOWN,UNKNOWN,39.05688167,-77.081865,7781945108562677,7781945108562677,0,0,0,2021060402,7705486039088590,Audi,2010,A4,Compact Cars,4.0,2.0,Automatic 6,AWD,Premium Gasoline,21,27,UNKNOWN,UNKNOWN,UNKNOWN,UNKNOWN,7781945108562677,20906,SILVER SPRING,133207.174949,359110751.771,39.08859082555049,-77.05486091907257,20.0325,98.768776,0.0,0.0,0.0,12.413477,209.53868,210604027054890885,2021-06-04 02:00:00,2,AM,155,4,Friday,0,6,June,2021,0,Unknown
MCP3026006G,A075AA4D91BC4DD5B85967A85DAF0364,False,POSSIBLE INJURY,NONE,NOT DISTRACTED,PASSENGER,UNKNOWN,East,DISABLING,25,False,False,2,7575462313399709,210021204,Montgomery County Police,Injury ,False,East,1,1,LEVEL,False,False,DRIVER,STRAIGHT MOVEMENT ANGLE,WET,DAYLIGHT,STOP SIGN,INTERSECTION,FOUR-WAY INTERSECTION,STRAIGHT,NO DEFECTS,"TWO-WAY, DIVIDED, UNPROTECTED PAINTED MIN 4 FEET",38.98722167,-77.10314,2258501311527651,625702795381843,0,0,0,2021060413,7710072538987731,BMW,2002,5 Series,Compact Cars,6.0,2.5,Automatic 5,RWD,Premium Gasoline,14,24,WILSON LA,Maryland (State),EXETER RD,County,625702795381843,20814,BETHESDA,46411.6876883,47837334.4314,38.98773167577017,-77.10072590539887,25.1485,72.69389,0.4,0.4,0.0,9.178235,295.5599,210604137100789877,2021-06-04 13:00:00,13,PM,155,4,Friday,0,6,June,2021,0,Unknown
MCP3026006G,9D395AB2A3C24F95A4EE3A7657F53144,True,NO APPARENT INJURY,NONE,LOOKED BUT DID NOT SEE,PASSENGER,STARTING FROM LANE,South,DISABLING,25,False,False,2,9530107333785927,210021204,Montgomery County Police,Injury ,False,East,1,1,LEVEL,False,False,DRIVER,STRAIGHT MOVEMENT ANGLE,WET,DAYLIGHT,STOP SIGN,INTERSECTION,FOUR-WAY INTERSECTION,STRAIGHT,NO DEFECTS,"TWO-WAY, DIVIDED, UNPROTECTED PAINTED MIN 4 FEET",38.98722167,-77.10314,2258501311527651,625702795381843,0,0,0,2021060413,7710072538987731,Nissan,2013,Rogue,Small Sport Utility Vehicle 2WD,4.0,2.5,Automatic CVT,AWD,Regular Gasoline,22,26,WILSON LA,Maryland (State),EXETER RD,County,625702795381843,20814,BETHESDA,46411.6876883,47837334.4314,38.98773167577017,-77.10072590539887,25.1485,72.69389,0.4,0.4,0.0,9.178235,295.5599,210604137100789877,2021-06-04 13:00:00,13,PM,155,4,Friday,0,6,June,2021,0,Unknown
MCP271700VB,ABA204ED4F264CB0A0AE1EA3CBD34F1A,True,NO APPARENT INJURY,NONE,UNKNOWN,PASSENGER,MOVING CONSTANT SPEED,North,DISABLING,25,False,False,2,4834438347529233,210021207,Montgomery County Police,Property Damage ,False,North,1,2,LEVEL,False,False,DRIVER,OTHER,DRY,DAYLIGHT,NO CONTROLS,NON INTERSECTION,UNKNOWN,STRAIGHT,NO DEFECTS,"TWO-WAY, DIVIDED, UNPROTECTED PAINTED MIN 4 FEET",38.99650317,-77.1101445,4494898042244063,8096864911594515,0,0,0,2021060413,7715220038996189,Honda,2011,Pilot,Sport Utility Vehicle - 2WD,6.0,3.5,Automatic 5,AWD,Regular Gasoline,16,22,OLD GEORGETOWN RD,Maryland (State),MCKINLEY ST,County,8096864911594515,20817,BETHESDA,143234.920079,403664948.588,38.996189145680184,-77.15220044157795,23.493,76.83313,5.0,5.0,0.0,12.682018,304.59235,210604137152289961,2021-06-04 13:00:00,13,PM,155,4,Friday,0,6,June,2021,0,Unknown
MCP271700VB,13258C3A683B45FFB2C36708A3451ECF,False,NO APPARENT INJURY,NONE,NOT DISTRACTED,EMERGENCY,PARKED,UNKNOWN,FUNCTIONAL,25,True,False,2,4747793448587566,210021207,Montgomery County Police,Property Damage ,False,North,1,2,LEVEL,False,False,DRIVER,OTHER,DRY,DAYLIGHT,NO CONTROLS,NON INTERSECTION,UNKNOWN,STRAIGHT,NO DEFECTS,"TWO-WAY, DIVIDED, UNPROTECTED PAINTED MIN 4 FEET",38.99650317,-77.1101445,4494898042244063,8096864911594515,0,0,0,2021060413,7715220038996189,Ford,2012,Mustang,Subcompact Cars,6.0,3.7,Automatic 6,RWD,Regular Gasoline,19,23,OLD GEORGETOWN RD,Maryland (State),MCKINLEY ST,County,8096864911594515,20817,BETHESDA,143234.920079,403664948.588,38.996189145680184,-77.15220044157795,23.493,76.83313,5.0,5.0,0.0,12.682018,304.59235,210604137152289961,2021-06-04 13:00:00,13,PM,155,4,Friday,0,6,June,2021,0,Unknown
MCP32630012,149F9EF5707E4121A53DA6349FD65312,True,NO APPARENT INJURY,NONE,LOOKED BUT DID NOT SEE,PASSENGER,SLOWING OR STOPPING,East,DISABLING,35,False,False,2,5867016834625621,210021222,Montgomery County Police,Property Damage ,False,East,2,2,GRADE DOWNHILL,False,False,DRIVER,SAME DIR REAR END,DRY,DAYLIGHT,NO CONTROLS,NON INTERSECTION,UNKNOWN,STRAIGHT,NO DEFECTS,"TWO-WAY, DIVIDED, POSITIVE MEDIAN BARRIER",38.97399,-77.12323833,1363718650800826,4534450561785329,0,0,0,2021060415,7715220038996189,Honda,2013,CR-V,Small Sport Utility Vehicle 2WD,4.0,2.4,Automatic 5,AWD,Regular Gasoline,22,29,RIVER RD,Maryland (State),GOLDSBORO RD,Maryland (State),4534450561785329,20817,BETHESDA,143234.920079,403664948.588,38.996189145680184,-77.15220044157795,26.192999,64.18403,0.0,0.0,0.0,5.2416787,254.05453,210604157152289961,2021-06-04 15:00:00,15,PM,155,4,Friday,0,6,June,2021,0,Unknown
MCP32630012,B4A984DF8C784A31AEF521BBF4F2D129,False,NO APPARENT INJURY,NONE,NOT DISTRACTED,PASSENGER,STOPPED IN TRAFFIC LANE,East,FUNCTIONAL,35,False,False,2,7158177386369137,210021222,Montgomery County Police,Property Damage ,False,East,2,2,GRADE DOWNHILL,False,False,DRIVER,SAME DIR REAR END,DRY,DAYLIGHT,NO CONTROLS,NON INTERSECTION,UNKNOWN,STRAIGHT,NO DEFECTS,"TWO-WAY, DIVIDED, POSITIVE MEDIAN BARRIER",38.97399,-77.12323833,1363718650800826,4534450561785329,0,0,0,2021060415,7715220038996189,Jeep,2006,Commander,Sport Utility Vehicle - 2WD,8.0,3.7,Automatic 5,AWD,Regular Gasoline,14,18,RIVER RD,Maryland (State),GOLDSBORO RD,Maryland (State),4534450561785329,20817,BETHESDA,143234.920079,403664948.588,38.996189145680184,-77.15220044157795,26.192999,64.18403,0.0,0.0,0.0,5.2416787,254.05453,210604157152289961,2021-06-04 15:00:00,15,PM,155,4,Friday,0,6,June,2021,0,Unknown
MCP29190083,85B6409CD5A04DAAA9C2655785BD3FED,True,NO APPARENT INJURY,UNKNOWN,UNKNOWN,PASSENGER,MAKING U TURN,South,FUNCTIONAL,25,False,False,2,2464558112543591,210021236,Montgomery County Police,Property Damage ,True,South,1,1,LEVEL,False,False,DRIVER,STRAIGHT MOVEMENT ANGLE,DRY,DAYLIGHT,UNKNOWN,UNKNOWN,UNKNOWN,STRAIGHT,NO DEFECTS,"TWO-WAY, NOT DIVIDED",38.99682333,-76.99176734,4977678367391385,7724459984860056,0,0,0,2021060415,7698354239018293,Scion,2009,tC,Subcompact Cars,4.0,2.4,Automatic 4,FWD,Regular Gasoline,20,27,CARROLL AVE,County,11TH AVE,County,7724459984860056,20903,SILVER SPRING,50204.7192451,65972447.4483,39.01829365940637,-76.9835422251861,25.884499,62.334286,0.0,0.0,0.0,6.725354,254.47583,210604156983590182,2021-06-04 15:00:00,15,PM,155,4,Friday,0,6,June,2021,0,Unknown
MCP29190083,F4D6BC02095C43D6BD5FE25077BADF43,False,NO APPARENT INJURY,NONE,NOT DISTRACTED,PASSENGER,MOVING CONSTANT SPEED,South,SUPERFICIAL,25,False,False,2,8547107089828941,210021236,Montgomery County Police,Property Damage ,True,South,1,1,LEVEL,False,False,DRIVER,STRAIGHT MOVEMENT ANGLE,DRY,DAYLIGHT,UNKNOWN,UNKNOWN,UNKNOWN,STRAIGHT,NO DEFECTS,"TWO-WAY, NOT DIVIDED",38.99682333,-76.99176734,4977678367391385,7724459984860056,0,0,0,2021060415,7698354239018293,Ford,2004,Expedition,Sport Utility Vehicle - 2WD,8.0,4.6,Automatic 4,AWD,Regular Gasoline,12,16,CARROLL AVE,County,11TH AVE,County,7724459984860056,20903,SILVER SPRING,50204.7192451,65972447.4483,39.01829365940637,-76.9835422251861,25.884499,62.334286,0.0,0.0,0.0,6.725354,254.47583,210604156983590182,2021-06-04 15:00:00,15,PM,155,4,Friday,0,6,June,2021,0,Unknown
MCP3209002Q,58C61DE51E1F4F0EA9607D651DEDD590,False,NO APPARENT INJURY,NONE,NOT DISTRACTED,PASSENGER,STOPPED IN TRAFFIC LANE,East,DISABLING,35,False,False,2,8208858237605081,210021256,Montgomery County Police,Property Damage ,False,East,1,2,HILL UPHILL,False,False,DRIVER,SAME DIRECTION SIDESWIPE,DRY,DAYLIGHT,NO CONTROLS,NON INTERSECTION,UNKNOWN,STRAIGHT,NO DEFECTS,"TWO-WAY, NOT DIVIDED",38.99604667,-77.04096,4570729910170239,1258631561200693,0,0,0,2021060417,7703596439001907,Honda,2016,HR-V,Small Sport Utility Vehicle 2WD,4.0,1.8,Automatic 7,FWD,Regular Gasoline,27,32,EAST WEST HWY,Maryland (State),ROSEMARY HILLS RD,Other Public Roadway,1258631561200693,20910,SILVER SPRING,82846.1568889,126320091.137,39.00190768010143,-77.03596497235911,27.1965,46.658035,0.0,0.0,0.0,9.565437,289.79895,210604177035990019,2021-06-04 17:00:00,17,PM,155,4,Friday,0,6,June,2021,0,Unknown
MCP3209002Q,909C13710E3B4F919D7F6471EDF50083,True,NO APPARENT INJURY,NONE,LOOKED BUT DID NOT SEE,PASSENGER,MOVING CONSTANT SPEED,East,DISABLING,35,False,False,2,7004010037203408,210021256,Montgomery County Police,Property Damage ,False,East,1,2,HILL UPHILL,False,False,DRIVER,SAME DIRECTION SIDESWIPE,DRY,DAYLIGHT,NO CONTROLS,NON INTERSECTION,UNKNOWN,STRAIGHT,NO DEFECTS,"TWO-WAY, NOT DIVIDED",38.99604667,-77.04096,4570729910170239,1258631561200693,0,0,0,2021060417,7703596439001907,Honda,2016,Civic,Compact Cars,4.0,2.0,Automatic CVT,FWD,Regular Gasoline,30,37,EAST WEST HWY,Maryland (State),ROSEMARY HILLS RD,Other Public Roadway,1258631561200693,20910,SILVER SPRING,82846.1568889,126320091.137,39.00190768010143,-77.03596497235911,27.1965,46.658035,0.0,0.0,0.0,9.565437,289.79895,210604177035990019,2021-06-04 17:00:00,17,PM,155,4,Friday,0,6,June,2021,0,Unknown
MCP3290000P,6A04752DDF58486E9A6D82ED74FD9070,False,NO APPARENT INJURY,UNKNOWN,UNKNOWN,PASSENGER,MOVING CONSTANT SPEED,North,SUPERFICIAL,30,False,False,2,819104227955555,210021297,Montgomery County Police,Property Damage ,True,North,1,1,LEVEL,False,False,DRIVER,OPPOSITE DIRECTION SIDESWIPE,DRY,DARK LIGHTS ON,NO CONTROLS,NON INTERSECTION,UNKNOWN,STRAIGHT,NO DEFECTS,"TWO-WAY, NOT DIVIDED",38.99188378,-77.01737786,887072325756327,8843893209867657,0,0,0,2021060423,7703596439001907,Nissan,2017,Altima,Midsize Cars,4.0,2.5,Automatic 7,FWD,Regular Gasoline,22,32,SILVER SPRING AVE,County,SCHRIDER ST,County,8843893209867657,20910,SILVER SPRING,82846.1568889,126320091.137,39.00190768010143,-77.03596497235911,20.3465,82.39074,0.0,0.0,0.0,5.1165614,230.71062,210604237035990019,2021-06-04 23:00:00,23,PM,155,4,Friday,0,6,June,2021,0,Unknown
MCP3290000P,50A6DAD95272410981F6A96D402794D4,True,NO APPARENT INJURY,UNKNOWN,UNKNOWN,PASSENGER,MOVING CONSTANT SPEED,South,UNKNOWN,45,False,False,2,2815627468671518,210021297,Montgomery County Police,Property Damage ,True,North,1,1,LEVEL,False,False,DRIVER,OPPOSITE DIRECTION SIDESWIPE,DRY,DARK LIGHTS ON,NO CONTROLS,NON INTERSECTION,UNKNOWN,STRAIGHT,NO DEFECTS,"TWO-WAY, NOT DIVIDED",38.99188378,-77.01737786,887072325756327,8843893209867657,0,0,0,2021060423,7703596439001907,Honda,2018,Accord,Large Cars,4.0,2.0,Automatic 10,FWD,Regular Gasoline,22,32,SILVER SPRING AVE,County,SCHRIDER ST,County,8843893209867657,20910,SILVER SPRING,82846.1568889,126320091.137,39.00190768010143,-77.03596497235911,20.3465,82.39074,0.0,0.0,0.0,5.1165614,230.71062,210604237035990019,2021-06-04 23:00:00,23,PM,155,4,Friday,0,6,June,2021,0,Unknown
MCP2704001D,C33EC706C04E43729BD5503A80ACC723,True,NO APPARENT INJURY,UNKNOWN,UNKNOWN,PASSENGER,MOVING CONSTANT SPEED,West,DISABLING,25,False,False,1,260643716105191,210021314,Montgomery County Police,Property Damage ,True,West,1,1,LEVEL,False,False,DRIVER,HEAD ON,UNKNOWN,DARK LIGHTS ON,UNKNOWN,UNKNOWN,UNKNOWN,CURVE RIGHT,NO DEFECTS,"TWO-WAY, NOT DIVIDED",39.07145557,-77.0701404,476200798873004,2865056316672921,0,0,0,2021060503,7705486039088590,Ford,2004,Ranger,Standard Pickup Trucks 2WD,6.0,4.0,Automatic 5,RWD,Regular Gasoline,15,21,VALLEYWOOD DR,County,VALLEYWOOD CT,County,2865056316672921,20906,SILVER SPRING,133207.174949,359110751.771,39.08859082555049,-77.05486091907257,19.582499,74.287796,0.0,0.0,0.0,11.177405,284.93146,210605037054890885,2021-06-05 03:00:00,3,AM,156,5,Saturday,1,6,June,2021,0,Unknown
MCP22910054,B806AE0FDB014895AA6A31A3DF295DE2,False,NO APPARENT INJURY,NONE,NOT DISTRACTED,PASSENGER,MOVING CONSTANT SPEED,East,DISABLING,25,False,False,2,9233316703150057,210021354,Montgomery County Police,Property Damage ,False,East,1,3,LEVEL,False,False,DRIVER,SAME DIRECTION SIDESWIPE,DRY,DAYLIGHT,NO CONTROLS,NON INTERSECTION,UNKNOWN,STRAIGHT,NO DEFECTS,ONE-WAY TRAFFICWAY,38.98387021,-77.09169414,3417052041120541,8190432855803153,0,0,0,2021060513,7710072538987731,Honda,2019,Odyssey,Minivan - 2WD,6.0,3.5,Automatic 10,FWD,Regular Gasoline,19,28,MONTGOMERY AVE,Maryland (State),PEARL ST,County,8190432855803153,20814,BETHESDA,46411.6876883,47837334.4314,38.98773167577017,-77.10072590539887,31.5485,35.3724,0.0,0.0,0.0,9.021574,298.61035,210605137100789877,2021-06-05 13:00:00,13,PM,156,5,Saturday,1,6,June,2021,0,Unknown
MCP22910054,024E47BD82794516AA3F0227ABAA8E68,True,NO APPARENT INJURY,NONE,NOT DISTRACTED,PASSENGER,CHANGING LANES,East,SUPERFICIAL,25,False,False,2,1143200118883287,210021354,Montgomery County Police,Property Damage ,False,East,1,3,LEVEL,False,False,DRIVER,SAME DIRECTION SIDESWIPE,DRY,DAYLIGHT,NO CONTROLS,NON INTERSECTION,UNKNOWN,STRAIGHT,NO DEFECTS,ONE-WAY TRAFFICWAY,38.98387021,-77.09169414,3417052041120541,8190432855803153,0,0,0,2021060513,7710072538987731,Hyundai,0,Unknown,Unknown,0.0,0.0,Unknown,Unknown,Unknown,0,0,MONTGOMERY AVE,Maryland (State),PEARL ST,County,8190432855803153,20814,BETHESDA,46411.6876883,47837334.4314,38.98773167577017,-77.10072590539887,31.5485,35.3724,0.0,0.0,0.0,9.021574,298.61035,210605137100789877,2021-06-05 13:00:00,13,PM,156,5,Saturday,1,6,June,2021,0,Unknown
MCP30300043,0D3359EEDCFD48BFB452702ECDA81291,True,NO APPARENT INJURY,UNKNOWN,LOOKED BUT DID NOT SEE,PASSENGER,MOVING CONSTANT SPEED,South,DISABLING,30,False,False,2,7724684491712159,210021372,Montgomery County Police,Property Damage ,False,South,1,1,LEVEL,False,False,DRIVER,OTHER,DRY,DAYLIGHT,NO CONTROLS,NON INTERSECTION,UNKNOWN,STRAIGHT,NO DEFECTS,"TWO-WAY, DIVIDED, UNPROTECTED PAINTED MIN 4 FEET",38.96147117,-77.12155117,262975279829673,5112835739845833,0,0,0,2021060515,7711806238956479,Lexus,2020,LS,Midsize Cars,6.0,3.4,Automatic 10,AWD,Premium Gasoline,18,27,SANGAMORE RD,County,NAMAKAGAN RD,County,5112835739845833,20816,BETHESDA,58716.1248449,117565480.431,38.95647982277882,-77.11806249046538,31.7475,34.411667,0.0,0.0,0.0,6.6087217,240.64233,210605157118089564,2021-06-05 15:00:00,15,PM,156,5,Saturday,1,6,June,2021,0,Unknown
MCP30300043,5BB0D38EB0B440AFAF8F5F3B5CB22554,False,NO APPARENT INJURY,UNKNOWN,NOT DISTRACTED,TRUCK,PARKED,UNKNOWN,SUPERFICIAL,30,True,False,2,8168321465439775,210021372,Montgomery County Police,Property Damage ,False,South,1,1,LEVEL,False,False,DRIVER,OTHER,DRY,DAYLIGHT,NO CONTROLS,NON INTERSECTION,UNKNOWN,STRAIGHT,NO DEFECTS,"TWO-WAY, DIVIDED, UNPROTECTED PAINTED MIN 4 FEET",38.96147117,-77.12155117,262975279829673,5112835739845833,0,0,0,2021060515,7711806238956479,Unknown,0,Unknown,Unknown,0.0,0.0,Unknown,Unknown,Unknown,0,0,SANGAMORE RD,County,NAMAKAGAN RD,County,5112835739845833,20816,BETHESDA,58716.1248449,117565480.431,38.95647982277882,-77.11806249046538,31.7475,34.411667,0.0,0.0,0.0,6.6087217,240.64233,210605157118089564,2021-06-05 15:00:00,15,PM,156,5,Saturday,1,6,June,2021,0,Unknown
MCP3228001S,13481D045C7A40C1A9C74795E06192CE,True,NO APPARENT INJURY,NONE,LOOKED BUT DID NOT SEE,PASSENGER,SLOWING OR STOPPING,South,SUPERFICIAL,35,False,False,2,3233063173565461,210021392,Montgomery County Police,Property Damage ,False,South,3,3,HILL CREST,False,False,DRIVER,SAME DIR REAR END,DRY,DAYLIGHT,NO CONTROLS,INTERSECTION,T-INTERSECTION,STRAIGHT,NO DEFECTS,"TWO-WAY, NOT DIVIDED",39.01093633,-77.04145,8554262040045692,3741072132120167,0,0,0,2021060518,7703596439001907,Toyota,0,Unknown,Unknown,0.0,0.0,Unknown,Unknown,Unknown,0,0,GEORGIA AVE,Maryland (State),FLORA LA,County,3741072132120167,20910,SILVER SPRING,82846.1568889,126320091.137,39.00190768010143,-77.03596497235911,29.4465,42.135975,0.0,0.0,0.0,12.641076,199.9832,210605187035990019,2021-06-05 18:00:00,18,PM,156,5,Saturday,1,6,June,2021,0,Unknown
MCP3228001S,FD8265FA9B214BF6ABCD2C3A0616FE25,False,NO APPARENT INJURY,NONE,NOT DISTRACTED,PASSENGER,SLOWING OR STOPPING,South,SUPERFICIAL,35,False,False,2,4894151658345015,210021392,Montgomery County Police,Property Damage ,False,South,3,3,HILL CREST,False,False,DRIVER,SAME DIR REAR END,DRY,DAYLIGHT,NO CONTROLS,INTERSECTION,T-INTERSECTION,STRAIGHT,NO DEFECTS,"TWO-WAY, NOT DIVIDED",39.01093633,-77.04145,8554262040045692,3741072132120167,0,0,0,2021060518,7703596439001907,Lexus,2021,RX,Small Sport Utility Vehicle 2WD,6.0,3.5,Automatic 8,AWD,Regular Gasoline,19,26,GEORGIA AVE,Maryland (State),FLORA LA,County,3741072132120167,20910,SILVER SPRING,82846.1568889,126320091.137,39.00190768010143,-77.03596497235911,29.4465,42.135975,0.0,0.0,0.0,12.641076,199.9832,210605187035990019,2021-06-05 18:00:00,18,PM,156,5,Saturday,1,6,June,2021,0,Unknown
MCP32470018,121A3BEE8C724F998B503BFE7EBB5EA4,False,NO APPARENT INJURY,NONE,NOT DISTRACTED,PASSENGER,STOPPED IN TRAFFIC LANE,West,SUPERFICIAL,25,False,False,2,9088251191717951,210021418,Montgomery County Police,Property Damage ,True,West,2,2,LEVEL,False,False,DRIVER,STRAIGHT MOVEMENT ANGLE,DRY,DAYLIGHT,OTHER,UNKNOWN,UNKNOWN,CURVE LEFT,NO DEFECTS,"TWO-WAY, NOT DIVIDED",38.99575226,-77.02452628,6732058886739677,8825017167010994,0,0,0,2021060520,7703596439001907,Toyota,2020,Camry,Midsize Cars,4.0,2.5,Automatic 8,FWD,Regular Gasoline,22,34,FENTON ST,County,WAYNE AVE,County,8825017167010994,20910,SILVER SPRING,82846.1568889,126320091.137,39.00190768010143,-77.03596497235911,27.3965,55.9999,0.0,0.0,0.0,12.661564,194.82652,210605207035990019,2021-06-05 20:00:00,20,PM,156,5,Saturday,1,6,June,2021,0,Unknown
MCP32470018,235EA9A2989642739428974AEF2451BB,True,NO APPARENT INJURY,UNKNOWN,UNKNOWN,PASSENGER,MAKING U TURN,East,SUPERFICIAL,25,False,False,2,3706795429459167,210021418,Montgomery County Police,Property Damage ,True,West,2,2,LEVEL,False,False,DRIVER,STRAIGHT MOVEMENT ANGLE,DRY,DAYLIGHT,OTHER,UNKNOWN,UNKNOWN,CURVE LEFT,NO DEFECTS,"TWO-WAY, NOT DIVIDED",38.99575226,-77.02452628,6732058886739677,8825017167010994,0,0,0,2021060520,7703596439001907,Mercedes-Benz,0,Unknown,Unknown,0.0,0.0,Unknown,Unknown,Unknown,0,0,FENTON ST,County,WAYNE AVE,County,8825017167010994,20910,SILVER SPRING,82846.1568889,126320091.137,39.00190768010143,-77.03596497235911,27.3965,55.9999,0.0,0.0,0.0,12.661564,194.82652,210605207035990019,2021-06-05 20:00:00,20,PM,156,5,Saturday,1,6,June,2021,0,Unknown
DM85030003,E4A0CD8043DF46A286CC64AE020A83D1,False,NO APPARENT INJURY,UNKNOWN,NOT DISTRACTED,PASSENGER,STOPPED IN TRAFFIC LANE,South,FUNCTIONAL,0,False,False,2,5867016784292764,210021416,Takoma Park Police Depart,Property Damage ,False,South,1,1,LEVEL,False,False,DRIVER,SAME DIR REAR END,DRY,DARK LIGHTS ON,UNKNOWN,UNKNOWN,UNKNOWN,STRAIGHT,UNKNOWN,"TWO-WAY, DIVIDED, UNPROTECTED PAINTED MIN 4 FEET",38.97997,-77.01689,7883959838840872,5799511491379277,0,0,0,2021060521,7700204038982546,Honda,2010,CR-V,Sport Utility Vehicle - 2WD,4.0,2.4,Automatic 5,AWD,Regular Gasoline,21,27,PINEY BRANCH RD,Maryland (State),PHILADELPHIA AVE,Maryland (State),5799511491379277,20912,TAKOMA PARK,51232.0653417,65209197.2692,38.98254687160147,-77.00204079343348,25.648,62.086,0.0,0.0,0.0,10.163227,202.93213,210605217002089825,2021-06-05 21:00:00,21,PM,156,5,Saturday,1,6,June,2021,0,Unknown
DM85030003,E6B763BF33274ADAAB3E2CD847D6B6B0,True,NO APPARENT INJURY,ALCOHOL,UNKNOWN,PASSENGER,MOVING CONSTANT SPEED,South,DISABLING,40,False,False,2,7679050866365636,210021416,Takoma Park Police Depart,Property Damage ,False,South,1,1,LEVEL,False,False,DRIVER,SAME DIR REAR END,DRY,DARK LIGHTS ON,UNKNOWN,UNKNOWN,UNKNOWN,STRAIGHT,UNKNOWN,"TWO-WAY, DIVIDED, UNPROTECTED PAINTED MIN 4 FEET",38.97997,-77.01689,7883959838840872,5799511491379277,0,0,0,2021060521,7700204038982546,Saturn,0,Unknown,Unknown,0.0,0.0,Unknown,Unknown,Unknown,0,0,PINEY BRANCH RD,Maryland (State),PHILADELPHIA AVE,Maryland (State),5799511491379277,20912,TAKOMA PARK,51232.0653417,65209197.2692,38.98254687160147,-77.00204079343348,25.648,62.086,0.0,0.0,0.0,10.163227,202.93213,210605217002089825,2021-06-05 21:00:00,21,PM,156,5,Saturday,1,6,June,2021,0,Unknown
MCP29480044,9AAE1DBFB50C4D458366434C5920A46E,True,NO APPARENT INJURY,UNKNOWN,UNKNOWN,PASSENGER,UNKNOWN,UNKNOWN,UNKNOWN,25,False,False,1,6076966844177332,210022184,Montgomery County Police,Property Damage ,True,South,0,1,LEVEL,False,False,DRIVER,SAME DIR REAR END,UNKNOWN,DARK -- UNKNOWN LIGHTING,NO CONTROLS,UNKNOWN,UNKNOWN,STRAIGHT,NO DEFECTS,"TWO-WAY, NOT DIVIDED",39.035635,-77.06770333,1183766087308093,7085045472837862,0,0,0,2021060522,7707527239025656,Acura,2018,TLX,Compact Cars,6.0,3.5,Automatic 9,FWD,Premium Gasoline,20,30,CLARIDGE RD,County,MILTON ST,County,7085045472837862,20895,KENSINGTON,70838.1492765,106180148.023,39.02565657266069,-77.07527294437958,24.4955,65.450356,0.0,0.0,0.0,10.787993,205.7099,210605227075290256,2021-06-05 22:00:00,22,PM,156,5,Saturday,1,6,June,2021,0,Unknown
MCP2845007R,D3D8498D127B45498D6E80A47EBB91E4,False,NO APPARENT INJURY,NONE,NOT DISTRACTED,PASSENGER,MOVING CONSTANT SPEED,South,DISABLING,25,False,False,2,169882151489943,210021465,Montgomery County Police,Property Damage ,False,South,1,2,LEVEL,False,False,DRIVER,STRAIGHT MOVEMENT ANGLE,DRY,DAYLIGHT,NO CONTROLS,INTERSECTION RELATED,T-INTERSECTION,STRAIGHT,NO DEFECTS,"TWO-WAY, DIVIDED, UNPROTECTED PAINTED MIN 4 FEET",39.00898033,-76.9804485,5504410288718269,2828528060015792,0,0,0,2021060609,7698354239018293,Hyundai,2013,Sonata,Large Cars,4.0,2.4,Automatic 6,FWD,Regular Gasoline,24,34,AVENEL RD,County,CAMILLUS DR,Other Public Roadway,2828528060015792,20903,SILVER SPRING,50204.7192451,65972447.4483,39.01829365940637,-76.9835422251861,26.1845,60.6632,0.0,0.0,0.0,5.4477882,262.40546,210606096983590182,2021-06-06 09:00:00,9,AM,157,6,Sunday,1,6,June,2021,0,Unknown