ReportNumber,VehicleCrashKey,DriverAtFault,DriverInjurySeverity,DriverSubstanceAbuse,DriverDistractedBy,VehicleType,VehicleMovement,VehicleGoingDir,VehicleDamageExtent,SpeedLimit,ParkedVehicle,SubstanceAbuseContributed,VehiclesCrashedTotal,VehicleKey,LocalCaseNumber,AgencyName,ACRSReportType,HitRun,LaneDirection,LaneNumber,NumberOfLanes,RoadGrade,NonTraffic,OffRoadIncident,AccidentAtFault,CollisionType,SurfaceCondition,Light,TrafficControl,Junction,IntersectionType,RoadAlignment,RoadCondition,RoadDivision,Latitude,Longitude,RoadKey_x,CrossStreetKey,NonMotoristTotal,NonMotoristInjury,NonMotoristFatal,DateHourKey,LocationAreaKey,Make,Year_x,BaseModel,BodyClass,Cylinders,Displacement,Transmission,Drivetrain,FuelType,CityMPG,HighwayMPG,RoadName_x,RouteType_x,RoadName_y,RouteType_y,RoadKey_y,Zipcode,MailCity,ShapeLength,ShapeArea,CentroidLatitude,CentroidLongitude,Temperature,Humidity,Precipitation,Rain,Snow,WindSpeed,WindDirection,WeatherKey,Datetime,Hour,TimeOfDay,DayNumber,WeekDayNumber,WeekDayName,WeekendFlag,MonthNumber,MonthName,Year_y,HolidayFlag,HolidayName
MCP2845007R,4C8CD8C7D96549838B007830A71A2E9C,True,NO APPARENT INJURY,NONE,LOOKED BUT DID NOT SEE,PASSENGER,ACCELERATING,South,DISABLING,25,False,False,2,1032942915110160,210021465,Montgomery County Police,Property Damage ,False,South,1,2,LEVEL,False,False,DRIVER,STRAIGHT MOVEMENT ANGLE,DRY,DAYLIGHT,NO CONTROLS,INTERSECTION RELATED,T-INTERSECTION,STRAIGHT,NO DEFECTS,"TWO-WAY, DIVIDED, UNPROTECTED PAINTED MIN 4 FEET",39.00898033,-76.9804485,5504410288718269,2828528060015792,0,0,0,2021060609,7698354239018293,Toyota,2016,Corolla,Midsize Cars,4.0,1.8,Automatic CVT,FWD,Regular Gasoline,28,36,AVENEL RD,County,CAMILLUS DR,Other Public Roadway,2828528060015792,20903,SILVER SPRING,50204.7192451,65972447.4483,39.01829365940637,-76.9835422251861,26.1845,60.6632,0.0,0.0,0.0,5.4477882,262.40546,210606096983590182,2021-06-06 09:00:00,9,AM,157,6,Sunday,1,6,June,2021,0,Unknown
MCP3111003K,E59C68279097475CBBAAA8DAC7FFB95A,True,NO APPARENT INJURY,NONE,INATTENTIVE OR LOST IN THOUGHT,PASSENGER,MOVING CONSTANT SPEED,West,FUNCTIONAL,35,False,False,1,3039345294469779,210021475,Montgomery County Police,Property Damage ,False,West,2,2,GRADE DOWNHILL,False,False,DRIVER,SINGLE VEHICLE,DRY,DAYLIGHT,NO CONTROLS,UNKNOWN,UNKNOWN,CURVE LEFT,UNKNOWN,"TWO-WAY, DIVIDED, POSITIVE MEDIAN BARRIER",38.97944867,-77.13135233,1363718650800826,1383783813829528,0,0,0,2021060611,7715220038996189,Dodge,2005,Ram 1500 Pickup,Standard Pickup Trucks 2WD,8.0,4.7,Automatic 5,RWD,Regular Gasoline,12,17,RIVER RD,Maryland (State),BRAEBURN PKWY,County,1383783813829528,20817,BETHESDA,143234.920079,403664948.588,38.996189145680184,-77.15220044157795,30.993,46.34468,0.0,0.0,0.0,2.0364676,315.0001,210606117152289961,2021-06-06 11:00:00,11,AM,157,6,Sunday,1,6,June,2021,0,Unknown
MCP22910055,D1D0B882C3894C199F90BE2B721AF10A,False,NO APPARENT INJURY,NONE,NOT DISTRACTED,PASSENGER,MOVING CONSTANT SPEED,East,SUPERFICIAL,25,False,False,3,4962802004971968,210021506,Montgomery County Police,Property Damage ,True,East,1,1,LEVEL,False,False,DRIVER,OTHER,DRY,DAYLIGHT,NO CONTROLS,NON INTERSECTION,UNKNOWN,STRAIGHT,NO DEFECTS,"TWO-WAY, NOT DIVIDED",38.97708131,-77.08457019,7806589269723106,5812528152928271,0,0,0,2021060616,7707842038983818,Mercedes-Benz,2018,S-Class,Large Cars,8.0,4.0,Automatic 9,4WD,Premium Gasoline,17,27,BRADLEY LA,Maryland (State),MAPLE AVE,Municipality,5812528152928271,20815,CHEVY CHASE,78258.2702851,151813895.483,38.98381860627773,-77.07842006190148,32.0745,39.849014,0.3,0.3,0.0,10.799999,180.0,210606167078489838,2021-06-06 16:00:00,16,PM,157,6,Sunday,1,6,June,2021,0,Unknown
MCP22910055,A870E681B41D4EC0AA7AFB0F782CFB30,False,NO APPARENT INJURY,NONE,NOT DISTRACTED,PASSENGER,SLOWING OR STOPPING,East,FUNCTIONAL,25,False,False,3,3097115246543062,210021506,Montgomery County Police,Property Damage ,True,East,1,1,LEVEL,False,False,DRIVER,OTHER,DRY,DAYLIGHT,NO CONTROLS,NON INTERSECTION,UNKNOWN,STRAIGHT,NO DEFECTS,"TWO-WAY, NOT DIVIDED",38.97708131,-77.08457019,7806589269723106,5812528152928271,0,0,0,2021060616,7707842038983818,Honda,2007,Accord,Midsize Cars,6.0,3.0,Automatic 5,FWD,Regular Gasoline,18,31,BRADLEY LA,Maryland (State),MAPLE AVE,Municipality,5812528152928271,20815,CHEVY CHASE,78258.2702851,151813895.483,38.98381860627773,-77.07842006190148,32.0745,39.849014,0.3,0.3,0.0,10.799999,180.0,210606167078489838,2021-06-06 16:00:00,16,PM,157,6,Sunday,1,6,June,2021,0,Unknown
MCP22910055,4CAAA7E6D2A5419480DE323FAE793C03,True,NO APPARENT INJURY,UNKNOWN,UNKNOWN,PASSENGER,UNKNOWN,East,DISABLING,25,False,False,3,6784325097862454,210021506,Montgomery County Police,Property Damage ,True,East,1,1,LEVEL,False,False,DRIVER,OTHER,DRY,DAYLIGHT,NO CONTROLS,NON INTERSECTION,UNKNOWN,STRAIGHT,NO DEFECTS,"TWO-WAY, NOT DIVIDED",38.97708131,-77.08457019,7806589269723106,5812528152928271,0,0,0,2021060616,7707842038983818,Nissan,2020,Sentra,Midsize Cars,4.0,2.0,Automatic CVT,FWD,Regular Gasoline,28,37,BRADLEY LA,Maryland (State),MAPLE AVE,Municipality,5812528152928271,20815,CHEVY CHASE,78258.2702851,151813895.483,38.98381860627773,-77.07842006190148,32.0745,39.849014,0.3,0.3,0.0,10.799999,180.0,210606167078489838,2021-06-06 16:00:00,16,PM,157,6,Sunday,1,6,June,2021,0,Unknown
MCP3247001B,221E0F66A51E42DB8788855B7F024102,False,POSSIBLE INJURY,NONE,NOT DISTRACTED,PASSENGER,SLOWING OR STOPPING,East,SUPERFICIAL,30,False,False,3,4864806253368635,210021511,Montgomery County Police,Injury ,False,East,1,1,HILL UPHILL,False,False,DRIVER,SAME DIR REAR END,DRY,DAYLIGHT,TRAFFIC SIGNAL,INTERSECTION RELATED,FOUR-WAY INTERSECTION,STRAIGHT,NO DEFECTS,"TWO-WAY, NOT DIVIDED",38.99183844,-77.01004255,7883959838840872,112242037319947,0,0,0,2021060616,7703596439001907,Hyundai,2019,Ioniq,Large Cars,4.0,1.6,Automatic 6,FWD,Regular Gasoline,53,52,PINEY BRANCH RD,Maryland (State),WESSEX RD,County,112242037319947,20910,SILVER SPRING,82846.1568889,126320091.137,39.00190768010143,-77.03596497235911,31.9965,39.82761,0.3,0.3,0.0,10.799999,180.0,210606167035990019,2021-06-06 16:00:00,16,PM,157,6,Sunday,1,6,June,2021,0,Unknown
MCP3247001B,57CA575AE6BB4BEA81F202861D68B9C0,True,NO APPARENT INJURY,NONE,INATTENTIVE OR LOST IN THOUGHT,PASSENGER,SLOWING OR STOPPING,East,FUNCTIONAL,30,False,False,3,8961481787963722,210021511,Montgomery County Police,Injury ,False,East,1,1,HILL UPHILL,False,False,DRIVER,SAME DIR REAR END,DRY,DAYLIGHT,TRAFFIC SIGNAL,INTERSECTION RELATED,FOUR-WAY INTERSECTION,STRAIGHT,NO DEFECTS,"TWO-WAY, NOT DIVIDED",38.99183844,-77.01004255,7883959838840872,112242037319947,0,0,0,2021060616,7703596439001907,Mazda,0,Unknown,Unknown,0.0,0.0,Unknown,Unknown,Unknown,0,0,PINEY BRANCH RD,Maryland (State),WESSEX RD,County,112242037319947,20910,SILVER SPRING,82846.1568889,126320091.137,39.00190768010143,-77.03596497235911,31.9965,39.82761,0.3,0.3,0.0,10.799999,180.0,210606167035990019,2021-06-06 16:00:00,16,PM,157,6,Sunday,1,6,June,2021,0,Unknown
MCP3247001B,E3690D3A79094A13B86B19F8F7291AEC,False,NO APPARENT INJURY,NONE,NOT DISTRACTED,PASSENGER,SLOWING OR STOPPING,East,SUPERFICIAL,30,False,False,3,6148504662830022,210021511,Montgomery County Police,Injury ,False,East,1,1,HILL UPHILL,False,False,DRIVER,SAME DIR REAR END,DRY,DAYLIGHT,TRAFFIC SIGNAL,INTERSECTION RELATED,FOUR-WAY INTERSECTION,STRAIGHT,NO DEFECTS,"TWO-WAY, NOT DIVIDED",38.99183844,-77.01004255,7883959838840872,112242037319947,0,0,0,2021060616,7703596439001907,Honda,2005,CR-V,Sport Utility Vehicle - 4WD,4.0,2.4,Automatic 5,AWD,Regular Gasoline,20,24,PINEY BRANCH RD,Maryland (State),WESSEX RD,County,112242037319947,20910,SILVER SPRING,82846.1568889,126320091.137,39.00190768010143,-77.03596497235911,31.9965,39.82761,0.3,0.3,0.0,10.799999,180.0,210606167035990019,2021-06-06 16:00:00,16,PM,157,6,Sunday,1,6,June,2021,0,Unknown
DM8497000P,2F308FC45FF44CA4B503CDC0D1F3C9CC,False,NO APPARENT INJURY,UNKNOWN,NOT DISTRACTED,PASSENGER,MOVING CONSTANT SPEED,East,NO DAMAGE,10,False,False,1,7731084117060589,210021540,Takoma Park Police Depart,Injury ,True,UNKNOWN,0,0,UNKNOWN,True,True,NONMOTORIST,OTHER,UNKNOWN,DARK LIGHTS ON,UNKNOWN,UNKNOWN,UNKNOWN,UNKNOWN,UNKNOWN,UNKNOWN,38.98874631,-76.98905776,7781945108562677,7781945108562677,1,1,0,2021060621,7700204038982546,Toyota,2019,Highlander,Standard Sport Utility Vehicle 4WD,6.0,3.5,Automatic 8,AWD,Regular Gasoline,20,27,UNKNOWN,UNKNOWN,UNKNOWN,UNKNOWN,7781945108562677,20912,TAKOMA PARK,51232.0653417,65209197.2692,38.98254687160147,-77.00204079343348,27.148,68.06886,0.0,0.0,0.0,16.595179,183.73132,210606217002089825,2021-06-06 21:00:00,21,PM,157,6,Sunday,1,6,June,2021,0,Unknown
MCP3215001T,883AC60E1D7649CFA4F485BC55CB5538,True,NO APPARENT INJURY,UNKNOWN,NOT DISTRACTED,PASSENGER,CHANGING LANES,East,DISABLING,35,False,False,2,3625279951781377,210021570,Montgomery County Police,Property Damage ,False,East,2,2,LEVEL,False,False,DRIVER,SAME DIRECTION RIGHT TURN,DRY,DAYLIGHT,NO CONTROLS,NON INTERSECTION,UNKNOWN,STRAIGHT,NO DEFECTS,"TWO-WAY, DIVIDED, POSITIVE MEDIAN BARRIER",38.99095725,-77.15647518,1363718650800826,8760747166704389,0,0,0,2021060708,7715220038996189,Ford,2017,Escape,Small Sport Utility Vehicle 2WD,4.0,1.5,Automatic 6,FWD,Regular Gasoline,21,29,RIVER RD,Maryland (State),CROSSOVER,UNKNOWN,8760747166704389,20817,BETHESDA,143234.920079,403664948.588,38.996189145680184,-77.15220044157795,25.543,78.81575,0.0,0.0,0.0,8.12197,192.80426,210607087152289961,2021-06-07 08:00:00,8,AM,158,0,Monday,0,6,June,2021,0,Unknown
MCP3215001T,1B43F1C97F114B37A7F68B5E3983C85D,False,NO APPARENT INJURY,UNKNOWN,NOT DISTRACTED,PASSENGER,STOPPED IN TRAFFIC LANE,East,FUNCTIONAL,35,False,False,2,3063454677846732,210021570,Montgomery County Police,Property Damage ,False,East,2,2,LEVEL,False,False,DRIVER,SAME DIRECTION RIGHT TURN,DRY,DAYLIGHT,NO CONTROLS,NON INTERSECTION,UNKNOWN,STRAIGHT,NO DEFECTS,"TWO-WAY, DIVIDED, POSITIVE MEDIAN BARRIER",38.99095725,-77.15647518,1363718650800826,8760747166704389,0,0,0,2021060708,7715220038996189,Ford,2015,F150,Standard Pickup Trucks 2WD,6.0,3.5,Automatic 6,4WD,Regular Gasoline,17,22,RIVER RD,Maryland (State),CROSSOVER,UNKNOWN,8760747166704389,20817,BETHESDA,143234.920079,403664948.588,38.996189145680184,-77.15220044157795,25.543,78.81575,0.0,0.0,0.0,8.12197,192.80426,210607087152289961,2021-06-07 08:00:00,8,AM,158,0,Monday,0,6,June,2021,0,Unknown
MCP242500GW,94FDFEAD780B477CBBE567CCE0E26A92,True,NO APPARENT INJURY,NONE,UNKNOWN,PASSENGER,MOVING CONSTANT SPEED,South,DISABLING,35,False,False,3,4223640344993510,210021601,Montgomery County Police,Property Damage ,False,South,1,3,HILL UPHILL,False,False,DRIVER,SAME DIR REAR END,DRY,DAYLIGHT,NO CONTROLS,INTERSECTION,T-INTERSECTION,STRAIGHT,NO DEFECTS,"TWO-WAY, DIVIDED, UNPROTECTED PAINTED MIN 4 FEET",39.01174333,-77.04137667,8554262040045692,4497651537622044,0,0,0,2021060711,7703596439001907,Nissan,2019,Versa,Compact Cars,4.0,1.6,Automatic CVT,FWD,Regular Gasoline,27,36,GEORGIA AVE,Maryland (State),LOCUST GROVE RD,County,4497651537622044,20910,SILVER SPRING,82846.1568889,126320091.137,39.00190768010143,-77.03596497235911,29.1465,60.397186,0.0,0.0,0.0,12.6462,184.899,210607117035990019,2021-06-07 11:00:00,11,AM,158,0,Monday,0,6,June,2021,0,Unknown
MCP242500GW,51AB3E7501864366BAC6E31A5E7C1183,False,NO APPARENT INJURY,NONE,NOT DISTRACTED,PASSENGER,SLOWING OR STOPPING,South,FUNCTIONAL,35,False,False,3,5165463580714765,210021601,Montgomery County Police,Property Damage ,False,South,1,3,HILL UPHILL,False,False,DRIVER,SAME DIR REAR END,DRY,DAYLIGHT,NO CONTROLS,INTERSECTION,T-INTERSECTION,STRAIGHT,NO DEFECTS,"TWO-WAY, DIVIDED, UNPROTECTED PAINTED MIN 4 FEET",39.01174333,-77.04137667,8554262040045692,4497651537622044,0,0,0,2021060711,7703596439001907,Chevrolet,2019,Suburban,Standard Sport Utility Vehicle 2WD,8.0,5.3,Automatic 6,4WD,Regular Gasoline,14,21,GEORGIA AVE,Maryland (State),LOCUST GROVE RD,County,4497651537622044,20910,SILVER SPRING,82846.1568889,126320091.137,39.00190768010143,-77.03596497235911,29.1465,60.397186,0.0,0.0,0.0,12.6462,184.899,210607117035990019,2021-06-07 11:00:00,11,AM,158,0,Monday,0,6,June,2021,0,Unknown
MCP242500GW,7EEA6A06310F4CD0B4943A2046059BB8,False,NO APPARENT INJURY,UNKNOWN,NOT DISTRACTED,PASSENGER,SLOWING OR STOPPING,South,DESTROYED,35,False,False,3,9506467589876804,210021601,Montgomery County Police,Property Damage ,False,South,1,3,HILL UPHILL,False,False,DRIVER,SAME DIR REAR END,DRY,DAYLIGHT,NO CONTROLS,INTERSECTION,T-INTERSECTION,STRAIGHT,NO DEFECTS,"TWO-WAY, DIVIDED, UNPROTECTED PAINTED MIN 4 FEET",39.01174333,-77.04137667,8554262040045692,4497651537622044,0,0,0,2021060711,7703596439001907,Hyundai,2009,Genesis,Large Cars,6.0,3.8,Automatic 6,RWD,Premium Gasoline,17,25,GEORGIA AVE,Maryland (State),LOCUST GROVE RD,County,4497651537622044,20910,SILVER SPRING,82846.1568889,126320091.137,39.00190768010143,-77.03596497235911,29.1465,60.397186,0.0,0.0,0.0,12.6462,184.899,210607117035990019,2021-06-07 11:00:00,11,AM,158,0,Monday,0,6,June,2021,0,Unknown
MCP2456005F,03BD860C1F3C4167A00978CAEE883797,False,NO APPARENT INJURY,NONE,NOT DISTRACTED,PASSENGER,MOVING CONSTANT SPEED,South,FUNCTIONAL,40,False,False,2,4595510051903263,210021631,Montgomery County Police,Property Damage ,False,South,1,3,LEVEL,False,False,DRIVER,SAME DIR REAR END,DRY,DAYLIGHT,TRAFFIC SIGNAL,INTERCHANGE RELATED,OTHER,STRAIGHT,NO DEFECTS,"TWO-WAY, DIVIDED, POSITIVE MEDIAN BARRIER",39.01790833,-76.97702333,8901981419077344,6989690572086953,0,0,0,2021060714,7698354239018293,Honda,0,Unknown,Unknown,0.0,0.0,Unknown,Unknown,Unknown,0,0,NEW HAMPSHIRE AVE,Maryland (State),RAMP 6 FR IS 495 EB TO MD 650 SB,Ramp,6989690572086953,20903,SILVER SPRING,50204.7192451,65972447.4483,39.01829365940637,-76.9835422251861,31.484499,48.248966,0.0,0.0,0.0,11.525623,178.21013,210607146983590182,2021-06-07 14:00:00,14,PM,158,0,Monday,0,6,June,2021,0,Unknown
MCP2456005F,4D4B9CED252B41C3AA665D0D5B3E13E8,True,NO APPARENT INJURY,NONE,NOT DISTRACTED,PASSENGER,MOVING CONSTANT SPEED,South,DISABLING,40,False,False,2,7575462229511614,210021631,Montgomery County Police,Property Damage ,False,South,1,3,LEVEL,False,False,DRIVER,SAME DIR REAR END,DRY,DAYLIGHT,TRAFFIC SIGNAL,INTERCHANGE RELATED,OTHER,STRAIGHT,NO DEFECTS,"TWO-WAY, DIVIDED, POSITIVE MEDIAN BARRIER",39.01790833,-76.97702333,8901981419077344,6989690572086953,0,0,0,2021060714,7698354239018293,BMW,2007,5 Series,Midsize Cars,6.0,3.0,Automatic 6,RWD,Premium Gasoline,17,25,NEW HAMPSHIRE AVE,Maryland (State),RAMP 6 FR IS 495 EB TO MD 650 SB,Ramp,6989690572086953,20903,SILVER SPRING,50204.7192451,65972447.4483,39.01829365940637,-76.9835422251861,31.484499,48.248966,0.0,0.0,0.0,11.525623,178.21013,210607146983590182,2021-06-07 14:00:00,14,PM,158,0,Monday,0,6,June,2021,0,Unknown
MCP2723005L,C5FAB5DFE10D4FCD9FAEBCD9D919C0FE,False,NO APPARENT INJURY,UNKNOWN,NOT DISTRACTED,PASSENGER,SLOWING OR STOPPING,West,FUNCTIONAL,35,False,False,3,2815627418338661,210021495,Montgomery County Police,Property Damage ,True,West,3,3,HILL UPHILL,False,False,DRIVER,SAME DIR REAR END,DRY,DAYLIGHT,TRAFFIC SIGNAL,INTERSECTION,FOUR-WAY INTERSECTION,STRAIGHT,NO DEFECTS,"TWO-WAY, DIVIDED, POSITIVE MEDIAN BARRIER",39.05643216,-77.08220186,8073720238398338,9290911226978796,0,0,0,2021060714,7705486039088590,Honda,2015,Accord,Midsize Cars,4.0,2.4,Automatic 6,FWD,Regular Gasoline,21,34,RANDOLPH RD,County,VEIRS MILL RD,Maryland (State),9290911226978796,20906,SILVER SPRING,133207.174949,359110751.771,39.08859082555049,-77.05486091907257,31.182499,48.926537,0.0,0.0,0.0,11.212135,174.47255,210607147054890885,2021-06-07 14:00:00,14,PM,158,0,Monday,0,6,June,2021,0,Unknown
MCP2723005L,4C9A2BBB26844AF69B406397F663F4E5,False,NO APPARENT INJURY,UNKNOWN,NOT DISTRACTED,PASSENGER,SLOWING OR STOPPING,West,FUNCTIONAL,35,False,False,3,7449897336849968,210021495,Montgomery County Police,Property Damage ,True,West,3,3,HILL UPHILL,False,False,DRIVER,SAME DIR REAR END,DRY,DAYLIGHT,TRAFFIC SIGNAL,INTERSECTION,FOUR-WAY INTERSECTION,STRAIGHT,NO DEFECTS,"TWO-WAY, DIVIDED, POSITIVE MEDIAN BARRIER",39.05643216,-77.08220186,8073720238398338,9290911226978796,0,0,0,2021060714,7705486039088590,Scion,2005,xB,Small Station Wagons,4.0,1.5,Automatic 4,FWD,Regular Gasoline,27,31,RANDOLPH RD,County,VEIRS MILL RD,Maryland (State),9290911226978796,20906,SILVER SPRING,133207.174949,359110751.771,39.08859082555049,-77.05486091907257,31.182499,48.926537,0.0,0.0,0.0,11.212135,174.47255,210607147054890885,2021-06-07 14:00:00,14,PM,158,0,Monday,0,6,June,2021,0,Unknown
MCP2723005L,A5D3EBEDD1C84BACA8B647768977D2D7,True,NO APPARENT INJURY,ALCOHOL,NOT DISTRACTED,PASSENGER,SLOWING OR STOPPING,West,FUNCTIONAL,35,False,False,3,790072563849975,210021495,Montgomery County Police,Property Damage ,True,West,3,3,HILL UPHILL,False,False,DRIVER,SAME DIR REAR END,DRY,DAYLIGHT,TRAFFIC SIGNAL,INTERSECTION,FOUR-WAY INTERSECTION,STRAIGHT,NO DEFECTS,"TWO-WAY, DIVIDED, POSITIVE MEDIAN BARRIER",39.05643216,-77.08220186,8073720238398338,9290911226978796,0,0,0,2021060714,7705486039088590,Mitsubishi,2021,Outlander,Small Sport Utility Vehicle 4WD,4.0,2.4,Automatic 6,4WD,Regular Gasoline,23,29,RANDOLPH RD,County,VEIRS MILL RD,Maryland (State),9290911226978796,20906,SILVER SPRING,133207.174949,359110751.771,39.08859082555049,-77.05486091907257,31.182499,48.926537,0.0,0.0,0.0,11.212135,174.47255,210607147054890885,2021-06-07 14:00:00,14,PM,158,0,Monday,0,6,June,2021,0,Unknown
MCP2866006Z,E225B5DAE4554745901F45FB88E8040C,True,NO APPARENT INJURY,NONE,NOT DISTRACTED,TRUCK,MOVING CONSTANT SPEED,East,SUPERFICIAL,25,False,False,1,2250767647570290,210021700,Montgomery County Police,Property Damage ,False,East,1,2,HILL UPHILL,False,False,DRIVER,OTHER,DRY,DAYLIGHT,NO CONTROLS,NON INTERSECTION,UNKNOWN,STRAIGHT,NO DEFECTS,"TWO-WAY, NOT DIVIDED",38.9907198,-77.08875397,2278432276479191,4381874353885900,0,0,0,2021060720,7710072538987731,Freightliner,0,Unknown,Unknown,0.0,0.0,Unknown,Unknown,Unknown,0,0,W VIRGINIA AVE,County,KENTUCKY AVE,County,4381874353885900,20814,BETHESDA,46411.6876883,47837334.4314,38.98773167577017,-77.10072590539887,26.7985,78.27635,0.0,0.0,0.0,11.113451,204.90474,210607207100789877,2021-06-07 20:00:00,20,PM,158,0,Monday,0,6,June,2021,0,Unknown
MCP2832006B,57D3930A12A64C638F18171D2316D79E,False,NO APPARENT INJURY,NONE,NOT DISTRACTED,TRUCK,SLOWING OR STOPPING,East,SUPERFICIAL,35,False,False,2,5157334875220943,210021759,Montgomery County Police,Property Damage ,True,East,2,2,HILL CREST,False,False,DRIVER,SAME DIR REAR END,DRY,DAYLIGHT,NO CONTROLS,UNKNOWN,UNKNOWN,STRAIGHT,NO DEFECTS,"TWO-WAY, DIVIDED, POSITIVE MEDIAN BARRIER",38.99030667,-77.15359667,1363718650800826,7712635130901957,0,0,0,2021060809,7715220038996189,Ford,2018,Taurus,Large Cars,6.0,3.5,Automatic 6,AWD,Regular Gasoline,17,24,RIVER RD,Maryland (State),BURDETTE RD,County,7712635130901957,20817,BETHESDA,143234.920079,403664948.588,38.996189145680184,-77.15220044157795,26.543,77.29376,0.0,0.0,0.0,6.12,270.0,210608097152289961,2021-06-08 09:00:00,9,AM,159,1,Tuesday,0,6,June,2021,0,Unknown
MCP2832006B,B9B7B7D292EF4525A510D024D1901FD2,True,NO APPARENT INJURY,UNKNOWN,UNKNOWN,PASSENGER,MOVING CONSTANT SPEED,East,DISABLING,35,False,False,2,5071914236850804,210021759,Montgomery County Police,Property Damage ,True,East,2,2,HILL CREST,False,False,DRIVER,SAME DIR REAR END,DRY,DAYLIGHT,NO CONTROLS,UNKNOWN,UNKNOWN,STRAIGHT,NO DEFECTS,"TWO-WAY, DIVIDED, POSITIVE MEDIAN BARRIER",38.99030667,-77.15359667,1363718650800826,7712635130901957,0,0,0,2021060809,7715220038996189,Chevrolet,2003,Express Passenger,"Vans, Passenger Type",8.0,5.3,Automatic 4,RWD,Regular Gasoline,12,16,RIVER RD,Maryland (State),BURDETTE RD,County,7712635130901957,20817,BETHESDA,143234.920079,403664948.588,38.996189145680184,-77.15220044157795,26.543,77.29376,0.0,0.0,0.0,6.12,270.0,210608097152289961,2021-06-08 09:00:00,9,AM,159,1,Tuesday,0,6,June,2021,0,Unknown
MCP3084004S,DFADCEA07AD54AC3B1E39A03D3CFDBC7,False,NO APPARENT INJURY,NONE,NOT DISTRACTED,PASSENGER,STARTING FROM LANE,West,DISABLING,45,False,False,2,7991704786068767,210021805,Montgomery County Police,Property Damage ,False,North,3,3,LEVEL,False,False,DRIVER,STRAIGHT MOVEMENT ANGLE,DRY,DAYLIGHT,TRAFFIC SIGNAL,INTERSECTION,FOUR-WAY INTERSECTION,STRAIGHT,NO DEFECTS,"TWO-WAY, DIVIDED, POSITIVE MEDIAN BARRIER",39.02686833,-77.12614,6477653073943693,3407679307494955,0,0,0,2021060813,7710519939016894,BMW,2003,M,Minicompact Cars,6.0,3.2,Manual 6,RWD,Premium Gasoline,14,21,DEMOCRACY BLVD,County,NO NAME,Interstate (State),3407679307494955,20814,BETHESDA,58373.8630538,68540697.609,39.016894075883464,-77.10519990449882,26.234499,79.63593,3.6,3.6,0.0,11.165805,339.22766,210608137105190168,2021-06-08 13:00:00,13,PM,159,1,Tuesday,0,6,June,2021,0,Unknown
MCP3084004S,467BF8DC050D4984BF03BB542647D1DC,True,NO APPARENT INJURY,NONE,LOOKED BUT DID NOT SEE,PASSENGER,ACCELERATING,North,FUNCTIONAL,45,False,False,2,7871367587015522,210021805,Montgomery County Police,Property Damage ,False,North,3,3,LEVEL,False,False,DRIVER,STRAIGHT MOVEMENT ANGLE,DRY,DAYLIGHT,TRAFFIC SIGNAL,INTERSECTION,FOUR-WAY INTERSECTION,STRAIGHT,NO DEFECTS,"TWO-WAY, DIVIDED, POSITIVE MEDIAN BARRIER",39.02686833,-77.12614,6477653073943693,3407679307494955,0,0,0,2021060813,7710519939016894,Toyota,2017,RAV4,Small Sport Utility Vehicle 4WD,4.0,2.5,Automatic 6,AWD,Regular Gasoline,22,28,DEMOCRACY BLVD,County,NO NAME,Interstate (State),3407679307494955,20814,BETHESDA,58373.8630538,68540697.609,39.016894075883464,-77.10519990449882,26.234499,79.63593,3.6,3.6,0.0,11.165805,339.22766,210608137105190168,2021-06-08 13:00:00,13,PM,159,1,Tuesday,0,6,June,2021,0,Unknown
MCP2617009J,DD7C332065EE456BB822F54210AEC45A,True,NO APPARENT INJURY,NONE,UNKNOWN,EMERGENCY,MOVING CONSTANT SPEED,West,DISABLING,35,False,False,2,2815627351228185,210021812,Montgomery County Police,Property Damage ,False,East,1,2,LEVEL,False,False,DRIVER,HEAD ON,DRY,DAYLIGHT,NO CONTROLS,NON INTERSECTION,UNKNOWN,CURVE LEFT,NO DEFECTS,"TWO-WAY, NOT DIVIDED",39.11966283,-77.04228983,418179445979580,380748473379333,0,0,0,2021060814,7705486039088590,Honda,2011,Accord,Compact Cars,4.0,2.4,Automatic 5,FWD,Regular Gasoline,22,32,NORBECK RD,Maryland (State),BARN RIDGE DR,County,380748473379333,20906,SILVER SPRING,133207.174949,359110751.771,39.08859082555049,-77.05486091907257,27.182499,74.84767,0.0,0.0,0.0,9.904906,340.9064,210608147054890885,2021-06-08 14:00:00,14,PM,159,1,Tuesday,0,6,June,2021,0,Unknown
MCP2617009J,42615E0BF0924679A4CD17FB5C9E319E,False,NO APPARENT INJURY,NONE,NOT DISTRACTED,PASSENGER,MOVING CONSTANT SPEED,East,DISABLING,35,False,False,2,810442503608762,210021812,Montgomery County Police,Property Damage ,False,East,1,2,LEVEL,False,False,DRIVER,HEAD ON,DRY,DAYLIGHT,NO CONTROLS,NON INTERSECTION,UNKNOWN,CURVE LEFT,NO DEFECTS,"TWO-WAY, NOT DIVIDED",39.11966283,-77.04228983,418179445979580,380748473379333,0,0,0,2021060814,7705486039088590,Mazda,2021,CX-30,Small Sport Utility Vehicle 4WD,4.0,2.5,Automatic 6,4WD,Regular Gasoline,24,31,NORBECK RD,Maryland (State),BARN RIDGE DR,County,380748473379333,20906,SILVER SPRING,133207.174949,359110751.771,39.08859082555049,-77.05486091907257,27.182499,74.84767,0.0,0.0,0.0,9.904906,340.9064,210608147054890885,2021-06-08 14:00:00,14,PM,159,1,Tuesday,0,6,June,2021,0,Unknown