ReportNumber,VehicleCrashKey,DriverAtFault,DriverInjurySeverity,DriverSubstanceAbuse,DriverDistractedBy,VehicleType,VehicleMovement,VehicleGoingDir,VehicleDamageExtent,SpeedLimit,ParkedVehicle,SubstanceAbuseContributed,VehiclesCrashedTotal,VehicleKey,LocalCaseNumber,AgencyName,ACRSReportType,HitRun,LaneDirection,LaneNumber,NumberOfLanes,RoadGrade,NonTraffic,OffRoadIncident,AccidentAtFault,CollisionType,SurfaceCondition,Light,TrafficControl,Junction,IntersectionType,RoadAlignment,RoadCondition,RoadDivision,Latitude,Longitude,RoadKey_x,CrossStreetKey,NonMotoristTotal,NonMotoristInjury,NonMotoristFatal,DateHourKey,LocationAreaKey,Make,Year_x,BaseModel,BodyClass,Cylinders,Displacement,Transmission,Drivetrain,FuelType,CityMPG,HighwayMPG,RoadName_x,RouteType_x,RoadName_y,RouteType_y,RoadKey_y,Zipcode,MailCity,ShapeLength,ShapeArea,CentroidLatitude,CentroidLongitude,Temperature,Humidity,Precipitation,Rain,Snow,WindSpeed,WindDirection,WeatherKey,Datetime,Hour,TimeOfDay,DayNumber,WeekDayNumber,WeekDayName,WeekendFlag,MonthNumber,MonthName,Year_y,HolidayFlag,HolidayName
MCP3274000S,FECC9B137D0149F48E73BC63224AB6BD,True,NO APPARENT INJURY,NONE,UNKNOWN,PASSENGER,MOVING CONSTANT SPEED,North,DISABLING,45,False,False,2,4909102112133355,210021811,Montgomery County Police,Property Damage ,False,East,2,2,LEVEL,False,False,DRIVER,HEAD ON LEFT TURN,DRY,DAYLIGHT,TRAFFIC SIGNAL,INTERSECTION,FOUR-WAY INTERSECTION,STRAIGHT,NO DEFECTS,"TWO-WAY, DIVIDED, POSITIVE MEDIAN BARRIER",39.02310333,-77.16206833,6477653073943693,776419263324954,0,0,0,2021060814,7715220038996189,Jeep,0,Unknown,Unknown,0.0,0.0,Unknown,Unknown,Unknown,0,0,DEMOCRACY BLVD,County,SEVEN LOCKS RD,County,776419263324954,20817,BETHESDA,143234.920079,403664948.588,38.996189145680184,-77.15220044157795,27.243,76.69749,0.1,0.1,0.0,7.729527,332.24155,210608147152289961,2021-06-08 14:00:00,14,PM,159,1,Tuesday,0,6,June,2021,0,Unknown
MCP3274000S,F48AE5BECDEC4416B887FDF9B73C2367,False,NO APPARENT INJURY,NONE,NOT DISTRACTED,PASSENGER,MAKING LEFT TURN,South,SUPERFICIAL,45,False,False,2,3406363731687629,210021811,Montgomery County Police,Property Damage ,False,East,2,2,LEVEL,False,False,DRIVER,HEAD ON LEFT TURN,DRY,DAYLIGHT,TRAFFIC SIGNAL,INTERSECTION,FOUR-WAY INTERSECTION,STRAIGHT,NO DEFECTS,"TWO-WAY, DIVIDED, POSITIVE MEDIAN BARRIER",39.02310333,-77.16206833,6477653073943693,776419263324954,0,0,0,2021060814,7715220038996189,Jaguar,0,Unknown,Unknown,0.0,0.0,Unknown,Unknown,Unknown,0,0,DEMOCRACY BLVD,County,SEVEN LOCKS RD,County,776419263324954,20817,BETHESDA,143234.920079,403664948.588,38.996189145680184,-77.15220044157795,27.243,76.69749,0.1,0.1,0.0,7.729527,332.24155,210608147152289961,2021-06-08 14:00:00,14,PM,159,1,Tuesday,0,6,June,2021,0,Unknown
MCP3227002C,34DFF250F3DD43478704A6E028B76A85,False,NO APPARENT INJURY,NONE,NOT DISTRACTED,OTHER,STARTING FROM LANE,North,SUPERFICIAL,30,False,False,3,3414161128511951,210021840,Montgomery County Police,Property Damage ,True,West,1,1,GRADE DOWNHILL,False,False,DRIVER,SAME DIRECTION SIDESWIPE,DRY,DAYLIGHT,TRAFFIC SIGNAL,UNKNOWN,FOUR-WAY INTERSECTION,STRAIGHT,NO DEFECTS,"TWO-WAY, NOT DIVIDED",38.99904388,-76.99726292,7883959838840872,4748369296977743,0,0,0,2021060817,7700204038982546,Hino,0,Unknown,Unknown,0.0,0.0,Unknown,Unknown,Unknown,0,0,PINEY BRANCH RD,Maryland (State),BARRON ST,County,4748369296977743,20912,TAKOMA PARK,51232.0653417,65209197.2692,38.98254687160147,-77.00204079343348,28.548,70.02491,0.0,0.0,0.0,2.5455842,135.0001,210608177002089825,2021-06-08 17:00:00,17,PM,159,1,Tuesday,0,6,June,2021,0,Unknown
MCP3227002C,7EFAFB834B1F408D9D71B31920C179EB,False,NO APPARENT INJURY,NONE,NOT DISTRACTED,PASSENGER,STARTING FROM LANE,North,SUPERFICIAL,30,False,False,3,8263131091656070,210021840,Montgomery County Police,Property Damage ,True,West,1,1,GRADE DOWNHILL,False,False,DRIVER,SAME DIRECTION SIDESWIPE,DRY,DAYLIGHT,TRAFFIC SIGNAL,UNKNOWN,FOUR-WAY INTERSECTION,STRAIGHT,NO DEFECTS,"TWO-WAY, NOT DIVIDED",38.99904388,-76.99726292,7883959838840872,4748369296977743,0,0,0,2021060817,7700204038982546,Toyota,1991,MR2,Two Seaters,4.0,2.2,Manual 5,RWD,Regular Gasoline,19,26,PINEY BRANCH RD,Maryland (State),BARRON ST,County,4748369296977743,20912,TAKOMA PARK,51232.0653417,65209197.2692,38.98254687160147,-77.00204079343348,28.548,70.02491,0.0,0.0,0.0,2.5455842,135.0001,210608177002089825,2021-06-08 17:00:00,17,PM,159,1,Tuesday,0,6,June,2021,0,Unknown
MCP3227002C,732EF998A7F746B9963AAE2EB6D7CB94,True,NO APPARENT INJURY,UNKNOWN,UNKNOWN,PASSENGER,STARTING FROM LANE,West,UNKNOWN,30,False,False,3,8168321465439775,210021840,Montgomery County Police,Property Damage ,True,West,1,1,GRADE DOWNHILL,False,False,DRIVER,SAME DIRECTION SIDESWIPE,DRY,DAYLIGHT,TRAFFIC SIGNAL,UNKNOWN,FOUR-WAY INTERSECTION,STRAIGHT,NO DEFECTS,"TWO-WAY, NOT DIVIDED",38.99904388,-76.99726292,7883959838840872,4748369296977743,0,0,0,2021060817,7700204038982546,Unknown,0,Unknown,Unknown,0.0,0.0,Unknown,Unknown,Unknown,0,0,PINEY BRANCH RD,Maryland (State),BARRON ST,County,4748369296977743,20912,TAKOMA PARK,51232.0653417,65209197.2692,38.98254687160147,-77.00204079343348,28.548,70.02491,0.0,0.0,0.0,2.5455842,135.0001,210608177002089825,2021-06-08 17:00:00,17,PM,159,1,Tuesday,0,6,June,2021,0,Unknown
DM85020002,B41F898B5BB74D118DFE41CAD17700F1,True,NO APPARENT INJURY,NONE,NOT DISTRACTED,PASSENGER,ACCELERATING,North,DISABLING,15,False,False,1,4800773727259318,210022027,Takoma Park Police Depart,Property Damage ,False,UNKNOWN,0,0,UNKNOWN,True,True,DRIVER,SINGLE VEHICLE,UNKNOWN,DAYLIGHT,OTHER,UNKNOWN,UNKNOWN,UNKNOWN,UNKNOWN,UNKNOWN,38.98654371,-76.98712312,7781945108562677,7781945108562677,0,0,0,2021060907,7700204038982546,Hyundai,2004,Elantra,Compact Cars,4.0,2.0,Manual 5,FWD,Regular Gasoline,21,31,UNKNOWN,UNKNOWN,UNKNOWN,UNKNOWN,7781945108562677,20912,TAKOMA PARK,51232.0653417,65209197.2692,38.98254687160147,-77.00204079343348,23.248,96.43246,0.0,0.0,0.0,10.182337,315.0001,210609077002089825,2021-06-09 07:00:00,7,AM,160,2,Wednesday,0,6,June,2021,0,Unknown
MCP3242000V,0C7BEC985B5A4D839373ECFAD9D56A57,True,POSSIBLE INJURY,NONE,NOT DISTRACTED,PASSENGER,MOVING CONSTANT SPEED,North,FUNCTIONAL,15,False,False,2,3233063173565461,210021900,Montgomery County Police,Injury ,False,North,1,3,LEVEL,False,False,DRIVER,SAME DIR REAR END,DRY,DAYLIGHT,TRAFFIC SIGNAL,NON INTERSECTION,UNKNOWN,STRAIGHT,NO DEFECTS,"TWO-WAY, DIVIDED, POSITIVE MEDIAN BARRIER",38.99249833,-77.02655167,5660893524410086,4545188728761907,0,0,0,2021060908,7703596439001907,Toyota,0,Unknown,Unknown,0.0,0.0,Unknown,Unknown,Unknown,0,0,GEORGIA AVE,US (State),THAYER AVE,County,4545188728761907,20910,SILVER SPRING,82846.1568889,126320091.137,39.00190768010143,-77.03596497235911,24.2465,89.43152,0.0,0.0,0.0,6.193674,305.53775,210609087035990019,2021-06-09 08:00:00,8,AM,160,2,Wednesday,0,6,June,2021,0,Unknown
MCP3242000V,D98B8BA3F1B24E958EEF248A71DB33F7,False,POSSIBLE INJURY,NONE,DISTRACTED BY OUTSIDE PERSON OBJECT OR EVENT,BUS,STOPPED IN TRAFFIC LANE,North,SUPERFICIAL,0,False,False,2,4960220375123743,210021900,Montgomery County Police,Injury ,False,North,1,3,LEVEL,False,False,DRIVER,SAME DIR REAR END,DRY,DAYLIGHT,TRAFFIC SIGNAL,NON INTERSECTION,UNKNOWN,STRAIGHT,NO DEFECTS,"TWO-WAY, DIVIDED, POSITIVE MEDIAN BARRIER",38.99249833,-77.02655167,5660893524410086,4545188728761907,0,0,0,2021060908,7703596439001907,Buick,0,Unknown,Unknown,0.0,0.0,Unknown,Unknown,Unknown,0,0,GEORGIA AVE,US (State),THAYER AVE,County,4545188728761907,20910,SILVER SPRING,82846.1568889,126320091.137,39.00190768010143,-77.03596497235911,24.2465,89.43152,0.0,0.0,0.0,6.193674,305.53775,210609087035990019,2021-06-09 08:00:00,8,AM,160,2,Wednesday,0,6,June,2021,0,Unknown
MCP30930036,D58680A59B8E40B6B0F03ECDA502A363,False,NO APPARENT INJURY,UNKNOWN,NOT DISTRACTED,PASSENGER,SLOWING OR STOPPING,East,SUPERFICIAL,0,False,False,2,8922103957153277,210021984,Montgomery County Police,Property Damage ,True,West,1,1,HILL UPHILL,False,False,DRIVER,OTHER,DRY,DAYLIGHT,UNKNOWN,UNKNOWN,UNKNOWN,STRAIGHT,NO DEFECTS,"TWO-WAY, NOT DIVIDED",38.98124,-77.06197667,9021878320574926,9505458976758701,0,0,0,2021060912,7707842038983818,Dodge,2018,Durango,Standard Sport Utility Vehicle 4WD,8.0,3.6,Automatic 8,AWD,Midgrade Gasoline,14,22,W GREENVALE PKWY,County,LYNNHURST PL,County,9505458976758701,20815,CHEVY CHASE,78258.2702851,151813895.483,38.98381860627773,-77.07842006190148,26.724499,76.6186,4.5,4.5,0.0,8.350138,7.4313188,210609127078489838,2021-06-09 12:00:00,12,PM,160,2,Wednesday,0,6,June,2021,0,Unknown
MCP30930036,324A44177F9A43A29122D5AC4BB25A8B,True,NO APPARENT INJURY,UNKNOWN,UNKNOWN,PASSENGER,MOVING CONSTANT SPEED,West,UNKNOWN,0,False,False,2,2855389770578551,210021984,Montgomery County Police,Property Damage ,True,West,1,1,HILL UPHILL,False,False,DRIVER,OTHER,DRY,DAYLIGHT,UNKNOWN,UNKNOWN,UNKNOWN,STRAIGHT,NO DEFECTS,"TWO-WAY, NOT DIVIDED",38.98124,-77.06197667,9021878320574926,9505458976758701,0,0,0,2021060912,7707842038983818,Isuzu,0,Unknown,Unknown,0.0,0.0,Unknown,Unknown,Unknown,0,0,W GREENVALE PKWY,County,LYNNHURST PL,County,9505458976758701,20815,CHEVY CHASE,78258.2702851,151813895.483,38.98381860627773,-77.07842006190148,26.724499,76.6186,4.5,4.5,0.0,8.350138,7.4313188,210609127078489838,2021-06-09 12:00:00,12,PM,160,2,Wednesday,0,6,June,2021,0,Unknown
MCP3007004Q,9C5FCC60AB584B9F86B152C6BE9F1B58,True,NO APPARENT INJURY,UNKNOWN,UNKNOWN,PASSENGER,MOVING CONSTANT SPEED,East,DISABLING,40,False,False,1,9530107300230689,210021970,Montgomery County Police,Property Damage ,False,East,1,1,LEVEL,False,False,DRIVER,SINGLE VEHICLE,DRY,DAYLIGHT,NO CONTROLS,NON INTERSECTION,UNKNOWN,CURVE LEFT,NO DEFECTS,"TWO-WAY, NOT DIVIDED",39.11982667,-77.04414833,418179445979580,380748473379333,0,0,0,2021060915,7705486039088590,Nissan,2015,Rogue,Small Sport Utility Vehicle 2WD,4.0,2.5,Automatic CVT,AWD,Regular Gasoline,22,26,NORBECK RD,Maryland (State),BARN RIDGE DR,County,380748473379333,20906,SILVER SPRING,133207.174949,359110751.771,39.08859082555049,-77.05486091907257,26.2825,82.343124,0.1,0.1,0.0,5.6233797,320.1945,210609157054890885,2021-06-09 15:00:00,15,PM,160,2,Wednesday,0,6,June,2021,0,Unknown
MCP271700VD,EF1D60B503EF41C3AE4A1A75F5C64274,True,NO APPARENT INJURY,NONE,UNKNOWN,PASSENGER,PARKING,North,DISABLING,25,False,False,1,288946374083400,210021992,Montgomery County Police,Injury ,False,North,1,2,LEVEL,False,False,DRIVER,OTHER,DRY,DAYLIGHT,NO CONTROLS,NON INTERSECTION,UNKNOWN,STRAIGHT,NO DEFECTS,"TWO-WAY, DIVIDED, UNPROTECTED PAINTED MIN 4 FEET",38.992773,-77.1120785,9145822462840443,5697120875951643,1,1,0,2021060917,7715220038996189,Tesla,2017,Model S,Large Cars,0.0,0.0,Automatic 1,AWD,Electricity,92,100,CHARLCOTE RD,County,MOORLAND LA,County,5697120875951643,20817,BETHESDA,143234.920079,403664948.588,38.996189145680184,-77.15220044157795,28.993,63.210754,0.0,0.0,0.0,1.835647,11.3098955,210609177152289961,2021-06-09 17:00:00,17,PM,160,2,Wednesday,0,6,June,2021,0,Unknown
MCP3161002S,31257D5406E946C990FD9311A9A3E141,False,NO APPARENT INJURY,NONE,NOT DISTRACTED,PASSENGER,MOVING CONSTANT SPEED,North,DISABLING,35,False,False,2,6045013032354060,210022013,Montgomery County Police,Property Damage ,False,North,2,3,LEVEL,False,False,DRIVER,HEAD ON LEFT TURN,DRY,DAYLIGHT,NO CONTROLS,INTERSECTION,T-INTERSECTION,STRAIGHT,NO DEFECTS,"TWO-WAY, DIVIDED, POSITIVE MEDIAN BARRIER",38.98907167,-77.07709333,1627793738140795,8175980742959294,0,0,0,2021060917,7707842038983818,Toyota,2006,Tacoma,Standard Pickup Trucks 2WD,6.0,4.0,Automatic 5,RWD,Regular Gasoline,14,21,CONNECTICUT AVE,Maryland (State),CLUB DR,County,8175980742959294,20815,CHEVY CHASE,78258.2702851,151813895.483,38.98381860627773,-77.07842006190148,28.724499,64.32593,0.1,0.1,0.0,1.9386592,338.19852,210609177078489838,2021-06-09 17:00:00,17,PM,160,2,Wednesday,0,6,June,2021,0,Unknown
MCP3161002S,93B35701A7AE4977BB170B329CC60C80,True,NO APPARENT INJURY,NONE,UNKNOWN,PASSENGER,MAKING U TURN,South,DISABLING,35,False,False,2,288946424416257,210022013,Montgomery County Police,Property Damage ,False,North,2,3,LEVEL,False,False,DRIVER,HEAD ON LEFT TURN,DRY,DAYLIGHT,NO CONTROLS,INTERSECTION,T-INTERSECTION,STRAIGHT,NO DEFECTS,"TWO-WAY, DIVIDED, POSITIVE MEDIAN BARRIER",38.98907167,-77.07709333,1627793738140795,8175980742959294,0,0,0,2021060917,7707842038983818,Tesla,2014,Model S,Large Cars,0.0,0.0,Automatic 1,RWD,Electricity,86,90,CONNECTICUT AVE,Maryland (State),CLUB DR,County,8175980742959294,20815,CHEVY CHASE,78258.2702851,151813895.483,38.98381860627773,-77.07842006190148,28.724499,64.32593,0.1,0.1,0.0,1.9386592,338.19852,210609177078489838,2021-06-09 17:00:00,17,PM,160,2,Wednesday,0,6,June,2021,0,Unknown
MCP2617009K,D837C85AF1AE43C2929FBC6140BB53CF,False,NO APPARENT INJURY,NONE,NOT DISTRACTED,BUS,STARTING FROM LANE,North,FUNCTIONAL,35,False,False,2,6259949909495943,210022021,Montgomery County Police,Property Damage ,False,North,3,3,LEVEL,False,False,DRIVER,SAME DIRECTION RIGHT TURN,DRY,DAYLIGHT,TRAFFIC SIGNAL,INTERSECTION,T-INTERSECTION,STRAIGHT,NO DEFECTS,"TWO-WAY, DIVIDED, POSITIVE MEDIAN BARRIER",39.07742083,-77.07058317,8554262040045692,2242153826664605,0,0,0,2021060919,7705486039088590,New Flyer,0,Unknown,Unknown,0.0,0.0,Unknown,Unknown,Unknown,0,0,GEORGIA AVE,Maryland (State),HEWITT AVE,County,2242153826664605,20906,SILVER SPRING,133207.174949,359110751.771,39.08859082555049,-77.05486091907257,27.4825,78.61079,0.0,0.0,0.0,3.219938,63.435013,210609197054890885,2021-06-09 19:00:00,19,PM,160,2,Wednesday,0,6,June,2021,0,Unknown
MCP2617009K,9EE9697CA12D42159072AF58555B441F,True,NO APPARENT INJURY,NONE,LOOKED BUT DID NOT SEE,PASSENGER,MAKING RIGHT TURN,North,FUNCTIONAL,35,False,False,2,167655078774051,210022021,Montgomery County Police,Property Damage ,False,North,3,3,LEVEL,False,False,DRIVER,SAME DIRECTION RIGHT TURN,DRY,DAYLIGHT,TRAFFIC SIGNAL,INTERSECTION,T-INTERSECTION,STRAIGHT,NO DEFECTS,"TWO-WAY, DIVIDED, POSITIVE MEDIAN BARRIER",39.07742083,-77.07058317,8554262040045692,2242153826664605,0,0,0,2021060919,7705486039088590,Toyota,2006,Tundra,Standard Pickup Trucks 2WD,6.0,4.0,Automatic 5,RWD,Regular Gasoline,14,16,GEORGIA AVE,Maryland (State),HEWITT AVE,County,2242153826664605,20906,SILVER SPRING,133207.174949,359110751.771,39.08859082555049,-77.05486091907257,27.4825,78.61079,0.0,0.0,0.0,3.219938,63.435013,210609197054890885,2021-06-09 19:00:00,19,PM,160,2,Wednesday,0,6,June,2021,0,Unknown
MCP263900C9,0AA557B490AB483EA8EBD5F7E6EBA421,True,POSSIBLE INJURY,NONE,NOT DISTRACTED,PASSENGER,ACCELERATING,South,DISABLING,15,False,False,1,2390807543774747,21002070,Montgomery County Police,Injury ,False,West,1,1,LEVEL,False,False,DRIVER,SINGLE VEHICLE,DRY,DAYLIGHT,NO CONTROLS,NON INTERSECTION,UNKNOWN,STRAIGHT,NO DEFECTS,OTHER,39.08016667,-77.064735,8554262040045692,2242153826664605,0,0,0,2021061008,7705486039088590,Acura,2014,MDX,Small Sport Utility Vehicle 2WD,6.0,3.5,Automatic 6,AWD,Premium Gasoline,18,27,GEORGIA AVE,Maryland (State),HEWITT AVE,County,2242153826664605,20906,SILVER SPRING,133207.174949,359110751.771,39.08859082555049,-77.05486091907257,23.182499,91.84554,0.0,0.0,0.0,4.1046314,322.12494,210610087054890885,2021-06-10 08:00:00,8,AM,161,3,Thursday,0,6,June,2021,0,Unknown
MCP3200002T,F54FDC0ED6F047618E7542123DDC8695,False,POSSIBLE INJURY,NONE,NOT DISTRACTED,PASSENGER,STOPPED IN TRAFFIC LANE,West,FUNCTIONAL,25,False,False,2,6568241236046458,210022077,Montgomery County Police,Injury ,False,West,0,1,LEVEL,False,False,DRIVER,SAME DIR REAR END,DRY,DAYLIGHT,TRAFFIC SIGNAL,INTERSECTION RELATED,FOUR-WAY INTERSECTION,STRAIGHT,NO DEFECTS,"TWO-WAY, NOT DIVIDED",38.99612933,-77.07675883,1627793738140795,9551889019279983,0,0,0,2021061008,7707842038983818,Cadillac,2020,XT4,Small Sport Utility Vehicle 2WD,4.0,2.0,Automatic 9,AWD,Premium Gasoline,22,29,CONNECTICUT AVE,Maryland (State),MANOR RD,County,9551889019279983,20815,CHEVY CHASE,78258.2702851,151813895.483,38.98381860627773,-77.07842006190148,23.374498,87.20153,0.0,0.0,0.0,3.396233,302.00534,210610087078489838,2021-06-10 08:00:00,8,AM,161,3,Thursday,0,6,June,2021,0,Unknown
MCP3200002T,E161976443894790A4D93D4E0D468CB9,True,NO APPARENT INJURY,NONE,UNKNOWN,PASSENGER,MOVING CONSTANT SPEED,West,DISABLING,25,False,False,2,7285498200960189,210022077,Montgomery County Police,Injury ,False,West,0,1,LEVEL,False,False,DRIVER,SAME DIR REAR END,DRY,DAYLIGHT,TRAFFIC SIGNAL,INTERSECTION RELATED,FOUR-WAY INTERSECTION,STRAIGHT,NO DEFECTS,"TWO-WAY, NOT DIVIDED",38.99612933,-77.07675883,1627793738140795,9551889019279983,0,0,0,2021061008,7707842038983818,Honda,2006,Civic,Subcompact Cars,4.0,1.8,Automatic 5,FWD,Regular Gasoline,26,36,CONNECTICUT AVE,Maryland (State),MANOR RD,County,9551889019279983,20815,CHEVY CHASE,78258.2702851,151813895.483,38.98381860627773,-77.07842006190148,23.374498,87.20153,0.0,0.0,0.0,3.396233,302.00534,210610087078489838,2021-06-10 08:00:00,8,AM,161,3,Thursday,0,6,June,2021,0,Unknown
MCP3200002V,8BAE5E54044A4D82AC75FFD88941F7C5,True,NO APPARENT INJURY,NONE,UNKNOWN,PASSENGER,STARTING FROM LANE,South,FUNCTIONAL,25,False,False,2,660615385035114,210022142,Montgomery County Police,Property Damage ,False,South,1,1,LEVEL,False,False,DRIVER,STRAIGHT MOVEMENT ANGLE,DRY,DAYLIGHT,STOP SIGN,INTERSECTION,FOUR-WAY INTERSECTION,STRAIGHT,NO DEFECTS,"TWO-WAY, NOT DIVIDED",39.00086733,-77.054513,9801872026245621,8698572861437387,0,0,0,2021061014,7703596439001907,Ford,0,Unknown,Unknown,0.0,0.0,Unknown,Unknown,Unknown,0,0,BROOKVILLE RD,County,LYTTONSVILLE PL,County,8698572861437387,20910,SILVER SPRING,82846.1568889,126320091.137,39.00190768010143,-77.03596497235911,28.1465,65.80137,0.6,0.6,0.0,4.510787,151.38963,210610147035990019,2021-06-10 14:00:00,14,PM,161,3,Thursday,0,6,June,2021,0,Unknown
MCP3200002V,B9169549AB7C436381FF184D80F744FE,False,NO APPARENT INJURY,NONE,NOT DISTRACTED,PASSENGER,MOVING CONSTANT SPEED,East,DISABLING,25,False,False,2,7935935619775892,210022142,Montgomery County Police,Property Damage ,False,South,1,1,LEVEL,False,False,DRIVER,STRAIGHT MOVEMENT ANGLE,DRY,DAYLIGHT,STOP SIGN,INTERSECTION,FOUR-WAY INTERSECTION,STRAIGHT,NO DEFECTS,"TWO-WAY, NOT DIVIDED",39.00086733,-77.054513,9801872026245621,8698572861437387,0,0,0,2021061014,7703596439001907,Dodge,2007,Caravan/Grand Caravan,Minivan - 2WD,6.0,2.4,Automatic 4,FWD,Regular Gasoline,17,24,BROOKVILLE RD,County,LYTTONSVILLE PL,County,8698572861437387,20910,SILVER SPRING,82846.1568889,126320091.137,39.00190768010143,-77.03596497235911,28.1465,65.80137,0.6,0.6,0.0,4.510787,151.38963,210610147035990019,2021-06-10 14:00:00,14,PM,161,3,Thursday,0,6,June,2021,0,Unknown
MCP2358008C,EC8F24C03195445A8250C4ACFFC6755B,False,NO APPARENT INJURY,NONE,NOT DISTRACTED,PASSENGER,SLOWING OR STOPPING,West,FUNCTIONAL,35,False,False,2,7026902005199944,210022146,Montgomery County Police,Property Damage ,False,West,2,2,LEVEL,False,False,DRIVER,SAME DIR REAR END,DRY,DAYLIGHT,NO CONTROLS,NON INTERSECTION,UNKNOWN,STRAIGHT,NO DEFECTS,"TWO-WAY, NOT DIVIDED",38.97313344,-77.12197519,1363718650800826,4534450561785329,0,0,0,2021061014,7715220038996189,Toyota,2020,RAV4,Small Sport Utility Vehicle 4WD,4.0,2.5,Automatic 8,AWD,Regular Gasoline,27,33,RIVER RD,Maryland (State),GOLDSBORO RD,Maryland (State),4534450561785329,20817,BETHESDA,143234.920079,403664948.588,38.996189145680184,-77.15220044157795,28.793,62.20437,1.0,1.0,0.0,5.8603754,100.619606,210610147152289961,2021-06-10 14:00:00,14,PM,161,3,Thursday,0,6,June,2021,0,Unknown
MCP2358008C,A2002D5111684ACD8A272479EBE6BC61,True,NO APPARENT INJURY,NONE,NOT DISTRACTED,PASSENGER,MOVING CONSTANT SPEED,West,FUNCTIONAL,35,False,False,2,7915229398811635,210022146,Montgomery County Police,Property Damage ,False,West,2,2,LEVEL,False,False,DRIVER,SAME DIR REAR END,DRY,DAYLIGHT,NO CONTROLS,NON INTERSECTION,UNKNOWN,STRAIGHT,NO DEFECTS,"TWO-WAY, NOT DIVIDED",38.97313344,-77.12197519,1363718650800826,4534450561785329,0,0,0,2021061014,7715220038996189,Lexus,1996,ES,Compact Cars,6.0,3.0,Automatic 4,FWD,Regular Gasoline,18,26,RIVER RD,Maryland (State),GOLDSBORO RD,Maryland (State),4534450561785329,20817,BETHESDA,143234.920079,403664948.588,38.996189145680184,-77.15220044157795,28.793,62.20437,1.0,1.0,0.0,5.8603754,100.619606,210610147152289961,2021-06-10 14:00:00,14,PM,161,3,Thursday,0,6,June,2021,0,Unknown
MCP32710013,1DCD77298DC0449CB893534F3EBCC968,False,NO APPARENT INJURY,NONE,NOT DISTRACTED,PASSENGER,STOPPED IN TRAFFIC LANE,North,SUPERFICIAL,35,False,False,3,9922223567997622,210022192,Montgomery County Police,Property Damage ,False,South,1,1,LEVEL,False,False,DRIVER,SAME DIR REAR END,WET,DAYLIGHT,NO CONTROLS,INTERSECTION RELATED,T-INTERSECTION,STRAIGHT,NO DEFECTS,"TWO-WAY, NOT DIVIDED",38.96116063,-77.13310968,8599911420118079,8024115394346505,0,0,0,2021061018,7711806238956479,Buick,2018,Enclave,Standard Sport Utility Vehicle 2WD,6.0,3.6,Automatic 9,AWD,Regular Gasoline,17,25,MACARTHUR BLVD,County,MOHICAN RD,County,8024115394346505,20816,BETHESDA,58716.1248449,117565480.431,38.95647982277882,-77.11806249046538,24.0475,93.017456,1.4,1.4,0.0,10.661107,101.68935,210610187118089564,2021-06-10 18:00:00,18,PM,161,3,Thursday,0,6,June,2021,0,Unknown
MCP32710013,8396AD6AB3474B838C81933CC263A80D,True,NO APPARENT INJURY,NONE,UNKNOWN,PASSENGER,MOVING CONSTANT SPEED,North,DISABLING,35,False,False,3,7871367620570760,210022192,Montgomery County Police,Property Damage ,False,South,1,1,LEVEL,False,False,DRIVER,SAME DIR REAR END,WET,DAYLIGHT,NO CONTROLS,INTERSECTION RELATED,T-INTERSECTION,STRAIGHT,NO DEFECTS,"TWO-WAY, NOT DIVIDED",38.96116063,-77.13310968,8599911420118079,8024115394346505,0,0,0,2021061018,7711806238956479,Toyota,2019,RAV4,Small Sport Utility Vehicle 4WD,4.0,2.5,Automatic 8,AWD,Regular Gasoline,25,33,MACARTHUR BLVD,County,MOHICAN RD,County,8024115394346505,20816,BETHESDA,58716.1248449,117565480.431,38.95647982277882,-77.11806249046538,24.0475,93.017456,1.4,1.4,0.0,10.661107,101.68935,210610187118089564,2021-06-10 18:00:00,18,PM,161,3,Thursday,0,6,June,2021,0,Unknown
MCP32710013,9BDE2731BB02466A832A964AD5CC44DA,False,NO APPARENT INJURY,NONE,NOT DISTRACTED,PASSENGER,STOPPED IN TRAFFIC LANE,North,SUPERFICIAL,35,False,False,3,8701184012766454,210022192,Montgomery County Police,Property Damage ,False,South,1,1,LEVEL,False,False,DRIVER,SAME DIR REAR END,WET,DAYLIGHT,NO CONTROLS,INTERSECTION RELATED,T-INTERSECTION,STRAIGHT,NO DEFECTS,"TWO-WAY, NOT DIVIDED",38.96116063,-77.13310968,8599911420118079,8024115394346505,0,0,0,2021061018,7711806238956479,Jeep,2020,Gladiator Pickup,Standard Pickup Trucks 4WD,6.0,3.6,Automatic 8,4WD,Regular Gasoline,16,22,MACARTHUR BLVD,County,MOHICAN RD,County,8024115394346505,20816,BETHESDA,58716.1248449,117565480.431,38.95647982277882,-77.11806249046538,24.0475,93.017456,1.4,1.4,0.0,10.661107,101.68935,210610187118089564,2021-06-10 18:00:00,18,PM,161,3,Thursday,0,6,June,2021,0,Unknown
MCP32300024,BA3B54C6FAC94D18B873F36D84A402FD,True,NO APPARENT INJURY,UNKNOWN,NOT DISTRACTED,PASSENGER,BACKING,UNKNOWN,UNKNOWN,10,False,False,1,1557048712573267,210022220,Montgomery County Police,Property Damage ,True,UNKNOWN,0,0,UNKNOWN,True,True,DRIVER,OTHER,UNKNOWN,DAWN,NO CONTROLS,UNKNOWN,UNKNOWN,UNKNOWN,UNKNOWN,UNKNOWN,39.09106067,-77.050618,7781945108562677,7781945108562677,0,0,0,2021061020,7705486039088590,Kia,2019,Soul,Small Station Wagons,4.0,1.6,Automatic 6,FWD,Regular Gasoline,26,30,UNKNOWN,UNKNOWN,UNKNOWN,UNKNOWN,7781945108562677,20906,SILVER SPRING,133207.174949,359110751.771,39.08859082555049,-77.05486091907257,21.682499,95.50662,0.4,0.4,0.0,13.679999,90.0,210610207054890885,2021-06-10 20:00:00,20,PM,161,3,Thursday,0,6,June,2021,0,Unknown