ReportNumber,VehicleCrashKey,DriverAtFault,DriverInjurySeverity,DriverSubstanceAbuse,DriverDistractedBy,VehicleType,VehicleMovement,VehicleGoingDir,VehicleDamageExtent,SpeedLimit,ParkedVehicle,SubstanceAbuseContributed,VehiclesCrashedTotal,VehicleKey,LocalCaseNumber,AgencyName,ACRSReportType,HitRun,LaneDirection,LaneNumber,NumberOfLanes,RoadGrade,NonTraffic,OffRoadIncident,AccidentAtFault,CollisionType,SurfaceCondition,Light,TrafficControl,Junction,IntersectionType,RoadAlignment,RoadCondition,RoadDivision,Latitude,Longitude,RoadKey_x,CrossStreetKey,NonMotoristTotal,NonMotoristInjury,NonMotoristFatal,DateHourKey,LocationAreaKey,Make,Year_x,BaseModel,BodyClass,Cylinders,Displacement,Transmission,Drivetrain,FuelType,CityMPG,HighwayMPG,RoadName_x,RouteType_x,RoadName_y,RouteType_y,RoadKey_y,Zipcode,MailCity,ShapeLength,ShapeArea,CentroidLatitude,CentroidLongitude,Temperature,Humidity,Precipitation,Rain,Snow,WindSpeed,WindDirection,WeatherKey,Datetime,Hour,TimeOfDay,DayNumber,WeekDayNumber,WeekDayName,WeekendFlag,MonthNumber,MonthName,Year_y,HolidayFlag,HolidayName
MCP3021005W,8251C013DA824CF8A76BD926CF0EA6E8,False,NO APPARENT INJURY,NONE,NOT DISTRACTED,PASSENGER,MOVING CONSTANT SPEED,South,DISABLING,35,False,False,2,2556346046221429,210022811,Montgomery County Police,Injury ,False,South,3,7,LEVEL,False,False,DRIVER,SAME DIRECTION RIGHT TURN,DRY,DAYLIGHT,NO CONTROLS,UNKNOWN,UNKNOWN,STRAIGHT,NO DEFECTS,"TWO-WAY, NOT DIVIDED",39.01107667,-77.04113667,8554262040045692,3741072132120167,0,0,0,2021061506,7703596439001907,Ford,2016,Fusion,Midsize Cars,4.0,2.0,Automatic 6,FWD,Regular Gasoline,22,36,GEORGIA AVE,Maryland (State),FLORA LA,County,3741072132120167,20910,SILVER SPRING,82846.1568889,126320091.137,39.00190768010143,-77.03596497235911,18.2465,92.12949,0.0,0.0,0.0,14.277983,326.3099,210615067035990019,2021-06-15 06:00:00,6,AM,166,1,Tuesday,0,6,June,2021,0,Unknown
MCP3021005W,AE3AD2348FAD4C64ABB64C80DD636D77,True,SUSPECTED MINOR INJURY,NONE,UNKNOWN,PASSENGER,CHANGING LANES,South,DISABLING,35,False,False,2,5867016750737526,210022811,Montgomery County Police,Injury ,False,South,3,7,LEVEL,False,False,DRIVER,SAME DIRECTION RIGHT TURN,DRY,DAYLIGHT,NO CONTROLS,UNKNOWN,UNKNOWN,STRAIGHT,NO DEFECTS,"TWO-WAY, NOT DIVIDED",39.01107667,-77.04113667,8554262040045692,3741072132120167,0,0,0,2021061506,7703596439001907,Honda,2016,CR-V,Small Sport Utility Vehicle 2WD,4.0,2.4,Automatic CVT,AWD,Regular Gasoline,25,31,GEORGIA AVE,Maryland (State),FLORA LA,County,3741072132120167,20910,SILVER SPRING,82846.1568889,126320091.137,39.00190768010143,-77.03596497235911,18.2465,92.12949,0.0,0.0,0.0,14.277983,326.3099,210615067035990019,2021-06-15 06:00:00,6,AM,166,1,Tuesday,0,6,June,2021,0,Unknown
MCP2651004F,DCBB6392E44C42A7BEB2BA35D620A056,True,NO APPARENT INJURY,UNKNOWN,UNKNOWN,PASSENGER,SLOWING OR STOPPING,North,DISABLING,40,False,False,4,1045138112930704,210022851,Montgomery County Police,Injury ,False,North,3,3,HILL UPHILL,False,False,DRIVER,SAME DIR REAR END,DRY,DAYLIGHT,UNKNOWN,UNKNOWN,UNKNOWN,STRAIGHT,NO DEFECTS,"TWO-WAY, DIVIDED, POSITIVE MEDIAN BARRIER",39.01380233,-76.97814817,8901981419077344,4991976696759948,0,0,0,2021061511,7698354239018293,Toyota,1998,4Runner,Special Purpose Vehicle 4WD,4.0,2.7,Automatic 4,AWD,Regular Gasoline,15,18,NEW HAMPSHIRE AVE,Maryland (State),OAKVIEW DR,County,4991976696759948,20903,SILVER SPRING,50204.7192451,65972447.4483,39.01829365940637,-76.9835422251861,22.7845,59.682304,0.1,0.1,0.0,13.608762,322.52374,210615116983590182,2021-06-15 11:00:00,11,AM,166,1,Tuesday,0,6,June,2021,0,Unknown
MCP2651004F,1693082D9CDF46C19C890C509AFC1A0E,False,NO APPARENT INJURY,UNKNOWN,NOT DISTRACTED,PASSENGER,STOPPED IN TRAFFIC LANE,North,FUNCTIONAL,40,False,False,4,8525273505217250,210022851,Montgomery County Police,Injury ,False,North,3,3,HILL UPHILL,False,False,DRIVER,SAME DIR REAR END,DRY,DAYLIGHT,UNKNOWN,UNKNOWN,UNKNOWN,STRAIGHT,NO DEFECTS,"TWO-WAY, DIVIDED, POSITIVE MEDIAN BARRIER",39.01380233,-76.97814817,8901981419077344,4991976696759948,0,0,0,2021061511,7698354239018293,Toyota,2009,Camry,Midsize Cars,4.0,2.4,Automatic 5,FWD,Regular Gasoline,21,31,NEW HAMPSHIRE AVE,Maryland (State),OAKVIEW DR,County,4991976696759948,20903,SILVER SPRING,50204.7192451,65972447.4483,39.01829365940637,-76.9835422251861,22.7845,59.682304,0.1,0.1,0.0,13.608762,322.52374,210615116983590182,2021-06-15 11:00:00,11,AM,166,1,Tuesday,0,6,June,2021,0,Unknown
MCP2651004F,CC4C384F88A1441CA2B5CF08E8734F69,False,NO APPARENT INJURY,UNKNOWN,NOT DISTRACTED,PASSENGER,SLOWING OR STOPPING,North,FUNCTIONAL,40,False,False,4,5867016750737526,210022851,Montgomery County Police,Injury ,False,North,3,3,HILL UPHILL,False,False,DRIVER,SAME DIR REAR END,DRY,DAYLIGHT,UNKNOWN,UNKNOWN,UNKNOWN,STRAIGHT,NO DEFECTS,"TWO-WAY, DIVIDED, POSITIVE MEDIAN BARRIER",39.01380233,-76.97814817,8901981419077344,4991976696759948,0,0,0,2021061511,7698354239018293,Honda,2016,CR-V,Small Sport Utility Vehicle 2WD,4.0,2.4,Automatic CVT,AWD,Regular Gasoline,25,31,NEW HAMPSHIRE AVE,Maryland (State),OAKVIEW DR,County,4991976696759948,20903,SILVER SPRING,50204.7192451,65972447.4483,39.01829365940637,-76.9835422251861,22.7845,59.682304,0.1,0.1,0.0,13.608762,322.52374,210615116983590182,2021-06-15 11:00:00,11,AM,166,1,Tuesday,0,6,June,2021,0,Unknown
MCP2651004F,D6E41685B6974195A53BBDE2F0EA728B,False,POSSIBLE INJURY,UNKNOWN,NOT DISTRACTED,PASSENGER,SLOWING OR STOPPING,North,DISABLING,40,False,False,4,3233063173565461,210022851,Montgomery County Police,Injury ,False,North,3,3,HILL UPHILL,False,False,DRIVER,SAME DIR REAR END,DRY,DAYLIGHT,UNKNOWN,UNKNOWN,UNKNOWN,STRAIGHT,NO DEFECTS,"TWO-WAY, DIVIDED, POSITIVE MEDIAN BARRIER",39.01380233,-76.97814817,8901981419077344,4991976696759948,0,0,0,2021061511,7698354239018293,Toyota,0,Unknown,Unknown,0.0,0.0,Unknown,Unknown,Unknown,0,0,NEW HAMPSHIRE AVE,Maryland (State),OAKVIEW DR,County,4991976696759948,20903,SILVER SPRING,50204.7192451,65972447.4483,39.01829365940637,-76.9835422251861,22.7845,59.682304,0.1,0.1,0.0,13.608762,322.52374,210615116983590182,2021-06-15 11:00:00,11,AM,166,1,Tuesday,0,6,June,2021,0,Unknown
MCP295200BR,ABF47201DB054D1A9CD9C18A6ED0EA30,True,NO APPARENT INJURY,NONE,LOOKED BUT DID NOT SEE,PASSENGER,CHANGING LANES,North,DISABLING,35,False,False,2,8243785677012849,210022861,Montgomery County Police,Property Damage ,False,North,1,3,LEVEL,False,False,DRIVER,SAME DIRECTION SIDESWIPE,DRY,DAYLIGHT,NO CONTROLS,NON INTERSECTION,UNKNOWN,STRAIGHT,NO DEFECTS,"TWO-WAY, NOT DIVIDED",38.98544667,-77.02668,5660893524410086,3650420809918253,0,0,0,2021061512,7703596439001907,Toyota,2017,Camry,Midsize Cars,4.0,2.5,Automatic 6,FWD,Regular Gasoline,21,30,GEORGIA AVE,US (State),JESSUP BLAIR DR,Other Public Roadway,3650420809918253,20910,SILVER SPRING,82846.1568889,126320091.137,39.00190768010143,-77.03596497235911,23.5965,52.95363,0.0,0.0,0.0,15.192682,323.67307,210615127035990019,2021-06-15 12:00:00,12,PM,166,1,Tuesday,0,6,June,2021,0,Unknown
MCP295200BR,17D6F42EBD6249248C80FE72521C72D0,False,NO APPARENT INJURY,NONE,NOT DISTRACTED,PASSENGER,MOVING CONSTANT SPEED,North,DISABLING,35,False,False,2,9530107317008308,210022861,Montgomery County Police,Property Damage ,False,North,1,3,LEVEL,False,False,DRIVER,SAME DIRECTION SIDESWIPE,DRY,DAYLIGHT,NO CONTROLS,NON INTERSECTION,UNKNOWN,STRAIGHT,NO DEFECTS,"TWO-WAY, NOT DIVIDED",38.98544667,-77.02668,5660893524410086,3650420809918253,0,0,0,2021061512,7703596439001907,Nissan,2012,Rogue,Sport Utility Vehicle - 2WD,4.0,2.5,Automatic CVT,AWD,Regular Gasoline,22,26,GEORGIA AVE,US (State),JESSUP BLAIR DR,Other Public Roadway,3650420809918253,20910,SILVER SPRING,82846.1568889,126320091.137,39.00190768010143,-77.03596497235911,23.5965,52.95363,0.0,0.0,0.0,15.192682,323.67307,210615127035990019,2021-06-15 12:00:00,12,PM,166,1,Tuesday,0,6,June,2021,0,Unknown
MCP2693003Q,237F9EB05FE9412690B8A932D587D43C,False,NO APPARENT INJURY,NONE,NOT DISTRACTED,PASSENGER,STOPPED IN TRAFFIC LANE,South,SUPERFICIAL,45,False,False,9,1314431045311703,210022877,Montgomery County Police,Injury ,False,South,2,2,GRADE DOWNHILL,False,False,DRIVER,SAME DIR REAR END,DRY,DAYLIGHT,UNKNOWN,NON INTERSECTION,UNKNOWN,STRAIGHT,NO DEFECTS,"TWO-WAY, DIVIDED, POSITIVE MEDIAN BARRIER",39.06099965,-77.09118779,5808984873878396,697450017919040,0,0,0,2021061514,7705486039088590,Toyota,2004,Corolla,Compact Cars,4.0,1.8,Automatic 4,FWD,Regular Gasoline,25,34,VEIRS MILL RD,County,GAYNOR RD,County,697450017919040,20906,SILVER SPRING,133207.174949,359110751.771,39.08859082555049,-77.05486091907257,24.8825,44.541897,0.0,0.0,0.0,15.072783,310.1559,210615147054890885,2021-06-15 14:00:00,14,PM,166,1,Tuesday,0,6,June,2021,0,Unknown
MCP2693003Q,82D1088011BC406FB7E6D6D516281F9B,False,POSSIBLE INJURY,NONE,NOT DISTRACTED,PASSENGER,STOPPED IN TRAFFIC LANE,South,FUNCTIONAL,45,False,False,9,7589880010475406,210022877,Montgomery County Police,Injury ,False,South,2,2,GRADE DOWNHILL,False,False,DRIVER,SAME DIR REAR END,DRY,DAYLIGHT,UNKNOWN,NON INTERSECTION,UNKNOWN,STRAIGHT,NO DEFECTS,"TWO-WAY, DIVIDED, POSITIVE MEDIAN BARRIER",39.06099965,-77.09118779,5808984873878396,697450017919040,0,0,0,2021061514,7705486039088590,Toyota,2004,RAV4,Sport Utility Vehicle - 2WD,4.0,2.4,Automatic 4,AWD,Regular Gasoline,21,27,VEIRS MILL RD,County,GAYNOR RD,County,697450017919040,20906,SILVER SPRING,133207.174949,359110751.771,39.08859082555049,-77.05486091907257,24.8825,44.541897,0.0,0.0,0.0,15.072783,310.1559,210615147054890885,2021-06-15 14:00:00,14,PM,166,1,Tuesday,0,6,June,2021,0,Unknown
MCP2693003Q,2593195E59634B7D80C52C6F11513541,False,NO APPARENT INJURY,NONE,NOT DISTRACTED,PASSENGER,STOPPED IN TRAFFIC LANE,South,FUNCTIONAL,45,False,False,9,3706795429459167,210022877,Montgomery County Police,Injury ,False,South,2,2,GRADE DOWNHILL,False,False,DRIVER,SAME DIR REAR END,DRY,DAYLIGHT,UNKNOWN,NON INTERSECTION,UNKNOWN,STRAIGHT,NO DEFECTS,"TWO-WAY, DIVIDED, POSITIVE MEDIAN BARRIER",39.06099965,-77.09118779,5808984873878396,697450017919040,0,0,0,2021061514,7705486039088590,Mercedes-Benz,0,Unknown,Unknown,0.0,0.0,Unknown,Unknown,Unknown,0,0,VEIRS MILL RD,County,GAYNOR RD,County,697450017919040,20906,SILVER SPRING,133207.174949,359110751.771,39.08859082555049,-77.05486091907257,24.8825,44.541897,0.0,0.0,0.0,15.072783,310.1559,210615147054890885,2021-06-15 14:00:00,14,PM,166,1,Tuesday,0,6,June,2021,0,Unknown
MCP2693003Q,F9BD82EBF9DB43F19106FEF1571BFF88,False,NO APPARENT INJURY,NONE,NOT DISTRACTED,PASSENGER,STOPPED IN TRAFFIC LANE,South,DESTROYED,45,False,False,9,2815627384783423,210022877,Montgomery County Police,Injury ,False,South,2,2,GRADE DOWNHILL,False,False,DRIVER,SAME DIR REAR END,DRY,DAYLIGHT,UNKNOWN,NON INTERSECTION,UNKNOWN,STRAIGHT,NO DEFECTS,"TWO-WAY, DIVIDED, POSITIVE MEDIAN BARRIER",39.06099965,-77.09118779,5808984873878396,697450017919040,0,0,0,2021061514,7705486039088590,Honda,2017,Accord,Midsize Cars,4.0,2.4,Automatic 6,FWD,Regular Gasoline,21,32,VEIRS MILL RD,County,GAYNOR RD,County,697450017919040,20906,SILVER SPRING,133207.174949,359110751.771,39.08859082555049,-77.05486091907257,24.8825,44.541897,0.0,0.0,0.0,15.072783,310.1559,210615147054890885,2021-06-15 14:00:00,14,PM,166,1,Tuesday,0,6,June,2021,0,Unknown
MCP2693003Q,3B854DA4EB9A4AACA85533AD85145479,True,NO APPARENT INJURY,NONE,NOT DISTRACTED,TRUCK,SLOWING OR STOPPING,South,FUNCTIONAL,45,False,False,9,9755364676930633,210022877,Montgomery County Police,Injury ,False,South,2,2,GRADE DOWNHILL,False,False,DRIVER,SAME DIR REAR END,DRY,DAYLIGHT,UNKNOWN,NON INTERSECTION,UNKNOWN,STRAIGHT,NO DEFECTS,"TWO-WAY, DIVIDED, POSITIVE MEDIAN BARRIER",39.06099965,-77.09118779,5808984873878396,697450017919040,0,0,0,2021061514,7705486039088590,International,0,Unknown,Unknown,0.0,0.0,Unknown,Unknown,Unknown,0,0,VEIRS MILL RD,County,GAYNOR RD,County,697450017919040,20906,SILVER SPRING,133207.174949,359110751.771,39.08859082555049,-77.05486091907257,24.8825,44.541897,0.0,0.0,0.0,15.072783,310.1559,210615147054890885,2021-06-15 14:00:00,14,PM,166,1,Tuesday,0,6,June,2021,0,Unknown
MCP2693003Q,76A6F185F78849EBB21B5FD35047F1D1,False,NO APPARENT INJURY,NONE,NOT DISTRACTED,PASSENGER,STOPPED IN TRAFFIC LANE,South,DISABLING,45,False,False,9,5926379144754803,210022877,Montgomery County Police,Injury ,False,South,2,2,GRADE DOWNHILL,False,False,DRIVER,SAME DIR REAR END,DRY,DAYLIGHT,UNKNOWN,NON INTERSECTION,UNKNOWN,STRAIGHT,NO DEFECTS,"TWO-WAY, DIVIDED, POSITIVE MEDIAN BARRIER",39.06099965,-77.09118779,5808984873878396,697450017919040,0,0,0,2021061514,7705486039088590,Volvo,2018,S60,Compact Cars,4.0,2.0,Automatic 8,AWD,Regular Gasoline,22,33,VEIRS MILL RD,County,GAYNOR RD,County,697450017919040,20906,SILVER SPRING,133207.174949,359110751.771,39.08859082555049,-77.05486091907257,24.8825,44.541897,0.0,0.0,0.0,15.072783,310.1559,210615147054890885,2021-06-15 14:00:00,14,PM,166,1,Tuesday,0,6,June,2021,0,Unknown
MCP2693003Q,1A848A8515DC4577843EDC6897CEB2FA,False,NO APPARENT INJURY,NONE,NOT DISTRACTED,PASSENGER,STOPPED IN TRAFFIC LANE,South,DISABLING,45,False,False,9,2534137761373789,210022877,Montgomery County Police,Injury ,False,South,2,2,GRADE DOWNHILL,False,False,DRIVER,SAME DIR REAR END,DRY,DAYLIGHT,UNKNOWN,NON INTERSECTION,UNKNOWN,STRAIGHT,NO DEFECTS,"TWO-WAY, DIVIDED, POSITIVE MEDIAN BARRIER",39.06099965,-77.09118779,5808984873878396,697450017919040,0,0,0,2021061514,7705486039088590,Honda,2020,Accord,Large Cars,4.0,2.0,Automatic 10,FWD,Regular Gasoline,22,32,VEIRS MILL RD,County,GAYNOR RD,County,697450017919040,20906,SILVER SPRING,133207.174949,359110751.771,39.08859082555049,-77.05486091907257,24.8825,44.541897,0.0,0.0,0.0,15.072783,310.1559,210615147054890885,2021-06-15 14:00:00,14,PM,166,1,Tuesday,0,6,June,2021,0,Unknown
MCP2693003Q,C3E02930800B4A7D83FFEBC47B6881C1,False,NO APPARENT INJURY,NONE,NOT DISTRACTED,PASSENGER,STOPPED IN TRAFFIC LANE,South,SUPERFICIAL,45,False,False,9,3706795429459167,210022877,Montgomery County Police,Injury ,False,South,2,2,GRADE DOWNHILL,False,False,DRIVER,SAME DIR REAR END,DRY,DAYLIGHT,UNKNOWN,NON INTERSECTION,UNKNOWN,STRAIGHT,NO DEFECTS,"TWO-WAY, DIVIDED, POSITIVE MEDIAN BARRIER",39.06099965,-77.09118779,5808984873878396,697450017919040,0,0,0,2021061514,7705486039088590,Mercedes-Benz,0,Unknown,Unknown,0.0,0.0,Unknown,Unknown,Unknown,0,0,VEIRS MILL RD,County,GAYNOR RD,County,697450017919040,20906,SILVER SPRING,133207.174949,359110751.771,39.08859082555049,-77.05486091907257,24.8825,44.541897,0.0,0.0,0.0,15.072783,310.1559,210615147054890885,2021-06-15 14:00:00,14,PM,166,1,Tuesday,0,6,June,2021,0,Unknown
MCP2693003Q,E57BE21632D7493F86BFFED569DEED47,False,POSSIBLE INJURY,NONE,NOT DISTRACTED,PASSENGER,STOPPED IN TRAFFIC LANE,South,FUNCTIONAL,45,False,False,9,1032942965443017,210022877,Montgomery County Police,Injury ,False,South,2,2,GRADE DOWNHILL,False,False,DRIVER,SAME DIR REAR END,DRY,DAYLIGHT,UNKNOWN,NON INTERSECTION,UNKNOWN,STRAIGHT,NO DEFECTS,"TWO-WAY, DIVIDED, POSITIVE MEDIAN BARRIER",39.06099965,-77.09118779,5808984873878396,697450017919040,0,0,0,2021061514,7705486039088590,Toyota,2015,Corolla,Midsize Cars,4.0,1.8,Automatic CVT,FWD,Regular Gasoline,28,36,VEIRS MILL RD,County,GAYNOR RD,County,697450017919040,20906,SILVER SPRING,133207.174949,359110751.771,39.08859082555049,-77.05486091907257,24.8825,44.541897,0.0,0.0,0.0,15.072783,310.1559,210615147054890885,2021-06-15 14:00:00,14,PM,166,1,Tuesday,0,6,June,2021,0,Unknown
MCP2008008K,BC51830DC7144611B230002478AF97DC,True,NO APPARENT INJURY,NONE,NOT DISTRACTED,PASSENGER,ACCELERATING,North,DISABLING,0,False,False,1,4800773928590746,210022889,Montgomery County Police,Property Damage ,False,UNKNOWN,0,0,UNKNOWN,True,True,DRIVER,SINGLE VEHICLE,UNKNOWN,DAYLIGHT,UNKNOWN,UNKNOWN,UNKNOWN,UNKNOWN,UNKNOWN,UNKNOWN,39.02303833,-77.12359167,7781945108562677,7781945108562677,0,0,0,2021061516,7710519939016894,Hyundai,2008,Elantra,Midsize Cars,4.0,2.0,Automatic 4,FWD,Regular Gasoline,24,33,UNKNOWN,UNKNOWN,UNKNOWN,UNKNOWN,7781945108562677,20814,BETHESDA,58373.8630538,68540697.609,39.016894075883464,-77.10519990449882,25.4345,43.822132,0.0,0.0,0.0,13.830749,308.65982,210615167105190168,2021-06-15 16:00:00,16,PM,166,1,Tuesday,0,6,June,2021,0,Unknown
DM8479000V,ACE039AA5B6C4162B0B7848380AC11B5,True,NO APPARENT INJURY,NONE,LOOKED BUT DID NOT SEE,PASSENGER,CHANGING LANES,East,DISABLING,30,False,False,2,7004010121091503,210022903,Takoma Park Police Depart,Property Damage ,False,East,3,3,LEVEL,False,False,DRIVER,SAME DIR REAR END,DRY,DAYLIGHT,UNKNOWN,NON INTERSECTION,UNKNOWN,STRAIGHT,NO DEFECTS,"TWO-WAY, DIVIDED, POSITIVE MEDIAN BARRIER",38.97488897,-76.99479406,5005946941929880,5750743819847308,0,0,0,2021061518,7700204038982546,Honda,2013,Civic,Compact Cars,4.0,1.8,Automatic 5,FWD,Regular Gasoline,28,31,UNIVERSITY BLVD E,Maryland (State),ALLEY,County,5750743819847308,20912,TAKOMA PARK,51232.0653417,65209197.2692,38.98254687160147,-77.00204079343348,25.048,45.475063,0.0,0.0,0.0,12.261157,310.2363,210615187002089825,2021-06-15 18:00:00,18,PM,166,1,Tuesday,0,6,June,2021,0,Unknown
DM8479000V,56EEF532A1524763BC623BD4628B438B,False,NO APPARENT INJURY,NONE,NOT DISTRACTED,BUS,STOPPED IN TRAFFIC LANE,East,SUPERFICIAL,30,False,False,2,1638809081992876,210022903,Takoma Park Police Depart,Property Damage ,False,East,3,3,LEVEL,False,False,DRIVER,SAME DIR REAR END,DRY,DAYLIGHT,UNKNOWN,NON INTERSECTION,UNKNOWN,STRAIGHT,NO DEFECTS,"TWO-WAY, DIVIDED, POSITIVE MEDIAN BARRIER",38.97488897,-76.99479406,5005946941929880,5750743819847308,0,0,0,2021061518,7700204038982546,Buick,2016,Cascada,Subcompact Cars,4.0,1.6,Automatic 6,FWD,Regular Gasoline,20,27,UNIVERSITY BLVD E,Maryland (State),ALLEY,County,5750743819847308,20912,TAKOMA PARK,51232.0653417,65209197.2692,38.98254687160147,-77.00204079343348,25.048,45.475063,0.0,0.0,0.0,12.261157,310.2363,210615187002089825,2021-06-15 18:00:00,18,PM,166,1,Tuesday,0,6,June,2021,0,Unknown
MCP209400HK,9FBEBD4A5C544076B2338EE5E42E92BF,False,SUSPECTED SERIOUS INJURY,NONE,NOT DISTRACTED,EMERGENCY,MOVING CONSTANT SPEED,West,DESTROYED,35,False,False,2,3711344842371685,210023000,Montgomery County Police,Injury ,False,West,1,4,GRADE DOWNHILL,False,False,DRIVER,STRAIGHT MOVEMENT ANGLE,DRY,DAYLIGHT,NO CONTROLS,RESIDENTIAL DRIVEWAY,UNKNOWN,CURVE LEFT,NO DEFECTS,"TWO-WAY, NOT DIVIDED",38.996055,-77.04112333,4570729910170239,1258631561200693,0,0,0,2021061611,7703596439001907,Chevrolet,2016,Tahoe,Standard Sport Utility Vehicle 2WD,8.0,5.3,Automatic 6,4WD,Regular Gasoline,16,22,EAST WEST HWY,Maryland (State),ROSEMARY HILLS RD,Other Public Roadway,1258631561200693,20910,SILVER SPRING,82846.1568889,126320091.137,39.00190768010143,-77.03596497235911,21.9965,43.008774,0.0,0.0,0.0,12.387348,305.53775,210616117035990019,2021-06-16 11:00:00,11,AM,167,2,Wednesday,0,6,June,2021,0,Unknown
MCP209400HK,E95E83EA9B0246E59998DF3BC9FBE59F,True,POSSIBLE INJURY,NONE,UNKNOWN,PASSENGER,MAKING LEFT TURN,South,DESTROYED,35,False,False,2,5082261773572766,210023000,Montgomery County Police,Injury ,False,West,1,4,GRADE DOWNHILL,False,False,DRIVER,STRAIGHT MOVEMENT ANGLE,DRY,DAYLIGHT,NO CONTROLS,RESIDENTIAL DRIVEWAY,UNKNOWN,CURVE LEFT,NO DEFECTS,"TWO-WAY, NOT DIVIDED",38.996055,-77.04112333,4570729910170239,1258631561200693,0,0,0,2021061611,7703596439001907,Hyundai,2013,Elantra,Midsize Cars,4.0,1.8,Automatic 6,FWD,Regular Gasoline,28,38,EAST WEST HWY,Maryland (State),ROSEMARY HILLS RD,Other Public Roadway,1258631561200693,20910,SILVER SPRING,82846.1568889,126320091.137,39.00190768010143,-77.03596497235911,21.9965,43.008774,0.0,0.0,0.0,12.387348,305.53775,210616117035990019,2021-06-16 11:00:00,11,AM,167,2,Wednesday,0,6,June,2021,0,Unknown
MCP32300025,D1CD931BA4214A4F83E220676708E2DD,True,NO APPARENT INJURY,NONE,NOT DISTRACTED,PASSENGER,MOVING CONSTANT SPEED,North,DISABLING,10,False,False,2,9512053729286948,210023020,Montgomery County Police,Property Damage ,False,UNKNOWN,0,0,UNKNOWN,True,True,DRIVER,STRAIGHT MOVEMENT ANGLE,UNKNOWN,DAYLIGHT,NO CONTROLS,UNKNOWN,UNKNOWN,UNKNOWN,UNKNOWN,UNKNOWN,39.08455183,-77.07608167,7781945108562677,7781945108562677,0,0,0,2021061613,7705486039088590,Nissan,2015,Juke,Small Station Wagons,4.0,1.6,Automatic 7,FWD,Premium Gasoline,25,31,UNKNOWN,UNKNOWN,UNKNOWN,UNKNOWN,7781945108562677,20906,SILVER SPRING,133207.174949,359110751.771,39.08859082555049,-77.05486091907257,23.8825,35.45466,0.0,0.0,0.0,12.229406,317.38596,210616137054890885,2021-06-16 13:00:00,13,PM,167,2,Wednesday,0,6,June,2021,0,Unknown
MCP32300025,52F32C37EB4040AE9420A723436901C5,False,NO APPARENT INJURY,NONE,NOT DISTRACTED,PASSENGER,MOVING CONSTANT SPEED,East,SUPERFICIAL,10,False,False,2,6722520027908537,210023020,Montgomery County Police,Property Damage ,False,UNKNOWN,0,0,UNKNOWN,True,True,DRIVER,STRAIGHT MOVEMENT ANGLE,UNKNOWN,DAYLIGHT,NO CONTROLS,UNKNOWN,UNKNOWN,UNKNOWN,UNKNOWN,UNKNOWN,39.08455183,-77.07608167,7781945108562677,7781945108562677,0,0,0,2021061613,7705486039088590,Honda,2020,Civic,Compact Cars,4.0,1.5,Manual 6,FWD,Regular Gasoline,29,36,UNKNOWN,UNKNOWN,UNKNOWN,UNKNOWN,7781945108562677,20906,SILVER SPRING,133207.174949,359110751.771,39.08859082555049,-77.05486091907257,23.8825,35.45466,0.0,0.0,0.0,12.229406,317.38596,210616137054890885,2021-06-16 13:00:00,13,PM,167,2,Wednesday,0,6,June,2021,0,Unknown
MCP2358008F,0798B8317EE1455EB151B05766DD6840,False,NO APPARENT INJURY,UNKNOWN,UNKNOWN,PASSENGER,MOVING CONSTANT SPEED,West,UNKNOWN,35,False,False,2,2834630501360782,210023032,Montgomery County Police,Property Damage ,True,East,2,2,LEVEL,False,False,UNKNOWN,SAME DIR REAR END,DRY,DARK LIGHTS ON,TRAFFIC SIGNAL,INTERSECTION RELATED,FOUR-WAY INTERSECTION,STRAIGHT,NO DEFECTS,"TWO-WAY, NOT DIVIDED",38.98623074,-77.14332935,1363718650800826,8431981656414478,0,0,0,2021061614,7715220038996189,BMW,2020,X5,Standard Sport Utility Vehicle 4WD,8.0,4.4,Automatic 8,AWD,Premium Gasoline,13,18,RIVER RD,Maryland (State),BEECH TREE RD,County,8431981656414478,20817,BETHESDA,143234.920079,403664948.588,38.996189145680184,-77.15220044157795,24.643,34.246735,0.0,0.0,0.0,12.819235,321.8427,210616147152289961,2021-06-16 14:00:00,14,PM,167,2,Wednesday,0,6,June,2021,0,Unknown
MCP2358008F,D225E38C6F554444ABAE27724D953654,False,NO APPARENT INJURY,NONE,NOT DISTRACTED,PASSENGER,SLOWING OR STOPPING,West,NO DAMAGE,35,False,False,2,6578981237139902,210023032,Montgomery County Police,Property Damage ,True,East,2,2,LEVEL,False,False,UNKNOWN,SAME DIR REAR END,DRY,DARK LIGHTS ON,TRAFFIC SIGNAL,INTERSECTION RELATED,FOUR-WAY INTERSECTION,STRAIGHT,NO DEFECTS,"TWO-WAY, NOT DIVIDED",38.98623074,-77.14332935,1363718650800826,8431981656414478,0,0,0,2021061614,7715220038996189,Mazda,2018,3,Compact Cars,4.0,2.0,Automatic 6,FWD,Regular Gasoline,28,37,RIVER RD,Maryland (State),BEECH TREE RD,County,8431981656414478,20817,BETHESDA,143234.920079,403664948.588,38.996189145680184,-77.15220044157795,24.643,34.246735,0.0,0.0,0.0,12.819235,321.8427,210616147152289961,2021-06-16 14:00:00,14,PM,167,2,Wednesday,0,6,June,2021,0,Unknown
MCP3161002T,CD2570A04D6349BFB516B0BFD97C19A6,True,NO APPARENT INJURY,NONE,UNKNOWN,PASSENGER,MAKING RIGHT TURN,East,SUPERFICIAL,15,False,False,1,3706795429459167,210023041,Montgomery County Police,Injury ,False,UNKNOWN,0,0,UNKNOWN,True,True,DRIVER,STRAIGHT MOVEMENT ANGLE,UNKNOWN,DAYLIGHT,NO CONTROLS,UNKNOWN,UNKNOWN,UNKNOWN,UNKNOWN,UNKNOWN,39.03287,-77.07437667,7781945108562677,7781945108562677,1,1,0,2021061616,7707527239025656,Mercedes-Benz,0,Unknown,Unknown,0.0,0.0,Unknown,Unknown,Unknown,0,0,UNKNOWN,UNKNOWN,UNKNOWN,UNKNOWN,7781945108562677,20895,KENSINGTON,70838.1492765,106180148.023,39.02565657266069,-77.07527294437958,25.0455,33.439423,0.0,0.0,0.0,12.496718,311.49637,210616167075290256,2021-06-16 16:00:00,16,PM,167,2,Wednesday,0,6,June,2021,0,Unknown