ReportNumber,VehicleCrashKey,DriverAtFault,DriverInjurySeverity,DriverSubstanceAbuse,DriverDistractedBy,VehicleType,VehicleMovement,VehicleGoingDir,VehicleDamageExtent,SpeedLimit,ParkedVehicle,SubstanceAbuseContributed,VehiclesCrashedTotal,VehicleKey,LocalCaseNumber,AgencyName,ACRSReportType,HitRun,LaneDirection,LaneNumber,NumberOfLanes,RoadGrade,NonTraffic,OffRoadIncident,AccidentAtFault,CollisionType,SurfaceCondition,Light,TrafficControl,Junction,IntersectionType,RoadAlignment,RoadCondition,RoadDivision,Latitude,Longitude,RoadKey_x,CrossStreetKey,NonMotoristTotal,NonMotoristInjury,NonMotoristFatal,DateHourKey,LocationAreaKey,Make,Year_x,BaseModel,BodyClass,Cylinders,Displacement,Transmission,Drivetrain,FuelType,CityMPG,HighwayMPG,RoadName_x,RouteType_x,RoadName_y,RouteType_y,RoadKey_y,Zipcode,MailCity,ShapeLength,ShapeArea,CentroidLatitude,CentroidLongitude,Temperature,Humidity,Precipitation,Rain,Snow,WindSpeed,WindDirection,WeatherKey,Datetime,Hour,TimeOfDay,DayNumber,WeekDayNumber,WeekDayName,WeekendFlag,MonthNumber,MonthName,Year_y,HolidayFlag,HolidayName
MCP3039005D,38CA270633F74152948134A5D977D6C7,False,NO APPARENT INJURY,NONE,NOT DISTRACTED,PASSENGER,MAKING LEFT TURN,West,FUNCTIONAL,35,False,False,2,819104295066031,210023075,Montgomery County Police,Property Damage ,False,West,2,3,GRADE DOWNHILL,False,False,DRIVER,SAME DIR BOTH LEFT TURN,DRY,DAYLIGHT,TRAFFIC SIGNAL,UNKNOWN,FOUR-WAY INTERSECTION,STRAIGHT,NO DEFECTS,"TWO-WAY, DIVIDED, POSITIVE MEDIAN BARRIER",38.99492467,-77.03049967,2838165004721940,8825017167010994,0,0,0,2021061619,7703596439001907,Nissan,2013,Altima,Midsize Cars,4.0,2.5,Automatic 6,FWD,Regular Gasoline,22,30,COLESVILLE RD,Maryland (State),WAYNE AVE,County,8825017167010994,20910,SILVER SPRING,82846.1568889,126320091.137,39.00190768010143,-77.03596497235911,23.4965,42.567047,0.0,0.0,0.0,8.209263,322.12494,210616197035990019,2021-06-16 19:00:00,19,PM,167,2,Wednesday,0,6,June,2021,0,Unknown
MCP3039005D,8829ABAE79D049509566AB7B759ED475,True,NO APPARENT INJURY,NONE,NOT DISTRACTED,BUS,MAKING LEFT TURN,West,SUPERFICIAL,35,False,False,2,240722642832247,210023075,Montgomery County Police,Property Damage ,False,West,2,3,GRADE DOWNHILL,False,False,DRIVER,SAME DIR BOTH LEFT TURN,DRY,DAYLIGHT,TRAFFIC SIGNAL,UNKNOWN,FOUR-WAY INTERSECTION,STRAIGHT,NO DEFECTS,"TWO-WAY, DIVIDED, POSITIVE MEDIAN BARRIER",38.99492467,-77.03049967,2838165004721940,8825017167010994,0,0,0,2021061619,7703596439001907,Gillig,0,Unknown,Unknown,0.0,0.0,Unknown,Unknown,Unknown,0,0,COLESVILLE RD,Maryland (State),WAYNE AVE,County,8825017167010994,20910,SILVER SPRING,82846.1568889,126320091.137,39.00190768010143,-77.03596497235911,23.4965,42.567047,0.0,0.0,0.0,8.209263,322.12494,210616197035990019,2021-06-16 19:00:00,19,PM,167,2,Wednesday,0,6,June,2021,0,Unknown
MCP3190002H,C49E0FA53CF44FC7AABEF08BE723C3F0,True,NO APPARENT INJURY,UNKNOWN,UNKNOWN,PASSENGER,UNKNOWN,North,UNKNOWN,25,False,False,2,4058961272263661,210023094,Montgomery County Police,Property Damage ,True,North,0,1,LEVEL,False,False,DRIVER,SAME DIR REAR END,DRY,DARK LIGHTS ON,NO CONTROLS,NON INTERSECTION,UNKNOWN,CURVE RIGHT,NO DEFECTS,UNKNOWN,39.06001307,-77.05076072,8554262040045692,4577092713669811,0,0,0,2021061621,7705486039088590,Ford,2004,Explorer,Sport Utility Vehicle - 2WD,6.0,4.0,Automatic 5,AWD,Regular Gasoline,14,19,GEORGIA AVE,Maryland (State),SPUR TO MD 182,UNKNOWN,4577092713669811,20906,SILVER SPRING,133207.174949,359110751.771,39.08859082555049,-77.05486091907257,18.7325,62.123795,0.0,0.0,0.0,8.669949,318.36655,210616217054890885,2021-06-16 21:00:00,21,PM,167,2,Wednesday,0,6,June,2021,0,Unknown
MCP3190002H,127CB542C3DE4807ACD32F47DF3AA803,False,NO APPARENT INJURY,NONE,NOT DISTRACTED,PASSENGER,SLOWING OR STOPPING,North,FUNCTIONAL,25,False,False,2,4505130622730285,210023094,Montgomery County Police,Property Damage ,True,North,0,1,LEVEL,False,False,DRIVER,SAME DIR REAR END,DRY,DARK LIGHTS ON,NO CONTROLS,NON INTERSECTION,UNKNOWN,CURVE RIGHT,NO DEFECTS,UNKNOWN,39.06001307,-77.05076072,8554262040045692,4577092713669811,0,0,0,2021061621,7705486039088590,Nissan,2021,Versa,Compact Cars,4.0,1.6,Automatic CVT,FWD,Regular Gasoline,27,35,GEORGIA AVE,Maryland (State),SPUR TO MD 182,UNKNOWN,4577092713669811,20906,SILVER SPRING,133207.174949,359110751.771,39.08859082555049,-77.05486091907257,18.7325,62.123795,0.0,0.0,0.0,8.669949,318.36655,210616217054890885,2021-06-16 21:00:00,21,PM,167,2,Wednesday,0,6,June,2021,0,Unknown
MCP3149002C,B09F7B6E95464CE6A236C4244528ED0F,True,NO APPARENT INJURY,UNKNOWN,UNKNOWN,PASSENGER,ACCELERATING,North,UNKNOWN,35,False,False,2,2134147868633988,210023131,Montgomery County Police,Property Damage ,True,North,2,3,LEVEL,False,False,DRIVER,SAME DIRECTION LEFT TURN,DRY,DAYLIGHT,UNKNOWN,INTERCHANGE RELATED,UNKNOWN,STRAIGHT,NO DEFECTS,"TWO-WAY, DIVIDED, POSITIVE MEDIAN BARRIER",39.015485,-76.97870833,7228418003688286,4826736316525293,0,0,0,2021061708,7698354239018293,Hyundai,2016,Tucson,Small Sport Utility Vehicle 2WD,4.0,1.6,Automatic 7,FWD,Regular Gasoline,25,30,COLESVILLE RD,US (State),RAMP 4 FR US 29 NB TO IS 495 EB,Ramp,4826736316525293,20903,SILVER SPRING,50204.7192451,65972447.4483,39.01829365940637,-76.9835422251861,16.1845,60.707413,0.0,0.0,0.0,6.9247384,332.1028,210617086983590182,2021-06-17 08:00:00,8,AM,168,3,Thursday,0,6,June,2021,0,Unknown
MCP3149002C,75E3D81D649341F18BBD83D4B03C3B68,False,NO APPARENT INJURY,NONE,NOT DISTRACTED,PASSENGER,MOVING CONSTANT SPEED,North,SUPERFICIAL,35,False,False,2,751452905815289,210023131,Montgomery County Police,Property Damage ,True,North,2,3,LEVEL,False,False,DRIVER,SAME DIRECTION LEFT TURN,DRY,DAYLIGHT,UNKNOWN,INTERCHANGE RELATED,UNKNOWN,STRAIGHT,NO DEFECTS,"TWO-WAY, DIVIDED, POSITIVE MEDIAN BARRIER",39.015485,-76.97870833,7228418003688286,4826736316525293,0,0,0,2021061708,7698354239018293,Toyota,2020,Corolla,Compact Cars,4.0,2.0,Automatic 10,FWD,Regular Gasoline,29,38,COLESVILLE RD,US (State),RAMP 4 FR US 29 NB TO IS 495 EB,Ramp,4826736316525293,20903,SILVER SPRING,50204.7192451,65972447.4483,39.01829365940637,-76.9835422251861,16.1845,60.707413,0.0,0.0,0.0,6.9247384,332.1028,210617086983590182,2021-06-17 08:00:00,8,AM,168,3,Thursday,0,6,June,2021,0,Unknown
MCP2753004T,AE1EF3AD8E9F4347B378B496C355D456,False,SUSPECTED MINOR INJURY,UNKNOWN,NOT DISTRACTED,TRUCK,STOPPED IN TRAFFIC LANE,South,FUNCTIONAL,40,False,False,3,9755364676930633,210023157,Montgomery County Police,Injury ,False,South,3,3,LEVEL,False,False,DRIVER,SAME DIR REAR END,DRY,DAYLIGHT,NO CONTROLS,NON INTERSECTION,UNKNOWN,STRAIGHT,NO DEFECTS,"TWO-WAY, DIVIDED, POSITIVE MEDIAN BARRIER",39.09269333,-77.07987333,8554262040045692,3786639377990067,0,0,0,2021061711,7705486039088590,International,0,Unknown,Unknown,0.0,0.0,Unknown,Unknown,Unknown,0,0,GEORGIA AVE,Maryland (State),BEL PRE RD,County,3786639377990067,20906,SILVER SPRING,133207.174949,359110751.771,39.08859082555049,-77.05486091907257,21.5325,38.182655,0.0,0.0,0.0,5.904439,307.56866,210617117054890885,2021-06-17 11:00:00,11,AM,168,3,Thursday,0,6,June,2021,0,Unknown
MCP2753004T,42B02BA4AC664BB2AE8A0C9336851E94,False,SUSPECTED MINOR INJURY,NONE,INATTENTIVE OR LOST IN THOUGHT,PASSENGER,SLOWING OR STOPPING,South,DISABLING,40,False,False,3,3233063173565461,210023157,Montgomery County Police,Injury ,False,South,3,3,LEVEL,False,False,DRIVER,SAME DIR REAR END,DRY,DAYLIGHT,NO CONTROLS,NON INTERSECTION,UNKNOWN,STRAIGHT,NO DEFECTS,"TWO-WAY, DIVIDED, POSITIVE MEDIAN BARRIER",39.09269333,-77.07987333,8554262040045692,3786639377990067,0,0,0,2021061711,7705486039088590,Toyota,0,Unknown,Unknown,0.0,0.0,Unknown,Unknown,Unknown,0,0,GEORGIA AVE,Maryland (State),BEL PRE RD,County,3786639377990067,20906,SILVER SPRING,133207.174949,359110751.771,39.08859082555049,-77.05486091907257,21.5325,38.182655,0.0,0.0,0.0,5.904439,307.56866,210617117054890885,2021-06-17 11:00:00,11,AM,168,3,Thursday,0,6,June,2021,0,Unknown
MCP2753004T,94A1F344A3394815B0484D41D9215BFE,True,NO APPARENT INJURY,NONE,NOT DISTRACTED,PASSENGER,MOVING CONSTANT SPEED,South,DISABLING,40,False,False,3,8243785677012849,210023157,Montgomery County Police,Injury ,False,South,3,3,LEVEL,False,False,DRIVER,SAME DIR REAR END,DRY,DAYLIGHT,NO CONTROLS,NON INTERSECTION,UNKNOWN,STRAIGHT,NO DEFECTS,"TWO-WAY, DIVIDED, POSITIVE MEDIAN BARRIER",39.09269333,-77.07987333,8554262040045692,3786639377990067,0,0,0,2021061711,7705486039088590,Toyota,2017,Camry,Midsize Cars,4.0,2.5,Automatic 6,FWD,Regular Gasoline,21,30,GEORGIA AVE,Maryland (State),BEL PRE RD,County,3786639377990067,20906,SILVER SPRING,133207.174949,359110751.771,39.08859082555049,-77.05486091907257,21.5325,38.182655,0.0,0.0,0.0,5.904439,307.56866,210617117054890885,2021-06-17 11:00:00,11,AM,168,3,Thursday,0,6,June,2021,0,Unknown
MCP1128005M,722BC527319B45ABB2EA1AFAF24D7AAF,True,NO APPARENT INJURY,NONE,UNKNOWN,PASSENGER,MOVING CONSTANT SPEED,West,DISABLING,35,False,False,2,4747793498920423,210023167,Montgomery County Police,Injury ,False,West,1,2,GRADE DOWNHILL,False,False,DRIVER,HEAD ON LEFT TURN,DRY,DAYLIGHT,TRAFFIC SIGNAL,INTERSECTION,FOUR-WAY INTERSECTION,STRAIGHT,NO DEFECTS,"TWO-WAY, DIVIDED, POSITIVE MEDIAN BARRIER",38.98628167,-77.14344167,1363718650800826,8431981656414478,0,0,0,2021061712,7715220038996189,Ford,2015,Mustang,Subcompact Cars,4.0,2.3,Automatic 6,RWD,Regular Gasoline,15,25,RIVER RD,Maryland (State),BEECH TREE RD,County,8431981656414478,20817,BETHESDA,143234.920079,403664948.588,38.996189145680184,-77.15220044157795,22.543,35.804207,0.0,0.0,0.0,8.404285,313.26434,210617127152289961,2021-06-17 12:00:00,12,PM,168,3,Thursday,0,6,June,2021,0,Unknown
MCP1128005M,A6070730A43D4D51AF90B412851A2128,True,SUSPECTED MINOR INJURY,NONE,UNKNOWN,PASSENGER,MAKING LEFT TURN,East,DISABLING,35,False,False,2,4540518280899671,210023167,Montgomery County Police,Injury ,False,West,1,2,GRADE DOWNHILL,False,False,DRIVER,HEAD ON LEFT TURN,DRY,DAYLIGHT,TRAFFIC SIGNAL,INTERSECTION,FOUR-WAY INTERSECTION,STRAIGHT,NO DEFECTS,"TWO-WAY, DIVIDED, POSITIVE MEDIAN BARRIER",38.98628167,-77.14344167,1363718650800826,8431981656414478,0,0,0,2021061712,7715220038996189,Kia,2018,Forte,Large Cars,4.0,2.0,Automatic 6,FWD,Regular Gasoline,25,34,RIVER RD,Maryland (State),BEECH TREE RD,County,8431981656414478,20817,BETHESDA,143234.920079,403664948.588,38.996189145680184,-77.15220044157795,22.543,35.804207,0.0,0.0,0.0,8.404285,313.26434,210617127152289961,2021-06-17 12:00:00,12,PM,168,3,Thursday,0,6,June,2021,0,Unknown
MCP2008008N,66DC0C97A5BA4C11B7D34AC26ED8334B,True,NO APPARENT INJURY,NONE,LOOKED BUT DID NOT SEE,PASSENGER,ACCELERATING,North,DISABLING,30,False,False,2,4352139157259030,210023230,Montgomery County Police,Property Damage ,False,North,1,1,LEVEL,False,False,DRIVER,STRAIGHT MOVEMENT ANGLE,DRY,DAYLIGHT,FLASHING TRAFFIC SIGNAL,INTERSECTION,FOUR-WAY INTERSECTION,STRAIGHT,NO DEFECTS,"TWO-WAY, DIVIDED, POSITIVE MEDIAN BARRIER",39.030065,-77.074795,4467548522871846,8840809600344108,0,0,0,2021061716,7707527239025656,Nissan,2017,Frontier,Small Pickup Trucks 2WD,6.0,4.0,Automatic 5,RWD,Regular Gasoline,16,21,PLYERS MILL RD,Municipality,METROPOLITAN AVE,Maryland (State),8840809600344108,20895,KENSINGTON,70838.1492765,106180148.023,39.02565657266069,-77.07527294437958,24.9455,28.823475,0.0,0.0,0.0,9.290511,305.53775,210617167075290256,2021-06-17 16:00:00,16,PM,168,3,Thursday,0,6,June,2021,0,Unknown
MCP2008008N,E3A7CB5C9F4545E9AA215C3F0F85C23E,True,NO APPARENT INJURY,NONE,LOOKED BUT DID NOT SEE,PASSENGER,ACCELERATING,East,DISABLING,30,False,False,2,1374907429927981,210023230,Montgomery County Police,Property Damage ,False,North,1,1,LEVEL,False,False,DRIVER,STRAIGHT MOVEMENT ANGLE,DRY,DAYLIGHT,FLASHING TRAFFIC SIGNAL,INTERSECTION,FOUR-WAY INTERSECTION,STRAIGHT,NO DEFECTS,"TWO-WAY, DIVIDED, POSITIVE MEDIAN BARRIER",39.030065,-77.074795,4467548522871846,8840809600344108,0,0,0,2021061716,7707527239025656,Toyota,2006,Sienna,Minivan - 2WD,6.0,3.3,Automatic 5,AWD,Regular Gasoline,15,21,PLYERS MILL RD,Municipality,METROPOLITAN AVE,Maryland (State),8840809600344108,20895,KENSINGTON,70838.1492765,106180148.023,39.02565657266069,-77.07527294437958,24.9455,28.823475,0.0,0.0,0.0,9.290511,305.53775,210617167075290256,2021-06-17 16:00:00,16,PM,168,3,Thursday,0,6,June,2021,0,Unknown
MCP3247001C,3138297A0BDA4FB584ECD48280D8C742,True,POSSIBLE INJURY,NONE,LOOKED BUT DID NOT SEE,PASSENGER,MAKING LEFT TURN,South,SUPERFICIAL,30,False,False,2,1166604427143316,210023211,Montgomery County Police,Injury ,False,North,0,1,HILL CREST,False,False,DRIVER,STRAIGHT MOVEMENT ANGLE,DRY,DAYLIGHT,NO CONTROLS,INTERSECTION,FOUR-WAY INTERSECTION,STRAIGHT,NO DEFECTS,"TWO-WAY, NOT DIVIDED",38.98794667,-77.01215833,7883959838840872,7471650139153778,0,0,0,2021061716,7703596439001907,GMC,2012,Acadia,Sport Utility Vehicle - 2WD,6.0,3.6,Automatic 6,AWD,Regular Gasoline,16,23,PINEY BRANCH RD,Maryland (State),RITCHIE AVE,County,7471650139153778,20910,SILVER SPRING,82846.1568889,126320091.137,39.00190768010143,-77.03596497235911,24.8465,28.696259,0.0,0.0,0.0,9.449572,310.36444,210617167035990019,2021-06-17 16:00:00,16,PM,168,3,Thursday,0,6,June,2021,0,Unknown
MCP3247001C,87E86BB6DA1A4BF687686E2AD563E45E,False,SUSPECTED SERIOUS INJURY,NONE,NOT DISTRACTED,MOTORCYCLE,MOVING CONSTANT SPEED,North,SUPERFICIAL,30,False,False,2,4595510051903263,210023211,Montgomery County Police,Injury ,False,North,0,1,HILL CREST,False,False,DRIVER,STRAIGHT MOVEMENT ANGLE,DRY,DAYLIGHT,NO CONTROLS,INTERSECTION,FOUR-WAY INTERSECTION,STRAIGHT,NO DEFECTS,"TWO-WAY, NOT DIVIDED",38.98794667,-77.01215833,7883959838840872,7471650139153778,0,0,0,2021061716,7703596439001907,Honda,0,Unknown,Unknown,0.0,0.0,Unknown,Unknown,Unknown,0,0,PINEY BRANCH RD,Maryland (State),RITCHIE AVE,County,7471650139153778,20910,SILVER SPRING,82846.1568889,126320091.137,39.00190768010143,-77.03596497235911,24.8465,28.696259,0.0,0.0,0.0,9.449572,310.36444,210617167035990019,2021-06-17 16:00:00,16,PM,168,3,Thursday,0,6,June,2021,0,Unknown
MCP3161002V,5F02BBCAC6CE4394A317D8D3249F53E3,False,POSSIBLE INJURY,NONE,NOT DISTRACTED,PASSENGER,PARKED,UNKNOWN,DISABLING,25,True,False,2,1032942998998255,210023210,Montgomery County Police,Injury ,False,West,0,2,LEVEL,False,False,DRIVER,SAME DIR REAR END,DRY,DAYLIGHT,NO CONTROLS,NON INTERSECTION,UNKNOWN,STRAIGHT,NO DEFECTS,"TWO-WAY, NOT DIVIDED",38.98209167,-77.09776,1915715673883513,9003752369377532,0,0,0,2021061716,7710072538987731,Toyota,2013,Corolla,Compact Cars,4.0,1.8,Automatic 4,FWD,Regular Gasoline,26,33,ELM ST,County,ARLINGTON RD,County,9003752369377532,20814,BETHESDA,46411.6876883,47837334.4314,38.98773167577017,-77.10072590539887,24.8985,28.710705,0.0,0.0,0.0,9.449572,310.36444,210617167100789877,2021-06-17 16:00:00,16,PM,168,3,Thursday,0,6,June,2021,0,Unknown
MCP3161002V,DA5856D7F91E47828A1D9F2DAE83B525,True,NO APPARENT INJURY,NONE,UNKNOWN,PASSENGER,PARKING,West,FUNCTIONAL,25,False,False,2,9565689040453889,210023210,Montgomery County Police,Injury ,False,West,0,2,LEVEL,False,False,DRIVER,SAME DIR REAR END,DRY,DAYLIGHT,NO CONTROLS,NON INTERSECTION,UNKNOWN,STRAIGHT,NO DEFECTS,"TWO-WAY, NOT DIVIDED",38.98209167,-77.09776,1915715673883513,9003752369377532,0,0,0,2021061716,7710072538987731,Jeep,2011,Grand Cherokee,Sport Utility Vehicle - 2WD,6.0,3.6,Automatic 5,4WD,Regular Gasoline,16,22,ELM ST,County,ARLINGTON RD,County,9003752369377532,20814,BETHESDA,46411.6876883,47837334.4314,38.98773167577017,-77.10072590539887,24.8985,28.710705,0.0,0.0,0.0,9.449572,310.36444,210617167100789877,2021-06-17 16:00:00,16,PM,168,3,Thursday,0,6,June,2021,0,Unknown
DM8493000L,27358E34BBEB41BC9024A7E1D3DC5B87,True,SUSPECTED MINOR INJURY,UNKNOWN,LOOKED BUT DID NOT SEE,PASSENGER,ACCELERATING,South,DISABLING,20,False,False,2,2815627300895328,210023271,Takoma Park Police Depart,Injury ,False,East,2,3,LEVEL,False,False,DRIVER,STRAIGHT MOVEMENT ANGLE,DRY,DARK LIGHTS ON,NO CONTROLS,INTERSECTION,FOUR-WAY INTERSECTION,STRAIGHT,UNKNOWN,"TWO-WAY, DIVIDED, UNPROTECTED PAINTED MIN 4 FEET",38.99264357,-76.99155504,5005946941929880,5269488757423054,0,0,0,2021061721,7700204038982546,Honda,2012,Accord,Compact Cars,4.0,2.4,Automatic 5,FWD,Regular Gasoline,22,33,UNIVERSITY BLVD E,Maryland (State),MERRIMAC DR,County,5269488757423054,20912,TAKOMA PARK,51232.0653417,65209197.2692,38.98254687160147,-77.00204079343348,19.148,62.837402,0.0,0.0,0.0,6.830519,198.43504,210617217002089825,2021-06-17 21:00:00,21,PM,168,3,Thursday,0,6,June,2021,0,Unknown
DM8493000L,0A4F9A8C6337431096FECECD30E60CD7,False,SUSPECTED MINOR INJURY,UNKNOWN,NOT DISTRACTED,PASSENGER,MOVING CONSTANT SPEED,East,SUPERFICIAL,40,False,False,2,3097115414319252,210023271,Takoma Park Police Depart,Injury ,False,East,2,3,LEVEL,False,False,DRIVER,STRAIGHT MOVEMENT ANGLE,DRY,DARK LIGHTS ON,NO CONTROLS,INTERSECTION,FOUR-WAY INTERSECTION,STRAIGHT,UNKNOWN,"TWO-WAY, DIVIDED, UNPROTECTED PAINTED MIN 4 FEET",38.99264357,-76.99155504,5005946941929880,5269488757423054,0,0,0,2021061721,7700204038982546,Honda,2009,Accord,Compact Cars,4.0,2.4,Automatic 5,FWD,Regular Gasoline,19,30,UNIVERSITY BLVD E,Maryland (State),MERRIMAC DR,County,5269488757423054,20912,TAKOMA PARK,51232.0653417,65209197.2692,38.98254687160147,-77.00204079343348,19.148,62.837402,0.0,0.0,0.0,6.830519,198.43504,210617217002089825,2021-06-17 21:00:00,21,PM,168,3,Thursday,0,6,June,2021,0,Unknown
MCP2907002D,86D56517AD8948E2981E189ADF0D0459,False,POSSIBLE INJURY,NONE,NOT DISTRACTED,PASSENGER,MOVING CONSTANT SPEED,West,DISABLING,25,False,False,2,2815627485449137,210023278,Montgomery County Police,Injury ,False,West,1,1,LEVEL,False,False,DRIVER,STRAIGHT MOVEMENT ANGLE,DRY,DARK LIGHTS ON,STOP SIGN,NON INTERSECTION,UNKNOWN,STRAIGHT,NO DEFECTS,"TWO-WAY, DIVIDED, UNPROTECTED PAINTED MIN 4 FEET",38.98712,-77.10338333,2258501311527651,625702795381843,0,0,0,2021061722,7710072538987731,Honda,2019,Accord,Large Cars,4.0,2.0,Automatic 10,FWD,Regular Gasoline,22,32,WILSON LA,Maryland (State),EXETER RD,County,625702795381843,20814,BETHESDA,46411.6876883,47837334.4314,38.98773167577017,-77.10072590539887,19.0485,52.115093,0.0,0.0,0.0,7.628263,199.29015,210617227100789877,2021-06-17 22:00:00,22,PM,168,3,Thursday,0,6,June,2021,0,Unknown
MCP2907002D,FB5761EA5E044D20B818B7E58E2CA8B9,True,POSSIBLE INJURY,NONE,NOT DISTRACTED,PASSENGER,SLOWING OR STOPPING,West,DISABLING,25,False,False,2,3233063173565461,210023278,Montgomery County Police,Injury ,False,West,1,1,LEVEL,False,False,DRIVER,STRAIGHT MOVEMENT ANGLE,DRY,DARK LIGHTS ON,STOP SIGN,NON INTERSECTION,UNKNOWN,STRAIGHT,NO DEFECTS,"TWO-WAY, DIVIDED, UNPROTECTED PAINTED MIN 4 FEET",38.98712,-77.10338333,2258501311527651,625702795381843,0,0,0,2021061722,7710072538987731,Toyota,0,Unknown,Unknown,0.0,0.0,Unknown,Unknown,Unknown,0,0,WILSON LA,Maryland (State),EXETER RD,County,625702795381843,20814,BETHESDA,46411.6876883,47837334.4314,38.98773167577017,-77.10072590539887,19.0485,52.115093,0.0,0.0,0.0,7.628263,199.29015,210617227100789877,2021-06-17 22:00:00,22,PM,168,3,Thursday,0,6,June,2021,0,Unknown
MCP1174004W,2C49DF1E60F444E6BF90D74459FA17A5,True,NO APPARENT INJURY,UNKNOWN,LOOKED BUT DID NOT SEE,UNKNOWN,ACCELERATING,North,FUNCTIONAL,25,False,False,1,8168321465439775,210023006,Montgomery County Police,Property Damage ,True,North,1,1,LEVEL,False,False,DRIVER,SAME DIR REAR END,DRY,DAYLIGHT,NO CONTROLS,NON INTERSECTION,UNKNOWN,STRAIGHT,NO DEFECTS,"TWO-WAY, NOT DIVIDED",38.98782788,-77.09816133,9030182442049257,4494898042244063,0,0,0,2021061810,7710072538987731,Unknown,0,Unknown,Unknown,0.0,0.0,Unknown,Unknown,Unknown,0,0,ST ELMO AVE,County,OLD GEORGETOWN RD,Maryland (State),4494898042244063,20814,BETHESDA,46411.6876883,47837334.4314,38.98773167577017,-77.10072590539887,22.8985,46.402832,0.0,0.0,0.0,9.693296,201.80147,210618107100789877,2021-06-18 10:00:00,10,AM,169,4,Friday,0,6,June,2021,1,Juneteenth National Independence Day (observed)
MCP2358008H,208E0F01029B4573832E357FE120C17A,False,NO APPARENT INJURY,NONE,NOT DISTRACTED,PASSENGER,MOVING CONSTANT SPEED,North,DISABLING,35,False,False,2,5482037610831924,210023351,Montgomery County Police,Property Damage ,False,North,1,2,LEVEL,False,False,UNKNOWN,STRAIGHT MOVEMENT ANGLE,DRY,DAYLIGHT,NO CONTROLS,OTHER DRIVEWAY,OTHER,STRAIGHT,NO DEFECTS,"TWO-WAY, NOT DIVIDED",39.02715147,-77.14751349,8057051263767246,1296267517137739,0,0,0,2021061812,7715220038996189,Toyota,2020,Tacoma,Small Pickup Trucks 4WD,6.0,3.5,Automatic 6,4WD,Regular Gasoline,17,22,WESTLAKE DR,County,WESTLAKE TERR,County,1296267517137739,20817,BETHESDA,143234.920079,403664948.588,38.996189145680184,-77.15220044157795,26.893,35.9453,0.0,0.0,0.0,10.383987,213.6901,210618127152289961,2021-06-18 12:00:00,12,PM,169,4,Friday,0,6,June,2021,1,Juneteenth National Independence Day (observed)
MCP2358008H,C2A4EBAAEE744D32BA471619489D903F,False,NO APPARENT INJURY,NONE,NOT DISTRACTED,PASSENGER,STARTING FROM LANE,West,FUNCTIONAL,35,False,False,2,8265619110625969,210023351,Montgomery County Police,Property Damage ,False,North,1,2,LEVEL,False,False,UNKNOWN,STRAIGHT MOVEMENT ANGLE,DRY,DAYLIGHT,NO CONTROLS,OTHER DRIVEWAY,OTHER,STRAIGHT,NO DEFECTS,"TWO-WAY, NOT DIVIDED",39.02715147,-77.14751349,8057051263767246,1296267517137739,0,0,0,2021061812,7715220038996189,Ford,2013,Expedition,Standard Sport Utility Vehicle 2WD,8.0,5.4,Automatic 6,4WD,Regular Gasoline,13,18,WESTLAKE DR,County,WESTLAKE TERR,County,1296267517137739,20817,BETHESDA,143234.920079,403664948.588,38.996189145680184,-77.15220044157795,26.893,35.9453,0.0,0.0,0.0,10.383987,213.6901,210618127152289961,2021-06-18 12:00:00,12,PM,169,4,Friday,0,6,June,2021,1,Juneteenth National Independence Day (observed)
MCP3004003Z,99CD923C365341BBAACA60A7A7A600EE,False,POSSIBLE INJURY,NONE,NOT DISTRACTED,PASSENGER,MOVING CONSTANT SPEED,North,FUNCTIONAL,35,False,False,2,1314431078866941,210023374,Montgomery County Police,Injury ,False,North,3,3,LEVEL,False,False,DRIVER,OTHER,DRY,DAYLIGHT,NO CONTROLS,INTERSECTION,T-INTERSECTION,STRAIGHT,NO DEFECTS,"TWO-WAY, DIVIDED, POSITIVE MEDIAN BARRIER",38.98898736,-77.07707385,8175980742959294,1627793738140795,0,0,0,2021061815,7707842038983818,Toyota,2006,Corolla,Compact Cars,4.0,1.8,Automatic 4,FWD,Regular Gasoline,22,31,CLUB DR,County,CONNECTICUT AVE,Maryland (State),1627793738140795,20815,CHEVY CHASE,78258.2702851,151813895.483,38.98381860627773,-77.07842006190148,29.9245,29.800564,0.0,0.0,0.0,11.019764,218.36752,210618157078489838,2021-06-18 15:00:00,15,PM,169,4,Friday,0,6,June,2021,1,Juneteenth National Independence Day (observed)
MCP3004003Z,1993473C9C3C45169EC6976BC8A0D2AB,True,NO APPARENT INJURY,NONE,LOOKED BUT DID NOT SEE,PASSENGER,MAKING LEFT TURN,South,FUNCTIONAL,35,False,False,2,9514804749463505,210023374,Montgomery County Police,Injury ,False,North,3,3,LEVEL,False,False,DRIVER,OTHER,DRY,DAYLIGHT,NO CONTROLS,INTERSECTION,T-INTERSECTION,STRAIGHT,NO DEFECTS,"TWO-WAY, DIVIDED, POSITIVE MEDIAN BARRIER",38.98898736,-77.07707385,8175980742959294,1627793738140795,0,0,0,2021061815,7707842038983818,Honda,2006,Odyssey,Minivan - 2WD,6.0,3.5,Automatic 5,FWD,Regular Gasoline,17,23,CLUB DR,County,CONNECTICUT AVE,Maryland (State),1627793738140795,20815,CHEVY CHASE,78258.2702851,151813895.483,38.98381860627773,-77.07842006190148,29.9245,29.800564,0.0,0.0,0.0,11.019764,218.36752,210618157078489838,2021-06-18 15:00:00,15,PM,169,4,Friday,0,6,June,2021,1,Juneteenth National Independence Day (observed)