ReportNumber,VehicleCrashKey,DriverAtFault,DriverInjurySeverity,DriverSubstanceAbuse,DriverDistractedBy,VehicleType,VehicleMovement,VehicleGoingDir,VehicleDamageExtent,SpeedLimit,ParkedVehicle,SubstanceAbuseContributed,VehiclesCrashedTotal,VehicleKey,LocalCaseNumber,AgencyName,ACRSReportType,HitRun,LaneDirection,LaneNumber,NumberOfLanes,RoadGrade,NonTraffic,OffRoadIncident,AccidentAtFault,CollisionType,SurfaceCondition,Light,TrafficControl,Junction,IntersectionType,RoadAlignment,RoadCondition,RoadDivision,Latitude,Longitude,RoadKey_x,CrossStreetKey,NonMotoristTotal,NonMotoristInjury,NonMotoristFatal,DateHourKey,LocationAreaKey,Make,Year_x,BaseModel,BodyClass,Cylinders,Displacement,Transmission,Drivetrain,FuelType,CityMPG,HighwayMPG,RoadName_x,RouteType_x,RoadName_y,RouteType_y,RoadKey_y,Zipcode,MailCity,ShapeLength,ShapeArea,CentroidLatitude,CentroidLongitude,Temperature,Humidity,Precipitation,Rain,Snow,WindSpeed,WindDirection,WeatherKey,Datetime,Hour,TimeOfDay,DayNumber,WeekDayNumber,WeekDayName,WeekendFlag,MonthNumber,MonthName,Year_y,HolidayFlag,HolidayName
MCP3242000Y,CD82586B43254AFD894271837A395C73,False,SUSPECTED MINOR INJURY,NONE,NOT DISTRACTED,PASSENGER,ACCELERATING,South,DISABLING,25,False,False,2,7871367486349808,210024724,Montgomery County Police,Injury ,False,South,1,8,LEVEL,False,False,UNKNOWN,SAME DIRECTION LEFT TURN,DRY,DAYLIGHT,TRAFFIC SIGNAL,NON INTERSECTION,UNKNOWN,STRAIGHT,NO DEFECTS,"TWO-WAY, DIVIDED, UNPROTECTED PAINTED MIN 4 FEET",39.01119467,-77.04117233,8554262040045692,4497651537622044,0,0,0,2021062808,7703596439001907,Toyota,2011,RAV4,Sport Utility Vehicle - 2WD,4.0,2.5,Automatic 4,AWD,Regular Gasoline,19,25,GEORGIA AVE,Maryland (State),LOCUST GROVE RD,County,4497651537622044,20910,SILVER SPRING,82846.1568889,126320091.137,39.00190768010143,-77.03596497235911,24.7465,80.41442,0.0,0.0,0.0,11.503113,200.13638,210628087035990019,2021-06-28 08:00:00,8,AM,179,0,Monday,0,6,June,2021,0,Unknown
MCP3274000T,FFCD8DD31C1E4B42AB30032439B7E182,True,NO APPARENT INJURY,NONE,INATTENTIVE OR LOST IN THOUGHT,PASSENGER,MOVING CONSTANT SPEED,North,SUPERFICIAL,55,False,False,2,3706795429459167,210024749,Montgomery County Police,Property Damage ,False,East,1,6,LEVEL,False,False,DRIVER,SAME DIRECTION SIDESWIPE,DRY,DAYLIGHT,UNKNOWN,UNKNOWN,UNKNOWN,STRAIGHT,NO DEFECTS,"TWO-WAY, DIVIDED, POSITIVE MEDIAN BARRIER",39.01196222,-77.14972129,2262757322158515,5171556758888212,0,0,0,2021062810,7715220038996189,Mercedes-Benz,0,Unknown,Unknown,0.0,0.0,Unknown,Unknown,Unknown,0,0,CAPITAL BELTWAY,Interstate (State),IS 270 SB/L,UNKNOWN,5171556758888212,20817,BETHESDA,143234.920079,403664948.588,38.996189145680184,-77.15220044157795,28.743,66.7337,0.0,0.0,0.0,7.729527,207.75845,210628107152289961,2021-06-28 10:00:00,10,AM,179,0,Monday,0,6,June,2021,0,Unknown
MCP3274000T,16CCBBFE0AF246BBBB73E60364F2CC06,False,NO APPARENT INJURY,NONE,NOT DISTRACTED,EMERGENCY,MOVING CONSTANT SPEED,North,SUPERFICIAL,55,False,False,2,2250767647570290,210024749,Montgomery County Police,Property Damage ,False,East,1,6,LEVEL,False,False,DRIVER,SAME DIRECTION SIDESWIPE,DRY,DAYLIGHT,UNKNOWN,UNKNOWN,UNKNOWN,STRAIGHT,NO DEFECTS,"TWO-WAY, DIVIDED, POSITIVE MEDIAN BARRIER",39.01196222,-77.14972129,2262757322158515,5171556758888212,0,0,0,2021062810,7715220038996189,Freightliner,0,Unknown,Unknown,0.0,0.0,Unknown,Unknown,Unknown,0,0,CAPITAL BELTWAY,Interstate (State),IS 270 SB/L,UNKNOWN,5171556758888212,20817,BETHESDA,143234.920079,403664948.588,38.996189145680184,-77.15220044157795,28.743,66.7337,0.0,0.0,0.0,7.729527,207.75845,210628107152289961,2021-06-28 10:00:00,10,AM,179,0,Monday,0,6,June,2021,0,Unknown
MCP24110072,A03F345ADD6043E895228609DE61D59D,True,NO APPARENT INJURY,UNKNOWN,UNKNOWN,PASSENGER,PARKING,UNKNOWN,FUNCTIONAL,5,False,False,1,1261607757706137,210024794,Montgomery County Police,Property Damage ,True,UNKNOWN,0,0,UNKNOWN,True,True,DRIVER,OTHER,UNKNOWN,DAYLIGHT,NO CONTROLS,UNKNOWN,UNKNOWN,UNKNOWN,UNKNOWN,UNKNOWN,39.085228,-77.07692863,7781945108562677,7781945108562677,0,0,0,2021062812,7705486039088590,Toyota,2003,Matrix,Small Station Wagons,4.0,1.8,Automatic 4,FWD,Regular Gasoline,22,28,UNKNOWN,UNKNOWN,UNKNOWN,UNKNOWN,7781945108562677,20906,SILVER SPRING,133207.174949,359110751.771,39.08859082555049,-77.05486091907257,31.2325,58.51035,0.0,0.0,0.0,5.8048253,187.12492,210628127054890885,2021-06-28 12:00:00,12,PM,179,0,Monday,0,6,June,2021,0,Unknown
MCP31690046,7D54ACFAC3DE42E68306541305B2D046,True,NO APPARENT INJURY,UNKNOWN,LOOKED BUT DID NOT SEE,PASSENGER,BACKING,South,FUNCTIONAL,15,False,False,1,9530107233120213,210024785,Montgomery County Police,Property Damage ,True,UNKNOWN,0,0,UNKNOWN,True,True,DRIVER,OTHER,UNKNOWN,DAYLIGHT,NO CONTROLS,UNKNOWN,UNKNOWN,UNKNOWN,UNKNOWN,UNKNOWN,39.02169,-76.97538333,7781945108562677,7781945108562677,0,0,0,2021062813,7698354239018293,Nissan,2019,Rogue,Small Sport Utility Vehicle 2WD,4.0,2.0,Automatic 7,AWD,Regular Gasoline,25,32,UNKNOWN,UNKNOWN,UNKNOWN,UNKNOWN,7781945108562677,20903,SILVER SPRING,50204.7192451,65972447.4483,39.01829365940637,-76.9835422251861,32.2345,56.302048,0.0,0.0,0.0,8.049845,169.6952,210628136983590182,2021-06-28 13:00:00,13,PM,179,0,Monday,0,6,June,2021,0,Unknown
MCP3227002F,FCC2F5B2BFD24B4593B85D7AC9F02F13,False,SUSPECTED MINOR INJURY,NONE,NOT DISTRACTED,PASSENGER,SLOWING OR STOPPING,South,FUNCTIONAL,40,False,False,2,4834438364306852,210024849,Montgomery County Police,Injury ,False,South,2,3,LEVEL,False,False,DRIVER,SAME DIR REAR END,DRY,DAYLIGHT,TRAFFIC SIGNAL,INTERSECTION,FOUR-WAY INTERSECTION,STRAIGHT,NO DEFECTS,"TWO-WAY, DIVIDED, POSITIVE MEDIAN BARRIER",39.02963307,-76.98367462,8901981419077344,2068490210450865,0,0,0,2021062820,7698354239018293,Honda,2016,Pilot,Small Sport Utility Vehicle 2WD,6.0,3.5,Automatic 6,AWD,Regular Gasoline,19,27,NEW HAMPSHIRE AVE,Maryland (State),CRESTHAVEN DR,County,2068490210450865,20903,SILVER SPRING,50204.7192451,65972447.4483,39.01829365940637,-76.9835422251861,29.2845,64.83863,0.0,0.0,0.0,11.384199,198.43504,210628206983590182,2021-06-28 20:00:00,20,PM,179,0,Monday,0,6,June,2021,0,Unknown
MCP3227002F,14034CB349AC4DE1A6B2280511841792,True,NO APPARENT INJURY,NONE,UNKNOWN,PASSENGER,MOVING CONSTANT SPEED,South,FUNCTIONAL,40,False,False,2,9530107317008308,210024849,Montgomery County Police,Injury ,False,South,2,3,LEVEL,False,False,DRIVER,SAME DIR REAR END,DRY,DAYLIGHT,TRAFFIC SIGNAL,INTERSECTION,FOUR-WAY INTERSECTION,STRAIGHT,NO DEFECTS,"TWO-WAY, DIVIDED, POSITIVE MEDIAN BARRIER",39.02963307,-76.98367462,8901981419077344,2068490210450865,0,0,0,2021062820,7698354239018293,Nissan,2012,Rogue,Sport Utility Vehicle - 2WD,4.0,2.5,Automatic CVT,AWD,Regular Gasoline,22,26,NEW HAMPSHIRE AVE,Maryland (State),CRESTHAVEN DR,County,2068490210450865,20903,SILVER SPRING,50204.7192451,65972447.4483,39.01829365940637,-76.9835422251861,29.2845,64.83863,0.0,0.0,0.0,11.384199,198.43504,210628206983590182,2021-06-28 20:00:00,20,PM,179,0,Monday,0,6,June,2021,0,Unknown
MCP27660068,BDFBD94FE5DA4FF0BF2127EE886BF569,False,NO APPARENT INJURY,NONE,NOT DISTRACTED,PASSENGER,MOVING CONSTANT SPEED,North,FUNCTIONAL,40,False,False,2,3716495259147599,210024856,Montgomery County Police,Property Damage ,False,North,2,2,HILL UPHILL,False,False,DRIVER,SAME DIRECTION SIDESWIPE,DRY,DARK LIGHTS ON,TRAFFIC SIGNAL,INTERSECTION,FOUR-WAY INTERSECTION,STRAIGHT,NO DEFECTS,"TWO-WAY, DIVIDED, POSITIVE MEDIAN BARRIER",39.07813667,-77.04624167,4656281664124821,5648649844798206,0,0,0,2021062821,7705486039088590,Chevrolet,2007,Colorado,Standard Pickup Trucks 2WD,4.0,2.9,Automatic 4,RWD,Regular Gasoline,15,22,LAYHILL RD,UNKNOWN,POPLAR RUN DR,UNKNOWN,5648649844798206,20906,SILVER SPRING,133207.174949,359110751.771,39.08859082555049,-77.05486091907257,27.2825,71.30022,0.0,0.0,0.0,9.47012,188.74608,210628217054890885,2021-06-28 21:00:00,21,PM,179,0,Monday,0,6,June,2021,0,Unknown
MCP27660068,4EC5669B455F4E47B40CA062119BD8E2,True,NO APPARENT INJURY,NONE,NOT DISTRACTED,PASSENGER,MOVING CONSTANT SPEED,North,DISABLING,40,False,False,2,3777471162303076,210024856,Montgomery County Police,Property Damage ,False,North,2,2,HILL UPHILL,False,False,DRIVER,SAME DIRECTION SIDESWIPE,DRY,DARK LIGHTS ON,TRAFFIC SIGNAL,INTERSECTION,FOUR-WAY INTERSECTION,STRAIGHT,NO DEFECTS,"TWO-WAY, DIVIDED, POSITIVE MEDIAN BARRIER",39.07813667,-77.04624167,4656281664124821,5648649844798206,0,0,0,2021062821,7705486039088590,Ford,2014,Explorer,Standard Sport Utility Vehicle 2WD,6.0,3.5,Automatic 6,AWD,Regular Gasoline,17,23,LAYHILL RD,UNKNOWN,POPLAR RUN DR,UNKNOWN,5648649844798206,20906,SILVER SPRING,133207.174949,359110751.771,39.08859082555049,-77.05486091907257,27.2825,71.30022,0.0,0.0,0.0,9.47012,188.74608,210628217054890885,2021-06-28 21:00:00,21,PM,179,0,Monday,0,6,June,2021,0,Unknown
MCP27390040,7A5ADA6DB1FA4FE780413C011833FDA9,False,NO APPARENT INJURY,NONE,NOT DISTRACTED,PASSENGER,MOVING CONSTANT SPEED,North,FUNCTIONAL,40,False,False,2,9741722744865078,210024863,Montgomery County Police,Property Damage ,False,North,2,3,LEVEL,False,False,UNKNOWN,STRAIGHT MOVEMENT ANGLE,DRY,DARK LIGHTS ON,TRAFFIC SIGNAL,INTERSECTION,FOUR-WAY INTERSECTION,STRAIGHT,NO DEFECTS,"TWO-WAY, DIVIDED, POSITIVE MEDIAN BARRIER",39.01579,-76.97765333,8901981419077344,4991976696759948,0,0,0,2021062823,7698354239018293,Mercedes-Benz,2012,SL-Class,Two Seaters,8.0,5.5,Automatic 7,RWD,Premium Gasoline,12,19,NEW HAMPSHIRE AVE,Maryland (State),OAKVIEW DR,County,4991976696759948,20903,SILVER SPRING,50204.7192451,65972447.4483,39.01829365940637,-76.9835422251861,25.5845,77.38724,0.0,0.0,0.0,10.948973,170.53775,210628236983590182,2021-06-28 23:00:00,23,PM,179,0,Monday,0,6,June,2021,0,Unknown
MCP27390040,E587D3488EF9459793C49C11F82D665E,False,NO APPARENT INJURY,NONE,NOT DISTRACTED,PASSENGER,MAKING LEFT TURN,South,DISABLING,40,False,False,2,2311894309811732,210024863,Montgomery County Police,Property Damage ,False,North,2,3,LEVEL,False,False,UNKNOWN,STRAIGHT MOVEMENT ANGLE,DRY,DARK LIGHTS ON,TRAFFIC SIGNAL,INTERSECTION,FOUR-WAY INTERSECTION,STRAIGHT,NO DEFECTS,"TWO-WAY, DIVIDED, POSITIVE MEDIAN BARRIER",39.01579,-76.97765333,8901981419077344,4991976696759948,0,0,0,2021062823,7698354239018293,Chevrolet,2015,Cruze,Midsize Cars,4.0,1.4,Automatic 6,FWD,Regular Gasoline,26,37,NEW HAMPSHIRE AVE,Maryland (State),OAKVIEW DR,County,4991976696759948,20903,SILVER SPRING,50204.7192451,65972447.4483,39.01829365940637,-76.9835422251861,25.5845,77.38724,0.0,0.0,0.0,10.948973,170.53775,210628236983590182,2021-06-28 23:00:00,23,PM,179,0,Monday,0,6,June,2021,0,Unknown
MCP3026006K,BE3555EDA7444C83BA79636333E3F762,True,NO APPARENT INJURY,NONE,LOOKED BUT DID NOT SEE,PASSENGER,BACKING,East,FUNCTIONAL,15,False,False,1,7871367637348379,210024935,Montgomery County Police,Property Damage ,True,UNKNOWN,0,0,UNKNOWN,True,True,DRIVER,OTHER,UNKNOWN,DAYLIGHT,NO CONTROLS,UNKNOWN,UNKNOWN,UNKNOWN,UNKNOWN,UNKNOWN,38.9811182,-77.0712172,7781945108562677,7781945108562677,0,0,0,2021062911,7707842038983818,Toyota,2018,RAV4,Small Sport Utility Vehicle 4WD,4.0,2.5,Automatic 6,AWD,Regular Gasoline,22,28,UNKNOWN,UNKNOWN,UNKNOWN,UNKNOWN,7781945108562677,20815,CHEVY CHASE,78258.2702851,151813895.483,38.98381860627773,-77.07842006190148,31.0745,57.587925,0.0,0.0,0.0,8.854829,206.56499,210629117078489838,2021-06-29 11:00:00,11,AM,180,1,Tuesday,0,6,June,2021,0,Unknown
DM8478000Z,F0C38CDE08B74AA1B879F82355A733AE,True,NO APPARENT INJURY,NONE,NOT DISTRACTED,PASSENGER,MAKING LEFT TURN,North,FUNCTIONAL,20,False,False,1,8525273656215821,210024938,Takoma Park Police Depart,Property Damage ,True,UNKNOWN,0,2,HILL UPHILL,False,False,DRIVER,SAME DIRECTION SIDESWIPE,DRY,DAYLIGHT,NO CONTROLS,NON INTERSECTION,UNKNOWN,STRAIGHT,NO DEFECTS,"TWO-WAY, NOT DIVIDED",38.9915,-76.994185,6577473450206352,6002702761399416,0,0,0,2021062914,7700204038982546,Toyota,2000,Camry,Compact Cars,4.0,2.2,Automatic 4,FWD,Regular Gasoline,17,28,RITCHIE AVE,Municipality,GENEVA AVE,Municipality,6002702761399416,20912,TAKOMA PARK,51232.0653417,65209197.2692,38.98254687160147,-77.00204079343348,33.948,43.358887,0.0,0.0,0.0,9.9571085,192.5288,210629147002089825,2021-06-29 14:00:00,14,PM,180,1,Tuesday,0,6,June,2021,0,Unknown
MCP1174004X,D3C0E48E726849E4A66CB6748166B6DB,True,NO APPARENT INJURY,UNKNOWN,LOOKED BUT DID NOT SEE,PASSENGER,BACKING,West,SUPERFICIAL,25,False,False,2,6880218943451819,210027612,Montgomery County Police,Property Damage ,False,East,1,1,LEVEL,False,False,DRIVER,SAME DIR REAR END,DRY,DAYLIGHT,TRAFFIC SIGNAL,INTERSECTION RELATED,FOUR-WAY INTERSECTION,STRAIGHT,NO DEFECTS,"TWO-WAY, NOT DIVIDED",38.98210689,-77.09618722,1915715673883513,4250512694628641,0,0,0,2021062915,7710072538987731,Lexus,2015,LS,Midsize Cars,8.0,4.6,Automatic 8,AWD,Premium Gasoline,16,23,ELM ST,County,WOODMONT AVE,County,4250512694628641,20814,BETHESDA,46411.6876883,47837334.4314,38.98773167577017,-77.10072590539887,34.2485,40.442764,0.0,0.0,0.0,11.183201,183.69131,210629157100789877,2021-06-29 15:00:00,15,PM,180,1,Tuesday,0,6,June,2021,0,Unknown
MCP1174004X,E4514DEC9CC0417BA8C64464F33BFBE0,False,NO APPARENT INJURY,NONE,NOT DISTRACTED,PASSENGER,STOPPED IN TRAFFIC LANE,East,SUPERFICIAL,25,False,False,2,3958625483268352,210027612,Montgomery County Police,Property Damage ,False,East,1,1,LEVEL,False,False,DRIVER,SAME DIR REAR END,DRY,DAYLIGHT,TRAFFIC SIGNAL,INTERSECTION RELATED,FOUR-WAY INTERSECTION,STRAIGHT,NO DEFECTS,"TWO-WAY, NOT DIVIDED",38.98210689,-77.09618722,1915715673883513,4250512694628641,0,0,0,2021062915,7710072538987731,GMC,2014,Terrain,Small Sport Utility Vehicle 2WD,4.0,2.4,Automatic 6,AWD,Regular Gasoline,16,23,ELM ST,County,WOODMONT AVE,County,4250512694628641,20814,BETHESDA,46411.6876883,47837334.4314,38.98773167577017,-77.10072590539887,34.2485,40.442764,0.0,0.0,0.0,11.183201,183.69131,210629157100789877,2021-06-29 15:00:00,15,PM,180,1,Tuesday,0,6,June,2021,0,Unknown
MCP1148003K,6303D70714944F55B65218A70A1649AF,False,NO APPARENT INJURY,NONE,NOT DISTRACTED,PASSENGER,MOVING CONSTANT SPEED,North,DISABLING,35,False,False,2,5926379312530993,210024944,Montgomery County Police,Property Damage ,False,North,2,3,LEVEL,False,False,DRIVER,STRAIGHT MOVEMENT ANGLE,WET,DAYLIGHT,TRAFFIC SIGNAL,INTERSECTION,FOUR-WAY INTERSECTION,STRAIGHT,NO DEFECTS,"TWO-WAY, DIVIDED, POSITIVE MEDIAN BARRIER",39.01543833,-77.11896333,4494898042244063,7110291632360097,0,0,0,2021062915,7715220038996189,Volvo,2012,S60,Compact Cars,5.0,2.5,Automatic 6,AWD,Regular Gasoline,18,26,OLD GEORGETOWN RD,Maryland (State),RAMP 4 FR MD 187 NB TO IS 495 EB,Ramp,7110291632360097,20817,BETHESDA,143234.920079,403664948.588,38.996189145680184,-77.15220044157795,34.943,38.53547,0.0,0.0,0.0,10.464798,176.05489,210629157152289961,2021-06-29 15:00:00,15,PM,180,1,Tuesday,0,6,June,2021,0,Unknown
MCP1148003K,A7C6432BBF77473B9BC353B76D943500,True,NO APPARENT INJURY,NONE,LOOKED BUT DID NOT SEE,PASSENGER,MAKING LEFT TURN,South,FUNCTIONAL,25,False,False,2,2781967218749949,210024944,Montgomery County Police,Property Damage ,False,North,2,3,LEVEL,False,False,DRIVER,STRAIGHT MOVEMENT ANGLE,WET,DAYLIGHT,TRAFFIC SIGNAL,INTERSECTION,FOUR-WAY INTERSECTION,STRAIGHT,NO DEFECTS,"TWO-WAY, DIVIDED, POSITIVE MEDIAN BARRIER",39.01543833,-77.11896333,4494898042244063,7110291632360097,0,0,0,2021062915,7715220038996189,Ford,2001,F150,Standard Pickup Trucks 2WD,8.0,5.4,Automatic 4,RWD,Regular Gasoline,14,15,OLD GEORGETOWN RD,Maryland (State),RAMP 4 FR MD 187 NB TO IS 495 EB,Ramp,7110291632360097,20817,BETHESDA,143234.920079,403664948.588,38.996189145680184,-77.15220044157795,34.943,38.53547,0.0,0.0,0.0,10.464798,176.05489,210629157152289961,2021-06-29 15:00:00,15,PM,180,1,Tuesday,0,6,June,2021,0,Unknown
MCP3181001Y,7F9331D75E944E6C9195C8041354B08D,True,NO APPARENT INJURY,UNKNOWN,UNKNOWN,PASSENGER,SLOWING OR STOPPING,North,FUNCTIONAL,25,False,False,3,9992477299613912,210025006,Montgomery County Police,Property Damage ,False,East,1,1,LEVEL,False,False,DRIVER,STRAIGHT MOVEMENT ANGLE,DRY,DARK LIGHTS ON,NO CONTROLS,RESIDENTIAL DRIVEWAY,T-INTERSECTION,STRAIGHT,NO DEFECTS,"TWO-WAY, DIVIDED, UNPROTECTED PAINTED MIN 4 FEET",39.08006833,-77.06227333,2242153826664605,3312096115993944,0,0,0,2021062922,7705486039088590,Dodge,2013,Charger,Large Cars,6.0,3.6,Automatic 5,RWD,Regular Gasoline,18,27,HEWITT AVE,County,BLUE SPRUCE LA,County,3312096115993944,20906,SILVER SPRING,133207.174949,359110751.771,39.08859082555049,-77.05486091907257,27.4825,70.68555,0.0,0.0,0.0,11.631956,201.80147,210629227054890885,2021-06-29 22:00:00,22,PM,180,1,Tuesday,0,6,June,2021,0,Unknown
MCP3181001Y,D51A1F58F2BD4C09877AEF39681523D8,False,NO APPARENT INJURY,UNKNOWN,NOT DISTRACTED,PASSENGER,SLOWING OR STOPPING,West,SUPERFICIAL,25,False,False,3,8243785710568087,210025006,Montgomery County Police,Property Damage ,False,East,1,1,LEVEL,False,False,DRIVER,STRAIGHT MOVEMENT ANGLE,DRY,DARK LIGHTS ON,NO CONTROLS,RESIDENTIAL DRIVEWAY,T-INTERSECTION,STRAIGHT,NO DEFECTS,"TWO-WAY, DIVIDED, UNPROTECTED PAINTED MIN 4 FEET",39.08006833,-77.06227333,2242153826664605,3312096115993944,0,0,0,2021062922,7705486039088590,Toyota,2011,Camry,Midsize Cars,4.0,2.5,Automatic 6,FWD,Regular Gasoline,22,29,HEWITT AVE,County,BLUE SPRUCE LA,County,3312096115993944,20906,SILVER SPRING,133207.174949,359110751.771,39.08859082555049,-77.05486091907257,27.4825,70.68555,0.0,0.0,0.0,11.631956,201.80147,210629227054890885,2021-06-29 22:00:00,22,PM,180,1,Tuesday,0,6,June,2021,0,Unknown
MCP3181001Y,3351634D55AF4ACB98A2786C6FB4C723,False,NO APPARENT INJURY,UNKNOWN,NOT DISTRACTED,PASSENGER,MOVING CONSTANT SPEED,East,DISABLING,25,False,False,3,3097115212987824,210025006,Montgomery County Police,Property Damage ,False,East,1,1,LEVEL,False,False,DRIVER,STRAIGHT MOVEMENT ANGLE,DRY,DARK LIGHTS ON,NO CONTROLS,RESIDENTIAL DRIVEWAY,T-INTERSECTION,STRAIGHT,NO DEFECTS,"TWO-WAY, DIVIDED, UNPROTECTED PAINTED MIN 4 FEET",39.08006833,-77.06227333,2242153826664605,3312096115993944,0,0,0,2021062922,7705486039088590,Honda,2005,Accord,Midsize Cars,6.0,3.0,Automatic 5,FWD,Regular Gasoline,18,31,HEWITT AVE,County,BLUE SPRUCE LA,County,3312096115993944,20906,SILVER SPRING,133207.174949,359110751.771,39.08859082555049,-77.05486091907257,27.4825,70.68555,0.0,0.0,0.0,11.631956,201.80147,210629227054890885,2021-06-29 22:00:00,22,PM,180,1,Tuesday,0,6,June,2021,0,Unknown
HA23880010,4608D20DF2F443998E67FAF0F405E001,False,POSSIBLE INJURY,NONE,NOT DISTRACTED,EMERGENCY,STOPPED IN TRAFFIC LANE,West,SUPERFICIAL,25,False,False,2,3777471212635933,21001211,Maryland-National Capital,Injury ,False,West,0,1,HILL UPHILL,False,False,DRIVER,SAME DIR REAR END,DRY,DAYLIGHT,UNKNOWN,UNKNOWN,UNKNOWN,STRAIGHT,NO DEFECTS,ONE-WAY TRAFFICWAY,39.09983767,-77.04193633,5110875374763793,2143914507962764,0,0,0,2021063007,7705486039088590,Ford,2017,Explorer,Standard Sport Utility Vehicle 4WD,6.0,3.5,Automatic 6,AWD,Regular Gasoline,16,23,INTERCOUNTY CONNECTOR,Maryland (State),EXIT #10,UNKNOWN,2143914507962764,20906,SILVER SPRING,133207.174949,359110751.771,39.08859082555049,-77.05486091907257,23.5325,71.731186,0.0,0.0,0.0,10.00256,239.74365,210630077054890885,2021-06-30 07:00:00,7,AM,181,2,Wednesday,0,6,June,2021,0,Unknown
HA23880010,9AF4A36BB2124F5292DB5C1341EA89CB,True,NO APPARENT INJURY,NONE,INATTENTIVE OR LOST IN THOUGHT,PASSENGER,SLOWING OR STOPPING,West,DISABLING,25,False,False,2,4131347968773349,21001211,Maryland-National Capital,Injury ,False,West,0,1,HILL UPHILL,False,False,DRIVER,SAME DIR REAR END,DRY,DAYLIGHT,UNKNOWN,UNKNOWN,UNKNOWN,STRAIGHT,NO DEFECTS,ONE-WAY TRAFFICWAY,39.09983767,-77.04193633,5110875374763793,2143914507962764,0,0,0,2021063007,7705486039088590,Honda,1999,Civic,Subcompact Cars,4.0,1.6,Manual 5,FWD,Regular Gasoline,24,31,INTERCOUNTY CONNECTOR,Maryland (State),EXIT #10,UNKNOWN,2143914507962764,20906,SILVER SPRING,133207.174949,359110751.771,39.08859082555049,-77.05486091907257,23.5325,71.731186,0.0,0.0,0.0,10.00256,239.74365,210630077054890885,2021-06-30 07:00:00,7,AM,181,2,Wednesday,0,6,June,2021,0,Unknown
MCP3149002G,ADC99889864E44A09018724F31CBF8CC,False,NO APPARENT INJURY,NONE,NOT DISTRACTED,PASSENGER,MOVING CONSTANT SPEED,North,SUPERFICIAL,40,False,False,2,7004010121091503,210025066,Montgomery County Police,Property Damage ,True,North,2,3,LEVEL,False,False,DRIVER,SAME DIRECTION RIGHT TURN,DRY,DAYLIGHT,UNKNOWN,UNKNOWN,UNKNOWN,STRAIGHT,NO DEFECTS,"TWO-WAY, DIVIDED, POSITIVE MEDIAN BARRIER",39.023225,-76.97801167,8901981419077344,2567472143707400,0,0,0,2021063011,7698354239018293,Honda,2013,Civic,Compact Cars,4.0,1.8,Automatic 5,FWD,Regular Gasoline,28,31,NEW HAMPSHIRE AVE,Maryland (State),POWDER MILL RD,County,2567472143707400,20903,SILVER SPRING,50204.7192451,65972447.4483,39.01829365940637,-76.9835422251861,31.984499,48.8319,0.0,0.0,0.0,9.028754,293.49857,210630116983590182,2021-06-30 11:00:00,11,AM,181,2,Wednesday,0,6,June,2021,0,Unknown
MCP3149002G,2F3B82ECE05C4A1CB84AF025B6543B29,True,NO APPARENT INJURY,UNKNOWN,UNKNOWN,PASSENGER,CHANGING LANES,North,UNKNOWN,40,False,False,2,8396576313951695,210025066,Montgomery County Police,Property Damage ,True,North,2,3,LEVEL,False,False,DRIVER,SAME DIRECTION RIGHT TURN,DRY,DAYLIGHT,UNKNOWN,UNKNOWN,UNKNOWN,STRAIGHT,NO DEFECTS,"TWO-WAY, DIVIDED, POSITIVE MEDIAN BARRIER",39.023225,-76.97801167,8901981419077344,2567472143707400,0,0,0,2021063011,7698354239018293,Subaru,2006,Tribeca,Sport Utility Vehicle - 4WD,6.0,3.0,Automatic 5,AWD,Premium Gasoline,16,21,NEW HAMPSHIRE AVE,Maryland (State),POWDER MILL RD,County,2567472143707400,20903,SILVER SPRING,50204.7192451,65972447.4483,39.01829365940637,-76.9835422251861,31.984499,48.8319,0.0,0.0,0.0,9.028754,293.49857,210630116983590182,2021-06-30 11:00:00,11,AM,181,2,Wednesday,0,6,June,2021,0,Unknown
MCP30040040,F84E3189AD4347F38B1A48EEF5322ED7,True,NO APPARENT INJURY,NONE,UNKNOWN,PASSENGER,OTHER,East,FUNCTIONAL,25,False,False,2,5446951408919166,210025120,Montgomery County Police,Property Damage ,True,East,1,1,LEVEL,False,False,DRIVER,SAME DIR REAR END,DRY,DAYLIGHT,NO CONTROLS,INTERSECTION,OTHER,STRAIGHT,NO DEFECTS,OTHER,38.98898757,-77.07033465,1843854033118073,4570729910170239,0,0,0,2021063016,7707842038983818,Chevrolet,2003,Suburban,Sport Utility Vehicle - 4WD,8.0,5.3,Automatic 4,AWD,Regular Gasoline,12,17,BROOKVILLE RD,Maryland (State),EAST WEST HWY,Maryland (State),4570729910170239,20815,CHEVY CHASE,78258.2702851,151813895.483,38.98381860627773,-77.07842006190148,35.3245,38.04142,0.0,0.0,0.0,10.883676,214.21576,210630167078489838,2021-06-30 16:00:00,16,PM,181,2,Wednesday,0,6,June,2021,0,Unknown
MCP30040040,AC95A9E733EF41DCAA05EB5680D3EF19,False,NO APPARENT INJURY,NONE,NOT DISTRACTED,PASSENGER,OTHER,East,FUNCTIONAL,25,False,False,2,8525273605882964,210025120,Montgomery County Police,Property Damage ,True,East,1,1,LEVEL,False,False,DRIVER,SAME DIR REAR END,DRY,DAYLIGHT,NO CONTROLS,INTERSECTION,OTHER,STRAIGHT,NO DEFECTS,OTHER,38.98898757,-77.07033465,1843854033118073,4570729910170239,0,0,0,2021063016,7707842038983818,Toyota,2003,Camry,Midsize Cars,4.0,2.4,Automatic 4,FWD,Regular Gasoline,21,26,BROOKVILLE RD,Maryland (State),EAST WEST HWY,Maryland (State),4570729910170239,20815,CHEVY CHASE,78258.2702851,151813895.483,38.98381860627773,-77.07842006190148,35.3245,38.04142,0.0,0.0,0.0,10.883676,214.21576,210630167078489838,2021-06-30 16:00:00,16,PM,181,2,Wednesday,0,6,June,2021,0,Unknown