ReportNumber,VehicleCrashKey,DriverAtFault,DriverInjurySeverity,DriverSubstanceAbuse,DriverDistractedBy,VehicleType,VehicleMovement,VehicleGoingDir,VehicleDamageExtent,SpeedLimit,ParkedVehicle,SubstanceAbuseContributed,VehiclesCrashedTotal,VehicleKey,LocalCaseNumber,AgencyName,ACRSReportType,HitRun,LaneDirection,LaneNumber,NumberOfLanes,RoadGrade,NonTraffic,OffRoadIncident,AccidentAtFault,CollisionType,SurfaceCondition,Light,TrafficControl,Junction,IntersectionType,RoadAlignment,RoadCondition,RoadDivision,Latitude,Longitude,RoadKey_x,CrossStreetKey,NonMotoristTotal,NonMotoristInjury,NonMotoristFatal,DateHourKey,LocationAreaKey,Make,Year_x,BaseModel,BodyClass,Cylinders,Displacement,Transmission,Drivetrain,FuelType,CityMPG,HighwayMPG,RoadName_x,RouteType_x,RoadName_y,RouteType_y,RoadKey_y,Zipcode,MailCity,ShapeLength,ShapeArea,CentroidLatitude,CentroidLongitude,Temperature,Humidity,Precipitation,Rain,Snow,WindSpeed,WindDirection,WeatherKey,Datetime,Hour,TimeOfDay,DayNumber,WeekDayNumber,WeekDayName,WeekendFlag,MonthNumber,MonthName,Year_y,HolidayFlag,HolidayName
MCP263900CG,D69E9B88394B4B0F96D4D4CA3AD0C49F,True,NO APPARENT INJURY,NONE,NOT DISTRACTED,PASSENGER,MOVING CONSTANT SPEED,West,DISABLING,35,False,False,1,7285497949295904,210025360,Montgomery County Police,Property Damage ,False,West,1,3,GRADE DOWNHILL,False,False,DRIVER,SINGLE VEHICLE,WET,DARK LIGHTS ON,NO CONTROLS,NON INTERSECTION,UNKNOWN,CURVE RIGHT,NO DEFECTS,"TWO-WAY, DIVIDED, POSITIVE MEDIAN BARRIER",39.053455,-77.089635,8073720238398338,8886326516954162,0,0,0,2021070205,7705486039088590,Honda,2009,Civic,Subcompact Cars,4.0,1.8,Automatic 5,FWD,Regular Gasoline,21,36,RANDOLPH RD,County,DEWEY RD,County,8886326516954162,20906,SILVER SPRING,133207.174949,359110751.771,39.08859082555049,-77.05486091907257,20.582499,98.165825,0.0,0.0,0.0,8.654986,286.92758,210702057054890885,2021-07-02 05:00:00,5,AM,183,4,Friday,0,7,July,2021,0,Unknown
MCP31220049,50900E2F59E746AE937B3729375BC3EF,False,NO APPARENT INJURY,NONE,NOT DISTRACTED,PASSENGER,MAKING LEFT TURN,South,FUNCTIONAL,25,False,False,2,8922103940375658,210025363,Montgomery County Police,Injury ,False,West,3,3,LEVEL,False,False,DRIVER,STRAIGHT MOVEMENT ANGLE,WET,DAYLIGHT,TRAFFIC SIGNAL,INTERSECTION,FOUR-WAY INTERSECTION,STRAIGHT,NO DEFECTS,"TWO-WAY, DIVIDED, POSITIVE MEDIAN BARRIER",39.06604333,-77.03491333,8073720238398338,397304403929635,0,0,0,2021070206,7705486039088590,Dodge,2019,Durango,Standard Sport Utility Vehicle 4WD,8.0,3.6,Automatic 8,AWD,Midgrade Gasoline,14,22,RANDOLPH RD,County,TIVOLI LAKE BLVD,County,397304403929635,20906,SILVER SPRING,133207.174949,359110751.771,39.08859082555049,-77.05486091907257,20.1325,100.0,0.1,0.1,0.0,7.968939,288.43503,210702067054890885,2021-07-02 06:00:00,6,AM,183,4,Friday,0,7,July,2021,0,Unknown
MCP31220049,ACB3AE6FD9C64EF78CC7C15215A8A07E,True,NO APPARENT INJURY,NONE,INATTENTIVE OR LOST IN THOUGHT,PASSENGER,MOVING CONSTANT SPEED,West,DISABLING,40,False,False,2,3625279985336615,210025363,Montgomery County Police,Injury ,False,West,3,3,LEVEL,False,False,DRIVER,STRAIGHT MOVEMENT ANGLE,WET,DAYLIGHT,TRAFFIC SIGNAL,INTERSECTION,FOUR-WAY INTERSECTION,STRAIGHT,NO DEFECTS,"TWO-WAY, DIVIDED, POSITIVE MEDIAN BARRIER",39.06604333,-77.03491333,8073720238398338,397304403929635,0,0,0,2021070206,7705486039088590,Ford,2011,Escape,Sport Utility Vehicle - 2WD,4.0,2.5,Automatic 6,FWD,Regular Gasoline,18,27,RANDOLPH RD,County,TIVOLI LAKE BLVD,County,397304403929635,20906,SILVER SPRING,133207.174949,359110751.771,39.08859082555049,-77.05486091907257,20.1325,100.0,0.1,0.1,0.0,7.968939,288.43503,210702067054890885,2021-07-02 06:00:00,6,AM,183,4,Friday,0,7,July,2021,0,Unknown
MCP263900CH,E0F34E1F778048C58DE3FCEEF1F9BA56,True,NO APPARENT INJURY,NONE,NOT DISTRACTED,PASSENGER,MOVING CONSTANT SPEED,West,DISABLING,35,False,False,1,1032943015775874,210025374,Montgomery County Police,Property Damage ,False,West,3,3,GRADE DOWNHILL,False,False,DRIVER,SINGLE VEHICLE,WET,DAYLIGHT,NO CONTROLS,NON INTERSECTION,UNKNOWN,CURVE RIGHT,NO DEFECTS,"TWO-WAY, DIVIDED, POSITIVE MEDIAN BARRIER",39.053435,-77.088805,8073720238398338,8886326516954162,0,0,0,2021070208,7705486039088590,Toyota,2010,Corolla,Compact Cars,4.0,1.8,Manual 5,FWD,Regular Gasoline,22,30,RANDOLPH RD,County,DEWEY RD,County,8886326516954162,20906,SILVER SPRING,133207.174949,359110751.771,39.08859082555049,-77.05486091907257,19.7325,96.03822,0.6,0.6,0.0,4.0249224,280.30478,210702087054890885,2021-07-02 08:00:00,8,AM,183,4,Friday,0,7,July,2021,0,Unknown
MCP2496002Y,48D6EA4C5F49406CA14FED87E0704726,True,NO APPARENT INJURY,UNKNOWN,NOT DISTRACTED,PASSENGER,BACKING,West,SUPERFICIAL,15,False,False,1,4595510051903263,210025398,Montgomery County Police,Property Damage ,True,UNKNOWN,0,0,UNKNOWN,True,True,DRIVER,OTHER,UNKNOWN,DAYLIGHT,NO CONTROLS,UNKNOWN,UNKNOWN,UNKNOWN,UNKNOWN,UNKNOWN,39.00789663,-77.04019055,7781945108562677,7781945108562677,0,0,0,2021070212,7703596439001907,Honda,0,Unknown,Unknown,0.0,0.0,Unknown,Unknown,Unknown,0,0,UNKNOWN,UNKNOWN,UNKNOWN,UNKNOWN,7781945108562677,20910,SILVER SPRING,82846.1568889,126320091.137,39.00190768010143,-77.03596497235911,22.3465,87.10847,0.1,0.1,0.0,10.464797,310.81497,210702127035990019,2021-07-02 12:00:00,12,PM,183,4,Friday,0,7,July,2021,0,Unknown
MCP3130003K,468130DB4D5946DC880310D093D39D34,False,NO APPARENT INJURY,NONE,NOT DISTRACTED,BUS,STARTING FROM LANE,East,SUPERFICIAL,45,False,False,2,1836878414157334,210025409,Montgomery County Police,Property Damage ,False,North,3,3,LEVEL,False,False,DRIVER,ANGLE MEETS RIGHT TURN,DRY,DAYLIGHT,TRAFFIC SIGNAL,UNKNOWN,UNKNOWN,STRAIGHT,NO DEFECTS,"TWO-WAY, NOT DIVIDED",39.083815,-77.077255,2128650102927787,8554262040045692,0,0,0,2021070213,7705486039088590,Peterbilt,0,Unknown,Unknown,0.0,0.0,Unknown,Unknown,Unknown,0,0,CONNECTICUT AVE,County,GEORGIA AVE,Maryland (State),8554262040045692,20906,SILVER SPRING,133207.174949,359110751.771,39.08859082555049,-77.05486091907257,24.0325,78.35879,0.1,0.1,0.0,10.296251,306.46933,210702137054890885,2021-07-02 13:00:00,13,PM,183,4,Friday,0,7,July,2021,0,Unknown
MCP3130003K,B6421F6F565F4339A96DEF10AAD85962,True,NO APPARENT INJURY,NONE,NOT DISTRACTED,PASSENGER,MAKING RIGHT TURN,North,SUPERFICIAL,45,False,False,2,869295622334414,210025409,Montgomery County Police,Property Damage ,False,North,3,3,LEVEL,False,False,DRIVER,ANGLE MEETS RIGHT TURN,DRY,DAYLIGHT,TRAFFIC SIGNAL,UNKNOWN,UNKNOWN,STRAIGHT,NO DEFECTS,"TWO-WAY, NOT DIVIDED",39.083815,-77.077255,2128650102927787,8554262040045692,0,0,0,2021070213,7705486039088590,Dodge,0,Unknown,Unknown,0.0,0.0,Unknown,Unknown,Unknown,0,0,CONNECTICUT AVE,County,GEORGIA AVE,Maryland (State),8554262040045692,20906,SILVER SPRING,133207.174949,359110751.771,39.08859082555049,-77.05486091907257,24.0325,78.35879,0.1,0.1,0.0,10.296251,306.46933,210702137054890885,2021-07-02 13:00:00,13,PM,183,4,Friday,0,7,July,2021,0,Unknown
MCP27520046,F276D5A4D7B6457B9062CEC2A4023BDD,False,NO APPARENT INJURY,UNKNOWN,NOT DISTRACTED,PASSENGER,SLOWING OR STOPPING,North,FUNCTIONAL,35,False,False,3,9886165119812037,210025433,Montgomery County Police,Property Damage ,False,North,3,3,LEVEL,False,False,DRIVER,OTHER,DRY,DAYLIGHT,NO CONTROLS,INTERSECTION RELATED,FOUR-WAY INTERSECTION,STRAIGHT,NO DEFECTS,ONE-WAY TRAFFICWAY,38.98895,-77.07713667,1627793738140795,8175980742959294,0,0,0,2021070215,7707842038983818,Toyota,2013,Tundra,Standard Pickup Trucks 2WD,8.0,5.7,Automatic 6,4WD,Regular Gasoline,13,18,CONNECTICUT AVE,Maryland (State),CLUB DR,County,8175980742959294,20815,CHEVY CHASE,78258.2702851,151813895.483,38.98381860627773,-77.07842006190148,25.374498,55.14821,0.2,0.2,0.0,13.684735,305.36255,210702157078489838,2021-07-02 15:00:00,15,PM,183,4,Friday,0,7,July,2021,0,Unknown
MCP27520046,DD7645074B6F43E5A6096133525B7564,False,NO APPARENT INJURY,UNKNOWN,NOT DISTRACTED,PASSENGER,MOVING CONSTANT SPEED,North,SUPERFICIAL,35,False,False,3,8243785744123325,210025433,Montgomery County Police,Property Damage ,False,North,3,3,LEVEL,False,False,DRIVER,OTHER,DRY,DAYLIGHT,NO CONTROLS,INTERSECTION RELATED,FOUR-WAY INTERSECTION,STRAIGHT,NO DEFECTS,ONE-WAY TRAFFICWAY,38.98895,-77.07713667,1627793738140795,8175980742959294,0,0,0,2021070215,7707842038983818,Toyota,2013,Camry,Midsize Cars,4.0,2.5,Automatic 6,FWD,Regular Gasoline,21,30,CONNECTICUT AVE,Maryland (State),CLUB DR,County,8175980742959294,20815,CHEVY CHASE,78258.2702851,151813895.483,38.98381860627773,-77.07842006190148,25.374498,55.14821,0.2,0.2,0.0,13.684735,305.36255,210702157078489838,2021-07-02 15:00:00,15,PM,183,4,Friday,0,7,July,2021,0,Unknown
MCP27520046,97348EC584834183BAB71F9D1E476EFD,True,NO APPARENT INJURY,NONE,LOOKED BUT DID NOT SEE,PASSENGER,MOVING CONSTANT SPEED,West,DISABLING,35,False,False,3,1588476190584809,210025433,Montgomery County Police,Property Damage ,False,North,3,3,LEVEL,False,False,DRIVER,OTHER,DRY,DAYLIGHT,NO CONTROLS,INTERSECTION RELATED,FOUR-WAY INTERSECTION,STRAIGHT,NO DEFECTS,ONE-WAY TRAFFICWAY,38.98895,-77.07713667,1627793738140795,8175980742959294,0,0,0,2021070215,7707842038983818,Tesla,2021,Model 3,Midsize Cars,0.0,0.0,Automatic 1,AWD,Electricity,118,107,CONNECTICUT AVE,Maryland (State),CLUB DR,County,8175980742959294,20815,CHEVY CHASE,78258.2702851,151813895.483,38.98381860627773,-77.07842006190148,25.374498,55.14821,0.2,0.2,0.0,13.684735,305.36255,210702157078489838,2021-07-02 15:00:00,15,PM,183,4,Friday,0,7,July,2021,0,Unknown
MCP3212002Q,6AB0D46603124115B5768471CE3037C4,False,NO APPARENT INJURY,NONE,LOOKED BUT DID NOT SEE,PASSENGER,MOVING CONSTANT SPEED,South,DISABLING,35,False,False,2,805691474398614,210025431,Montgomery County Police,Injury ,False,North,0,3,HILL UPHILL,False,False,DRIVER,STRAIGHT MOVEMENT ANGLE,DRY,DAYLIGHT,TRAFFIC SIGNAL,INTERSECTION,FOUR-WAY INTERSECTION,STRAIGHT,NO DEFECTS,"TWO-WAY, DIVIDED, POSITIVE MEDIAN BARRIER",38.994679,-77.03640517,118399697147806,4570729910170239,0,0,0,2021070215,7703596439001907,Kia,0,Unknown,Unknown,0.0,0.0,Unknown,Unknown,Unknown,0,0,16TH ST,Maryland (State),EAST WEST HWY,Maryland (State),4570729910170239,20910,SILVER SPRING,82846.1568889,126320091.137,39.00190768010143,-77.03596497235911,25.2965,55.128773,0.2,0.2,0.0,13.684735,305.36255,210702157035990019,2021-07-02 15:00:00,15,PM,183,4,Friday,0,7,July,2021,0,Unknown
MCP3212002Q,D15266E889924D1AB1CF31B0ED61B388,True,SUSPECTED MINOR INJURY,NONE,LOOKED BUT DID NOT SEE,PASSENGER,MAKING LEFT TURN,North,FUNCTIONAL,35,False,False,2,3097115246543062,210025431,Montgomery County Police,Injury ,False,North,0,3,HILL UPHILL,False,False,DRIVER,STRAIGHT MOVEMENT ANGLE,DRY,DAYLIGHT,TRAFFIC SIGNAL,INTERSECTION,FOUR-WAY INTERSECTION,STRAIGHT,NO DEFECTS,"TWO-WAY, DIVIDED, POSITIVE MEDIAN BARRIER",38.994679,-77.03640517,118399697147806,4570729910170239,0,0,0,2021070215,7703596439001907,Honda,2007,Accord,Midsize Cars,6.0,3.0,Automatic 5,FWD,Regular Gasoline,18,31,16TH ST,Maryland (State),EAST WEST HWY,Maryland (State),4570729910170239,20910,SILVER SPRING,82846.1568889,126320091.137,39.00190768010143,-77.03596497235911,25.2965,55.128773,0.2,0.2,0.0,13.684735,305.36255,210702157035990019,2021-07-02 15:00:00,15,PM,183,4,Friday,0,7,July,2021,0,Unknown
MCP28710076,3AF72542E6174C87A185F42130B30B0C,True,NO APPARENT INJURY,NONE,LOOKED BUT DID NOT SEE,PASSENGER,ENTERING TRAFFIC LANE,North,FUNCTIONAL,35,False,False,2,7871367536682665,210025465,Montgomery County Police,Injury ,False,North,1,1,LEVEL,False,False,DRIVER,SAME DIRECTION SIDESWIPE,DRY,DAYLIGHT,NO CONTROLS,NON INTERSECTION,UNKNOWN,CURVE LEFT,NO DEFECTS,"TWO-WAY, DIVIDED, UNPROTECTED PAINTED MIN 4 FEET",38.99407167,-77.06423833,6531045230451124,5435571908130387,0,0,0,2021070217,7707842038983818,Toyota,2012,RAV4,Sport Utility Vehicle - 2WD,4.0,2.5,Automatic 4,FWD,Regular Gasoline,19,26,JONES MILL RD,County,TWIN FORKS LA,County,5435571908130387,20815,CHEVY CHASE,78258.2702851,151813895.483,38.98381860627773,-77.07842006190148,26.0745,39.60089,0.0,0.0,0.0,15.94601,298.30066,210702177078489838,2021-07-02 17:00:00,17,PM,183,4,Friday,0,7,July,2021,0,Unknown
MCP28710076,6A34974B4ECF430D8DDB25944FF47BFC,False,POSSIBLE INJURY,NONE,NOT DISTRACTED,PASSENGER,MOVING CONSTANT SPEED,North,FUNCTIONAL,35,False,False,2,4747793297588995,210025465,Montgomery County Police,Injury ,False,North,1,1,LEVEL,False,False,DRIVER,SAME DIRECTION SIDESWIPE,DRY,DAYLIGHT,NO CONTROLS,NON INTERSECTION,UNKNOWN,CURVE LEFT,NO DEFECTS,"TWO-WAY, DIVIDED, UNPROTECTED PAINTED MIN 4 FEET",38.99407167,-77.06423833,6531045230451124,5435571908130387,0,0,0,2021070217,7707842038983818,Ford,2019,Mustang,Subcompact Cars,4.0,2.3,Manual 6,RWD,Regular Gasoline,20,24,JONES MILL RD,County,TWIN FORKS LA,County,5435571908130387,20815,CHEVY CHASE,78258.2702851,151813895.483,38.98381860627773,-77.07842006190148,26.0745,39.60089,0.0,0.0,0.0,15.94601,298.30066,210702177078489838,2021-07-02 17:00:00,17,PM,183,4,Friday,0,7,July,2021,0,Unknown
MCP27520047,CB71F901DB1247B8A1DDBCEC87FAB807,True,NO APPARENT INJURY,NONE,NOT DISTRACTED,PASSENGER,OTHER,UNKNOWN,FUNCTIONAL,35,False,False,1,9043350608591562,210025481,Montgomery County Police,Property Damage ,False,UNKNOWN,0,0,UNKNOWN,True,True,DRIVER,SINGLE VEHICLE,UNKNOWN,DAWN,UNKNOWN,UNKNOWN,UNKNOWN,UNKNOWN,UNKNOWN,UNKNOWN,38.99661,-77.04155333,7781945108562677,7781945108562677,0,0,0,2021070221,7703596439001907,Acura,2014,TL,Midsize Cars,6.0,3.7,Automatic 6,AWD,Premium Gasoline,18,24,UNKNOWN,UNKNOWN,UNKNOWN,UNKNOWN,7781945108562677,20910,SILVER SPRING,82846.1568889,126320091.137,39.00190768010143,-77.03596497235911,20.6465,57.828766,0.0,0.0,0.0,11.165805,290.77234,210702217035990019,2021-07-02 21:00:00,21,PM,183,4,Friday,0,7,July,2021,0,Unknown
MCP2675002Z,2B9DA98C18E448A38C21A19CA8574EFB,True,SUSPECTED MINOR INJURY,ALCOHOL,UNKNOWN,PASSENGER,ACCELERATING,North,DESTROYED,25,False,True,1,1448094167996283,210025499,Montgomery County Police,Injury ,False,North,1,1,HILL UPHILL,False,False,DRIVER,SAME DIRECTION SIDESWIPE,DRY,DARK LIGHTS ON,NO CONTROLS,NON INTERSECTION,UNKNOWN,STRAIGHT,NO DEFECTS,"TWO-WAY, DIVIDED, UNPROTECTED PAINTED MIN 4 FEET",39.05881333,-77.08190667,2048197494937367,6147760481647362,0,0,0,2021070301,7705486039088590,GMC,2008,Acadia,Sport Utility Vehicle - 2WD,6.0,3.6,Automatic 6,AWD,Regular Gasoline,16,22,BARBARA RD,County,LITTLETON ST,County,6147760481647362,20906,SILVER SPRING,133207.174949,359110751.771,39.08859082555049,-77.05486091907257,17.582499,66.55467,0.0,0.0,0.0,13.049689,294.44394,210703017054890885,2021-07-03 01:00:00,1,AM,184,5,Saturday,1,7,July,2021,0,Unknown
MCP32760015,C486C41898A947DFA34581BEC98D263C,True,NO APPARENT INJURY,ALCOHOL,LOOKED BUT DID NOT SEE,PASSENGER,ACCELERATING,South,SUPERFICIAL,15,False,True,1,9992477215725817,210024717,Montgomery County Police,Property Damage ,False,North,1,1,GRADE DOWNHILL,False,False,DRIVER,HEAD ON,DRY,DARK LIGHTS ON,NO CONTROLS,ALLEY,UNKNOWN,STRAIGHT,NO DEFECTS,"TWO-WAY, NOT DIVIDED",38.99996452,-77.0254659,7228418003688286,2838165004721940,0,0,0,2021070305,7703596439001907,Dodge,2018,Charger,Large Cars,6.0,3.6,Automatic 8,RWD,Regular Gasoline,15,25,COLESVILLE RD,US (State),COLESVILLE RD,Maryland (State),2838165004721940,20910,SILVER SPRING,82846.1568889,126320091.137,39.00190768010143,-77.03596497235911,16.0465,78.69952,0.0,0.0,0.0,12.313894,322.12497,210703057035990019,2021-07-03 05:00:00,5,AM,184,5,Saturday,1,7,July,2021,0,Unknown
DM83760010,0CEC396A47314EF18DD9BB67E7D3D0CC,True,NO APPARENT INJURY,UNKNOWN,NOT DISTRACTED,EMERGENCY,BACKING,UNKNOWN,SUPERFICIAL,5,False,False,1,3777471195858314,210025521,Takoma Park Police Depart,Property Damage ,False,UNKNOWN,0,0,UNKNOWN,True,True,DRIVER,SINGLE VEHICLE,UNKNOWN,DAYLIGHT,UNKNOWN,UNKNOWN,UNKNOWN,UNKNOWN,UNKNOWN,UNKNOWN,38.98852849,-76.98806962,7781945108562677,7781945108562677,0,0,0,2021070308,7700204038982546,Ford,2016,Explorer,Standard Sport Utility Vehicle 4WD,6.0,3.5,Automatic 6,AWD,Regular Gasoline,16,23,UNKNOWN,UNKNOWN,UNKNOWN,UNKNOWN,7781945108562677,20912,TAKOMA PARK,51232.0653417,65209197.2692,38.98254687160147,-77.00204079343348,17.898,76.946785,0.0,0.0,0.0,10.296251,323.53067,210703087002089825,2021-07-03 08:00:00,8,AM,184,5,Saturday,1,7,July,2021,0,Unknown
MCP2192003Y,D23CDEF2A47845AAB0A95036FC797690,True,NO APPARENT INJURY,NONE,UNKNOWN,PASSENGER,RIGHT TURN ON RED,West,NO DAMAGE,30,False,False,1,169882034046610,210025523,Montgomery County Police,Injury ,False,East,2,2,LEVEL,False,False,DRIVER,OTHER,DRY,DAYLIGHT,TRAFFIC SIGNAL,INTERSECTION,FOUR-WAY INTERSECTION,STRAIGHT,NO DEFECTS,"TWO-WAY, NOT DIVIDED",39.09567667,-77.044915,8903437844932022,1498137660831595,1,1,0,2021070308,7705486039088590,Hyundai,2018,Sonata,Large Cars,4.0,2.0,Automatic 6,FWD,Regular Gasoline,25,32,LONGMEAD CROSSING DR,County,LAYHILL RD,Maryland (State),1498137660831595,20906,SILVER SPRING,133207.174949,359110751.771,39.08859082555049,-77.05486091907257,17.5325,78.40488,0.0,0.0,0.0,8.39657,329.03632,210703087054890885,2021-07-03 08:00:00,8,AM,184,5,Saturday,1,7,July,2021,0,Unknown
MCP2588008L,FAEBBFFE060947D681EBA46978B99996,False,NO APPARENT INJURY,NONE,NOT DISTRACTED,PASSENGER,MOVING CONSTANT SPEED,South,DISABLING,45,False,False,3,1314430961423608,210025537,Montgomery County Police,Property Damage ,False,South,2,3,HILL UPHILL,False,False,UNKNOWN,SAME DIRECTION SIDESWIPE,DRY,DAYLIGHT,NO CONTROLS,INTERSECTION RELATED,T-INTERSECTION,STRAIGHT,NO DEFECTS,"TWO-WAY, DIVIDED, POSITIVE MEDIAN BARRIER",39.06891,-77.07565333,1627793738140795,1146338596453066,0,0,0,2021070310,7705486039088590,Toyota,2001,Corolla,Compact Cars,4.0,1.8,Automatic 3,FWD,Regular Gasoline,25,30,CONNECTICUT AVE,Maryland (State),KELSEY ST,County,1146338596453066,20906,SILVER SPRING,133207.174949,359110751.771,39.08859082555049,-77.05486091907257,20.432499,69.57722,0.1,0.1,0.0,10.009036,322.3057,210703107054890885,2021-07-03 10:00:00,10,AM,184,5,Saturday,1,7,July,2021,0,Unknown
MCP2588008L,4A8D58CD53794EF691106C55EEAB197E,False,NO APPARENT INJURY,NONE,NOT DISTRACTED,TRUCK,STOPPED IN TRAFFIC LANE,South,DISABLING,45,False,False,3,660615385035114,210025537,Montgomery County Police,Property Damage ,False,South,2,3,HILL UPHILL,False,False,UNKNOWN,SAME DIRECTION SIDESWIPE,DRY,DAYLIGHT,NO CONTROLS,INTERSECTION RELATED,T-INTERSECTION,STRAIGHT,NO DEFECTS,"TWO-WAY, DIVIDED, POSITIVE MEDIAN BARRIER",39.06891,-77.07565333,1627793738140795,1146338596453066,0,0,0,2021070310,7705486039088590,Ford,0,Unknown,Unknown,0.0,0.0,Unknown,Unknown,Unknown,0,0,CONNECTICUT AVE,Maryland (State),KELSEY ST,County,1146338596453066,20906,SILVER SPRING,133207.174949,359110751.771,39.08859082555049,-77.05486091907257,20.432499,69.57722,0.1,0.1,0.0,10.009036,322.3057,210703107054890885,2021-07-03 10:00:00,10,AM,184,5,Saturday,1,7,July,2021,0,Unknown
MCP2588008L,449BE4270D79442A8FDA7C5DCADBC6E5,False,NO APPARENT INJURY,NONE,UNKNOWN,TRUCK,MAKING RIGHT TURN,South,SUPERFICIAL,45,False,False,3,8319853355227658,210025537,Montgomery County Police,Property Damage ,False,South,2,3,HILL UPHILL,False,False,UNKNOWN,SAME DIRECTION SIDESWIPE,DRY,DAYLIGHT,NO CONTROLS,INTERSECTION RELATED,T-INTERSECTION,STRAIGHT,NO DEFECTS,"TWO-WAY, DIVIDED, POSITIVE MEDIAN BARRIER",39.06891,-77.07565333,1627793738140795,1146338596453066,0,0,0,2021070310,7705486039088590,Chevrolet,2006,Van 1500,"Vans, Cargo Type",8.0,5.3,Automatic 4,AWD,Regular Gasoline,13,17,CONNECTICUT AVE,Maryland (State),KELSEY ST,County,1146338596453066,20906,SILVER SPRING,133207.174949,359110751.771,39.08859082555049,-77.05486091907257,20.432499,69.57722,0.1,0.1,0.0,10.009036,322.3057,210703107054890885,2021-07-03 10:00:00,10,AM,184,5,Saturday,1,7,July,2021,0,Unknown
MCP3272000V,64E1C86C023443CA9AB13D9A1992FF3C,True,NO APPARENT INJURY,NONE,NOT DISTRACTED,UNKNOWN,SLOWING OR STOPPING,East,SUPERFICIAL,35,False,False,2,8168321465439775,210025211,Montgomery County Police,Property Damage ,True,East,3,3,LEVEL,False,False,DRIVER,SAME DIR REAR END,DRY,DAYLIGHT,TRAFFIC SIGNAL,INTERSECTION,FOUR-WAY INTERSECTION,STRAIGHT,NO DEFECTS,"TWO-WAY, DIVIDED, POSITIVE MEDIAN BARRIER",39.01559115,-76.97768343,4991976696759948,8901981419077344,0,0,0,2021070313,7698354239018293,Unknown,0,Unknown,Unknown,0.0,0.0,Unknown,Unknown,Unknown,0,0,OAKVIEW DR,County,NEW HAMPSHIRE AVE,Maryland (State),8901981419077344,20903,SILVER SPRING,50204.7192451,65972447.4483,39.01829365940637,-76.9835422251861,24.1845,56.646614,0.0,0.0,0.0,11.720751,312.5104,210703136983590182,2021-07-03 13:00:00,13,PM,184,5,Saturday,1,7,July,2021,0,Unknown
MCP3272000V,EB2904FD324E49A7A210E2184128C604,False,NO APPARENT INJURY,NONE,NOT DISTRACTED,PASSENGER,SLOWING OR STOPPING,East,SUPERFICIAL,35,False,False,2,7161709053412404,210025211,Montgomery County Police,Property Damage ,True,East,3,3,LEVEL,False,False,DRIVER,SAME DIR REAR END,DRY,DAYLIGHT,TRAFFIC SIGNAL,INTERSECTION,FOUR-WAY INTERSECTION,STRAIGHT,NO DEFECTS,"TWO-WAY, DIVIDED, POSITIVE MEDIAN BARRIER",39.01559115,-76.97768343,4991976696759948,8901981419077344,0,0,0,2021070313,7698354239018293,Lexus,2003,LS,Large Cars,8.0,4.3,Automatic 5,RWD,Premium Gasoline,17,23,OAKVIEW DR,County,NEW HAMPSHIRE AVE,Maryland (State),8901981419077344,20903,SILVER SPRING,50204.7192451,65972447.4483,39.01829365940637,-76.9835422251861,24.1845,56.646614,0.0,0.0,0.0,11.720751,312.5104,210703136983590182,2021-07-03 13:00:00,13,PM,184,5,Saturday,1,7,July,2021,0,Unknown
MCP2917007X,25BD1F3C87FF4842A5A59FCE59B6B570,True,NO APPARENT INJURY,NONE,NOT DISTRACTED,PASSENGER,MAKING LEFT TURN,North,DISABLING,40,False,False,2,1557048863571838,210025567,Montgomery County Police,Property Damage ,False,South,1,3,LEVEL,False,False,DRIVER,HEAD ON LEFT TURN,DRY,DAYLIGHT,NO CONTROLS,INTERSECTION,T-INTERSECTION,STRAIGHT,NO DEFECTS,"TWO-WAY, DIVIDED, POSITIVE MEDIAN BARRIER",39.06711333,-77.074935,1627793738140795,15643436862997,0,0,0,2021070314,7705486039088590,Kia,2012,Soul,Small Station Wagons,4.0,1.6,Automatic 6,FWD,Regular Gasoline,24,29,CONNECTICUT AVE,Maryland (State),ATHERTON DR,County,15643436862997,20906,SILVER SPRING,133207.174949,359110751.771,39.08859082555049,-77.05486091907257,24.7325,53.589695,0.0,0.0,0.0,13.004922,311.63345,210703147054890885,2021-07-03 14:00:00,14,PM,184,5,Saturday,1,7,July,2021,0,Unknown
MCP2917007X,FDCE8D8BB2FC407F897E24C1FFDB0C88,False,NO APPARENT INJURY,NONE,NOT DISTRACTED,PASSENGER,MOVING CONSTANT SPEED,South,DISABLING,40,False,False,2,4058961205153185,210025567,Montgomery County Police,Property Damage ,False,South,1,3,LEVEL,False,False,DRIVER,HEAD ON LEFT TURN,DRY,DAYLIGHT,NO CONTROLS,INTERSECTION,T-INTERSECTION,STRAIGHT,NO DEFECTS,"TWO-WAY, DIVIDED, POSITIVE MEDIAN BARRIER",39.06711333,-77.074935,1627793738140795,15643436862997,0,0,0,2021070314,7705486039088590,Ford,2000,Explorer,Sport Utility Vehicle - 2WD,6.0,4.0,Automatic 5,RWD,Regular Gasoline,14,19,CONNECTICUT AVE,Maryland (State),ATHERTON DR,County,15643436862997,20906,SILVER SPRING,133207.174949,359110751.771,39.08859082555049,-77.05486091907257,24.7325,53.589695,0.0,0.0,0.0,13.004922,311.63345,210703147054890885,2021-07-03 14:00:00,14,PM,184,5,Saturday,1,7,July,2021,0,Unknown