ReportNumber,VehicleCrashKey,DriverAtFault,DriverInjurySeverity,DriverSubstanceAbuse,DriverDistractedBy,VehicleType,VehicleMovement,VehicleGoingDir,VehicleDamageExtent,SpeedLimit,ParkedVehicle,SubstanceAbuseContributed,VehiclesCrashedTotal,VehicleKey,LocalCaseNumber,AgencyName,ACRSReportType,HitRun,LaneDirection,LaneNumber,NumberOfLanes,RoadGrade,NonTraffic,OffRoadIncident,AccidentAtFault,CollisionType,SurfaceCondition,Light,TrafficControl,Junction,IntersectionType,RoadAlignment,RoadCondition,RoadDivision,Latitude,Longitude,RoadKey_x,CrossStreetKey,NonMotoristTotal,NonMotoristInjury,NonMotoristFatal,DateHourKey,LocationAreaKey,Make,Year_x,BaseModel,BodyClass,Cylinders,Displacement,Transmission,Drivetrain,FuelType,CityMPG,HighwayMPG,RoadName_x,RouteType_x,RoadName_y,RouteType_y,RoadKey_y,Zipcode,MailCity,ShapeLength,ShapeArea,CentroidLatitude,CentroidLongitude,Temperature,Humidity,Precipitation,Rain,Snow,WindSpeed,WindDirection,WeatherKey,Datetime,Hour,TimeOfDay,DayNumber,WeekDayNumber,WeekDayName,WeekendFlag,MonthNumber,MonthName,Year_y,HolidayFlag,HolidayName
MCP3068003G,AA4F1544555F47B5A51C55869BE9B5A0,True,NO APPARENT INJURY,UNKNOWN,NOT DISTRACTED,PASSENGER,MOVING CONSTANT SPEED,South,DISABLING,30,False,False,1,169882034046610,210026452,Montgomery County Police,Property Damage ,False,South,1,2,LEVEL,False,False,DRIVER,SINGLE VEHICLE,WET,DAYLIGHT,UNKNOWN,NON INTERSECTION,UNKNOWN,CURVE LEFT,UNKNOWN,"TWO-WAY, NOT DIVIDED",38.95472333,-77.12851,8599911420118079,416041484875041,0,0,0,2021070917,7711806238956479,Hyundai,2018,Sonata,Large Cars,4.0,2.0,Automatic 6,FWD,Regular Gasoline,25,32,MACARTHUR BLVD,County,WALHONDING RD,County,416041484875041,20816,BETHESDA,58716.1248449,117565480.431,38.95647982277882,-77.11806249046538,24.7475,93.615036,0.3,0.3,0.0,7.5942073,174.55975,210709177118089564,2021-07-09 17:00:00,17,PM,190,4,Friday,0,7,July,2021,0,Unknown
MCP29410040,D60F6D1EBC6C43B4ABB9FF69294CA800,False,NO APPARENT INJURY,NONE,NOT DISTRACTED,PASSENGER,SLOWING OR STOPPING,North,SUPERFICIAL,35,False,False,2,8168321465439775,210026433,Montgomery County Police,Property Damage ,False,North,2,3,LEVEL,False,False,DRIVER,SAME DIR REAR END,WET,DAYLIGHT,NO CONTROLS,UNKNOWN,UNKNOWN,STRAIGHT,NO DEFECTS,"TWO-WAY, DIVIDED, POSITIVE MEDIAN BARRIER",38.9948023,-77.02688261,5660893524410086,8825017167010994,0,0,0,2021070917,7703596439001907,Unknown,0,Unknown,Unknown,0.0,0.0,Unknown,Unknown,Unknown,0,0,GEORGIA AVE,US (State),WAYNE AVE,County,8825017167010994,20910,SILVER SPRING,82846.1568889,126320091.137,39.00190768010143,-77.03596497235911,24.7965,90.01584,0.4,0.4,0.0,6.763786,205.2011,210709177035990019,2021-07-09 17:00:00,17,PM,190,4,Friday,0,7,July,2021,0,Unknown
MCP29410040,39863A48BB5348919644513726C1C8EB,True,NO APPARENT INJURY,NONE,NOT DISTRACTED,EMERGENCY,ACCELERATING,North,NO DAMAGE,35,False,False,2,5157334959109038,210026433,Montgomery County Police,Property Damage ,False,North,2,3,LEVEL,False,False,DRIVER,SAME DIR REAR END,WET,DAYLIGHT,NO CONTROLS,UNKNOWN,UNKNOWN,STRAIGHT,NO DEFECTS,"TWO-WAY, DIVIDED, POSITIVE MEDIAN BARRIER",38.9948023,-77.02688261,5660893524410086,8825017167010994,0,0,0,2021070917,7703596439001907,Ford,2017,Taurus,Large Cars,6.0,3.5,Automatic 6,AWD,Regular Gasoline,17,24,GEORGIA AVE,US (State),WAYNE AVE,County,8825017167010994,20910,SILVER SPRING,82846.1568889,126320091.137,39.00190768010143,-77.03596497235911,24.7965,90.01584,0.4,0.4,0.0,6.763786,205.2011,210709177035990019,2021-07-09 17:00:00,17,PM,190,4,Friday,0,7,July,2021,0,Unknown
MCP31480033,03BA9DCBF5A349AC8C4545318CDF03DD,True,NO APPARENT INJURY,NONE,LOOKED BUT DID NOT SEE,PASSENGER,BACKING,North,SUPERFICIAL,15,False,False,1,2815627300895328,210026466,Montgomery County Police,Property Damage ,True,UNKNOWN,0,0,UNKNOWN,True,True,DRIVER,OTHER,UNKNOWN,DAYLIGHT,UNKNOWN,UNKNOWN,UNKNOWN,UNKNOWN,UNKNOWN,UNKNOWN,38.96258167,-77.08830333,7781945108562677,7781945108562677,0,0,0,2021070918,7707842038983818,Honda,2012,Accord,Compact Cars,4.0,2.4,Automatic 5,FWD,Regular Gasoline,22,33,UNKNOWN,UNKNOWN,UNKNOWN,UNKNOWN,7781945108562677,20815,CHEVY CHASE,78258.2702851,151813895.483,38.98381860627773,-77.07842006190148,26.724499,80.67266,0.1,0.1,0.0,10.446206,178.02512,210709187078489838,2021-07-09 18:00:00,18,PM,190,4,Friday,0,7,July,2021,0,Unknown
MCP2708006Z,C137AFF9D4304CC0B58DEF3EF4587B50,True,NO APPARENT INJURY,ALCOHOL,UNKNOWN,PASSENGER,PARKING,UNKNOWN,SUPERFICIAL,5,False,True,1,3958625500045971,210026582,Montgomery County Police,Property Damage ,False,UNKNOWN,0,0,UNKNOWN,True,True,DRIVER,OTHER,UNKNOWN,DAYLIGHT,UNKNOWN,UNKNOWN,UNKNOWN,UNKNOWN,UNKNOWN,UNKNOWN,39.02069278,-76.97581544,7781945108562677,7781945108562677,0,0,0,2021071018,7698354239018293,GMC,2015,Terrain,Small Sport Utility Vehicle 2WD,4.0,2.4,Automatic 6,FWD,Regular Gasoline,22,31,UNKNOWN,UNKNOWN,UNKNOWN,UNKNOWN,7781945108562677,20903,SILVER SPRING,50204.7192451,65972447.4483,39.01829365940637,-76.9835422251861,28.0845,43.837234,0.0,0.0,0.0,5.506941,348.6901,210710186983590182,2021-07-10 18:00:00,18,PM,191,5,Saturday,1,7,July,2021,0,Unknown
MCP32220013,C7D2210203964D18BA389DE95F7F7BDA,True,NO APPARENT INJURY,NONE,INATTENTIVE OR LOST IN THOUGHT,PASSENGER,MOVING CONSTANT SPEED,North,DISABLING,35,False,False,1,7743341791132107,210026586,Montgomery County Police,Property Damage ,False,North,1,2,LEVEL,False,False,DRIVER,SINGLE VEHICLE,DRY,DAYLIGHT,NO CONTROLS,NON INTERSECTION,UNKNOWN,STRAIGHT,NO DEFECTS,"TWO-WAY, DIVIDED, POSITIVE MEDIAN BARRIER",39.01204717,-77.09823083,5925405510732472,774105699436509,0,0,0,2021071019,7710519939016894,GMC,2014,Sierra,Standard Pickup Trucks 2WD,8.0,4.3,Automatic 6,4WD,Regular Gasoline,16,22,ROCKVILLE PIKE,Maryland (State),ELSMERE AVE,County,774105699436509,20814,BETHESDA,58373.8630538,68540697.609,39.016894075883464,-77.10519990449882,27.734499,46.80285,0.0,0.0,0.0,4.3349743,85.23644,210710197105190168,2021-07-10 19:00:00,19,PM,191,5,Saturday,1,7,July,2021,0,Unknown
MCP2987006B,15C5DB8CB16D43098E935F75D99F971C,True,NO APPARENT INJURY,UNKNOWN,UNKNOWN,PASSENGER,MOVING CONSTANT SPEED,East,UNKNOWN,40,False,False,2,819104328621269,210026835,Montgomery County Police,Property Damage ,True,East,3,3,LEVEL,False,False,DRIVER,SAME DIR REND RIGHT TURN,DRY,DARK LIGHTS ON,TRAFFIC SIGNAL,INTERSECTION,FOUR-WAY INTERSECTION,STRAIGHT,NO DEFECTS,"TWO-WAY, DIVIDED, POSITIVE MEDIAN BARRIER",38.9945429,-77.02687798,5660893524410086,8825017167010994,0,0,0,2021071023,7703596439001907,Nissan,2011,Altima,Subcompact Cars,4.0,2.5,Automatic 6,FWD,Regular Gasoline,23,27,GEORGIA AVE,US (State),WAYNE AVE,County,8825017167010994,20910,SILVER SPRING,82846.1568889,126320091.137,39.00190768010143,-77.03596497235911,23.2465,71.90532,0.0,0.0,0.0,5.3517847,109.653915,210710237035990019,2021-07-10 23:00:00,23,PM,191,5,Saturday,1,7,July,2021,0,Unknown
MCP2987006B,A4660DB470564A2A8746598479FF1EED,False,NO APPARENT INJURY,NONE,NOT DISTRACTED,PASSENGER,MAKING RIGHT TURN,East,SUPERFICIAL,40,False,False,2,5345014231823395,210026835,Montgomery County Police,Property Damage ,True,East,3,3,LEVEL,False,False,DRIVER,SAME DIR REND RIGHT TURN,DRY,DARK LIGHTS ON,TRAFFIC SIGNAL,INTERSECTION,FOUR-WAY INTERSECTION,STRAIGHT,NO DEFECTS,"TWO-WAY, DIVIDED, POSITIVE MEDIAN BARRIER",38.9945429,-77.02687798,5660893524410086,8825017167010994,0,0,0,2021071023,7703596439001907,Chrysler,2015,200,Midsize Cars,6.0,3.6,Automatic 9,FWD,Regular Gasoline,18,28,GEORGIA AVE,US (State),WAYNE AVE,County,8825017167010994,20910,SILVER SPRING,82846.1568889,126320091.137,39.00190768010143,-77.03596497235911,23.2465,71.90532,0.0,0.0,0.0,5.3517847,109.653915,210710237035990019,2021-07-10 23:00:00,23,PM,191,5,Saturday,1,7,July,2021,0,Unknown
MCP3290000T,76790DC75F0F4E3AB57957C5C3E6EC81,True,NO APPARENT INJURY,ALCOHOL,NOT DISTRACTED,PASSENGER,MOVING CONSTANT SPEED,East,DISABLING,40,False,False,2,451902155008482,210026608,Montgomery County Police,Property Damage ,False,West,1,3,LEVEL,False,False,DRIVER,OTHER,DRY,DARK LIGHTS ON,TRAFFIC SIGNAL,INTERSECTION,FOUR-WAY INTERSECTION,STRAIGHT,NO DEFECTS,"TWO-WAY, DIVIDED, POSITIVE MEDIAN BARRIER",38.99961862,-76.99524331,5005946941929880,7883959838840872,0,0,0,2021071100,7698354239018293,Volvo,2006,S40,Compact Cars,5.0,2.5,Automatic 5,FWD,Premium Gasoline,19,27,UNIVERSITY BLVD E,Maryland (State),PINEY BRANCH RD,Maryland (State),7883959838840872,20903,SILVER SPRING,50204.7192451,65972447.4483,39.01829365940637,-76.9835422251861,21.9345,77.076805,0.0,0.0,0.0,5.692099,124.69522,210711006983590182,2021-07-11 00:00:00,0,AM,192,6,Sunday,1,7,July,2021,0,Unknown
MCP3290000T,789E5CF02B204001A555A09C3E4C66AA,False,NO APPARENT INJURY,UNKNOWN,UNKNOWN,PASSENGER,MAKING LEFT TURN,South,DISABLING,40,False,False,2,1875139562785746,210026608,Montgomery County Police,Property Damage ,False,West,1,3,LEVEL,False,False,DRIVER,OTHER,DRY,DARK LIGHTS ON,TRAFFIC SIGNAL,INTERSECTION,FOUR-WAY INTERSECTION,STRAIGHT,NO DEFECTS,"TWO-WAY, DIVIDED, POSITIVE MEDIAN BARRIER",38.99961862,-76.99524331,5005946941929880,7883959838840872,0,0,0,2021071100,7698354239018293,BMW,2004,X3,Sport Utility Vehicle - 4WD,6.0,2.5,Automatic 5,AWD,Premium Gasoline,15,22,UNIVERSITY BLVD E,Maryland (State),PINEY BRANCH RD,Maryland (State),7883959838840872,20903,SILVER SPRING,50204.7192451,65972447.4483,39.01829365940637,-76.9835422251861,21.9345,77.076805,0.0,0.0,0.0,5.692099,124.69522,210711006983590182,2021-07-11 00:00:00,0,AM,192,6,Sunday,1,7,July,2021,0,Unknown
MCP3130003P,9A63844CA1A040DAAB585826CCF43D5A,True,NO APPARENT INJURY,UNKNOWN,NOT DISTRACTED,PASSENGER,SLOWING OR STOPPING,South,FUNCTIONAL,30,False,False,1,7654138238105853,210026633,Montgomery County Police,Property Damage ,True,South,1,1,LEVEL,False,False,DRIVER,OPPOSITE DIRECTION SIDESWIPE,DRY,UNKNOWN,NO CONTROLS,OTHER,UNKNOWN,STRAIGHT,NO DEFECTS,"TWO-WAY, NOT DIVIDED",39.06329,-77.08096667,2048197494937367,1294400687567743,0,0,0,2021071110,7705486039088590,Chrysler,0,Unknown,Unknown,0.0,0.0,Unknown,Unknown,Unknown,0,0,BARBARA RD,County,HAVARD ST,County,1294400687567743,20906,SILVER SPRING,133207.174949,359110751.771,39.08859082555049,-77.05486091907257,24.1325,86.47374,0.3,0.3,0.0,10.1887,147.99466,210711107054890885,2021-07-11 10:00:00,10,AM,192,6,Sunday,1,7,July,2021,0,Unknown
MCP3178002T,812B60948D8D44BD84E9B7E24F04C8C2,True,NO APPARENT INJURY,UNKNOWN,LOOKED BUT DID NOT SEE,PASSENGER,BACKING,South,SUPERFICIAL,15,False,False,1,4747793532475661,210026647,Montgomery County Police,Property Damage ,True,UNKNOWN,0,0,UNKNOWN,True,True,DRIVER,OTHER,UNKNOWN,DAYLIGHT,NO CONTROLS,UNKNOWN,UNKNOWN,UNKNOWN,UNKNOWN,UNKNOWN,39.06372667,-77.04656167,7781945108562677,7781945108562677,0,0,0,2021071111,7705486039088590,Ford,2017,Mustang,Subcompact Cars,4.0,2.3,Manual 6,RWD,Regular Gasoline,21,23,UNKNOWN,UNKNOWN,UNKNOWN,UNKNOWN,7781945108562677,20906,SILVER SPRING,133207.174949,359110751.771,39.08859082555049,-77.05486091907257,25.9825,82.05795,0.0,0.0,0.0,9.826088,151.55717,210711117054890885,2021-07-11 11:00:00,11,AM,192,6,Sunday,1,7,July,2021,0,Unknown
MCP2651004J,FF17FC1B62D545E2827119C656875A3B,True,NO APPARENT INJURY,UNKNOWN,LOOKED BUT DID NOT SEE,PASSENGER,SLOWING OR STOPPING,East,FUNCTIONAL,30,False,False,2,1218504526217541,210026646,Montgomery County Police,Property Damage ,False,East,1,2,GRADE DOWNHILL,False,False,DRIVER,STRAIGHT MOVEMENT ANGLE,DRY,DAYLIGHT,UNKNOWN,UNKNOWN,UNKNOWN,STRAIGHT,NO DEFECTS,"TWO-WAY, DIVIDED, UNPROTECTED PAINTED MIN 4 FEET",39.015399,-76.9787735,4991976696759948,5811287078122136,0,0,0,2021071111,7698354239018293,Lincoln,2010,Town Car,Large Cars,8.0,4.6,Automatic 4,RWD,Regular Gasoline,16,24,OAKVIEW DR,County,NEW HAMPSHIRE AVE SER RD,County,5811287078122136,20903,SILVER SPRING,50204.7192451,65972447.4483,39.01829365940637,-76.9835422251861,26.5845,80.16763,0.0,0.0,0.0,9.693296,148.67137,210711116983590182,2021-07-11 11:00:00,11,AM,192,6,Sunday,1,7,July,2021,0,Unknown
MCP2651004J,2C5E51CA13864987B0DE3009A1E4E7A4,True,NO APPARENT INJURY,UNKNOWN,LOOKED BUT DID NOT SEE,PASSENGER,BACKING,North,SUPERFICIAL,30,False,False,2,5176012641192475,210026646,Montgomery County Police,Property Damage ,False,East,1,2,GRADE DOWNHILL,False,False,DRIVER,STRAIGHT MOVEMENT ANGLE,DRY,DAYLIGHT,UNKNOWN,UNKNOWN,UNKNOWN,STRAIGHT,NO DEFECTS,"TWO-WAY, DIVIDED, UNPROTECTED PAINTED MIN 4 FEET",39.015399,-76.9787735,4991976696759948,5811287078122136,0,0,0,2021071111,7698354239018293,Fiat,0,Unknown,Unknown,0.0,0.0,Unknown,Unknown,Unknown,0,0,OAKVIEW DR,County,NEW HAMPSHIRE AVE SER RD,County,5811287078122136,20903,SILVER SPRING,50204.7192451,65972447.4483,39.01829365940637,-76.9835422251861,26.5845,80.16763,0.0,0.0,0.0,9.693296,148.67137,210711116983590182,2021-07-11 11:00:00,11,AM,192,6,Sunday,1,7,July,2021,0,Unknown
DM8423002P,1CF7947E612B4244B8DE95BCB608A830,True,NO APPARENT INJURY,UNKNOWN,UNKNOWN,PASSENGER,UNKNOWN,UNKNOWN,UNKNOWN,15,False,False,1,169881429776690,210026677,Takoma Park Police Depart,Property Damage ,True,UNKNOWN,0,0,UNKNOWN,True,True,DRIVER,UNKNOWN,UNKNOWN,DAYLIGHT,UNKNOWN,UNKNOWN,UNKNOWN,UNKNOWN,UNKNOWN,UNKNOWN,38.98960167,-76.98948,7781945108562677,7781945108562677,0,0,0,2021071115,7700204038982546,Chevrolet,2021,Traverse,Standard Sport Utility Vehicle 2WD,6.0,3.6,Automatic 9,AWD,Regular Gasoline,17,25,UNKNOWN,UNKNOWN,UNKNOWN,UNKNOWN,7781945108562677,20912,TAKOMA PARK,51232.0653417,65209197.2692,38.98254687160147,-77.00204079343348,29.798,63.191452,0.1,0.1,0.0,12.661564,165.17348,210711157002089825,2021-07-11 15:00:00,15,PM,192,6,Sunday,1,7,July,2021,0,Unknown
MCP32760016,32B009B3182F41EAA3A90312067917B9,False,NO APPARENT INJURY,NONE,NOT DISTRACTED,PASSENGER,SLOWING OR STOPPING,West,DISABLING,55,False,False,4,751452905815289,210026714,Montgomery County Police,Property Damage ,False,West,1,3,LEVEL,False,False,DRIVER,SAME DIR REAR END,DRY,DARK LIGHTS ON,NO CONTROLS,NON INTERSECTION,UNKNOWN,STRAIGHT,NO DEFECTS,"TWO-WAY, DIVIDED, POSITIVE MEDIAN BARRIER",39.013585,-77.04770833,2262757322158515,4244811106585601,0,0,0,2021071121,7703596439001907,Toyota,2020,Corolla,Compact Cars,4.0,2.0,Automatic 10,FWD,Regular Gasoline,29,38,CAPITAL BELTWAY,Interstate (State),EXIT #33,UNKNOWN,4244811106585601,20910,SILVER SPRING,82846.1568889,126320091.137,39.00190768010143,-77.03596497235911,25.2965,92.522896,0.0,0.0,0.0,9.178235,168.69011,210711217035990019,2021-07-11 21:00:00,21,PM,192,6,Sunday,1,7,July,2021,0,Unknown
MCP32760016,CF7403632A964A3AAD5F55D4C9B15570,False,NO APPARENT INJURY,NONE,NOT DISTRACTED,PASSENGER,SLOWING OR STOPPING,West,DISABLING,55,False,False,4,9961740821066377,210026714,Montgomery County Police,Property Damage ,False,West,1,3,LEVEL,False,False,DRIVER,SAME DIR REAR END,DRY,DARK LIGHTS ON,NO CONTROLS,NON INTERSECTION,UNKNOWN,STRAIGHT,NO DEFECTS,"TWO-WAY, DIVIDED, POSITIVE MEDIAN BARRIER",39.013585,-77.04770833,2262757322158515,4244811106585601,0,0,0,2021071121,7703596439001907,Maserati,2014,Ghibli,Midsize Cars,6.0,3.0,Automatic 8,AWD,Premium Gasoline,15,24,CAPITAL BELTWAY,Interstate (State),EXIT #33,UNKNOWN,4244811106585601,20910,SILVER SPRING,82846.1568889,126320091.137,39.00190768010143,-77.03596497235911,25.2965,92.522896,0.0,0.0,0.0,9.178235,168.69011,210711217035990019,2021-07-11 21:00:00,21,PM,192,6,Sunday,1,7,July,2021,0,Unknown
MCP32760016,668EC4602C5E407E9AE8AD5F67DF6397,False,NO APPARENT INJURY,NONE,NOT DISTRACTED,PASSENGER,SLOWING OR STOPPING,West,SUPERFICIAL,55,False,False,4,8922103940375658,210026714,Montgomery County Police,Property Damage ,False,West,1,3,LEVEL,False,False,DRIVER,SAME DIR REAR END,DRY,DARK LIGHTS ON,NO CONTROLS,NON INTERSECTION,UNKNOWN,STRAIGHT,NO DEFECTS,"TWO-WAY, DIVIDED, POSITIVE MEDIAN BARRIER",39.013585,-77.04770833,2262757322158515,4244811106585601,0,0,0,2021071121,7703596439001907,Dodge,2019,Durango,Standard Sport Utility Vehicle 4WD,8.0,3.6,Automatic 8,AWD,Midgrade Gasoline,14,22,CAPITAL BELTWAY,Interstate (State),EXIT #33,UNKNOWN,4244811106585601,20910,SILVER SPRING,82846.1568889,126320091.137,39.00190768010143,-77.03596497235911,25.2965,92.522896,0.0,0.0,0.0,9.178235,168.69011,210711217035990019,2021-07-11 21:00:00,21,PM,192,6,Sunday,1,7,July,2021,0,Unknown
MCP32760016,FB06522CC24C4D22B079AAED378AFD65,True,NO APPARENT INJURY,NONE,LOOKED BUT DID NOT SEE,PASSENGER,MOVING CONSTANT SPEED,West,DISABLING,55,False,False,4,2815627368005804,210026714,Montgomery County Police,Property Damage ,False,West,1,3,LEVEL,False,False,DRIVER,SAME DIR REAR END,DRY,DARK LIGHTS ON,NO CONTROLS,NON INTERSECTION,UNKNOWN,STRAIGHT,NO DEFECTS,"TWO-WAY, DIVIDED, POSITIVE MEDIAN BARRIER",39.013585,-77.04770833,2262757322158515,4244811106585601,0,0,0,2021071121,7703596439001907,Honda,2016,Accord,Midsize Cars,4.0,2.4,Automatic 6,FWD,Regular Gasoline,21,33,CAPITAL BELTWAY,Interstate (State),EXIT #33,UNKNOWN,4244811106585601,20910,SILVER SPRING,82846.1568889,126320091.137,39.00190768010143,-77.03596497235911,25.2965,92.522896,0.0,0.0,0.0,9.178235,168.69011,210711217035990019,2021-07-11 21:00:00,21,PM,192,6,Sunday,1,7,July,2021,0,Unknown
MCP3239001L,D3FBD5A1F3B24485A002FEF1A2B4845C,False,POSSIBLE INJURY,NONE,NOT DISTRACTED,PASSENGER,MAKING RIGHT TURN,East,DISABLING,45,False,False,2,819104211177936,210026736,Montgomery County Police,Injury ,True,North,1,2,LEVEL,False,False,DRIVER,ANGLE MEETS RIGHT TURN,DRY,DARK LIGHTS ON,TRAFFIC SIGNAL,UNKNOWN,FOUR-WAY INTERSECTION,STRAIGHT,NO DEFECTS,"TWO-WAY, NOT DIVIDED",39.01158153,-76.97896947,8901981419077344,2997347885756929,0,0,0,2021071202,7698354239018293,Nissan,2016,Altima,Midsize Cars,4.0,2.5,Automatic 7,FWD,Regular Gasoline,22,31,NEW HAMPSHIRE AVE,Maryland (State),ADELPHI RD,County,2997347885756929,20903,SILVER SPRING,50204.7192451,65972447.4483,39.01829365940637,-76.9835422251861,24.2845,95.304085,0.0,0.0,0.0,15.1884165,211.42952,210712026983590182,2021-07-12 02:00:00,2,AM,193,0,Monday,0,7,July,2021,0,Unknown
MCP3239001L,6ED015F624F1436BBDD696716200A769,True,NO APPARENT INJURY,ALCOHOL,INATTENTIVE OR LOST IN THOUGHT,PASSENGER,MOVING CONSTANT SPEED,North,DISABLING,45,False,True,2,1683704776195044,210026736,Montgomery County Police,Injury ,True,North,1,2,LEVEL,False,False,DRIVER,ANGLE MEETS RIGHT TURN,DRY,DARK LIGHTS ON,TRAFFIC SIGNAL,UNKNOWN,FOUR-WAY INTERSECTION,STRAIGHT,NO DEFECTS,"TWO-WAY, NOT DIVIDED",39.01158153,-76.97896947,8901981419077344,2997347885756929,0,0,0,2021071202,7698354239018293,Ford,2018,Transit Connect,Special Purpose Vehicle 2WD,4.0,2.5,Automatic 6,FWD,Regular Gasoline,19,27,NEW HAMPSHIRE AVE,Maryland (State),ADELPHI RD,County,2997347885756929,20903,SILVER SPRING,50204.7192451,65972447.4483,39.01829365940637,-76.9835422251861,24.2845,95.304085,0.0,0.0,0.0,15.1884165,211.42952,210712026983590182,2021-07-12 02:00:00,2,AM,193,0,Monday,0,7,July,2021,0,Unknown
MCP3109005M,F48FF8AB502E4191A04DF3F930A692C5,False,NO APPARENT INJURY,NONE,NOT DISTRACTED,PASSENGER,ACCELERATING,West,SUPERFICIAL,30,False,False,1,7466681333938356,210026745,Montgomery County Police,Property Damage ,False,West,2,2,LEVEL,False,False,NONMOTORIST,STRAIGHT MOVEMENT ANGLE,DRY,DAYLIGHT,TRAFFIC SIGNAL,INTERSECTION,T-INTERSECTION,STRAIGHT,NO DEFECTS,"TWO-WAY, DIVIDED, UNPROTECTED PAINTED MIN 4 FEET",38.99033733,-77.026691,8368871616036332,5660893524410086,1,0,0,2021071206,7703596439001907,Dodge,2013,Avenger,Midsize Cars,4.0,2.4,Automatic 6,FWD,Regular Gasoline,19,28,SLIGO AVE,County,GEORGIA AVE,US (State),5660893524410086,20910,SILVER SPRING,82846.1568889,126320091.137,39.00190768010143,-77.03596497235911,23.3965,97.02245,0.0,0.0,0.0,8.217153,208.8107,210712067035990019,2021-07-12 06:00:00,6,AM,193,0,Monday,0,7,July,2021,0,Unknown
MCP209400HM,E0FED0724E0D44CEACF81C0E7F97C112,False,NO APPARENT INJURY,NONE,NOT DISTRACTED,PASSENGER,STOPPED IN TRAFFIC LANE,North,FUNCTIONAL,30,False,False,4,451369677697202,210026802,Montgomery County Police,Property Damage ,False,North,1,2,HILL UPHILL,False,False,DRIVER,SAME DIR REAR END,DRY,DAYLIGHT,FLASHING TRAFFIC SIGNAL,OTHER,UNKNOWN,STRAIGHT,NO DEFECTS,"TWO-WAY, NOT DIVIDED",38.97476167,-77.115105,4534450561785329,9733644905967172,0,0,0,2021071213,7715220038996189,Hyundai,2007,Sonata,Large Cars,4.0,2.4,Automatic 4,FWD,Regular Gasoline,21,27,GOLDSBORO RD,Maryland (State),RADNOR RD,County,9733644905967172,20817,BETHESDA,143234.920079,403664948.588,38.996189145680184,-77.15220044157795,31.493,64.517296,0.2,0.2,0.0,5.506941,168.69011,210712137152289961,2021-07-12 13:00:00,13,PM,193,0,Monday,0,7,July,2021,0,Unknown
MCP209400HM,A0F44D70A7A64BC7A5BBB924EF13BADE,False,NO APPARENT INJURY,NONE,NOT DISTRACTED,PASSENGER,STOPPED IN TRAFFIC LANE,North,FUNCTIONAL,30,False,False,4,1973747151611122,210026802,Montgomery County Police,Property Damage ,False,North,1,2,HILL UPHILL,False,False,DRIVER,SAME DIR REAR END,DRY,DAYLIGHT,FLASHING TRAFFIC SIGNAL,OTHER,UNKNOWN,STRAIGHT,NO DEFECTS,"TWO-WAY, NOT DIVIDED",38.97476167,-77.115105,4534450561785329,9733644905967172,0,0,0,2021071213,7715220038996189,Audi,2019,Q5,Small Sport Utility Vehicle 4WD,4.0,2.0,Automatic 7,AWD,Premium Gasoline,22,27,GOLDSBORO RD,Maryland (State),RADNOR RD,County,9733644905967172,20817,BETHESDA,143234.920079,403664948.588,38.996189145680184,-77.15220044157795,31.493,64.517296,0.2,0.2,0.0,5.506941,168.69011,210712137152289961,2021-07-12 13:00:00,13,PM,193,0,Monday,0,7,July,2021,0,Unknown
MCP209400HM,034C8940F30A4B029389DA3B783186BC,False,NO APPARENT INJURY,NONE,NOT DISTRACTED,PASSENGER,STOPPED IN TRAFFIC LANE,North,DISABLING,30,False,False,4,2109319715570346,210026802,Montgomery County Police,Property Damage ,False,North,1,2,HILL UPHILL,False,False,DRIVER,SAME DIR REAR END,DRY,DAYLIGHT,FLASHING TRAFFIC SIGNAL,OTHER,UNKNOWN,STRAIGHT,NO DEFECTS,"TWO-WAY, NOT DIVIDED",38.97476167,-77.115105,4534450561785329,9733644905967172,0,0,0,2021071213,7715220038996189,Acura,2004,MDX,Sport Utility Vehicle - 4WD,6.0,3.5,Automatic 5,AWD,Premium Gasoline,15,21,GOLDSBORO RD,Maryland (State),RADNOR RD,County,9733644905967172,20817,BETHESDA,143234.920079,403664948.588,38.996189145680184,-77.15220044157795,31.493,64.517296,0.2,0.2,0.0,5.506941,168.69011,210712137152289961,2021-07-12 13:00:00,13,PM,193,0,Monday,0,7,July,2021,0,Unknown
MCP209400HM,9F542415858342038B18F5134F4E5AD8,True,NO APPARENT INJURY,NONE,UNKNOWN,TRUCK,MOVING CONSTANT SPEED,North,FUNCTIONAL,30,False,False,4,2855389770578551,210026802,Montgomery County Police,Property Damage ,False,North,1,2,HILL UPHILL,False,False,DRIVER,SAME DIR REAR END,DRY,DAYLIGHT,FLASHING TRAFFIC SIGNAL,OTHER,UNKNOWN,STRAIGHT,NO DEFECTS,"TWO-WAY, NOT DIVIDED",38.97476167,-77.115105,4534450561785329,9733644905967172,0,0,0,2021071213,7715220038996189,Isuzu,0,Unknown,Unknown,0.0,0.0,Unknown,Unknown,Unknown,0,0,GOLDSBORO RD,Maryland (State),RADNOR RD,County,9733644905967172,20817,BETHESDA,143234.920079,403664948.588,38.996189145680184,-77.15220044157795,31.493,64.517296,0.2,0.2,0.0,5.506941,168.69011,210712137152289961,2021-07-12 13:00:00,13,PM,193,0,Monday,0,7,July,2021,0,Unknown