ReportNumber,VehicleCrashKey,DriverAtFault,DriverInjurySeverity,DriverSubstanceAbuse,DriverDistractedBy,VehicleType,VehicleMovement,VehicleGoingDir,VehicleDamageExtent,SpeedLimit,ParkedVehicle,SubstanceAbuseContributed,VehiclesCrashedTotal,VehicleKey,LocalCaseNumber,AgencyName,ACRSReportType,HitRun,LaneDirection,LaneNumber,NumberOfLanes,RoadGrade,NonTraffic,OffRoadIncident,AccidentAtFault,CollisionType,SurfaceCondition,Light,TrafficControl,Junction,IntersectionType,RoadAlignment,RoadCondition,RoadDivision,Latitude,Longitude,RoadKey_x,CrossStreetKey,NonMotoristTotal,NonMotoristInjury,NonMotoristFatal,DateHourKey,LocationAreaKey,Make,Year_x,BaseModel,BodyClass,Cylinders,Displacement,Transmission,Drivetrain,FuelType,CityMPG,HighwayMPG,RoadName_x,RouteType_x,RoadName_y,RouteType_y,RoadKey_y,Zipcode,MailCity,ShapeLength,ShapeArea,CentroidLatitude,CentroidLongitude,Temperature,Humidity,Precipitation,Rain,Snow,WindSpeed,WindDirection,WeatherKey,Datetime,Hour,TimeOfDay,DayNumber,WeekDayNumber,WeekDayName,WeekendFlag,MonthNumber,MonthName,Year_y,HolidayFlag,HolidayName
MCP32000034,B11B6E7C946C4C088E73BB7BC5AB1A02,True,NO APPARENT INJURY,NONE,UNKNOWN,PASSENGER,BACKING,South,NO DAMAGE,0,False,False,1,6148504864161450,210026823,Montgomery County Police,Injury ,False,UNKNOWN,0,0,UNKNOWN,True,True,DRIVER,OTHER,UNKNOWN,DAYLIGHT,NO CONTROLS,UNKNOWN,UNKNOWN,UNKNOWN,UNKNOWN,UNKNOWN,39.02784567,-77.07704383,7781945108562677,7781945108562677,1,1,0,2021071214,7707527239025656,Honda,2009,CR-V,Sport Utility Vehicle - 2WD,4.0,2.4,Automatic 5,AWD,Regular Gasoline,20,26,UNKNOWN,UNKNOWN,UNKNOWN,UNKNOWN,7781945108562677,20895,KENSINGTON,70838.1492765,106180148.023,39.02565657266069,-77.07527294437958,31.7955,63.8103,0.1,0.1,0.0,8.473393,167.73524,210712147075290256,2021-07-12 14:00:00,14,PM,193,0,Monday,0,7,July,2021,0,Unknown
MCP27080071,7523AF8FBBC04ABC8BB03C10710D404E,False,POSSIBLE INJURY,NONE,NOT DISTRACTED,PASSENGER,MAKING LEFT TURN,East,DISABLING,30,False,False,2,9530107367341165,210026857,Montgomery County Police,Injury ,True,North,2,3,LEVEL,False,False,DRIVER,STRAIGHT MOVEMENT ANGLE,DRY,DAYLIGHT,TRAFFIC SIGNAL,INTERSECTION,T-INTERSECTION,STRAIGHT,NO DEFECTS,"TWO-WAY, DIVIDED, POSITIVE MEDIAN BARRIER",39.02037121,-76.97657212,8901981419077344,6418727789277950,0,0,0,2021071215,7698354239018293,Nissan,2011,Rogue,Sport Utility Vehicle - 2WD,4.0,2.5,Automatic CVT,AWD,Regular Gasoline,22,26,NEW HAMPSHIRE AVE,Maryland (State),ELTON RD,County,6418727789277950,20903,SILVER SPRING,50204.7192451,65972447.4483,39.01829365940637,-76.9835422251861,31.7845,60.62386,0.1,0.1,0.0,12.24,180.0,210712156983590182,2021-07-12 15:00:00,15,PM,193,0,Monday,0,7,July,2021,0,Unknown
MCP27080071,154370D504C34946A82994D4AC2D125A,True,NO APPARENT INJURY,UNKNOWN,UNKNOWN,UNKNOWN,MOVING CONSTANT SPEED,North,DISABLING,40,False,False,2,8168321465439775,210026857,Montgomery County Police,Injury ,True,North,2,3,LEVEL,False,False,DRIVER,STRAIGHT MOVEMENT ANGLE,DRY,DAYLIGHT,TRAFFIC SIGNAL,INTERSECTION,T-INTERSECTION,STRAIGHT,NO DEFECTS,"TWO-WAY, DIVIDED, POSITIVE MEDIAN BARRIER",39.02037121,-76.97657212,8901981419077344,6418727789277950,0,0,0,2021071215,7698354239018293,Unknown,0,Unknown,Unknown,0.0,0.0,Unknown,Unknown,Unknown,0,0,NEW HAMPSHIRE AVE,Maryland (State),ELTON RD,County,6418727789277950,20903,SILVER SPRING,50204.7192451,65972447.4483,39.01829365940637,-76.9835422251861,31.7845,60.62386,0.1,0.1,0.0,12.24,180.0,210712156983590182,2021-07-12 15:00:00,15,PM,193,0,Monday,0,7,July,2021,0,Unknown
MCP2917007Z,F3C2CB694C984E168E54CEB5FDA96031,True,NO APPARENT INJURY,NONE,LOOKED BUT DID NOT SEE,PASSENGER,MAKING LEFT TURN,East,SUPERFICIAL,45,False,False,1,9992477215725817,210026871,Montgomery County Police,Injury ,False,North,3,3,LEVEL,False,False,DRIVER,OTHER,WET,DAYLIGHT,TRAFFIC SIGNAL,UNKNOWN,FOUR-WAY INTERSECTION,STRAIGHT,NO DEFECTS,"TWO-WAY, DIVIDED, POSITIVE MEDIAN BARRIER",39.06332204,-77.07341997,1627793738140795,3597642028494755,1,1,0,2021071218,7705486039088590,Dodge,2018,Charger,Large Cars,6.0,3.6,Automatic 8,RWD,Regular Gasoline,15,25,CONNECTICUT AVE,Maryland (State),WELLER RD,County,3597642028494755,20906,SILVER SPRING,133207.174949,359110751.771,39.08859082555049,-77.05486091907257,28.3825,81.12721,0.0,0.0,0.0,5.634891,63.435013,210712187054890885,2021-07-12 18:00:00,18,PM,193,0,Monday,0,7,July,2021,0,Unknown
MCP209400HN,EA395CB3FFB5453AB6A320FCC4931906,True,NO APPARENT INJURY,NONE,UNKNOWN,PASSENGER,MOVING CONSTANT SPEED,East,DISABLING,55,False,False,1,7285498133849713,210026874,Montgomery County Police,Property Damage ,False,East,0,3,GRADE DOWNHILL,False,False,DRIVER,SINGLE VEHICLE,DRY,DAYLIGHT,NO CONTROLS,NON INTERSECTION,UNKNOWN,CURVE RIGHT,NO DEFECTS,"TWO-WAY, DIVIDED, POSITIVE MEDIAN BARRIER",39.01801167,-77.1087,2262757322158515,3837846901817557,0,0,0,2021071218,7710519939016894,Honda,2002,Civic,Compact Cars,4.0,1.7,Manual 5,FWD,Regular Gasoline,26,36,CAPITAL BELTWAY,Interstate (State),RAMP 6 FR IS 495 EB TO MD 355 SB,Ramp,3837846901817557,20814,BETHESDA,58373.8630538,68540697.609,39.016894075883464,-77.10519990449882,29.0345,75.82395,0.0,0.0,0.0,3.0758414,69.44387,210712187105190168,2021-07-12 18:00:00,18,PM,193,0,Monday,0,7,July,2021,0,Unknown
MCP3176001F,A5959385AD19470587D8E15520BC60C6,True,NO APPARENT INJURY,UNKNOWN,OTHER DISTRACTION,EMERGENCY,MOVING CONSTANT SPEED,South,SUPERFICIAL,35,False,False,1,5157334975886657,210026916,Montgomery County Police,Property Damage ,False,South,1,3,LEVEL,False,False,DRIVER,SINGLE VEHICLE,DRY,DARK LIGHTS ON,NO CONTROLS,UNKNOWN,UNKNOWN,STRAIGHT,NO DEFECTS,"TWO-WAY, DIVIDED, POSITIVE MEDIAN BARRIER",38.99711682,-77.02938667,8554262040045692,3937256849459829,0,0,0,2021071303,7703596439001907,Ford,2016,Taurus,Large Cars,6.0,3.5,Automatic 6,AWD,Regular Gasoline,17,24,GEORGIA AVE,Maryland (State),FIDLER LA,County,3937256849459829,20910,SILVER SPRING,82846.1568889,126320091.137,39.00190768010143,-77.03596497235911,23.3965,94.12285,0.0,0.0,0.0,8.373386,205.4633,210713037035990019,2021-07-13 03:00:00,3,AM,194,1,Tuesday,0,7,July,2021,0,Unknown
MCP23530098,72BB7D4E58874264A714B6F07BE27F6A,False,SUSPECTED SERIOUS INJURY,NONE,NOT DISTRACTED,PASSENGER,STOPPED IN TRAFFIC LANE,South,DESTROYED,35,False,False,2,288946340528162,210026918,Montgomery County Police,Injury ,False,South,0,3,LEVEL,False,False,DRIVER,SAME DIR REAR END,DRY,DAYLIGHT,FLASHING TRAFFIC SIGNAL,INTERSECTION,FOUR-WAY INTERSECTION,STRAIGHT,NO DEFECTS,"TWO-WAY, DIVIDED, POSITIVE MEDIAN BARRIER",38.99691167,-77.09656,5925405510732472,2145087343919328,0,0,0,2021071305,7710072538987731,Tesla,2019,Model S,Large Cars,0.0,0.0,Automatic 1,AWD,Electricity,92,105,ROCKVILLE PIKE,Maryland (State),CENTER DR,Government,2145087343919328,20814,BETHESDA,46411.6876883,47837334.4314,38.98773167577017,-77.10072590539887,23.1985,96.13884,0.0,0.0,0.0,5.8603754,222.5104,210713057100789877,2021-07-13 05:00:00,5,AM,194,1,Tuesday,0,7,July,2021,0,Unknown
MCP23530098,DB0E0A1FB06C48BA94C8205337DC8540,True,SUSPECTED SERIOUS INJURY,NONE,UNKNOWN,PASSENGER,MOVING CONSTANT SPEED,South,DESTROYED,35,False,False,2,4023740981087678,210026918,Montgomery County Police,Injury ,False,South,0,3,LEVEL,False,False,DRIVER,SAME DIR REAR END,DRY,DAYLIGHT,FLASHING TRAFFIC SIGNAL,INTERSECTION,FOUR-WAY INTERSECTION,STRAIGHT,NO DEFECTS,"TWO-WAY, DIVIDED, POSITIVE MEDIAN BARRIER",38.99691167,-77.09656,5925405510732472,2145087343919328,0,0,0,2021071305,7710072538987731,Audi,2017,A3,Subcompact Cars,4.0,2.0,Automatic 6,FWD,Regular Gasoline,22,30,ROCKVILLE PIKE,Maryland (State),CENTER DR,Government,2145087343919328,20814,BETHESDA,46411.6876883,47837334.4314,38.98773167577017,-77.10072590539887,23.1985,96.13884,0.0,0.0,0.0,5.8603754,222.5104,210713057100789877,2021-07-13 05:00:00,5,AM,194,1,Tuesday,0,7,July,2021,0,Unknown
MCP3164004M,7AFB9F2E113E450F98BB7AAF1C5DCD8F,False,NO APPARENT INJURY,NONE,LOOKED BUT DID NOT SEE,PASSENGER,MOVING CONSTANT SPEED,West,SUPERFICIAL,35,False,False,2,732859367941676,210026930,Montgomery County Police,Property Damage ,False,West,1,2,LEVEL,False,False,DRIVER,HEAD ON LEFT TURN,DRY,DAYLIGHT,NO CONTROLS,NON INTERSECTION,UNKNOWN,STRAIGHT,NO DEFECTS,"TWO-WAY, DIVIDED, UNPROTECTED PAINTED MIN 4 FEET",39.09064333,-77.046275,3786639377990067,1498137660831595,0,0,0,2021071308,7705486039088590,Chevrolet,2009,Traverse,Sport Utility Vehicle - 2WD,6.0,3.6,Automatic 6,AWD,Regular Gasoline,16,23,BEL PRE RD,County,LAYHILL RD,Maryland (State),1498137660831595,20906,SILVER SPRING,133207.174949,359110751.771,39.08859082555049,-77.05486091907257,25.1325,92.51407,0.0,0.0,0.0,4.829907,206.56499,210713087054890885,2021-07-13 08:00:00,8,AM,194,1,Tuesday,0,7,July,2021,0,Unknown
MCP3164004M,BA1EAA30E6A04E8BA014EF3C9A1BEAEC,True,NO APPARENT INJURY,NONE,LOOKED BUT DID NOT SEE,PASSENGER,MAKING LEFT TURN,South,SUPERFICIAL,35,False,False,2,1314431078866941,210026930,Montgomery County Police,Property Damage ,False,West,1,2,LEVEL,False,False,DRIVER,HEAD ON LEFT TURN,DRY,DAYLIGHT,NO CONTROLS,NON INTERSECTION,UNKNOWN,STRAIGHT,NO DEFECTS,"TWO-WAY, DIVIDED, UNPROTECTED PAINTED MIN 4 FEET",39.09064333,-77.046275,3786639377990067,1498137660831595,0,0,0,2021071308,7705486039088590,Toyota,2006,Corolla,Compact Cars,4.0,1.8,Automatic 4,FWD,Regular Gasoline,22,31,BEL PRE RD,County,LAYHILL RD,Maryland (State),1498137660831595,20906,SILVER SPRING,133207.174949,359110751.771,39.08859082555049,-77.05486091907257,25.1325,92.51407,0.0,0.0,0.0,4.829907,206.56499,210713087054890885,2021-07-13 08:00:00,8,AM,194,1,Tuesday,0,7,July,2021,0,Unknown
MCP2182002P,E77B26430ADC4BC49F06DEEA5C74D270,True,NO APPARENT INJURY,NONE,NOT DISTRACTED,PASSENGER,MOVING CONSTANT SPEED,East,DISABLING,35,False,False,2,3706795429459167,210026934,Montgomery County Police,Property Damage ,False,East,1,2,HILL UPHILL,False,False,DRIVER,SAME DIR REAR END,DRY,DAYLIGHT,NO CONTROLS,UNKNOWN,UNKNOWN,STRAIGHT,NO DEFECTS,"TWO-WAY, DIVIDED, UNPROTECTED PAINTED MIN 4 FEET",39.09044838,-77.0504328,3786639377990067,9985187969023792,0,0,0,2021071309,7705486039088590,Mercedes-Benz,0,Unknown,Unknown,0.0,0.0,Unknown,Unknown,Unknown,0,0,BEL PRE RD,County,ASTRODOME DR,Other Public Roadway,9985187969023792,20906,SILVER SPRING,133207.174949,359110751.771,39.08859082555049,-77.05486091907257,26.832499,83.4071,0.0,0.0,0.0,6.989936,214.50858,210713097054890885,2021-07-13 09:00:00,9,AM,194,1,Tuesday,0,7,July,2021,0,Unknown
MCP2182002P,EA60F4533A7945219104C2F65013D607,False,NO APPARENT INJURY,NONE,NOT DISTRACTED,PASSENGER,STOPPED IN TRAFFIC LANE,East,SUPERFICIAL,35,False,False,2,6148504864161450,210026934,Montgomery County Police,Property Damage ,False,East,1,2,HILL UPHILL,False,False,DRIVER,SAME DIR REAR END,DRY,DAYLIGHT,NO CONTROLS,UNKNOWN,UNKNOWN,STRAIGHT,NO DEFECTS,"TWO-WAY, DIVIDED, UNPROTECTED PAINTED MIN 4 FEET",39.09044838,-77.0504328,3786639377990067,9985187969023792,0,0,0,2021071309,7705486039088590,Honda,2009,CR-V,Sport Utility Vehicle - 2WD,4.0,2.4,Automatic 5,AWD,Regular Gasoline,20,26,BEL PRE RD,County,ASTRODOME DR,Other Public Roadway,9985187969023792,20906,SILVER SPRING,133207.174949,359110751.771,39.08859082555049,-77.05486091907257,26.832499,83.4071,0.0,0.0,0.0,6.989936,214.50858,210713097054890885,2021-07-13 09:00:00,9,AM,194,1,Tuesday,0,7,July,2021,0,Unknown
MCP2991005C,4FEB1DB34D33423EA30FD8D60E195178,True,NO APPARENT INJURY,NONE,NOT DISTRACTED,PASSENGER,MOVING CONSTANT SPEED,East,DISABLING,30,False,False,2,8922103755821849,210026954,Montgomery County Police,Property Damage ,False,East,0,2,LEVEL,False,False,DRIVER,SAME DIR REND RIGHT TURN,DRY,DAYLIGHT,NO CONTROLS,NON INTERSECTION,UNKNOWN,CURVE LEFT,NO DEFECTS,"TWO-WAY, DIVIDED, UNPROTECTED PAINTED MIN 4 FEET",39.09327267,-77.03776683,1446899345320601,4547714631853281,0,0,0,2021071309,7705486039088590,Dodge,2014,Durango,Standard Sport Utility Vehicle 2WD,6.0,3.6,Automatic 8,4WD,Midgrade Gasoline,14,22,BONIFANT RD,County,MORTON HALL RD,County,4547714631853281,20906,SILVER SPRING,133207.174949,359110751.771,39.08859082555049,-77.05486091907257,26.832499,83.4071,0.0,0.0,0.0,6.989936,214.50858,210713097054890885,2021-07-13 09:00:00,9,AM,194,1,Tuesday,0,7,July,2021,0,Unknown
MCP2991005C,4624911A612A4278AAE31740A9146767,False,NO APPARENT INJURY,NONE,NOT DISTRACTED,PASSENGER,MAKING RIGHT TURN,East,DISABLING,25,False,False,2,6014770629431343,210026954,Montgomery County Police,Property Damage ,False,East,0,2,LEVEL,False,False,DRIVER,SAME DIR REND RIGHT TURN,DRY,DAYLIGHT,NO CONTROLS,NON INTERSECTION,UNKNOWN,CURVE LEFT,NO DEFECTS,"TWO-WAY, DIVIDED, UNPROTECTED PAINTED MIN 4 FEET",39.09327267,-77.03776683,1446899345320601,4547714631853281,0,0,0,2021071309,7705486039088590,Infiniti,0,Unknown,Unknown,0.0,0.0,Unknown,Unknown,Unknown,0,0,BONIFANT RD,County,MORTON HALL RD,County,4547714631853281,20906,SILVER SPRING,133207.174949,359110751.771,39.08859082555049,-77.05486091907257,26.832499,83.4071,0.0,0.0,0.0,6.989936,214.50858,210713097054890885,2021-07-13 09:00:00,9,AM,194,1,Tuesday,0,7,July,2021,0,Unknown
MCP32280021,AECE6640031247018094B0FF150859FE,True,NO APPARENT INJURY,UNKNOWN,UNKNOWN,PASSENGER,MOVING CONSTANT SPEED,East,NO DAMAGE,25,False,False,1,2454301798328788,210027036,Montgomery County Police,Injury ,False,East,1,1,GRADE DOWNHILL,False,False,DRIVER,OTHER,DRY,DAYLIGHT,STOP SIGN,INTERSECTION,T-INTERSECTION,STRAIGHT,NO DEFECTS,"TWO-WAY, NOT DIVIDED",38.99909583,-77.02480117,8356792977061148,2822494236671029,1,1,0,2021071311,7703596439001907,Toyota,2018,Mirai,Subcompact Cars,0.0,0.0,Automatic CVT,FWD,Hydrogen,67,67,SPRING ST,County,ROEDER RD,County,2822494236671029,20910,SILVER SPRING,82846.1568889,126320091.137,39.00190768010143,-77.03596497235911,30.3965,64.48226,0.1,0.1,0.0,7.145796,220.91429,210713117035990019,2021-07-13 11:00:00,11,AM,194,1,Tuesday,0,7,July,2021,0,Unknown
MCP3139002M,88149BE0C997421686D18397DEB6C6BD,False,NO APPARENT INJURY,UNKNOWN,NOT DISTRACTED,TRUCK,MOVING CONSTANT SPEED,West,OTHER,55,False,False,3,789604639519848,210027032,Montgomery County Police,Property Damage ,False,West,3,4,LEVEL,False,False,DRIVER,OTHER,UNKNOWN,DAYLIGHT,NO CONTROLS,UNKNOWN,UNKNOWN,STRAIGHT,NO DEFECTS,"TWO-WAY, DIVIDED, POSITIVE MEDIAN BARRIER",39.01985667,-76.98503667,2262757322158515,2496637266646672,0,0,0,2021071317,7698354239018293,Metro,0,Unknown,Unknown,0.0,0.0,Unknown,Unknown,Unknown,0,0,CAPITAL BELTWAY,Interstate (State),EXIT #29,UNKNOWN,2496637266646672,20903,SILVER SPRING,50204.7192451,65972447.4483,39.01829365940637,-76.9835422251861,33.4845,39.857323,0.0,0.0,0.0,18.888851,187.66672,210713176983590182,2021-07-13 17:00:00,17,PM,194,1,Tuesday,0,7,July,2021,0,Unknown
MCP3139002M,25639648025C4427B5099C6F73E5F7E6,False,NO APPARENT INJURY,UNKNOWN,LOOKED BUT DID NOT SEE,TRUCK,ACCELERATING,West,SUPERFICIAL,55,False,False,3,4875847047016542,210027032,Montgomery County Police,Property Damage ,False,West,3,4,LEVEL,False,False,DRIVER,OTHER,UNKNOWN,DAYLIGHT,NO CONTROLS,UNKNOWN,UNKNOWN,STRAIGHT,NO DEFECTS,"TWO-WAY, DIVIDED, POSITIVE MEDIAN BARRIER",39.01985667,-76.98503667,2262757322158515,2496637266646672,0,0,0,2021071317,7698354239018293,Ford,2000,Taurus,Large Cars,6.0,3.0,Automatic 4,FWD,Regular Gasoline,17,26,CAPITAL BELTWAY,Interstate (State),EXIT #29,UNKNOWN,2496637266646672,20903,SILVER SPRING,50204.7192451,65972447.4483,39.01829365940637,-76.9835422251861,33.4845,39.857323,0.0,0.0,0.0,18.888851,187.66672,210713176983590182,2021-07-13 17:00:00,17,PM,194,1,Tuesday,0,7,July,2021,0,Unknown
MCP3139002M,840C154283A046C097959A49C1D82F7C,True,NO APPARENT INJURY,UNKNOWN,LOOKED BUT DID NOT SEE,PASSENGER,PASSING,West,DESTROYED,55,False,False,3,8243785660235230,210027032,Montgomery County Police,Property Damage ,False,West,3,4,LEVEL,False,False,DRIVER,OTHER,UNKNOWN,DAYLIGHT,NO CONTROLS,UNKNOWN,UNKNOWN,STRAIGHT,NO DEFECTS,"TWO-WAY, DIVIDED, POSITIVE MEDIAN BARRIER",39.01985667,-76.98503667,2262757322158515,2496637266646672,0,0,0,2021071317,7698354239018293,Toyota,2016,Camry,Midsize Cars,4.0,2.5,Automatic 6,FWD,Regular Gasoline,21,30,CAPITAL BELTWAY,Interstate (State),EXIT #29,UNKNOWN,2496637266646672,20903,SILVER SPRING,50204.7192451,65972447.4483,39.01829365940637,-76.9835422251861,33.4845,39.857323,0.0,0.0,0.0,18.888851,187.66672,210713176983590182,2021-07-13 17:00:00,17,PM,194,1,Tuesday,0,7,July,2021,0,Unknown
MCP2539001P,BFC6DCF99BA5426F9ADAA57ADF8EE36A,True,NO APPARENT INJURY,ALCOHOL,NOT DISTRACTED,PASSENGER,MOVING CONSTANT SPEED,South,DISABLING,25,False,True,1,170151672322060,210027079,Montgomery County Police,Property Damage ,True,South,2,3,LEVEL,False,False,DRIVER,SINGLE VEHICLE,DRY,DARK LIGHTS ON,UNKNOWN,NON INTERSECTION,UNKNOWN,STRAIGHT,NO DEFECTS,"TWO-WAY, DIVIDED, POSITIVE MEDIAN BARRIER",38.98822121,-77.09485318,7307765282026999,8852304464302653,0,0,0,2021071322,7710072538987731,Jeep,2018,Wrangler,Small Sport Utility Vehicle 4WD,6.0,3.6,Automatic 8,4WD,Regular Gasoline,17,21,WISCONSIN AVE,Maryland (State),CHELTENHAM DR,County,8852304464302653,20814,BETHESDA,46411.6876883,47837334.4314,38.98773167577017,-77.10072590539887,27.0485,70.60586,0.0,0.0,0.0,14.145756,194.7436,210713227100789877,2021-07-13 22:00:00,22,PM,194,1,Tuesday,0,7,July,2021,0,Unknown
MCP3063002T,27E94CB0C22A466A8E1E10DA6720AC42,True,NO APPARENT INJURY,NONE,LOOKED BUT DID NOT SEE,PASSENGER,BACKING,East,SUPERFICIAL,0,False,False,2,6312893571399229,210027155,Montgomery County Police,Property Damage ,False,UNKNOWN,0,0,UNKNOWN,True,True,DRIVER,OTHER,UNKNOWN,DAYLIGHT,UNKNOWN,UNKNOWN,UNKNOWN,UNKNOWN,UNKNOWN,UNKNOWN,39.00616679,-77.05017568,7781945108562677,7781945108562677,0,0,0,2021071412,7703596439001907,Chevrolet,0,Unknown,Unknown,0.0,0.0,Unknown,Unknown,Unknown,0,0,UNKNOWN,UNKNOWN,UNKNOWN,UNKNOWN,7781945108562677,20910,SILVER SPRING,82846.1568889,126320091.137,39.00190768010143,-77.03596497235911,30.8465,46.160282,0.1,0.1,0.0,6.9527545,248.74942,210714127035990019,2021-07-14 12:00:00,12,PM,195,2,Wednesday,0,7,July,2021,0,Unknown
MCP3063002T,0BCFAC043B4347C7B2ED9398FAB3F26A,False,NO APPARENT INJURY,NONE,NOT DISTRACTED,PASSENGER,OTHER,West,SUPERFICIAL,0,False,False,2,8385899423333060,210027155,Montgomery County Police,Property Damage ,False,UNKNOWN,0,0,UNKNOWN,True,True,DRIVER,OTHER,UNKNOWN,DAYLIGHT,UNKNOWN,UNKNOWN,UNKNOWN,UNKNOWN,UNKNOWN,UNKNOWN,39.00616679,-77.05017568,7781945108562677,7781945108562677,0,0,0,2021071412,7703596439001907,Volkswagen,0,Unknown,Unknown,0.0,0.0,Unknown,Unknown,Unknown,0,0,UNKNOWN,UNKNOWN,UNKNOWN,UNKNOWN,7781945108562677,20910,SILVER SPRING,82846.1568889,126320091.137,39.00190768010143,-77.03596497235911,30.8465,46.160282,0.1,0.1,0.0,6.9527545,248.74942,210714127035990019,2021-07-14 12:00:00,12,PM,195,2,Wednesday,0,7,July,2021,0,Unknown
MCP29400053,98194F019B0C499A8753331D2D5E1EE8,True,NO APPARENT INJURY,NONE,OTHER CELLULAR PHONE RELATED,PASSENGER,STARTING FROM LANE,East,FUNCTIONAL,35,False,False,3,6026696645871888,210027158,Montgomery County Police,Property Damage ,False,East,1,3,LEVEL,False,False,DRIVER,SAME DIR REAR END,DRY,DAYLIGHT,TRAFFIC SIGNAL,INTERSECTION RELATED,FOUR-WAY INTERSECTION,STRAIGHT,NO DEFECTS,"TWO-WAY, DIVIDED, POSITIVE MEDIAN BARRIER",39.0218705,-77.13528333,6477653073943693,2341166317758158,0,0,0,2021071413,7715220038996189,Toyota,2006,Sequoia,Sport Utility Vehicle - 2WD,8.0,4.7,Automatic 5,AWD,Regular Gasoline,13,16,DEMOCRACY BLVD,County,FERNWOOD RD,County,2341166317758158,20817,BETHESDA,143234.920079,403664948.588,38.996189145680184,-77.15220044157795,31.843,44.15782,0.1,0.1,0.0,6.9153743,218.65984,210714137152289961,2021-07-14 13:00:00,13,PM,195,2,Wednesday,0,7,July,2021,0,Unknown
MCP29400053,407071083820438D8EAF2C057EB3D66F,False,NO APPARENT INJURY,NONE,NOT DISTRACTED,PASSENGER,STOPPED IN TRAFFIC LANE,East,FUNCTIONAL,35,False,False,3,4708503902941436,210027158,Montgomery County Police,Property Damage ,False,East,1,3,LEVEL,False,False,DRIVER,SAME DIR REAR END,DRY,DAYLIGHT,TRAFFIC SIGNAL,INTERSECTION RELATED,FOUR-WAY INTERSECTION,STRAIGHT,NO DEFECTS,"TWO-WAY, DIVIDED, POSITIVE MEDIAN BARRIER",39.0218705,-77.13528333,6477653073943693,2341166317758158,0,0,0,2021071413,7715220038996189,Chevrolet,2020,Silverado,Standard Pickup Trucks 4WD,8.0,5.3,Automatic 6,4WD,Regular Gasoline,14,18,DEMOCRACY BLVD,County,FERNWOOD RD,County,2341166317758158,20817,BETHESDA,143234.920079,403664948.588,38.996189145680184,-77.15220044157795,31.843,44.15782,0.1,0.1,0.0,6.9153743,218.65984,210714137152289961,2021-07-14 13:00:00,13,PM,195,2,Wednesday,0,7,July,2021,0,Unknown
MCP29400053,6730FD05186E47F5B84044D263108889,False,NO APPARENT INJURY,NONE,NOT DISTRACTED,PASSENGER,STOPPED IN TRAFFIC LANE,East,FUNCTIONAL,35,False,False,3,3706795429459167,210027158,Montgomery County Police,Property Damage ,False,East,1,3,LEVEL,False,False,DRIVER,SAME DIR REAR END,DRY,DAYLIGHT,TRAFFIC SIGNAL,INTERSECTION RELATED,FOUR-WAY INTERSECTION,STRAIGHT,NO DEFECTS,"TWO-WAY, DIVIDED, POSITIVE MEDIAN BARRIER",39.0218705,-77.13528333,6477653073943693,2341166317758158,0,0,0,2021071413,7715220038996189,Mercedes-Benz,0,Unknown,Unknown,0.0,0.0,Unknown,Unknown,Unknown,0,0,DEMOCRACY BLVD,County,FERNWOOD RD,County,2341166317758158,20817,BETHESDA,143234.920079,403664948.588,38.996189145680184,-77.15220044157795,31.843,44.15782,0.1,0.1,0.0,6.9153743,218.65984,210714137152289961,2021-07-14 13:00:00,13,PM,195,2,Wednesday,0,7,July,2021,0,Unknown
MCP3163003H,66285E874413410DABBA71E84BB5D797,True,NO APPARENT INJURY,UNKNOWN,LOOKED BUT DID NOT SEE,PASSENGER,STARTING FROM PARKED,UNKNOWN,SUPERFICIAL,5,False,False,1,5484534103395100,210027215,Montgomery County Police,Property Damage ,True,UNKNOWN,0,0,UNKNOWN,True,True,DRIVER,OTHER,UNKNOWN,DAYLIGHT,UNKNOWN,UNKNOWN,UNKNOWN,UNKNOWN,UNKNOWN,UNKNOWN,38.96589322,-77.10407243,7781945108562677,7781945108562677,0,0,0,2021071413,7711806238956479,Saab,0,Unknown,Unknown,0.0,0.0,Unknown,Unknown,Unknown,0,0,UNKNOWN,UNKNOWN,UNKNOWN,UNKNOWN,7781945108562677,20816,BETHESDA,58716.1248449,117565480.431,38.95647982277882,-77.11806249046538,31.7975,44.14556,0.1,0.1,0.0,6.9153743,218.65984,210714137118089564,2021-07-14 13:00:00,13,PM,195,2,Wednesday,0,7,July,2021,0,Unknown
MCP3212002S,DC6397E5EE52467095060F965CD4DC23,True,NO APPARENT INJURY,NONE,NOT DISTRACTED,PASSENGER,CHANGING LANES,North,FUNCTIONAL,35,False,False,2,1314430827202656,210027187,Montgomery County Police,Property Damage ,True,North,1,3,LEVEL,False,False,DRIVER,SAME DIR REAR END,DRY,DAYLIGHT,TRAFFIC SIGNAL,INTERSECTION,FOUR-WAY INTERSECTION,STRAIGHT,NO DEFECTS,"TWO-WAY, DIVIDED, POSITIVE MEDIAN BARRIER",39.015652,-77.0432015,8554262040045692,5564981422910326,0,0,0,2021071416,7703596439001907,Toyota,2009,Corolla,Compact Cars,4.0,1.8,Manual 5,FWD,Regular Gasoline,22,30,GEORGIA AVE,Maryland (State),FOREST GLEN RD,Maryland (State),5564981422910326,20910,SILVER SPRING,82846.1568889,126320091.137,39.00190768010143,-77.03596497235911,32.8965,42.010002,0.0,0.0,0.0,10.661107,191.68935,210714167035990019,2021-07-14 16:00:00,16,PM,195,2,Wednesday,0,7,July,2021,0,Unknown