ReportNumber,VehicleCrashKey,DriverAtFault,DriverInjurySeverity,DriverSubstanceAbuse,DriverDistractedBy,VehicleType,VehicleMovement,VehicleGoingDir,VehicleDamageExtent,SpeedLimit,ParkedVehicle,SubstanceAbuseContributed,VehiclesCrashedTotal,VehicleKey,LocalCaseNumber,AgencyName,ACRSReportType,HitRun,LaneDirection,LaneNumber,NumberOfLanes,RoadGrade,NonTraffic,OffRoadIncident,AccidentAtFault,CollisionType,SurfaceCondition,Light,TrafficControl,Junction,IntersectionType,RoadAlignment,RoadCondition,RoadDivision,Latitude,Longitude,RoadKey_x,CrossStreetKey,NonMotoristTotal,NonMotoristInjury,NonMotoristFatal,DateHourKey,LocationAreaKey,Make,Year_x,BaseModel,BodyClass,Cylinders,Displacement,Transmission,Drivetrain,FuelType,CityMPG,HighwayMPG,RoadName_x,RouteType_x,RoadName_y,RouteType_y,RoadKey_y,Zipcode,MailCity,ShapeLength,ShapeArea,CentroidLatitude,CentroidLongitude,Temperature,Humidity,Precipitation,Rain,Snow,WindSpeed,WindDirection,WeatherKey,Datetime,Hour,TimeOfDay,DayNumber,WeekDayNumber,WeekDayName,WeekendFlag,MonthNumber,MonthName,Year_y,HolidayFlag,HolidayName
MCP32890016,B5F5B71DE38849729978AC1C64E33ECC,True,NO APPARENT INJURY,NONE,LOOKED BUT DID NOT SEE,PASSENGER,STARTING FROM LANE,West,SUPERFICIAL,25,False,False,2,2815627468671518,210027505,Montgomery County Police,Injury ,False,West,2,2,LEVEL,False,False,DRIVER,SAME DIR REAR END,DRY,DAYLIGHT,TRAFFIC SIGNAL,INTERSECTION RELATED,FOUR-WAY INTERSECTION,STRAIGHT,NO DEFECTS,"TWO-WAY, NOT DIVIDED",38.98458106,-77.02660676,1465578334061236,6153982881958244,0,0,0,2021071615,7703596439001907,Honda,2018,Accord,Large Cars,4.0,2.0,Automatic 10,FWD,Regular Gasoline,22,32,EASTERN AVE,UNKNOWN,GEORGIA AVE,UNKNOWN,6153982881958244,20910,SILVER SPRING,82846.1568889,126320091.137,39.00190768010143,-77.03596497235911,33.7465,40.55948,0.0,0.0,0.0,8.587338,213.02386,210716157035990019,2021-07-16 15:00:00,15,PM,197,4,Friday,0,7,July,2021,0,Unknown
MCP31600030,17259590349E4696AE0CB5D4768637F6,False,NO APPARENT INJURY,NONE,NOT DISTRACTED,PASSENGER,SLOWING OR STOPPING,North,SUPERFICIAL,35,False,False,5,8922103705488992,210027514,Montgomery County Police,Property Damage ,False,North,3,3,LEVEL,False,False,DRIVER,SAME DIR REAR END,DRY,DAYLIGHT,NO CONTROLS,NON INTERSECTION,UNKNOWN,STRAIGHT,NO DEFECTS,"TWO-WAY, DIVIDED, POSITIVE MEDIAN BARRIER",39.00281667,-77.077195,1627793738140795,8169557694483571,0,0,0,2021071616,7707842038983818,Dodge,2017,Durango,Standard Sport Utility Vehicle 2WD,6.0,3.6,Automatic 8,RWD,Midgrade Gasoline,14,22,CONNECTICUT AVE,Maryland (State),RAMP 4 FR MD 185 NB TO IS 495 EB,Ramp,8169557694483571,20815,CHEVY CHASE,78258.2702851,151813895.483,38.98381860627773,-77.07842006190148,33.7745,40.694256,0.0,0.0,0.0,7.9036193,210.0685,210716167078489838,2021-07-16 16:00:00,16,PM,197,4,Friday,0,7,July,2021,0,Unknown
MCP31600030,11E69E5C06164EC19976595A1E248099,True,NO APPARENT INJURY,NONE,LOOKED BUT DID NOT SEE,PASSENGER,SLOWING OR STOPPING,North,DISABLING,35,False,False,5,771639482590621,210027514,Montgomery County Police,Property Damage ,False,North,3,3,LEVEL,False,False,DRIVER,SAME DIR REAR END,DRY,DAYLIGHT,NO CONTROLS,NON INTERSECTION,UNKNOWN,STRAIGHT,NO DEFECTS,"TWO-WAY, DIVIDED, POSITIVE MEDIAN BARRIER",39.00281667,-77.077195,1627793738140795,8169557694483571,0,0,0,2021071616,7707842038983818,Honda,2005,S2000,Two Seaters,4.0,2.2,Manual 6,RWD,Premium Gasoline,17,23,CONNECTICUT AVE,Maryland (State),RAMP 4 FR MD 185 NB TO IS 495 EB,Ramp,8169557694483571,20815,CHEVY CHASE,78258.2702851,151813895.483,38.98381860627773,-77.07842006190148,33.7745,40.694256,0.0,0.0,0.0,7.9036193,210.0685,210716167078489838,2021-07-16 16:00:00,16,PM,197,4,Friday,0,7,July,2021,0,Unknown
MCP31600030,BDF7E7CAD2304F4F90CCDEC77F7D6DF7,False,NO APPARENT INJURY,NONE,NOT DISTRACTED,PASSENGER,SLOWING OR STOPPING,North,DISABLING,35,False,False,5,9774733708133201,210027514,Montgomery County Police,Property Damage ,False,North,3,3,LEVEL,False,False,DRIVER,SAME DIR REAR END,DRY,DAYLIGHT,NO CONTROLS,NON INTERSECTION,UNKNOWN,STRAIGHT,NO DEFECTS,"TWO-WAY, DIVIDED, POSITIVE MEDIAN BARRIER",39.00281667,-77.077195,1627793738140795,8169557694483571,0,0,0,2021071616,7707842038983818,Porsche,2009,Cayenne,Sport Utility Vehicle - 4WD,8.0,4.8,Automatic 6,AWD,Premium Gasoline,12,19,CONNECTICUT AVE,Maryland (State),RAMP 4 FR MD 185 NB TO IS 495 EB,Ramp,8169557694483571,20815,CHEVY CHASE,78258.2702851,151813895.483,38.98381860627773,-77.07842006190148,33.7745,40.694256,0.0,0.0,0.0,7.9036193,210.0685,210716167078489838,2021-07-16 16:00:00,16,PM,197,4,Friday,0,7,July,2021,0,Unknown
MCP31600030,C193DED7B56646F5BE328FE6E166155C,False,NO APPARENT INJURY,NONE,NOT DISTRACTED,PASSENGER,SLOWING OR STOPPING,North,SUPERFICIAL,35,False,False,5,1852659872653397,210027514,Montgomery County Police,Property Damage ,False,North,3,3,LEVEL,False,False,DRIVER,SAME DIR REAR END,DRY,DAYLIGHT,NO CONTROLS,NON INTERSECTION,UNKNOWN,STRAIGHT,NO DEFECTS,"TWO-WAY, DIVIDED, POSITIVE MEDIAN BARRIER",39.00281667,-77.077195,1627793738140795,8169557694483571,0,0,0,2021071616,7707842038983818,Hyundai,2020,Tucson,Small Sport Utility Vehicle 2WD,4.0,2.0,Automatic 6,AWD,Regular Gasoline,22,28,CONNECTICUT AVE,Maryland (State),RAMP 4 FR MD 185 NB TO IS 495 EB,Ramp,8169557694483571,20815,CHEVY CHASE,78258.2702851,151813895.483,38.98381860627773,-77.07842006190148,33.7745,40.694256,0.0,0.0,0.0,7.9036193,210.0685,210716167078489838,2021-07-16 16:00:00,16,PM,197,4,Friday,0,7,July,2021,0,Unknown
MCP31600030,BA8CEC482CA6424BAF084441D87C7CD0,False,NO APPARENT INJURY,NONE,NOT DISTRACTED,PASSENGER,SLOWING OR STOPPING,North,SUPERFICIAL,35,False,False,5,660615385035114,210027514,Montgomery County Police,Property Damage ,False,North,3,3,LEVEL,False,False,DRIVER,SAME DIR REAR END,DRY,DAYLIGHT,NO CONTROLS,NON INTERSECTION,UNKNOWN,STRAIGHT,NO DEFECTS,"TWO-WAY, DIVIDED, POSITIVE MEDIAN BARRIER",39.00281667,-77.077195,1627793738140795,8169557694483571,0,0,0,2021071616,7707842038983818,Ford,0,Unknown,Unknown,0.0,0.0,Unknown,Unknown,Unknown,0,0,CONNECTICUT AVE,Maryland (State),RAMP 4 FR MD 185 NB TO IS 495 EB,Ramp,8169557694483571,20815,CHEVY CHASE,78258.2702851,151813895.483,38.98381860627773,-77.07842006190148,33.7745,40.694256,0.0,0.0,0.0,7.9036193,210.0685,210716167078489838,2021-07-16 16:00:00,16,PM,197,4,Friday,0,7,July,2021,0,Unknown
MCP2054000Q,F47B251DC7364DD4A39D06B49B4903C5,True,NO APPARENT INJURY,UNKNOWN,UNKNOWN,PASSENGER,PASSING,South,SUPERFICIAL,35,False,False,2,8416511814156532,210027593,Montgomery County Police,Property Damage ,True,South,1,3,GRADE DOWNHILL,False,False,DRIVER,SAME DIRECTION SIDESWIPE,DRY,DARK LIGHTS ON,UNKNOWN,INTERSECTION RELATED,FOUR-WAY INTERSECTION,STRAIGHT,NO DEFECTS,"TWO-WAY, NOT DIVIDED",38.99751864,-77.02710006,7228418003688286,6732058886739677,0,0,0,2021071620,7703596439001907,Land Rover,2018,Range Rover,Standard Sport Utility Vehicle 4WD,8.0,5.0,Automatic 8,4WD,Premium Gasoline,17,29,COLESVILLE RD,US (State),FENTON ST,County,6732058886739677,20910,SILVER SPRING,82846.1568889,126320091.137,39.00190768010143,-77.03596497235911,29.7965,57.995743,0.0,0.0,0.0,10.787993,205.7099,210716207035990019,2021-07-16 20:00:00,20,PM,197,4,Friday,0,7,July,2021,0,Unknown
MCP2054000Q,7B5F9C45F25E4311BC84878C203F5DD1,False,NO APPARENT INJURY,NONE,NOT DISTRACTED,PASSENGER,MOVING CONSTANT SPEED,South,FUNCTIONAL,40,False,False,2,2815627418338661,210027593,Montgomery County Police,Property Damage ,True,South,1,3,GRADE DOWNHILL,False,False,DRIVER,SAME DIRECTION SIDESWIPE,DRY,DARK LIGHTS ON,UNKNOWN,INTERSECTION RELATED,FOUR-WAY INTERSECTION,STRAIGHT,NO DEFECTS,"TWO-WAY, NOT DIVIDED",38.99751864,-77.02710006,7228418003688286,6732058886739677,0,0,0,2021071620,7703596439001907,Honda,2015,Accord,Midsize Cars,4.0,2.4,Automatic 6,FWD,Regular Gasoline,21,34,COLESVILLE RD,US (State),FENTON ST,County,6732058886739677,20910,SILVER SPRING,82846.1568889,126320091.137,39.00190768010143,-77.03596497235911,29.7965,57.995743,0.0,0.0,0.0,10.787993,205.7099,210716207035990019,2021-07-16 20:00:00,20,PM,197,4,Friday,0,7,July,2021,0,Unknown
MCP3247001Q,53D448F0648C48778C9259862F764405,False,SUSPECTED MINOR INJURY,NONE,NOT DISTRACTED,PASSENGER,MOVING CONSTANT SPEED,North,DISABLING,35,False,False,2,5952593093736806,210027557,Montgomery County Police,Injury ,False,North,1,3,LEVEL,False,False,DRIVER,HEAD ON LEFT TURN,DRY,DARK LIGHTS ON,TRAFFIC SIGNAL,INTERSECTION,FOUR-WAY INTERSECTION,STRAIGHT,NO DEFECTS,"TWO-WAY, NOT DIVIDED",39.00872333,-77.040245,8554262040045692,5267462721107280,0,0,0,2021071621,7703596439001907,Honda,1998,Accord,Midsize Cars,4.0,2.3,Automatic 4,FWD,Regular Gasoline,18,27,GEORGIA AVE,Maryland (State),COLUMBIA BLVD,County,5267462721107280,20910,SILVER SPRING,82846.1568889,126320091.137,39.00190768010143,-77.03596497235911,28.4465,62.12784,0.0,0.0,0.0,8.473393,192.26476,210716217035990019,2021-07-16 21:00:00,21,PM,197,4,Friday,0,7,July,2021,0,Unknown
MCP3247001Q,4318E80BA73046668824121FC251B027,True,NO APPARENT INJURY,NONE,INATTENTIVE OR LOST IN THOUGHT,TRUCK,MAKING LEFT TURN,South,SUPERFICIAL,35,False,False,2,4099511865976739,210027557,Montgomery County Police,Injury ,False,North,1,3,LEVEL,False,False,DRIVER,HEAD ON LEFT TURN,DRY,DARK LIGHTS ON,TRAFFIC SIGNAL,INTERSECTION,FOUR-WAY INTERSECTION,STRAIGHT,NO DEFECTS,"TWO-WAY, NOT DIVIDED",39.00872333,-77.040245,8554262040045692,5267462721107280,0,0,0,2021071621,7703596439001907,Chevrolet,2005,Astro Cargo,"Vans, Cargo Type",6.0,4.3,Automatic 4,AWD,Regular Gasoline,14,16,GEORGIA AVE,Maryland (State),COLUMBIA BLVD,County,5267462721107280,20910,SILVER SPRING,82846.1568889,126320091.137,39.00190768010143,-77.03596497235911,28.4465,62.12784,0.0,0.0,0.0,8.473393,192.26476,210716217035990019,2021-07-16 21:00:00,21,PM,197,4,Friday,0,7,July,2021,0,Unknown
MCP28990051,1D47FD3036264D18AF242DFB21E49A65,True,NO APPARENT INJURY,NONE,INATTENTIVE OR LOST IN THOUGHT,PASSENGER,MOVING CONSTANT SPEED,South,FUNCTIONAL,35,False,False,1,4747793482142804,210027571,Montgomery County Police,Property Damage ,False,South,2,2,GRADE DOWNHILL,False,False,DRIVER,SAME DIRECTION SIDESWIPE,DRY,DARK LIGHTS ON,NO CONTROLS,UNKNOWN,UNKNOWN,STRAIGHT,NO DEFECTS,"TWO-WAY, DIVIDED, POSITIVE MEDIAN BARRIER",38.99404167,-77.03633,118399697147806,4570729910170239,0,0,0,2021071623,7703596439001907,Ford,2014,Mustang,Subcompact Cars,6.0,3.7,Automatic 6,RWD,Regular Gasoline,19,25,16TH ST,Maryland (State),EAST WEST HWY,Maryland (State),4570729910170239,20910,SILVER SPRING,82846.1568889,126320091.137,39.00190768010143,-77.03596497235911,26.8965,69.075424,0.0,0.0,0.0,7.342588,168.69011,210716237035990019,2021-07-16 23:00:00,23,PM,197,4,Friday,0,7,July,2021,0,Unknown
MCP2776003K,D694D294D12F4F57B8B17B0D3A58FF99,True,NO APPARENT INJURY,UNKNOWN,UNKNOWN,PASSENGER,MOVING CONSTANT SPEED,East,FUNCTIONAL,30,False,False,1,9886165035923942,210027590,Montgomery County Police,Property Damage ,True,East,1,1,LEVEL,False,False,DRIVER,SAME DIR REAR END,DRY,DARK LIGHTS ON,NO CONTROLS,NON INTERSECTION,UNKNOWN,STRAIGHT,NO DEFECTS,"TWO-WAY, NOT DIVIDED",39.06475833,-77.08506,6147760481647362,441852561450306,0,0,0,2021071700,7705486039088590,Toyota,2016,Tundra,Standard Pickup Trucks 2WD,8.0,5.7,Automatic 6,4WD,Regular Gasoline,13,18,LITTLETON ST,County,DELANCY DR,County,441852561450306,20906,SILVER SPRING,133207.174949,359110751.771,39.08859082555049,-77.05486091907257,26.082499,71.30229,0.0,0.0,0.0,7.5599995,180.0,210717007054890885,2021-07-17 00:00:00,0,AM,198,5,Saturday,1,7,July,2021,0,Unknown
MCP27370054,B107AC1C99854E0FAD92A62A8ACBB18C,True,NO APPARENT INJURY,UNKNOWN,UNKNOWN,PASSENGER,MOVING CONSTANT SPEED,East,FUNCTIONAL,45,False,False,2,273510607238654,210027587,Montgomery County Police,Property Damage ,True,West,1,1,LEVEL,False,False,DRIVER,OPPOSITE DIRECTION SIDESWIPE,DRY,DARK LIGHTS ON,NO CONTROLS,NON INTERSECTION,UNKNOWN,STRAIGHT,NO DEFECTS,"TWO-WAY, NOT DIVIDED",39.1122645,-77.05999132,418179445979580,5110875374763793,0,0,0,2021071702,7705486039088590,Dodge,2017,Journey,Small Sport Utility Vehicle 2WD,6.0,3.6,Automatic 6,FWD,Regular Gasoline,16,25,NORBECK RD,Maryland (State),INTERCOUNTY CONNECTOR,Maryland (State),5110875374763793,20906,SILVER SPRING,133207.174949,359110751.771,39.08859082555049,-77.05486091907257,25.082499,74.73485,0.0,0.0,0.0,9.885262,190.49142,210717027054890885,2021-07-17 02:00:00,2,AM,198,5,Saturday,1,7,July,2021,0,Unknown
MCP27370054,08B64009DF8D4365A4D52DCCF850020D,False,NO APPARENT INJURY,NONE,NOT DISTRACTED,PASSENGER,MOVING CONSTANT SPEED,West,FUNCTIONAL,45,False,False,2,7871367503127427,210027587,Montgomery County Police,Property Damage ,True,West,1,1,LEVEL,False,False,DRIVER,OPPOSITE DIRECTION SIDESWIPE,DRY,DARK LIGHTS ON,NO CONTROLS,NON INTERSECTION,UNKNOWN,STRAIGHT,NO DEFECTS,"TWO-WAY, NOT DIVIDED",39.1122645,-77.05999132,418179445979580,5110875374763793,0,0,0,2021071702,7705486039088590,Toyota,2010,RAV4,Sport Utility Vehicle - 2WD,4.0,2.5,Automatic 4,AWD,Regular Gasoline,19,27,NORBECK RD,Maryland (State),INTERCOUNTY CONNECTOR,Maryland (State),5110875374763793,20906,SILVER SPRING,133207.174949,359110751.771,39.08859082555049,-77.05486091907257,25.082499,74.73485,0.0,0.0,0.0,9.885262,190.49142,210717027054890885,2021-07-17 02:00:00,2,AM,198,5,Saturday,1,7,July,2021,0,Unknown
MCP2930001W,F2770765CC31457AA74114432CB0FFBC,True,NO APPARENT INJURY,UNKNOWN,UNKNOWN,PASSENGER,UNKNOWN,South,DISABLING,15,False,False,1,7004010104313884,210027596,Montgomery County Police,Property Damage ,True,West,1,1,GRADE DOWNHILL,False,False,DRIVER,OTHER,DRY,DARK LIGHTS ON,NO CONTROLS,UNKNOWN,UNKNOWN,CURVE RIGHT,NO DEFECTS,"TWO-WAY, NOT DIVIDED",39.06934333,-77.07006833,2602402406295114,388377803167212,0,0,0,2021071704,7705486039088590,Honda,2012,Civic,Compact Cars,4.0,1.8,Automatic 5,FWD,Regular Gasoline,28,38,BLUHILL RD,County,KAYSON ST,County,388377803167212,20906,SILVER SPRING,133207.174949,359110751.771,39.08859082555049,-77.05486091907257,24.1325,79.83924,0.0,0.0,0.0,5.904439,232.43134,210717047054890885,2021-07-17 04:00:00,4,AM,198,5,Saturday,1,7,July,2021,0,Unknown
MCP243600CW,14AC23F973414D04BC01D835D704099A,True,NO APPARENT INJURY,NONE,UNKNOWN,PASSENGER,CHANGING LANES,North,SUPERFICIAL,40,False,False,2,2781967101306616,210027605,Montgomery County Police,Injury ,False,North,3,3,LEVEL,False,False,DRIVER,SAME DIRECTION SIDESWIPE,DRY,DAYLIGHT,NO CONTROLS,INTERSECTION RELATED,Y-INTERSECTION,STRAIGHT,NO DEFECTS,"TWO-WAY, DIVIDED, POSITIVE MEDIAN BARRIER",39.01629872,-76.97729937,8901981419077344,9649119129417744,0,0,0,2021071708,7698354239018293,Ford,2006,F150,Standard Pickup Trucks 2WD,8.0,5.4,Automatic 4,RWD,Regular Gasoline,12,17,NEW HAMPSHIRE AVE,Maryland (State),RAMP 4 FR MD 650 NB TO IS 495 EB,Ramp,9649119129417744,20903,SILVER SPRING,50204.7192451,65972447.4483,39.01829365940637,-76.9835422251861,26.0845,75.35868,0.0,0.0,0.0,4.3349743,228.36655,210717086983590182,2021-07-17 08:00:00,8,AM,198,5,Saturday,1,7,July,2021,0,Unknown
MCP243600CW,8B40DB6BDE114516B33BC39317A1BBAA,False,POSSIBLE INJURY,NONE,NOT DISTRACTED,PASSENGER,MOVING CONSTANT SPEED,North,FUNCTIONAL,40,False,False,2,7285498200960189,210027605,Montgomery County Police,Injury ,False,North,3,3,LEVEL,False,False,DRIVER,SAME DIRECTION SIDESWIPE,DRY,DAYLIGHT,NO CONTROLS,INTERSECTION RELATED,Y-INTERSECTION,STRAIGHT,NO DEFECTS,"TWO-WAY, DIVIDED, POSITIVE MEDIAN BARRIER",39.01629872,-76.97729937,8901981419077344,9649119129417744,0,0,0,2021071708,7698354239018293,Honda,2006,Civic,Subcompact Cars,4.0,1.8,Automatic 5,FWD,Regular Gasoline,26,36,NEW HAMPSHIRE AVE,Maryland (State),RAMP 4 FR MD 650 NB TO IS 495 EB,Ramp,9649119129417744,20903,SILVER SPRING,50204.7192451,65972447.4483,39.01829365940637,-76.9835422251861,26.0845,75.35868,0.0,0.0,0.0,4.3349743,228.36655,210717086983590182,2021-07-17 08:00:00,8,AM,198,5,Saturday,1,7,July,2021,0,Unknown
MCP243600CX,420753049AB0427BB29C0BD25D65469C,True,NO APPARENT INJURY,NONE,NOT DISTRACTED,BUS,MAKING RIGHT TURN,South,SUPERFICIAL,30,False,False,1,240722642832247,210027613,Montgomery County Police,Property Damage ,False,West,0,1,GRADE DOWNHILL,False,False,DRIVER,SAME DIRECTION SIDESWIPE,DRY,DAYLIGHT,NO CONTROLS,NON INTERSECTION,UNKNOWN,STRAIGHT,NO DEFECTS,"TWO-WAY, NOT DIVIDED",39.01541115,-76.97838472,4991976696759948,8901981419077344,0,0,0,2021071710,7698354239018293,Gillig,0,Unknown,Unknown,0.0,0.0,Unknown,Unknown,Unknown,0,0,OAKVIEW DR,County,NEW HAMPSHIRE AVE,Maryland (State),8901981419077344,20903,SILVER SPRING,50204.7192451,65972447.4483,39.01829365940637,-76.9835422251861,30.134499,60.435955,0.0,0.0,0.0,5.0142193,201.03758,210717106983590182,2021-07-17 10:00:00,10,AM,198,5,Saturday,1,7,July,2021,0,Unknown
MCP9318001Q,EB762DCBE0834626BAF472AF071CE47B,False,NO APPARENT INJURY,NONE,NOT DISTRACTED,EMERGENCY,SLOWING OR STOPPING,South,SUPERFICIAL,40,False,False,2,114196070752860,210027636,Montgomery County Police,Property Damage ,True,South,1,3,LEVEL,False,False,DRIVER,SAME DIR REAR END,DRY,DAYLIGHT,NO CONTROLS,NON INTERSECTION,UNKNOWN,STRAIGHT,NO DEFECTS,"TWO-WAY, DIVIDED, POSITIVE MEDIAN BARRIER",39.01521055,-76.97807398,8901981419077344,4991976696759948,0,0,0,2021071714,7698354239018293,Toyota,2006,Avalon,Large Cars,6.0,3.5,Automatic 5,FWD,Regular Gasoline,20,28,NEW HAMPSHIRE AVE,Maryland (State),OAKVIEW DR,County,4991976696759948,20903,SILVER SPRING,50204.7192451,65972447.4483,39.01829365940637,-76.9835422251861,30.5845,61.84102,0.0,0.0,0.0,13.276144,192.5288,210717146983590182,2021-07-17 14:00:00,14,PM,198,5,Saturday,1,7,July,2021,0,Unknown
MCP9318001Q,57E00CA2658A4635B6F8D3114028B51C,True,NO APPARENT INJURY,UNKNOWN,UNKNOWN,PASSENGER,MOVING CONSTANT SPEED,South,UNKNOWN,40,False,False,2,819104278288412,210027636,Montgomery County Police,Property Damage ,True,South,1,3,LEVEL,False,False,DRIVER,SAME DIR REAR END,DRY,DAYLIGHT,NO CONTROLS,NON INTERSECTION,UNKNOWN,STRAIGHT,NO DEFECTS,"TWO-WAY, DIVIDED, POSITIVE MEDIAN BARRIER",39.01521055,-76.97807398,8901981419077344,4991976696759948,0,0,0,2021071714,7698354239018293,Nissan,2012,Altima,Subcompact Cars,4.0,2.5,Automatic 6,FWD,Regular Gasoline,23,27,NEW HAMPSHIRE AVE,Maryland (State),OAKVIEW DR,County,4991976696759948,20903,SILVER SPRING,50204.7192451,65972447.4483,39.01829365940637,-76.9835422251861,30.5845,61.84102,0.0,0.0,0.0,13.276144,192.5288,210717146983590182,2021-07-17 14:00:00,14,PM,198,5,Saturday,1,7,July,2021,0,Unknown
MCP3233001M,E9C147867E5742549E8229C1C79F241A,False,NO APPARENT INJURY,NONE,NOT DISTRACTED,PASSENGER,MOVING CONSTANT SPEED,South,SUPERFICIAL,40,False,False,3,9638033989109305,210027642,Montgomery County Police,Property Damage ,False,South,1,2,LEVEL,False,False,DRIVER,SAME DIR REAR END,DRY,DAYLIGHT,NO CONTROLS,INTERSECTION RELATED,FOUR-WAY INTERSECTION,STRAIGHT,NO DEFECTS,"TWO-WAY, DIVIDED, POSITIVE MEDIAN BARRIER",39.011553,-76.97947417,7259754787171885,8901981419077344,0,0,0,2021071715,7698354239018293,Chrysler,2005,Voyager/Town and Country,Minivan - 2WD,6.0,3.3,Automatic 4,FWD,Regular Gasoline,16,23,DILSTON RD,County,NEW HAMPSHIRE AVE,Maryland (State),8901981419077344,20903,SILVER SPRING,50204.7192451,65972447.4483,39.01829365940637,-76.9835422251861,31.384499,58.72406,0.1,0.1,0.0,11.885453,215.13428,210717156983590182,2021-07-17 15:00:00,15,PM,198,5,Saturday,1,7,July,2021,0,Unknown
MCP3233001M,40374D0D532344DB9D2069796B6D63AA,True,NO APPARENT INJURY,UNKNOWN,UNKNOWN,PASSENGER,MOVING CONSTANT SPEED,South,SUPERFICIAL,40,False,False,3,2029147793887497,210027642,Montgomery County Police,Property Damage ,False,South,1,2,LEVEL,False,False,DRIVER,SAME DIR REAR END,DRY,DAYLIGHT,NO CONTROLS,INTERSECTION RELATED,FOUR-WAY INTERSECTION,STRAIGHT,NO DEFECTS,"TWO-WAY, DIVIDED, POSITIVE MEDIAN BARRIER",39.011553,-76.97947417,7259754787171885,8901981419077344,0,0,0,2021071715,7698354239018293,Infiniti,2000,I30,Midsize Cars,6.0,3.0,Automatic 4,FWD,Regular Gasoline,17,25,DILSTON RD,County,NEW HAMPSHIRE AVE,Maryland (State),8901981419077344,20903,SILVER SPRING,50204.7192451,65972447.4483,39.01829365940637,-76.9835422251861,31.384499,58.72406,0.1,0.1,0.0,11.885453,215.13428,210717156983590182,2021-07-17 15:00:00,15,PM,198,5,Saturday,1,7,July,2021,0,Unknown
MCP3233001M,39EFCB630EAD4BC3BF1CD7348CFB97CD,False,NO APPARENT INJURY,NONE,NOT DISTRACTED,PASSENGER,MOVING CONSTANT SPEED,South,SUPERFICIAL,40,False,False,3,2556346062999048,210027642,Montgomery County Police,Property Damage ,False,South,1,2,LEVEL,False,False,DRIVER,SAME DIR REAR END,DRY,DAYLIGHT,NO CONTROLS,INTERSECTION RELATED,FOUR-WAY INTERSECTION,STRAIGHT,NO DEFECTS,"TWO-WAY, DIVIDED, POSITIVE MEDIAN BARRIER",39.011553,-76.97947417,7259754787171885,8901981419077344,0,0,0,2021071715,7698354239018293,Ford,2019,Fusion,Midsize Cars,4.0,2.0,Automatic 6,FWD,Regular Gasoline,43,40,DILSTON RD,County,NEW HAMPSHIRE AVE,Maryland (State),8901981419077344,20903,SILVER SPRING,50204.7192451,65972447.4483,39.01829365940637,-76.9835422251861,31.384499,58.72406,0.1,0.1,0.0,11.885453,215.13428,210717156983590182,2021-07-17 15:00:00,15,PM,198,5,Saturday,1,7,July,2021,0,Unknown
DM84780010,47752FA901CB4990829FC3EAF09F44EA,False,NO APPARENT INJURY,NONE,NOT DISTRACTED,PASSENGER,PARKED,UNKNOWN,FUNCTIONAL,0,True,False,2,8922103739044230,210027652,Takoma Park Police Depart,Property Damage ,False,UNKNOWN,0,0,GRADE DOWNHILL,False,False,DRIVER,SAME DIRECTION LEFT TURN,DRY,DAYLIGHT,NO CONTROLS,NON INTERSECTION,UNKNOWN,STRAIGHT,NO DEFECTS,"TWO-WAY, NOT DIVIDED",38.979975,-77.00714667,8263739039717789,4323499834606588,0,0,0,2021071717,7700204038982546,Dodge,2015,Durango,Standard Sport Utility Vehicle 2WD,6.0,3.6,Automatic 8,RWD,Midgrade Gasoline,14,22,HANCOCK AVE,Municipality,LEE AVE,Municipality,4323499834606588,20912,TAKOMA PARK,51232.0653417,65209197.2692,38.98254687160147,-77.00204079343348,29.298,68.48686,0.6,0.6,0.0,6.519877,173.6599,210717177002089825,2021-07-17 17:00:00,17,PM,198,5,Saturday,1,7,July,2021,0,Unknown
DM84780010,AB4A3D63B69646C581E14EF4D2A89B9F,True,NO APPARENT INJURY,NONE,NOT DISTRACTED,PASSENGER,ACCELERATING,East,FUNCTIONAL,15,False,False,2,8224256003641414,210027652,Takoma Park Police Depart,Property Damage ,False,UNKNOWN,0,0,GRADE DOWNHILL,False,False,DRIVER,SAME DIRECTION LEFT TURN,DRY,DAYLIGHT,NO CONTROLS,NON INTERSECTION,UNKNOWN,STRAIGHT,NO DEFECTS,"TWO-WAY, NOT DIVIDED",38.979975,-77.00714667,8263739039717789,4323499834606588,0,0,0,2021071717,7700204038982546,Toyota,2013,Prius,Midsize Cars,4.0,1.8,Automatic CVT,FWD,Regular Gasoline,49,46,HANCOCK AVE,Municipality,LEE AVE,Municipality,4323499834606588,20912,TAKOMA PARK,51232.0653417,65209197.2692,38.98254687160147,-77.00204079343348,29.298,68.48686,0.6,0.6,0.0,6.519877,173.6599,210717177002089825,2021-07-17 17:00:00,17,PM,198,5,Saturday,1,7,July,2021,0,Unknown
MCP31610031,75305ED8A91E45C083CFD7F208B02840,False,NO APPARENT INJURY,NONE,NOT DISTRACTED,PASSENGER,MOVING CONSTANT SPEED,North,FUNCTIONAL,35,False,False,2,2458098179965810,210027646,Montgomery County Police,Property Damage ,False,North,3,3,LEVEL,False,False,DRIVER,HEAD ON LEFT TURN,WET,DAYLIGHT,TRAFFIC SIGNAL,INTERSECTION RELATED,FOUR-WAY INTERSECTION,STRAIGHT,NO DEFECTS,"TWO-WAY, DIVIDED, POSITIVE MEDIAN BARRIER",39.01303,-77.098605,5925405510732472,4780319453619910,0,0,0,2021071717,7710519939016894,Ford,2015,Fiesta,Subcompact Cars,4.0,1.6,Manual 5,FWD,Regular Gasoline,27,34,ROCKVILLE PIKE,Maryland (State),BELLEVUE DR,County,4780319453619910,20814,BETHESDA,58373.8630538,68540697.609,39.016894075883464,-77.10519990449882,29.984499,63.039474,0.0,0.0,0.0,5.771239,183.57626,210717177105190168,2021-07-17 17:00:00,17,PM,198,5,Saturday,1,7,July,2021,0,Unknown