ReportNumber,VehicleCrashKey,DriverAtFault,DriverInjurySeverity,DriverSubstanceAbuse,DriverDistractedBy,VehicleType,VehicleMovement,VehicleGoingDir,VehicleDamageExtent,SpeedLimit,ParkedVehicle,SubstanceAbuseContributed,VehiclesCrashedTotal,VehicleKey,LocalCaseNumber,AgencyName,ACRSReportType,HitRun,LaneDirection,LaneNumber,NumberOfLanes,RoadGrade,NonTraffic,OffRoadIncident,AccidentAtFault,CollisionType,SurfaceCondition,Light,TrafficControl,Junction,IntersectionType,RoadAlignment,RoadCondition,RoadDivision,Latitude,Longitude,RoadKey_x,CrossStreetKey,NonMotoristTotal,NonMotoristInjury,NonMotoristFatal,DateHourKey,LocationAreaKey,Make,Year_x,BaseModel,BodyClass,Cylinders,Displacement,Transmission,Drivetrain,FuelType,CityMPG,HighwayMPG,RoadName_x,RouteType_x,RoadName_y,RouteType_y,RoadKey_y,Zipcode,MailCity,ShapeLength,ShapeArea,CentroidLatitude,CentroidLongitude,Temperature,Humidity,Precipitation,Rain,Snow,WindSpeed,WindDirection,WeatherKey,Datetime,Hour,TimeOfDay,DayNumber,WeekDayNumber,WeekDayName,WeekendFlag,MonthNumber,MonthName,Year_y,HolidayFlag,HolidayName
MCP31610031,CDB44E8739524B6A9BA40AA369AA20D4,True,NO APPARENT INJURY,NONE,UNKNOWN,PASSENGER,MAKING LEFT TURN,South,FUNCTIONAL,35,False,False,2,3892501858329465,210027646,Montgomery County Police,Property Damage ,False,North,3,3,LEVEL,False,False,DRIVER,HEAD ON LEFT TURN,WET,DAYLIGHT,TRAFFIC SIGNAL,INTERSECTION RELATED,FOUR-WAY INTERSECTION,STRAIGHT,NO DEFECTS,"TWO-WAY, DIVIDED, POSITIVE MEDIAN BARRIER",39.01303,-77.098605,5925405510732472,4780319453619910,0,0,0,2021071717,7710519939016894,Volkswagen,2004,Golf/GTI,Compact Cars,4.0,1.8,Manual 5,FWD,Premium Gasoline,21,28,ROCKVILLE PIKE,Maryland (State),BELLEVUE DR,County,4780319453619910,20814,BETHESDA,58373.8630538,68540697.609,39.016894075883464,-77.10519990449882,29.984499,63.039474,0.0,0.0,0.0,5.771239,183.57626,210717177105190168,2021-07-17 17:00:00,17,PM,198,5,Saturday,1,7,July,2021,0,Unknown
MCP3287001C,AB321EF5F648496BBB9A0555AB61B4B9,False,NO APPARENT INJURY,UNKNOWN,NOT DISTRACTED,PASSENGER,MOVING CONSTANT SPEED,East,FUNCTIONAL,30,False,False,2,2556346029443810,210027680,Montgomery County Police,Property Damage ,True,East,1,1,LEVEL,False,False,DRIVER,OPPOSITE DIRECTION SIDESWIPE,WET,DARK NO LIGHTS,NO CONTROLS,NON INTERSECTION,UNKNOWN,CURVE RIGHT,NO DEFECTS,"TWO-WAY, NOT DIVIDED",39.07219722,-77.06699882,141959807513606,9096541640042423,0,0,0,2021071722,7705486039088590,Ford,2017,Fusion,Midsize Cars,4.0,2.0,Automatic 6,FWD,Regular Gasoline,21,41,MAY ST,County,ESTELLE TERR,County,9096541640042423,20906,SILVER SPRING,133207.174949,359110751.771,39.08859082555049,-77.05486091907257,24.0325,96.45301,0.1,0.1,0.0,4.379589,350.53775,210717227054890885,2021-07-17 22:00:00,22,PM,198,5,Saturday,1,7,July,2021,0,Unknown
MCP3287001C,E8AE43F3DC804AC79716B200B7BB8C45,True,NO APPARENT INJURY,UNKNOWN,UNKNOWN,PASSENGER,MOVING CONSTANT SPEED,West,SUPERFICIAL,30,False,False,2,7030541539811171,210027680,Montgomery County Police,Property Damage ,True,East,1,1,LEVEL,False,False,DRIVER,OPPOSITE DIRECTION SIDESWIPE,WET,DARK NO LIGHTS,NO CONTROLS,NON INTERSECTION,UNKNOWN,CURVE RIGHT,NO DEFECTS,"TWO-WAY, NOT DIVIDED",39.07219722,-77.06699882,141959807513606,9096541640042423,0,0,0,2021071722,7705486039088590,Dodge,2007,Nitro,Sport Utility Vehicle - 2WD,6.0,3.7,Automatic 4,AWD,Regular Gasoline,16,22,MAY ST,County,ESTELLE TERR,County,9096541640042423,20906,SILVER SPRING,133207.174949,359110751.771,39.08859082555049,-77.05486091907257,24.0325,96.45301,0.1,0.1,0.0,4.379589,350.53775,210717227054890885,2021-07-17 22:00:00,22,PM,198,5,Saturday,1,7,July,2021,0,Unknown
MCP3026006M,AD7DDCC8001C475D8934C50F4CACDE9C,True,POSSIBLE INJURY,NONE,NOT DISTRACTED,PASSENGER,MOVING CONSTANT SPEED,North,DESTROYED,35,False,False,1,8574589911173339,210027713,Montgomery County Police,Injury ,False,North,3,3,LEVEL,False,False,DRIVER,SINGLE VEHICLE,DRY,DAWN,NO CONTROLS,NON INTERSECTION,UNKNOWN,STRAIGHT,NO DEFECTS,"TWO-WAY, DIVIDED, POSITIVE MEDIAN BARRIER",38.97752298,-77.07710864,1627793738140795,9043331264354651,0,0,0,2021071805,7707842038983818,Mitsubishi,2006,Eclipse,Subcompact Cars,4.0,2.4,Automatic 4,FWD,Premium Gasoline,20,26,CONNECTICUT AVE,Maryland (State),ROSEMARY ST #2,Municipality,9043331264354651,20815,CHEVY CHASE,78258.2702851,151813895.483,38.98381860627773,-77.07842006190148,22.1745,92.06872,0.0,0.0,0.0,15.141414,288.00424,210718057078489838,2021-07-18 05:00:00,5,AM,199,6,Sunday,1,7,July,2021,0,Unknown
MCP3118003B,9B137563F7084352B731580EA63A1637,True,NO APPARENT INJURY,NONE,UNKNOWN,PASSENGER,MOVING CONSTANT SPEED,North,FUNCTIONAL,35,False,False,2,4505130605952666,210027727,Montgomery County Police,Property Damage ,False,North,2,3,LEVEL,False,False,DRIVER,STRAIGHT MOVEMENT ANGLE,DRY,DAYLIGHT,TRAFFIC SIGNAL,INTERSECTION,FOUR-WAY INTERSECTION,STRAIGHT,NO DEFECTS,"TWO-WAY, DIVIDED, POSITIVE MEDIAN BARRIER",39.068255,-77.06088833,8554262040045692,342784259901357,0,0,0,2021071809,7705486039088590,Nissan,2020,Versa,Compact Cars,4.0,1.6,Automatic CVT,FWD,Regular Gasoline,27,35,GEORGIA AVE,Maryland (State),HATHAWAY DR,County,342784259901357,20906,SILVER SPRING,133207.174949,359110751.771,39.08859082555049,-77.05486091907257,22.332499,69.499,0.0,0.0,0.0,19.64558,283.78162,210718097054890885,2021-07-18 09:00:00,9,AM,199,6,Sunday,1,7,July,2021,0,Unknown
MCP3118003B,F3D583DE8C3240F09E31D8E70AAE77FB,False,NO APPARENT INJURY,NONE,NOT DISTRACTED,PASSENGER,ACCELERATING,West,DISABLING,25,False,False,2,8961481787963722,210027727,Montgomery County Police,Property Damage ,False,North,2,3,LEVEL,False,False,DRIVER,STRAIGHT MOVEMENT ANGLE,DRY,DAYLIGHT,TRAFFIC SIGNAL,INTERSECTION,FOUR-WAY INTERSECTION,STRAIGHT,NO DEFECTS,"TWO-WAY, DIVIDED, POSITIVE MEDIAN BARRIER",39.068255,-77.06088833,8554262040045692,342784259901357,0,0,0,2021071809,7705486039088590,Mazda,0,Unknown,Unknown,0.0,0.0,Unknown,Unknown,Unknown,0,0,GEORGIA AVE,Maryland (State),HATHAWAY DR,County,342784259901357,20906,SILVER SPRING,133207.174949,359110751.771,39.08859082555049,-77.05486091907257,22.332499,69.499,0.0,0.0,0.0,19.64558,283.78162,210718097054890885,2021-07-18 09:00:00,9,AM,199,6,Sunday,1,7,July,2021,0,Unknown
MCP3124004F,BA2D8B28E0D54A4484C807CD2A54EF8C,True,NO APPARENT INJURY,NONE,BY MOVING OBJECT IN VEHICLE,PASSENGER,MOVING CONSTANT SPEED,East,SUPERFICIAL,25,False,False,1,771639365147288,210027766,Montgomery County Police,Property Damage ,True,East,1,2,LEVEL,False,False,DRIVER,OTHER,DRY,DAYLIGHT,UNKNOWN,INTERSECTION RELATED,T-INTERSECTION,STRAIGHT,NO DEFECTS,"TWO-WAY, NOT DIVIDED",39.05216946,-77.0774279,6582694415826079,4705353737830373,0,0,0,2021071813,7705486039088590,Honda,2002,S2000,Two Seaters,4.0,2.0,Manual 6,RWD,Premium Gasoline,18,24,FERRARA DR,County,FERRARA AVE,County,4705353737830373,20906,SILVER SPRING,133207.174949,359110751.771,39.08859082555049,-77.05486091907257,27.932499,46.259018,0.0,0.0,0.0,18.919704,291.19412,210718137054890885,2021-07-18 13:00:00,13,PM,199,6,Sunday,1,7,July,2021,0,Unknown
MCP25220017,81121F2557B44CDA905363C6186312F9,True,NO APPARENT INJURY,UNKNOWN,UNKNOWN,PASSENGER,MOVING CONSTANT SPEED,South,FUNCTIONAL,30,False,False,1,3611013946236969,210027749,Montgomery County Police,Property Damage ,True,South,1,2,GRADE DOWNHILL,False,False,DRIVER,SINGLE VEHICLE,DRY,DAYLIGHT,NO CONTROLS,NON INTERSECTION,UNKNOWN,STRAIGHT,NO DEFECTS,"TWO-WAY, DIVIDED, UNPROTECTED PAINTED MIN 4 FEET",38.9895645,-77.17945367,5649845508558429,5704561797622726,0,0,0,2021071813,7715220038996189,Volkswagen,2017,Golf/GTI,Compact Cars,4.0,1.8,Automatic 6,FWD,Regular Gasoline,22,30,PERSIMMON TREE RD,County,SAUNDERS LA,County,5704561797622726,20817,BETHESDA,143234.920079,403664948.588,38.996189145680184,-77.15220044157795,28.993,42.28277,0.0,0.0,0.0,16.610792,299.8988,210718137152289961,2021-07-18 13:00:00,13,PM,199,6,Sunday,1,7,July,2021,0,Unknown
MCP29340048,78590C8F939241039DF443A902840FC6,True,NO APPARENT INJURY,NONE,LOOKED BUT DID NOT SEE,PASSENGER,MAKING RIGHT TURN,East,SUPERFICIAL,35,False,False,1,8243785660235230,210027767,Montgomery County Police,Injury ,False,East,0,2,LEVEL,False,False,BOTH,OTHER,DRY,DAYLIGHT,TRAFFIC SIGNAL,INTERSECTION,FOUR-WAY INTERSECTION,STRAIGHT,NO DEFECTS,"TWO-WAY, DIVIDED, POSITIVE MEDIAN BARRIER",39.02685239,-77.12636166,4494898042244063,5682945118739953,1,1,0,2021071816,7715220038996189,Toyota,2016,Camry,Midsize Cars,4.0,2.5,Automatic 6,FWD,Regular Gasoline,21,30,OLD GEORGETOWN RD,Maryland (State),ROCK SPRING DR,County,5682945118739953,20817,BETHESDA,143234.920079,403664948.588,38.996189145680184,-77.15220044157795,29.293,41.42206,0.0,0.0,0.0,19.406637,319.51407,210718167152289961,2021-07-18 16:00:00,16,PM,199,6,Sunday,1,7,July,2021,0,Unknown
MCP32630016,FE5AB2ED577E41999D80B1C1207AFAF0,False,NO APPARENT INJURY,NONE,NOT DISTRACTED,PASSENGER,ACCELERATING,West,FUNCTIONAL,35,False,False,2,7731084117060589,210027778,Montgomery County Police,Property Damage ,False,North,1,2,GRADE DOWNHILL,False,False,DRIVER,STRAIGHT MOVEMENT ANGLE,DRY,DAYLIGHT,TRAFFIC SIGNAL,INTERSECTION,FOUR-WAY INTERSECTION,STRAIGHT,NO DEFECTS,"TWO-WAY, NOT DIVIDED",38.955785,-77.10556833,7737340436593800,286719956030257,0,0,0,2021071818,7711806238956479,Toyota,2019,Highlander,Standard Sport Utility Vehicle 4WD,6.0,3.5,Automatic 8,AWD,Regular Gasoline,20,27,MASSACHUSETTS AVE,Maryland (State),BALTIMORE AVE,County,286719956030257,20816,BETHESDA,58716.1248449,117565480.431,38.95647982277882,-77.11806249046538,28.8475,38.957306,0.0,0.0,0.0,12.496718,318.50363,210718187118089564,2021-07-18 18:00:00,18,PM,199,6,Sunday,1,7,July,2021,0,Unknown
MCP32630016,B80247F9CEB54F14BA5DCB1995C07EB4,True,NO APPARENT INJURY,NONE,EATING OR DRINKING,PASSENGER,MOVING CONSTANT SPEED,North,DISABLING,35,False,False,2,5165463563937146,210027778,Montgomery County Police,Property Damage ,False,North,1,2,GRADE DOWNHILL,False,False,DRIVER,STRAIGHT MOVEMENT ANGLE,DRY,DAYLIGHT,TRAFFIC SIGNAL,INTERSECTION,FOUR-WAY INTERSECTION,STRAIGHT,NO DEFECTS,"TWO-WAY, NOT DIVIDED",38.955785,-77.10556833,7737340436593800,286719956030257,0,0,0,2021071818,7711806238956479,Chevrolet,2018,Suburban,Standard Sport Utility Vehicle 2WD,8.0,5.3,Automatic 6,4WD,Regular Gasoline,15,22,MASSACHUSETTS AVE,Maryland (State),BALTIMORE AVE,County,286719956030257,20816,BETHESDA,58716.1248449,117565480.431,38.95647982277882,-77.11806249046538,28.8475,38.957306,0.0,0.0,0.0,12.496718,318.50363,210718187118089564,2021-07-18 18:00:00,18,PM,199,6,Sunday,1,7,July,2021,0,Unknown
MCP3127001R,D9ECAEDC77C14E36B97F6825F647E499,True,NO APPARENT INJURY,ALCOHOL,NOT DISTRACTED,PASSENGER,MOVING CONSTANT SPEED,East,DISABLING,35,False,True,1,7004010272090074,210027819,Montgomery County Police,Property Damage ,False,East,1,1,LEVEL,False,False,DRIVER,SINGLE VEHICLE,DRY,DARK LIGHTS ON,NO CONTROLS,UNKNOWN,UNKNOWN,STRAIGHT,NO DEFECTS,"TWO-WAY, NOT DIVIDED",38.9771647,-77.0868882,7806589269723106,1627793738140795,0,0,0,2021071901,7707842038983818,Honda,2018,Civic,Compact Cars,4.0,1.5,Manual 6,FWD,Regular Gasoline,28,38,BRADLEY LA,Maryland (State),CONNECTICUT AVE,Maryland (State),1627793738140795,20815,CHEVY CHASE,78258.2702851,151813895.483,38.98381860627773,-77.07842006190148,21.5745,68.68971,0.0,0.0,0.0,7.9526596,264.80566,210719017078489838,2021-07-19 01:00:00,1,AM,200,0,Monday,0,7,July,2021,0,Unknown
MCP243600CY,3A3C7CE8100B42F28888026CF5EF87D2,True,NO APPARENT INJURY,NONE,UNKNOWN,PASSENGER,CHANGING LANES,South,SUPERFICIAL,40,False,False,2,563142937445738,210027863,Montgomery County Police,Property Damage ,False,South,2,3,LEVEL,False,False,DRIVER,SAME DIRECTION SIDESWIPE,DRY,DAYLIGHT,NO CONTROLS,UNKNOWN,UNKNOWN,STRAIGHT,NO DEFECTS,"TWO-WAY, DIVIDED, POSITIVE MEDIAN BARRIER",39.01502173,-76.977237,8901981419077344,4991976696759948,0,0,0,2021071911,7698354239018293,Audi,2008,Q7,Sport Utility Vehicle - 4WD,6.0,3.6,Automatic 6,AWD,Premium Gasoline,12,17,NEW HAMPSHIRE AVE,Maryland (State),OAKVIEW DR,County,4991976696759948,20903,SILVER SPRING,50204.7192451,65972447.4483,39.01829365940637,-76.9835422251861,27.2845,50.253174,0.0,0.0,0.0,5.937272,255.96373,210719116983590182,2021-07-19 11:00:00,11,AM,200,0,Monday,0,7,July,2021,0,Unknown
MCP243600CY,C7E257A53C134092B8578B5FEC1FCE5A,False,NO APPARENT INJURY,NONE,NOT DISTRACTED,PASSENGER,MOVING CONSTANT SPEED,South,SUPERFICIAL,40,False,False,2,1093417202524063,210027863,Montgomery County Police,Property Damage ,False,South,2,3,LEVEL,False,False,DRIVER,SAME DIRECTION SIDESWIPE,DRY,DAYLIGHT,NO CONTROLS,UNKNOWN,UNKNOWN,STRAIGHT,NO DEFECTS,"TWO-WAY, DIVIDED, POSITIVE MEDIAN BARRIER",39.01502173,-76.977237,8901981419077344,4991976696759948,0,0,0,2021071911,7698354239018293,Toyota,2013,Sienna,Minivan - 2WD,6.0,3.5,Automatic 6,FWD,Regular Gasoline,16,23,NEW HAMPSHIRE AVE,Maryland (State),OAKVIEW DR,County,4991976696759948,20903,SILVER SPRING,50204.7192451,65972447.4483,39.01829365940637,-76.9835422251861,27.2845,50.253174,0.0,0.0,0.0,5.937272,255.96373,210719116983590182,2021-07-19 11:00:00,11,AM,200,0,Monday,0,7,July,2021,0,Unknown
MCP12050073,B00635ECA4DE443FBCF3B71FA080C14F,True,NO APPARENT INJURY,NONE,LOOKED BUT DID NOT SEE,PASSENGER,MAKING LEFT TURN,South,DISABLING,35,False,False,3,3997983288683428,210027891,Montgomery County Police,Property Damage ,False,North,3,3,LEVEL,False,False,DRIVER,STRAIGHT MOVEMENT ANGLE,DRY,DAYLIGHT,TRAFFIC SIGNAL,INTERSECTION,T-INTERSECTION,STRAIGHT,NO DEFECTS,"TWO-WAY, DIVIDED, POSITIVE MEDIAN BARRIER",38.99052,-77.07707167,1627793738140795,1991419697605557,0,0,0,2021071914,7707842038983818,Chevrolet,2019,Colorado,Small Pickup Trucks 4WD,4.0,3.6,Automatic 6,4WD,Regular Gasoline,20,24,CONNECTICUT AVE,Maryland (State),DUNLOP ST,County,1991419697605557,20815,CHEVY CHASE,78258.2702851,151813895.483,38.98381860627773,-77.07842006190148,29.2745,42.224213,0.0,0.0,0.0,4.452954,284.03625,210719147078489838,2021-07-19 14:00:00,14,PM,200,0,Monday,0,7,July,2021,0,Unknown
MCP12050073,7D0F32814AF742B5888A30526C2A817F,False,NO APPARENT INJURY,NONE,NOT DISTRACTED,PASSENGER,MOVING CONSTANT SPEED,North,DISABLING,35,False,False,3,4407273756904889,210027891,Montgomery County Police,Property Damage ,False,North,3,3,LEVEL,False,False,DRIVER,STRAIGHT MOVEMENT ANGLE,DRY,DAYLIGHT,TRAFFIC SIGNAL,INTERSECTION,T-INTERSECTION,STRAIGHT,NO DEFECTS,"TWO-WAY, DIVIDED, POSITIVE MEDIAN BARRIER",38.99052,-77.07707167,1627793738140795,1991419697605557,0,0,0,2021071914,7707842038983818,Ram,2017,Promaster City,Special Purpose Vehicle 2WD,4.0,2.4,Automatic 9,FWD,Regular Gasoline,21,28,CONNECTICUT AVE,Maryland (State),DUNLOP ST,County,1991419697605557,20815,CHEVY CHASE,78258.2702851,151813895.483,38.98381860627773,-77.07842006190148,29.2745,42.224213,0.0,0.0,0.0,4.452954,284.03625,210719147078489838,2021-07-19 14:00:00,14,PM,200,0,Monday,0,7,July,2021,0,Unknown
MCP12050073,3EAAB5C390DF4A25ACAE6C241349BC9B,False,NO APPARENT INJURY,NONE,NOT DISTRACTED,PASSENGER,STOPPED IN TRAFFIC LANE,West,FUNCTIONAL,25,False,False,3,8625340724736341,210027891,Montgomery County Police,Property Damage ,False,North,3,3,LEVEL,False,False,DRIVER,STRAIGHT MOVEMENT ANGLE,DRY,DAYLIGHT,TRAFFIC SIGNAL,INTERSECTION,T-INTERSECTION,STRAIGHT,NO DEFECTS,"TWO-WAY, DIVIDED, POSITIVE MEDIAN BARRIER",38.99052,-77.07707167,1627793738140795,1991419697605557,0,0,0,2021071914,7707842038983818,Acura,2021,NSX,Two Seaters,6.0,3.5,Automatic 9,AWD,Premium Gasoline,21,22,CONNECTICUT AVE,Maryland (State),DUNLOP ST,County,1991419697605557,20815,CHEVY CHASE,78258.2702851,151813895.483,38.98381860627773,-77.07842006190148,29.2745,42.224213,0.0,0.0,0.0,4.452954,284.03625,210719147078489838,2021-07-19 14:00:00,14,PM,200,0,Monday,0,7,July,2021,0,Unknown
MCP3118003C,9AD0862A24C24C058869C235BBC1BBD7,False,NO APPARENT INJURY,NONE,NOT DISTRACTED,PASSENGER,STOPPED IN TRAFFIC LANE,West,DESTROYED,10,False,False,3,3233063173565461,210027895,Montgomery County Police,Property Damage ,False,North,0,3,GRADE DOWNHILL,False,False,DRIVER,ANGLE MEETS LEFT TURN,DRY,DAYLIGHT,UNKNOWN,CROSSOVER RELATED,OTHER,STRAIGHT,UNKNOWN,"TWO-WAY, DIVIDED, POSITIVE MEDIAN BARRIER",39.07978667,-77.07366833,8554262040045692,6653866210450982,0,0,0,2021071914,7705486039088590,Toyota,0,Unknown,Unknown,0.0,0.0,Unknown,Unknown,Unknown,0,0,GEORGIA AVE,Maryland (State),WENDY LA,County,6653866210450982,20906,SILVER SPRING,133207.174949,359110751.771,39.08859082555049,-77.05486091907257,29.8825,40.011326,0.0,0.0,0.0,5.0528407,274.08554,210719147054890885,2021-07-19 14:00:00,14,PM,200,0,Monday,0,7,July,2021,0,Unknown
MCP3118003C,86EC8452322D49ECAC73C5098E766472,True,NO APPARENT INJURY,NONE,NOT DISTRACTED,PASSENGER,MAKING LEFT TURN,East,DISABLING,35,False,False,3,3233063173565461,210027895,Montgomery County Police,Property Damage ,False,North,0,3,GRADE DOWNHILL,False,False,DRIVER,ANGLE MEETS LEFT TURN,DRY,DAYLIGHT,UNKNOWN,CROSSOVER RELATED,OTHER,STRAIGHT,UNKNOWN,"TWO-WAY, DIVIDED, POSITIVE MEDIAN BARRIER",39.07978667,-77.07366833,8554262040045692,6653866210450982,0,0,0,2021071914,7705486039088590,Toyota,0,Unknown,Unknown,0.0,0.0,Unknown,Unknown,Unknown,0,0,GEORGIA AVE,Maryland (State),WENDY LA,County,6653866210450982,20906,SILVER SPRING,133207.174949,359110751.771,39.08859082555049,-77.05486091907257,29.8825,40.011326,0.0,0.0,0.0,5.0528407,274.08554,210719147054890885,2021-07-19 14:00:00,14,PM,200,0,Monday,0,7,July,2021,0,Unknown
MCP3118003C,714B3E81AA12429889C6F2C7EE2E3614,False,NO APPARENT INJURY,NONE,NOT DISTRACTED,PASSENGER,MOVING CONSTANT SPEED,North,DISABLING,35,False,False,3,5082261605796576,210027895,Montgomery County Police,Property Damage ,False,North,0,3,GRADE DOWNHILL,False,False,DRIVER,ANGLE MEETS LEFT TURN,DRY,DAYLIGHT,UNKNOWN,CROSSOVER RELATED,OTHER,STRAIGHT,UNKNOWN,"TWO-WAY, DIVIDED, POSITIVE MEDIAN BARRIER",39.07978667,-77.07366833,8554262040045692,6653866210450982,0,0,0,2021071914,7705486039088590,Hyundai,2019,Elantra,Midsize Cars,4.0,1.6,Automatic 6,FWD,Regular Gasoline,25,30,GEORGIA AVE,Maryland (State),WENDY LA,County,6653866210450982,20906,SILVER SPRING,133207.174949,359110751.771,39.08859082555049,-77.05486091907257,29.8825,40.011326,0.0,0.0,0.0,5.0528407,274.08554,210719147054890885,2021-07-19 14:00:00,14,PM,200,0,Monday,0,7,July,2021,0,Unknown
MCP2671002P,7611D1A29C9B411698B276E74576A54F,True,NO APPARENT INJURY,UNKNOWN,UNKNOWN,PASSENGER,SLOWING OR STOPPING,South,FUNCTIONAL,25,False,False,1,7731083915729161,210027947,Montgomery County Police,Property Damage ,True,South,1,2,GRADE DOWNHILL,False,False,DRIVER,SAME DIRECTION SIDESWIPE,DRY,DAYLIGHT,NO CONTROLS,INTERSECTION,T-INTERSECTION,STRAIGHT,NO DEFECTS,"TWO-WAY, NOT DIVIDED",38.982025,-77.02325667,5219056538179752,1191738116950673,0,0,0,2021071917,7700204038982546,Toyota,2015,Highlander,Standard Sport Utility Vehicle 4WD,6.0,3.5,Automatic 6,AWD,Regular Gasoline,18,25,EASTERN DR,Other Public Roadway,BLAIR MILL RD,County,1191738116950673,20912,TAKOMA PARK,51232.0653417,65209197.2692,38.98254687160147,-77.00204079343348,31.148,36.303596,0.0,0.0,0.0,3.319036,257.4712,210719177002089825,2021-07-19 17:00:00,17,PM,200,0,Monday,0,7,July,2021,0,Unknown
MCP31120057,82B412A392C946BCB9E9AD6337F730AC,False,NO APPARENT INJURY,NONE,NOT DISTRACTED,EMERGENCY,STOPPED IN TRAFFIC LANE,West,SUPERFICIAL,25,False,False,3,9992477198948198,210027945,Montgomery County Police,Property Damage ,False,North,2,4,LEVEL,False,False,DRIVER,STRAIGHT MOVEMENT ANGLE,DRY,DAYLIGHT,STOP SIGN,INTERSECTION,FOUR-WAY INTERSECTION,STRAIGHT,NO DEFECTS,"TWO-WAY, DIVIDED, UNPROTECTED PAINTED MIN 4 FEET",38.98806733,-77.09952683,4494898042244063,9011314214305799,0,0,0,2021071918,7710072538987731,Dodge,2019,Charger,Large Cars,6.0,3.6,Automatic 8,RWD,Regular Gasoline,19,30,OLD GEORGETOWN RD,Maryland (State),CORDELL AVE,County,9011314214305799,20814,BETHESDA,46411.6876883,47837334.4314,38.98773167577017,-77.10072590539887,30.6485,36.51848,0.0,0.0,0.0,4.8433046,221.98714,210719187100789877,2021-07-19 18:00:00,18,PM,200,0,Monday,0,7,July,2021,0,Unknown
MCP31120057,82F959E18E5545AF982799A7E9F0D00A,False,NO APPARENT INJURY,NONE,NOT DISTRACTED,PASSENGER,MOVING CONSTANT SPEED,North,DISABLING,25,False,False,3,6026696679427126,210027945,Montgomery County Police,Property Damage ,False,North,2,4,LEVEL,False,False,DRIVER,STRAIGHT MOVEMENT ANGLE,DRY,DAYLIGHT,STOP SIGN,INTERSECTION,FOUR-WAY INTERSECTION,STRAIGHT,NO DEFECTS,"TWO-WAY, DIVIDED, UNPROTECTED PAINTED MIN 4 FEET",38.98806733,-77.09952683,4494898042244063,9011314214305799,0,0,0,2021071918,7710072538987731,Toyota,2004,Sequoia,Sport Utility Vehicle - 2WD,8.0,4.7,Automatic 4,AWD,Regular Gasoline,13,16,OLD GEORGETOWN RD,Maryland (State),CORDELL AVE,County,9011314214305799,20814,BETHESDA,46411.6876883,47837334.4314,38.98773167577017,-77.10072590539887,30.6485,36.51848,0.0,0.0,0.0,4.8433046,221.98714,210719187100789877,2021-07-19 18:00:00,18,PM,200,0,Monday,0,7,July,2021,0,Unknown
MCP31120057,3A1CB6CDB6C441FDA7C41DCBF62987F5,True,NO APPARENT INJURY,NONE,UNKNOWN,PASSENGER,ACCELERATING,East,DISABLING,25,False,False,3,1032942948665398,210027945,Montgomery County Police,Property Damage ,False,North,2,4,LEVEL,False,False,DRIVER,STRAIGHT MOVEMENT ANGLE,DRY,DAYLIGHT,STOP SIGN,INTERSECTION,FOUR-WAY INTERSECTION,STRAIGHT,NO DEFECTS,"TWO-WAY, DIVIDED, UNPROTECTED PAINTED MIN 4 FEET",38.98806733,-77.09952683,4494898042244063,9011314214305799,0,0,0,2021071918,7710072538987731,Toyota,2014,Corolla,Midsize Cars,4.0,1.8,Automatic CVT,FWD,Regular Gasoline,29,36,OLD GEORGETOWN RD,Maryland (State),CORDELL AVE,County,9011314214305799,20814,BETHESDA,46411.6876883,47837334.4314,38.98773167577017,-77.10072590539887,30.6485,36.51848,0.0,0.0,0.0,4.8433046,221.98714,210719187100789877,2021-07-19 18:00:00,18,PM,200,0,Monday,0,7,July,2021,0,Unknown
DM85010009,8DF70454B6D1413E979E6E83EEFC1F5C,True,NO APPARENT INJURY,UNKNOWN,UNKNOWN,UNKNOWN,UNKNOWN,UNKNOWN,UNKNOWN,10,False,False,1,8168321465439775,210027968,Takoma Park Police Depart,Property Damage ,True,UNKNOWN,0,0,UNKNOWN,True,True,DRIVER,UNKNOWN,UNKNOWN,DARK LIGHTS ON,UNKNOWN,UNKNOWN,UNKNOWN,UNKNOWN,UNKNOWN,UNKNOWN,38.98982667,-76.989805,7781945108562677,7781945108562677,0,0,0,2021071920,7700204038982546,Unknown,0,Unknown,Unknown,0.0,0.0,Unknown,Unknown,Unknown,0,0,UNKNOWN,UNKNOWN,UNKNOWN,UNKNOWN,7781945108562677,20912,TAKOMA PARK,51232.0653417,65209197.2692,38.98254687160147,-77.00204079343348,27.248,64.608955,0.0,0.0,0.0,2.8116899,230.19447,210719207002089825,2021-07-19 20:00:00,20,PM,200,0,Monday,0,7,July,2021,0,Unknown
DM8476002B,4CAC36EA756C4836A2DB14BB5A6B6F56,False,NO APPARENT INJURY,UNKNOWN,NOT DISTRACTED,PASSENGER,SLOWING OR STOPPING,South,SUPERFICIAL,5,False,False,2,8961481787963722,210028063,Takoma Park Police Depart,Property Damage ,True,UNKNOWN,0,0,UNKNOWN,True,True,DRIVER,OTHER,UNKNOWN,DAYLIGHT,UNKNOWN,UNKNOWN,UNKNOWN,UNKNOWN,UNKNOWN,UNKNOWN,38.98496833,-77.010885,7781945108562677,7781945108562677,0,0,0,2021072014,7700204038982546,Mazda,0,Unknown,Unknown,0.0,0.0,Unknown,Unknown,Unknown,0,0,UNKNOWN,UNKNOWN,UNKNOWN,UNKNOWN,7781945108562677,20912,TAKOMA PARK,51232.0653417,65209197.2692,38.98254687160147,-77.00204079343348,31.748,42.094826,0.0,0.0,0.0,4.452954,284.03625,210720147002089825,2021-07-20 14:00:00,14,PM,201,1,Tuesday,0,7,July,2021,0,Unknown