ReportNumber,VehicleCrashKey,DriverAtFault,DriverInjurySeverity,DriverSubstanceAbuse,DriverDistractedBy,VehicleType,VehicleMovement,VehicleGoingDir,VehicleDamageExtent,SpeedLimit,ParkedVehicle,SubstanceAbuseContributed,VehiclesCrashedTotal,VehicleKey,LocalCaseNumber,AgencyName,ACRSReportType,HitRun,LaneDirection,LaneNumber,NumberOfLanes,RoadGrade,NonTraffic,OffRoadIncident,AccidentAtFault,CollisionType,SurfaceCondition,Light,TrafficControl,Junction,IntersectionType,RoadAlignment,RoadCondition,RoadDivision,Latitude,Longitude,RoadKey_x,CrossStreetKey,NonMotoristTotal,NonMotoristInjury,NonMotoristFatal,DateHourKey,LocationAreaKey,Make,Year_x,BaseModel,BodyClass,Cylinders,Displacement,Transmission,Drivetrain,FuelType,CityMPG,HighwayMPG,RoadName_x,RouteType_x,RoadName_y,RouteType_y,RoadKey_y,Zipcode,MailCity,ShapeLength,ShapeArea,CentroidLatitude,CentroidLongitude,Temperature,Humidity,Precipitation,Rain,Snow,WindSpeed,WindDirection,WeatherKey,Datetime,Hour,TimeOfDay,DayNumber,WeekDayNumber,WeekDayName,WeekendFlag,MonthNumber,MonthName,Year_y,HolidayFlag,HolidayName
DM8476002B,16E387D6245E449C9198F879623FB6FA,True,NO APPARENT INJURY,UNKNOWN,LOOKED BUT DID NOT SEE,PASSENGER,STARTING FROM PARKED,West,SUPERFICIAL,5,False,False,2,1723966105727988,210028063,Takoma Park Police Depart,Property Damage ,True,UNKNOWN,0,0,UNKNOWN,True,True,DRIVER,OTHER,UNKNOWN,DAYLIGHT,UNKNOWN,UNKNOWN,UNKNOWN,UNKNOWN,UNKNOWN,UNKNOWN,38.98496833,-77.010885,7781945108562677,7781945108562677,0,0,0,2021072014,7700204038982546,Chevrolet,2005,Optra,Compact Cars,4.0,2.0,Automatic 4,FWD,Regular Gasoline,20,27,UNKNOWN,UNKNOWN,UNKNOWN,UNKNOWN,7781945108562677,20912,TAKOMA PARK,51232.0653417,65209197.2692,38.98254687160147,-77.00204079343348,31.748,42.094826,0.0,0.0,0.0,4.452954,284.03625,210720147002089825,2021-07-20 14:00:00,14,PM,201,1,Tuesday,0,7,July,2021,0,Unknown
MCP32280022,C43180B8086A465A8EA0F73847F4F62F,True,NO APPARENT INJURY,NONE,BY OTHER OCCUPANTS,PASSENGER,MAKING RIGHT TURN,West,DISABLING,35,False,False,1,4595510051903263,210028065,Montgomery County Police,Property Damage ,False,West,0,1,LEVEL,False,False,DRIVER,HEAD ON,DRY,DAYLIGHT,NO CONTROLS,INTERSECTION,FOUR-WAY INTERSECTION,STRAIGHT,NO DEFECTS,"TWO-WAY, NOT DIVIDED",39.00412217,-77.03709767,3036300556972645,8554262040045692,0,0,0,2021072015,7703596439001907,Honda,0,Unknown,Unknown,0.0,0.0,Unknown,Unknown,Unknown,0,0,HIGHLAND DR,County,GEORGIA AVE,Maryland (State),8554262040045692,20910,SILVER SPRING,82846.1568889,126320091.137,39.00190768010143,-77.03596497235911,32.1465,38.25407,0.0,0.0,0.0,4.379589,279.46225,210720157035990019,2021-07-20 15:00:00,15,PM,201,1,Tuesday,0,7,July,2021,0,Unknown
MCP31480034,56D5D07E5DA4498AA2919F0FFF19F46A,True,NO APPARENT INJURY,ALCOHOL,UNKNOWN,PASSENGER,STARTING FROM PARKED,UNKNOWN,SUPERFICIAL,15,False,False,1,257262976346791,210028075,Montgomery County Police,Property Damage ,True,UNKNOWN,0,0,UNKNOWN,True,True,DRIVER,OTHER,UNKNOWN,DAYLIGHT,UNKNOWN,UNKNOWN,UNKNOWN,UNKNOWN,UNKNOWN,UNKNOWN,39.01837333,-77.10928,7781945108562677,7781945108562677,0,0,0,2021072015,7710519939016894,Lexus,2001,ES,Compact Cars,6.0,3.0,Automatic 4,FWD,Regular Gasoline,17,24,UNKNOWN,UNKNOWN,UNKNOWN,UNKNOWN,7781945108562677,20814,BETHESDA,58373.8630538,68540697.609,39.016894075883464,-77.10519990449882,31.9345,39.432682,0.0,0.0,0.0,5.2416787,285.94547,210720157105190168,2021-07-20 15:00:00,15,PM,201,1,Tuesday,0,7,July,2021,0,Unknown
MCP31480035,F8083E4116B74286B56B27BE977D3729,True,NO APPARENT INJURY,ALCOHOL,UNKNOWN,PASSENGER,STARTING FROM PARKED,UNKNOWN,SUPERFICIAL,15,False,False,1,257262976346791,210028123,Montgomery County Police,Property Damage ,True,UNKNOWN,0,0,UNKNOWN,True,True,DRIVER,SAME DIR REAR END,UNKNOWN,DAYLIGHT,UNKNOWN,UNKNOWN,UNKNOWN,UNKNOWN,UNKNOWN,UNKNOWN,39.01673057,-77.10818064,7781945108562677,7781945108562677,0,0,0,2021072015,7710519939016894,Lexus,2001,ES,Compact Cars,6.0,3.0,Automatic 4,FWD,Regular Gasoline,17,24,UNKNOWN,UNKNOWN,UNKNOWN,UNKNOWN,7781945108562677,20814,BETHESDA,58373.8630538,68540697.609,39.016894075883464,-77.10519990449882,31.9345,39.432682,0.0,0.0,0.0,5.2416787,285.94547,210720157105190168,2021-07-20 15:00:00,15,PM,201,1,Tuesday,0,7,July,2021,0,Unknown
MCP2861004X,1355F94E5BB4481A8FBE2F23B0B0D3F4,True,NO APPARENT INJURY,ALCOHOL,LOOKED BUT DID NOT SEE,PASSENGER,MOVING CONSTANT SPEED,South,FUNCTIONAL,35,False,False,2,537614185105446,210028083,Montgomery County Police,Property Damage ,False,South,0,2,LEVEL,False,False,DRIVER,SAME DIR REAR END,DRY,DAYLIGHT,NO CONTROLS,INTERSECTION,UNKNOWN,STRAIGHT,NO DEFECTS,"TWO-WAY, DIVIDED, POSITIVE MEDIAN BARRIER",39.004945,-77.110995,4494898042244063,5777913950568264,0,0,0,2021072017,7710519939016894,Nissan,2021,Altima,Midsize Cars,4.0,2.5,Automatic CVT,FWD,Regular Gasoline,25,37,OLD GEORGETOWN RD,Maryland (State),CEDAR LA,County,5777913950568264,20814,BETHESDA,58373.8630538,68540697.609,39.016894075883464,-77.10519990449882,32.6345,34.992176,0.0,0.0,0.0,3.6179552,264.2895,210720177105190168,2021-07-20 17:00:00,17,PM,201,1,Tuesday,0,7,July,2021,0,Unknown
MCP2861004X,1039A175A3894F1898F647C2E050214D,False,NO APPARENT INJURY,NONE,NOT DISTRACTED,PASSENGER,STOPPED IN TRAFFIC LANE,South,DISABLING,35,False,False,2,3233063173565461,210028083,Montgomery County Police,Property Damage ,False,South,0,2,LEVEL,False,False,DRIVER,SAME DIR REAR END,DRY,DAYLIGHT,NO CONTROLS,INTERSECTION,UNKNOWN,STRAIGHT,NO DEFECTS,"TWO-WAY, DIVIDED, POSITIVE MEDIAN BARRIER",39.004945,-77.110995,4494898042244063,5777913950568264,0,0,0,2021072017,7710519939016894,Toyota,0,Unknown,Unknown,0.0,0.0,Unknown,Unknown,Unknown,0,0,OLD GEORGETOWN RD,Maryland (State),CEDAR LA,County,5777913950568264,20814,BETHESDA,58373.8630538,68540697.609,39.016894075883464,-77.10519990449882,32.6345,34.992176,0.0,0.0,0.0,3.6179552,264.2895,210720177105190168,2021-07-20 17:00:00,17,PM,201,1,Tuesday,0,7,July,2021,0,Unknown
MCP3140001S,F07DABE8DC644429AB0A1743C80C9F95,True,SUSPECTED SERIOUS INJURY,NONE,UNKNOWN,PASSENGER,CHANGING LANES,South,DESTROYED,35,False,False,1,8243785660235230,210028138,Montgomery County Police,Injury ,False,South,3,3,GRADE DOWNHILL,False,False,DRIVER,SINGLE VEHICLE,DRY,DARK LIGHTS ON,NO CONTROLS,NON INTERSECTION,UNKNOWN,CURVE LEFT,NO DEFECTS,"TWO-WAY, DIVIDED, POSITIVE MEDIAN BARRIER",38.99903608,-77.03991575,118399697147806,5228183453489777,0,0,0,2021072100,7703596439001907,Toyota,2016,Camry,Midsize Cars,4.0,2.5,Automatic 6,FWD,Regular Gasoline,21,30,16TH ST,Maryland (State),LYTTONSVILLE RD,County,5228183453489777,20910,SILVER SPRING,82846.1568889,126320091.137,39.00190768010143,-77.03596497235911,23.8465,72.465225,0.0,0.0,0.0,4.8965297,216.02747,210721007035990019,2021-07-21 00:00:00,0,AM,202,2,Wednesday,0,7,July,2021,0,Unknown
MCP29820043,A79188986CEB44C8A6D13BC2C42CD52D,False,NO APPARENT INJURY,NONE,UNKNOWN,PASSENGER,MOVING CONSTANT SPEED,South,DISABLING,35,False,False,2,169882084379467,210028236,Montgomery County Police,Property Damage ,False,South,4,4,GRADE DOWNHILL,False,False,UNKNOWN,SAME DIRECTION SIDESWIPE,DRY,DAYLIGHT,NO CONTROLS,OTHER,UNKNOWN,STRAIGHT,NO DEFECTS,"TWO-WAY, DIVIDED, POSITIVE MEDIAN BARRIER",39.01444667,-77.04249667,8554262040045692,74315933863788,0,0,0,2021072114,7703596439001907,Hyundai,2017,Sonata,Large Cars,4.0,2.0,Automatic 6,FWD,Regular Gasoline,25,36,GEORGIA AVE,Maryland (State),RAMP 3 FR IS 495 EB TO MD 97 NB,Ramp,74315933863788,20910,SILVER SPRING,82846.1568889,126320091.137,39.00190768010143,-77.03596497235911,29.0965,52.015354,0.1,0.1,0.0,10.009036,307.6943,210721147035990019,2021-07-21 14:00:00,14,PM,202,2,Wednesday,0,7,July,2021,0,Unknown
MCP29820043,9A179D8C30D64535ABA7D75CCB16E3AB,False,NO APPARENT INJURY,NONE,UNKNOWN,PASSENGER,LEAVING TRAFFIC LANE,South,DISABLING,35,False,False,2,7466681384271213,210028236,Montgomery County Police,Property Damage ,False,South,4,4,GRADE DOWNHILL,False,False,UNKNOWN,SAME DIRECTION SIDESWIPE,DRY,DAYLIGHT,NO CONTROLS,OTHER,UNKNOWN,STRAIGHT,NO DEFECTS,"TWO-WAY, DIVIDED, POSITIVE MEDIAN BARRIER",39.01444667,-77.04249667,8554262040045692,74315933863788,0,0,0,2021072114,7703596439001907,Dodge,2010,Avenger,Midsize Cars,6.0,2.4,Automatic 4,FWD,Regular Gasoline,16,27,GEORGIA AVE,Maryland (State),RAMP 3 FR IS 495 EB TO MD 97 NB,Ramp,74315933863788,20910,SILVER SPRING,82846.1568889,126320091.137,39.00190768010143,-77.03596497235911,29.0965,52.015354,0.1,0.1,0.0,10.009036,307.6943,210721147035990019,2021-07-21 14:00:00,14,PM,202,2,Wednesday,0,7,July,2021,0,Unknown
MCP2722003X,09091A933E3A4350B469E22C0A3FFC0C,True,NO APPARENT INJURY,UNKNOWN,UNKNOWN,UNKNOWN,MAKING RIGHT TURN,South,UNKNOWN,25,False,False,2,8168321465439775,210028267,Montgomery County Police,Property Damage ,True,South,0,2,GRADE DOWNHILL,False,False,DRIVER,ANGLE MEETS RIGHT TURN,DRY,DAYLIGHT,TRAFFIC SIGNAL,INTERSECTION,T-INTERSECTION,STRAIGHT,NO DEFECTS,"TWO-WAY, NOT DIVIDED",39.080335,-77.08032167,4115245564239867,1627793738140795,0,0,0,2021072118,7705486039088590,Unknown,0,Unknown,Unknown,0.0,0.0,Unknown,Unknown,Unknown,0,0,ASPEN HILL RD,County,CONNECTICUT AVE,Maryland (State),1627793738140795,20906,SILVER SPRING,133207.174949,359110751.771,39.08859082555049,-77.05486091907257,28.082499,53.92197,0.1,0.1,0.0,8.39657,329.03632,210721187054890885,2021-07-21 18:00:00,18,PM,202,2,Wednesday,0,7,July,2021,0,Unknown
MCP2722003X,B7002EBA79BA4AD8B92883FD755F573E,False,NO APPARENT INJURY,NONE,NOT DISTRACTED,PASSENGER,MOVING CONSTANT SPEED,South,DISABLING,25,False,False,2,5004719433805977,210028267,Montgomery County Police,Property Damage ,True,South,0,2,GRADE DOWNHILL,False,False,DRIVER,ANGLE MEETS RIGHT TURN,DRY,DAYLIGHT,TRAFFIC SIGNAL,INTERSECTION,T-INTERSECTION,STRAIGHT,NO DEFECTS,"TWO-WAY, NOT DIVIDED",39.080335,-77.08032167,4115245564239867,1627793738140795,0,0,0,2021072118,7705486039088590,Toyota,2017,Prius Prime,Midsize Cars,4.0,1.8,Automatic CVT,FWD,Regular Gasoline,55,53,ASPEN HILL RD,County,CONNECTICUT AVE,Maryland (State),1627793738140795,20906,SILVER SPRING,133207.174949,359110751.771,39.08859082555049,-77.05486091907257,28.082499,53.92197,0.1,0.1,0.0,8.39657,329.03632,210721187054890885,2021-07-21 18:00:00,18,PM,202,2,Wednesday,0,7,July,2021,0,Unknown
MCP3243000S,A86E3CBE700143279C25B8E4AEFAF90C,False,POSSIBLE INJURY,NONE,NOT DISTRACTED,PASSENGER,MOVING CONSTANT SPEED,North,DISABLING,35,False,False,2,3811335314570234,210028295,Montgomery County Police,Injury ,False,North,0,3,LEVEL,False,False,DRIVER,HEAD ON LEFT TURN,DRY,DARK LIGHTS ON,TRAFFIC SIGNAL,INTERSECTION,FOUR-WAY INTERSECTION,STRAIGHT,NO DEFECTS,"TWO-WAY, DIVIDED, POSITIVE MEDIAN BARRIER",39.00806,-77.172185,1627793738140795,9499077155985716,0,0,0,2021072121,7715220038996189,Kia,2008,Sedona,Minivan - 2WD,6.0,3.8,Automatic 5,FWD,Regular Gasoline,16,23,CONNECTICUT AVE,Maryland (State),PLYERS MILL RD,Maryland (State),9499077155985716,20817,BETHESDA,143234.920079,403664948.588,38.996189145680184,-77.15220044157795,24.393,75.086205,0.1,0.1,0.0,13.281023,32.82854,210721217152289961,2021-07-21 21:00:00,21,PM,202,2,Wednesday,0,7,July,2021,0,Unknown
MCP3243000S,0C909ACE549C40AEA283A18452CD1536,True,NO APPARENT INJURY,NONE,UNKNOWN,PASSENGER,MOVING CONSTANT SPEED,East,DISABLING,35,False,False,2,7589879976920168,210028295,Montgomery County Police,Injury ,False,North,0,3,LEVEL,False,False,DRIVER,HEAD ON LEFT TURN,DRY,DARK LIGHTS ON,TRAFFIC SIGNAL,INTERSECTION,FOUR-WAY INTERSECTION,STRAIGHT,NO DEFECTS,"TWO-WAY, DIVIDED, POSITIVE MEDIAN BARRIER",39.00806,-77.172185,1627793738140795,9499077155985716,0,0,0,2021072121,7715220038996189,Toyota,2006,RAV4,Sport Utility Vehicle - 2WD,4.0,2.4,Automatic 4,AWD,Regular Gasoline,19,27,CONNECTICUT AVE,Maryland (State),PLYERS MILL RD,Maryland (State),9499077155985716,20817,BETHESDA,143234.920079,403664948.588,38.996189145680184,-77.15220044157795,24.393,75.086205,0.1,0.1,0.0,13.281023,32.82854,210721217152289961,2021-07-21 21:00:00,21,PM,202,2,Wednesday,0,7,July,2021,0,Unknown
MCP9118002R,FE6D4FF8B93744C5A894FFFA9E39075C,True,NO APPARENT INJURY,ALCOHOL,UNKNOWN,PASSENGER,MOVING CONSTANT SPEED,West,DESTROYED,40,False,False,1,2781967118084235,210028299,Montgomery County Police,Property Damage ,False,North,1,1,LEVEL,False,False,DRIVER,SAME DIRECTION SIDESWIPE,DRY,DARK -- UNKNOWN LIGHTING,NO CONTROLS,NON INTERSECTION,UNKNOWN,STRAIGHT,NO DEFECTS,"TWO-WAY, DIVIDED, POSITIVE MEDIAN BARRIER",39.05330289,-77.07783117,4757525517062725,15643436862997,0,0,0,2021072122,7705486039088590,Ford,2007,F150,Standard Pickup Trucks 2WD,8.0,5.4,Automatic 4,RWD,Regular Gasoline,13,18,VEIRS MILL SERV RD,County,ATHERTON DR,County,15643436862997,20906,SILVER SPRING,133207.174949,359110751.771,39.08859082555049,-77.05486091907257,22.8825,70.491295,0.0,0.0,0.0,11.885453,358.26434,210721227054890885,2021-07-21 22:00:00,22,PM,202,2,Wednesday,0,7,July,2021,0,Unknown
MCP3223000X,10D82150AA9C4B20A7766CE13B3CFF77,True,NO APPARENT INJURY,NONE,OTHER DISTRACTION,PASSENGER,MAKING LEFT TURN,East,FUNCTIONAL,35,False,False,2,8547107089828941,210028304,Montgomery County Police,Injury ,False,North,3,6,GRADE DOWNHILL,False,False,DRIVER,HEAD ON LEFT TURN,DRY,DARK LIGHTS ON,TRAFFIC SIGNAL,INTERSECTION,FOUR-WAY INTERSECTION,STRAIGHT,NO DEFECTS,"TWO-WAY, NOT DIVIDED",39.00526344,-77.02284051,7228418003688286,3912318926152506,0,0,0,2021072123,7703596439001907,Ford,2004,Expedition,Sport Utility Vehicle - 2WD,8.0,4.6,Automatic 4,AWD,Regular Gasoline,12,16,COLESVILLE RD,US (State),DALE DR,County,3912318926152506,20910,SILVER SPRING,82846.1568889,126320091.137,39.00190768010143,-77.03596497235911,22.8965,68.949005,0.0,0.0,0.0,11.304229,9.16228,210721237035990019,2021-07-21 23:00:00,23,PM,202,2,Wednesday,0,7,July,2021,0,Unknown
MCP3223000X,590A85C88374468AB910A4433E3B60B2,False,POSSIBLE INJURY,NONE,NOT DISTRACTED,PASSENGER,MOVING CONSTANT SPEED,North,DISABLING,35,False,False,2,3625279935003758,210028304,Montgomery County Police,Injury ,False,North,3,6,GRADE DOWNHILL,False,False,DRIVER,HEAD ON LEFT TURN,DRY,DARK LIGHTS ON,TRAFFIC SIGNAL,INTERSECTION,FOUR-WAY INTERSECTION,STRAIGHT,NO DEFECTS,"TWO-WAY, NOT DIVIDED",39.00526344,-77.02284051,7228418003688286,3912318926152506,0,0,0,2021072123,7703596439001907,Ford,2016,Escape,Small Sport Utility Vehicle 2WD,4.0,1.6,Automatic 6,FWD,Regular Gasoline,21,29,COLESVILLE RD,US (State),DALE DR,County,3912318926152506,20910,SILVER SPRING,82846.1568889,126320091.137,39.00190768010143,-77.03596497235911,22.8965,68.949005,0.0,0.0,0.0,11.304229,9.16228,210721237035990019,2021-07-21 23:00:00,23,PM,202,2,Wednesday,0,7,July,2021,0,Unknown
MCP2054000R,AFC094DA4DFC418C859E73EE8778426E,False,NO APPARENT INJURY,NONE,NOT DISTRACTED,PASSENGER,STOPPED IN TRAFFIC LANE,North,FUNCTIONAL,35,False,False,2,8923075104895247,210028314,Montgomery County Police,Property Damage ,True,North,0,3,LEVEL,False,False,DRIVER,SAME DIR REAR END,DRY,DARK LIGHTS ON,TRAFFIC SIGNAL,INTERSECTION,FOUR-WAY INTERSECTION,STRAIGHT,NO DEFECTS,"TWO-WAY, DIVIDED, POSITIVE MEDIAN BARRIER",38.9960532,-77.02803347,9686233899201494,9527379243502438,0,0,0,2021072201,7703596439001907,Suzuki,2008,SX4,Small Station Wagons,4.0,2.0,Automatic 4,FWD,Regular Gasoline,22,30,GEORGIA AVENUE,US (State),COLESVILLE ROAD,US (State),9527379243502438,20910,SILVER SPRING,82846.1568889,126320091.137,39.00190768010143,-77.03596497235911,21.4465,70.44528,0.0,0.0,0.0,10.1376915,6.1154146,210722017035990019,2021-07-22 01:00:00,1,AM,203,3,Thursday,0,7,July,2021,0,Unknown
MCP2054000R,217E7BF1AD3A4AB3B9757B4744FC4789,True,NO APPARENT INJURY,UNKNOWN,UNKNOWN,PASSENGER,SLOWING OR STOPPING,North,UNKNOWN,35,False,False,2,7871367637348379,210028314,Montgomery County Police,Property Damage ,True,North,0,3,LEVEL,False,False,DRIVER,SAME DIR REAR END,DRY,DARK LIGHTS ON,TRAFFIC SIGNAL,INTERSECTION,FOUR-WAY INTERSECTION,STRAIGHT,NO DEFECTS,"TWO-WAY, DIVIDED, POSITIVE MEDIAN BARRIER",38.9960532,-77.02803347,9686233899201494,9527379243502438,0,0,0,2021072201,7703596439001907,Toyota,2018,RAV4,Small Sport Utility Vehicle 4WD,4.0,2.5,Automatic 6,AWD,Regular Gasoline,22,28,GEORGIA AVENUE,US (State),COLESVILLE ROAD,US (State),9527379243502438,20910,SILVER SPRING,82846.1568889,126320091.137,39.00190768010143,-77.03596497235911,21.4465,70.44528,0.0,0.0,0.0,10.1376915,6.1154146,210722017035990019,2021-07-22 01:00:00,1,AM,203,3,Thursday,0,7,July,2021,0,Unknown
MCP2594006S,E6F30F8E08BF4986AF10D35EBA01D356,True,NO APPARENT INJURY,NONE,OTHER DISTRACTION,PASSENGER,ACCELERATING,North,DISABLING,25,False,False,1,7161708969524309,210028346,Montgomery County Police,Property Damage ,False,North,1,1,HILL UPHILL,False,False,DRIVER,SINGLE VEHICLE,DRY,DAYLIGHT,NO CONTROLS,INTERSECTION,T-INTERSECTION,STRAIGHT,NO DEFECTS,"TWO-WAY, NOT DIVIDED",39.06993877,-77.04438683,4337472200374101,3472489024891398,0,0,0,2021072210,7705486039088590,Lexus,2008,LS,Midsize Cars,8.0,4.6,Automatic 8,RWD,Premium Gasoline,16,24,SNOWDROP LA,County,CAMELLIA DR,County,3472489024891398,20906,SILVER SPRING,133207.174949,359110751.771,39.08859082555049,-77.05486091907257,24.0325,43.002262,0.0,0.0,0.0,10.853866,354.2895,210722107054890885,2021-07-22 10:00:00,10,AM,203,3,Thursday,0,7,July,2021,0,Unknown
MCP3163003J,22A12A8AF329404CA098D85EC6A9495B,True,NO APPARENT INJURY,NONE,OTHER DISTRACTION,PASSENGER,MOVING CONSTANT SPEED,West,DISABLING,35,False,False,2,2014965418187696,210028442,Montgomery County Police,Property Damage ,False,West,2,2,LEVEL,False,False,DRIVER,STRAIGHT MOVEMENT ANGLE,DRY,DUSK,TRAFFIC SIGNAL,INTERSECTION,FOUR-WAY INTERSECTION,STRAIGHT,NO DEFECTS,"TWO-WAY, DIVIDED, POSITIVE MEDIAN BARRIER",38.9700614,-77.1119825,1363718650800826,4235855365855076,0,0,0,2021072220,7711806238956479,Acura,2006,TSX,Compact Cars,4.0,2.4,Automatic 5,FWD,Premium Gasoline,19,28,RIVER RD,Maryland (State),SPRINGRIDGE RD,County,4235855365855076,20816,BETHESDA,58716.1248449,117565480.431,38.95647982277882,-77.11806249046538,23.8975,49.35862,0.0,0.0,0.0,5.1544156,347.90527,210722207118089564,2021-07-22 20:00:00,20,PM,203,3,Thursday,0,7,July,2021,0,Unknown
MCP3163003J,0723EB2450DB4972B3B614733DC69B58,False,NO APPARENT INJURY,NONE,NOT DISTRACTED,PASSENGER,STARTING FROM LANE,South,DISABLING,35,False,False,2,6305455552746995,210028442,Montgomery County Police,Property Damage ,False,West,2,2,LEVEL,False,False,DRIVER,STRAIGHT MOVEMENT ANGLE,DRY,DUSK,TRAFFIC SIGNAL,INTERSECTION,FOUR-WAY INTERSECTION,STRAIGHT,NO DEFECTS,"TWO-WAY, DIVIDED, POSITIVE MEDIAN BARRIER",38.9700614,-77.1119825,1363718650800826,4235855365855076,0,0,0,2021072220,7711806238956479,Audi,2011,S4,Compact Cars,6.0,3.0,Automatic 7,AWD,Premium Gasoline,18,27,RIVER RD,Maryland (State),SPRINGRIDGE RD,County,4235855365855076,20816,BETHESDA,58716.1248449,117565480.431,38.95647982277882,-77.11806249046538,23.8975,49.35862,0.0,0.0,0.0,5.1544156,347.90527,210722207118089564,2021-07-22 20:00:00,20,PM,203,3,Thursday,0,7,July,2021,0,Unknown
MCP263900CJ,2708A8F965184C189CACFAEC2753F9FB,True,NO APPARENT INJURY,NONE,OTHER DISTRACTION,PASSENGER,MOVING CONSTANT SPEED,South,DISABLING,30,False,False,1,2126610682860403,210028513,Montgomery County Police,Property Damage ,False,South,1,2,LEVEL,False,False,DRIVER,SAME DIRECTION SIDESWIPE,DRY,DAYLIGHT,NO CONTROLS,NON INTERSECTION,UNKNOWN,STRAIGHT,NO DEFECTS,"TWO-WAY, NOT DIVIDED",39.04090333,-77.06984833,2279635524063154,3693649246763230,0,0,0,2021072309,7707527239025656,Ford,2003,Focus,Compact Cars,4.0,2.0,Automatic 4,FWD,Regular Gasoline,22,30,NEWPORT MILL RD,County,STARK ST,County,3693649246763230,20895,KENSINGTON,70838.1492765,106180148.023,39.02565657266069,-77.07527294437958,21.9955,56.658585,0.0,0.0,0.0,7.2,53.13002,210723097075290256,2021-07-23 09:00:00,9,AM,204,4,Friday,0,7,July,2021,0,Unknown
MCP29400055,22760CD9CEAA4F988D095503A4579DA8,True,NO APPARENT INJURY,NONE,UNKNOWN,BUS,MOVING CONSTANT SPEED,North,SUPERFICIAL,5,False,False,1,6691677547236723,210028539,Montgomery County Police,Property Damage ,False,North,1,1,LEVEL,False,False,DRIVER,OTHER,DRY,DAYLIGHT,UNKNOWN,UNKNOWN,UNKNOWN,STRAIGHT,NO DEFECTS,"TWO-WAY, NOT DIVIDED",38.983943,-77.13492283,8125197279797731,2258501311527651,0,0,0,2021072313,7715220038996189,Thomas,0,Unknown,Unknown,0.0,0.0,Unknown,Unknown,Unknown,0,0,HONESTY WAY,County,WILSON LA,Maryland (State),2258501311527651,20817,BETHESDA,143234.920079,403664948.588,38.996189145680184,-77.15220044157795,28.093,35.452606,0.0,0.0,0.0,2.9024127,82.875084,210723137152289961,2021-07-23 13:00:00,13,PM,204,4,Friday,0,7,July,2021,0,Unknown
DM8476002C,8CA52A6F61614C2197408214B7D78AC9,False,NO APPARENT INJURY,UNKNOWN,NOT DISTRACTED,BUS,SLOWING OR STOPPING,East,SUPERFICIAL,25,False,False,2,8719887392522560,210028572,Takoma Park Police Depart,Property Damage ,True,East,1,2,LEVEL,False,False,DRIVER,OTHER,DRY,DAYLIGHT,UNKNOWN,UNKNOWN,UNKNOWN,STRAIGHT,NO DEFECTS,"TWO-WAY, DIVIDED, POSITIVE MEDIAN BARRIER",38.98514167,-77.009135,8901981419077344,1917864160383177,0,0,0,2021072317,7703596439001907,Smart,0,Unknown,Unknown,0.0,0.0,Unknown,Unknown,Unknown,0,0,NEW HAMPSHIRE AVE,Maryland (State),IN CORP LMTS TAKOMA PARK,UNKNOWN,1917864160383177,20910,SILVER SPRING,82846.1568889,126320091.137,39.00190768010143,-77.03596497235911,29.9465,28.73081,0.0,0.0,0.0,1.1384199,288.43503,210723177035990019,2021-07-23 17:00:00,17,PM,204,4,Friday,0,7,July,2021,0,Unknown
DM8476002C,BB9C3C2A08C74F8EA551743A166ED7ED,True,NO APPARENT INJURY,UNKNOWN,NOT DISTRACTED,EMERGENCY,MOVING CONSTANT SPEED,East,SUPERFICIAL,30,False,False,2,2250767647570290,210028572,Takoma Park Police Depart,Property Damage ,True,East,1,2,LEVEL,False,False,DRIVER,OTHER,DRY,DAYLIGHT,UNKNOWN,UNKNOWN,UNKNOWN,STRAIGHT,NO DEFECTS,"TWO-WAY, DIVIDED, POSITIVE MEDIAN BARRIER",38.98514167,-77.009135,8901981419077344,1917864160383177,0,0,0,2021072317,7703596439001907,Freightliner,0,Unknown,Unknown,0.0,0.0,Unknown,Unknown,Unknown,0,0,NEW HAMPSHIRE AVE,Maryland (State),IN CORP LMTS TAKOMA PARK,UNKNOWN,1917864160383177,20910,SILVER SPRING,82846.1568889,126320091.137,39.00190768010143,-77.03596497235911,29.9465,28.73081,0.0,0.0,0.0,1.1384199,288.43503,210723177035990019,2021-07-23 17:00:00,17,PM,204,4,Friday,0,7,July,2021,0,Unknown
MCP2767009G,D559E5D4B23A457489D6BC449842C24C,True,NO APPARENT INJURY,NONE,NOT DISTRACTED,PASSENGER,SLOWING OR STOPPING,West,FUNCTIONAL,35,False,False,2,1314430978201227,210028588,Montgomery County Police,Injury ,False,West,1,3,HILL UPHILL,False,False,DRIVER,SAME DIR REAR END,DRY,DAYLIGHT,TRAFFIC SIGNAL,NON INTERSECTION,UNKNOWN,STRAIGHT,NO DEFECTS,"TWO-WAY, DIVIDED, POSITIVE MEDIAN BARRIER",39.05300758,-77.07697971,9290911226978796,4705353737830373,0,0,0,2021072318,7705486039088590,Toyota,2000,Corolla,Compact Cars,4.0,1.8,Automatic 3,FWD,Regular Gasoline,24,34,VEIRS MILL RD,Maryland (State),FERRARA AVE,County,4705353737830373,20906,SILVER SPRING,133207.174949,359110751.771,39.08859082555049,-77.05486091907257,27.682499,37.25875,0.0,0.0,0.0,13.009903,104.420815,210723187054890885,2021-07-23 18:00:00,18,PM,204,4,Friday,0,7,July,2021,0,Unknown