ReportNumber,VehicleCrashKey,DriverAtFault,DriverInjurySeverity,DriverSubstanceAbuse,DriverDistractedBy,VehicleType,VehicleMovement,VehicleGoingDir,VehicleDamageExtent,SpeedLimit,ParkedVehicle,SubstanceAbuseContributed,VehiclesCrashedTotal,VehicleKey,LocalCaseNumber,AgencyName,ACRSReportType,HitRun,LaneDirection,LaneNumber,NumberOfLanes,RoadGrade,NonTraffic,OffRoadIncident,AccidentAtFault,CollisionType,SurfaceCondition,Light,TrafficControl,Junction,IntersectionType,RoadAlignment,RoadCondition,RoadDivision,Latitude,Longitude,RoadKey_x,CrossStreetKey,NonMotoristTotal,NonMotoristInjury,NonMotoristFatal,DateHourKey,LocationAreaKey,Make,Year_x,BaseModel,BodyClass,Cylinders,Displacement,Transmission,Drivetrain,FuelType,CityMPG,HighwayMPG,RoadName_x,RouteType_x,RoadName_y,RouteType_y,RoadKey_y,Zipcode,MailCity,ShapeLength,ShapeArea,CentroidLatitude,CentroidLongitude,Temperature,Humidity,Precipitation,Rain,Snow,WindSpeed,WindDirection,WeatherKey,Datetime,Hour,TimeOfDay,DayNumber,WeekDayNumber,WeekDayName,WeekendFlag,MonthNumber,MonthName,Year_y,HolidayFlag,HolidayName
MCP2767009G,E0F42AEFD1D0483A9A7C92A6DB72AB7E,False,POSSIBLE INJURY,NONE,NOT DISTRACTED,PASSENGER,SLOWING OR STOPPING,West,FUNCTIONAL,35,False,False,2,7871367486349808,210028588,Montgomery County Police,Injury ,False,West,1,3,HILL UPHILL,False,False,DRIVER,SAME DIR REAR END,DRY,DAYLIGHT,TRAFFIC SIGNAL,NON INTERSECTION,UNKNOWN,STRAIGHT,NO DEFECTS,"TWO-WAY, DIVIDED, POSITIVE MEDIAN BARRIER",39.05300758,-77.07697971,9290911226978796,4705353737830373,0,0,0,2021072318,7705486039088590,Toyota,2011,RAV4,Sport Utility Vehicle - 2WD,4.0,2.5,Automatic 4,AWD,Regular Gasoline,19,25,VEIRS MILL RD,Maryland (State),FERRARA AVE,County,4705353737830373,20906,SILVER SPRING,133207.174949,359110751.771,39.08859082555049,-77.05486091907257,27.682499,37.25875,0.0,0.0,0.0,13.009903,104.420815,210723187054890885,2021-07-23 18:00:00,18,PM,204,4,Friday,0,7,July,2021,0,Unknown
MCP32300029,77E39B091E0B46DA81A63649CECE08AC,True,NO APPARENT INJURY,NONE,NOT DISTRACTED,PASSENGER,MOVING CONSTANT SPEED,East,SUPERFICIAL,25,False,False,1,1032942948665398,210028609,Montgomery County Police,Property Damage ,True,West,1,1,LEVEL,False,False,DRIVER,SAME DIRECTION SIDESWIPE,DRY,DARK LIGHTS ON,NO CONTROLS,NON INTERSECTION,UNKNOWN,STRAIGHT,NO DEFECTS,"TWO-WAY, NOT DIVIDED",39.06119117,-77.091683,5808984873878396,697450017919040,0,0,0,2021072320,7705486039088590,Toyota,2014,Corolla,Midsize Cars,4.0,1.8,Automatic CVT,FWD,Regular Gasoline,29,36,VEIRS MILL RD,County,GAYNOR RD,County,697450017919040,20906,SILVER SPRING,133207.174949,359110751.771,39.08859082555049,-77.05486091907257,24.2825,59.081913,0.0,0.0,0.0,1.484318,14.036275,210723207054890885,2021-07-23 20:00:00,20,PM,204,4,Friday,0,7,July,2021,0,Unknown
MCP27890060,A4E3E9FF95B04D3883AC19B12FF84210,True,NO APPARENT INJURY,ALCOHOL,NOT DISTRACTED,PASSENGER,MOVING CONSTANT SPEED,East,FUNCTIONAL,30,False,True,1,8922103705488992,210028616,Montgomery County Police,Property Damage ,False,East,0,1,LEVEL,False,False,DRIVER,HEAD ON,DRY,DARK LIGHTS ON,NO CONTROLS,UNKNOWN,UNKNOWN,CURVE RIGHT,NO DEFECTS,"TWO-WAY, NOT DIVIDED",39.030719,-77.065374,1672580268640674,2801777171080020,0,0,0,2021072323,7707527239025656,Dodge,2017,Durango,Standard Sport Utility Vehicle 2WD,6.0,3.6,Automatic 8,RWD,Midgrade Gasoline,14,22,JENNINGS RD,County,PLYERS MILL RD,County,2801777171080020,20895,KENSINGTON,70838.1492765,106180148.023,39.02565657266069,-77.07527294437958,21.5455,62.761486,0.0,0.0,0.0,6.763786,154.7989,210723237075290256,2021-07-23 23:00:00,23,PM,204,4,Friday,0,7,July,2021,0,Unknown
MCP3130003R,B20918B31A434371B984BBC90B442ED3,False,SUSPECTED SERIOUS INJURY,NONE,NOT DISTRACTED,PASSENGER,MOVING CONSTANT SPEED,North,DISABLING,45,False,False,2,2014965434965315,210028650,Montgomery County Police,Injury ,False,North,3,3,HILL UPHILL,False,False,DRIVER,STRAIGHT MOVEMENT ANGLE,DRY,DAYLIGHT,OTHER,CROSSOVER RELATED,FOUR-WAY INTERSECTION,STRAIGHT,NO DEFECTS,"TWO-WAY, DIVIDED, POSITIVE MEDIAN BARRIER",39.06085667,-77.07311167,1627793738140795,4713999508398201,0,0,0,2021072408,7705486039088590,Acura,2007,TSX,Compact Cars,4.0,2.4,Automatic 5,FWD,Premium Gasoline,19,28,CONNECTICUT AVE,Maryland (State),GREENLY ST,County,4713999508398201,20906,SILVER SPRING,133207.174949,359110751.771,39.08859082555049,-77.05486091907257,21.832499,74.902214,0.0,0.0,0.0,4.32,180.0,210724087054890885,2021-07-24 08:00:00,8,AM,205,5,Saturday,1,7,July,2021,0,Unknown
MCP3130003R,59EE0AB1B0394C46B227334ACEFA7AA0,True,NO APPARENT INJURY,NONE,LOOKED BUT DID NOT SEE,PASSENGER,ENTERING TRAFFIC LANE,East,DISABLING,45,False,False,2,3429855084741099,210028650,Montgomery County Police,Injury ,False,North,3,3,HILL UPHILL,False,False,DRIVER,STRAIGHT MOVEMENT ANGLE,DRY,DAYLIGHT,OTHER,CROSSOVER RELATED,FOUR-WAY INTERSECTION,STRAIGHT,NO DEFECTS,"TWO-WAY, DIVIDED, POSITIVE MEDIAN BARRIER",39.06085667,-77.07311167,1627793738140795,4713999508398201,0,0,0,2021072408,7705486039088590,Chevrolet,2007,Tahoe,Sport Utility Vehicle - 2WD,8.0,5.3,Automatic 4,RWD,Regular Gasoline,14,19,CONNECTICUT AVE,Maryland (State),GREENLY ST,County,4713999508398201,20906,SILVER SPRING,133207.174949,359110751.771,39.08859082555049,-77.05486091907257,21.832499,74.902214,0.0,0.0,0.0,4.32,180.0,210724087054890885,2021-07-24 08:00:00,8,AM,205,5,Saturday,1,7,July,2021,0,Unknown
MCP3055002Y,3A61BA623E0C4A60BE02505A505A4CCB,True,NO APPARENT INJURY,UNKNOWN,LOOKED BUT DID NOT SEE,PASSENGER,MOVING CONSTANT SPEED,North,DISABLING,25,False,False,2,7942766279566066,210028654,Montgomery County Police,Property Damage ,False,West,1,1,LEVEL,False,False,DRIVER,SAME DIRECTION RIGHT TURN,DRY,DAYLIGHT,NO CONTROLS,INTERSECTION RELATED,FOUR-WAY INTERSECTION,STRAIGHT,NO DEFECTS,"TWO-WAY, NOT DIVIDED",39.063385,-77.07355333,3597642028494755,5654845444471438,0,0,0,2021072408,7705486039088590,Toyota,2008,Prius,Midsize Cars,4.0,1.5,Automatic CVT,FWD,Regular Gasoline,48,45,WELLER RD,County,CONNECTICUT AVE SERVICE RD,County,5654845444471438,20906,SILVER SPRING,133207.174949,359110751.771,39.08859082555049,-77.05486091907257,21.832499,74.902214,0.0,0.0,0.0,4.32,180.0,210724087054890885,2021-07-24 08:00:00,8,AM,205,5,Saturday,1,7,July,2021,0,Unknown
MCP3055002Y,5565A4BFA41F470B975C3BF1DA81E0C0,False,NO APPARENT INJURY,UNKNOWN,NOT DISTRACTED,PASSENGER,MOVING CONSTANT SPEED,West,DISABLING,45,False,False,2,2815627300895328,210028654,Montgomery County Police,Property Damage ,False,West,1,1,LEVEL,False,False,DRIVER,SAME DIRECTION RIGHT TURN,DRY,DAYLIGHT,NO CONTROLS,INTERSECTION RELATED,FOUR-WAY INTERSECTION,STRAIGHT,NO DEFECTS,"TWO-WAY, NOT DIVIDED",39.063385,-77.07355333,3597642028494755,5654845444471438,0,0,0,2021072408,7705486039088590,Honda,2012,Accord,Compact Cars,4.0,2.4,Automatic 5,FWD,Regular Gasoline,22,33,WELLER RD,County,CONNECTICUT AVE SERVICE RD,County,5654845444471438,20906,SILVER SPRING,133207.174949,359110751.771,39.08859082555049,-77.05486091907257,21.832499,74.902214,0.0,0.0,0.0,4.32,180.0,210724087054890885,2021-07-24 08:00:00,8,AM,205,5,Saturday,1,7,July,2021,0,Unknown
MCP12350035,469B5D22A5684FDFB76C593AE7014F0F,True,NO APPARENT INJURY,NONE,NOT DISTRACTED,PASSENGER,MAKING U TURN,West,FUNCTIONAL,25,False,False,1,1032943149996826,210028716,Montgomery County Police,Property Damage ,False,West,1,1,GRADE DOWNHILL,False,False,DRIVER,SINGLE VEHICLE,DRY,DAYLIGHT,NO CONTROLS,NON INTERSECTION,UNKNOWN,STRAIGHT,NO DEFECTS,"TWO-WAY, NOT DIVIDED",39.02949,-76.98421,3113819201201051,8901981419077344,0,0,0,2021072417,7698354239018293,Toyota,2018,Corolla,Midsize Cars,4.0,1.8,Automatic CVT,FWD,Regular Gasoline,28,35,CHALMERS RD,County,NEW HAMPSHIRE AVE,Maryland (State),8901981419077344,20903,SILVER SPRING,50204.7192451,65972447.4483,39.01829365940637,-76.9835422251861,29.5845,44.95648,0.0,0.0,0.0,12.313893,195.25517,210724176983590182,2021-07-24 17:00:00,17,PM,205,5,Saturday,1,7,July,2021,0,Unknown
DM8499000D,A4240DA1635F48668972FC49E0C1323A,True,NO APPARENT INJURY,UNKNOWN,UNKNOWN,PASSENGER,MOVING CONSTANT SPEED,South,UNKNOWN,35,False,False,2,4999119951199771,210028731,Takoma Park Police Depart,Property Damage ,True,South,2,3,LEVEL,False,False,DRIVER,SAME DIRECTION RIGHT TURN,DRY,DARK LIGHTS ON,NO CONTROLS,INTERCHANGE RELATED,OTHER,STRAIGHT,NO DEFECTS,"TWO-WAY, DIVIDED, UNPROTECTED PAINTED MIN 4 FEET",38.98880368,-76.98767978,8901981419077344,3065693472279380,0,0,0,2021072420,7700204038982546,Tesla,2019,Model X,Standard Sport Utility Vehicle 4WD,0.0,0.0,Automatic 1,AWD,Electricity,80,89,NEW HAMPSHIRE AVE,Maryland (State),UNIVERSITY BLVD,Maryland (State),3065693472279380,20912,TAKOMA PARK,51232.0653417,65209197.2692,38.98254687160147,-77.00204079343348,24.848,71.07747,0.0,0.0,0.0,12.984975,136.12321,210724207002089825,2021-07-24 20:00:00,20,PM,205,5,Saturday,1,7,July,2021,0,Unknown
DM8499000D,54B2964590A042A28D0ACCF2C0D993B4,False,NO APPARENT INJURY,UNKNOWN,NOT DISTRACTED,PASSENGER,MOVING CONSTANT SPEED,South,SUPERFICIAL,35,False,False,2,9551218518473111,210028731,Takoma Park Police Depart,Property Damage ,True,South,2,3,LEVEL,False,False,DRIVER,SAME DIRECTION RIGHT TURN,DRY,DARK LIGHTS ON,NO CONTROLS,INTERCHANGE RELATED,OTHER,STRAIGHT,NO DEFECTS,"TWO-WAY, DIVIDED, UNPROTECTED PAINTED MIN 4 FEET",38.98880368,-76.98767978,8901981419077344,3065693472279380,0,0,0,2021072420,7700204038982546,Toyota,2021,Avalon,Midsize Cars,4.0,2.5,Automatic 8,FWD,Regular Gasoline,22,30,NEW HAMPSHIRE AVE,Maryland (State),UNIVERSITY BLVD,Maryland (State),3065693472279380,20912,TAKOMA PARK,51232.0653417,65209197.2692,38.98254687160147,-77.00204079343348,24.848,71.07747,0.0,0.0,0.0,12.984975,136.12321,210724207002089825,2021-07-24 20:00:00,20,PM,205,5,Saturday,1,7,July,2021,0,Unknown
MCP2975003V,8BA2A4E71703411699B4DE084A3F5713,True,NO APPARENT INJURY,ALCOHOL,UNKNOWN,PASSENGER,MOVING CONSTANT SPEED,East,DISABLING,40,False,False,1,9847176902213528,210028762,Montgomery County Police,Property Damage ,True,East,1,2,LEVEL,False,False,DRIVER,SINGLE VEHICLE,DRY,DARK LIGHTS ON,NO CONTROLS,INTERSECTION,FOUR-WAY INTERSECTION,STRAIGHT,NO DEFECTS,"TWO-WAY, NOT DIVIDED",39.1197347,-77.04373816,418179445979580,380748473379333,0,0,0,2021072502,7705486039088590,Jeep,2005,Grand Cherokee,Sport Utility Vehicle - 2WD,8.0,3.7,Automatic 5,AWD,Regular Gasoline,13,18,NORBECK RD,Maryland (State),BARN RIDGE DR,County,380748473379333,20906,SILVER SPRING,133207.174949,359110751.771,39.08859082555049,-77.05486091907257,22.432499,81.36552,0.0,0.0,0.0,15.034041,196.69933,210725027054890885,2021-07-25 02:00:00,2,AM,206,6,Sunday,1,7,July,2021,0,Unknown
MCP12050075,1A098847236A483083386583361152B8,True,NO APPARENT INJURY,NONE,DISTRACTED BY OUTSIDE PERSON OBJECT OR EVENT,PASSENGER,MOVING CONSTANT SPEED,East,FUNCTIONAL,25,False,False,1,1951057021583400,210028793,Montgomery County Police,Property Damage ,True,North,1,1,LEVEL,False,False,DRIVER,SINGLE VEHICLE,DRY,DARK LIGHTS ON,UNKNOWN,NON INTERSECTION,UNKNOWN,STRAIGHT,NO DEFECTS,"TWO-WAY, DIVIDED, UNPROTECTED PAINTED MIN 4 FEET",38.98931918,-77.09672689,9030182442049257,4250512694628641,0,0,0,2021072503,7710072538987731,Jeep,2011,Patriot,Sport Utility Vehicle - 2WD,4.0,2.4,Automatic CVT,FWD,Regular Gasoline,23,27,ST ELMO AVE,County,WOODMONT AVE,County,4250512694628641,20814,BETHESDA,46411.6876883,47837334.4314,38.98773167577017,-77.10072590539887,22.3485,79.34681,0.0,0.0,0.0,15.937878,198.43504,210725037100789877,2021-07-25 03:00:00,3,AM,206,6,Sunday,1,7,July,2021,0,Unknown
MCP32000035,97C3AFE730194099B58AF27FB69E4933,True,SUSPECTED MINOR INJURY,NONE,UNKNOWN,PASSENGER,MOVING CONSTANT SPEED,West,DESTROYED,35,False,False,1,257262993124410,210028772,Montgomery County Police,Injury ,False,West,3,3,LEVEL,False,False,DRIVER,SINGLE VEHICLE,UNKNOWN,DAYLIGHT,NO CONTROLS,UNKNOWN,UNKNOWN,STRAIGHT,NO DEFECTS,"TWO-WAY, DIVIDED, POSITIVE MEDIAN BARRIER",39.03326833,-77.07344567,5963249679537482,2279635524063154,0,0,0,2021072507,7707527239025656,Lexus,2002,ES,Midsize Cars,6.0,3.0,Automatic 5,FWD,Regular Gasoline,18,27,UNIVERSITY BLVD W,Maryland (State),NEWPORT MILL RD,County,2279635524063154,20895,KENSINGTON,70838.1492765,106180148.023,39.02565657266069,-77.07527294437958,22.2955,82.11274,0.0,0.0,0.0,12.4811535,213.23172,210725077075290256,2021-07-25 07:00:00,7,AM,206,6,Sunday,1,7,July,2021,0,Unknown
MCP26250017,04D9B7DA65234F928F31FC7B5A074408,True,NO APPARENT INJURY,NONE,NOT DISTRACTED,PASSENGER,MAKING RIGHT TURN,West,DESTROYED,15,False,False,1,5738617072384403,210028778,Montgomery County Police,Injury ,False,West,0,1,LEVEL,False,False,DRIVER,SINGLE VEHICLE,DRY,DAYLIGHT,TRAFFIC SIGNAL,INTERSECTION,Y-INTERSECTION,CURVE RIGHT,NO DEFECTS,"TWO-WAY, DIVIDED, POSITIVE MEDIAN BARRIER",38.97852833,-77.205775,5755741923731534,8599911420118079,0,0,0,2021072511,7715220038996189,Lexus,2014,RX,Small Sport Utility Vehicle 4WD,6.0,3.5,Automatic 6,AWD,Regular Gasoline,18,24,CLARA BARTON PKWY,Government,MACARTHUR BLVD,County,8599911420118079,20817,BETHESDA,143234.920079,403664948.588,38.996189145680184,-77.15220044157795,30.293,53.30325,0.0,0.0,0.0,8.707237,240.2552,210725117152289961,2021-07-25 11:00:00,11,AM,206,6,Sunday,1,7,July,2021,0,Unknown
MCP2651004M,60F1E4D65E974B7DB321780D25F89FB5,True,NO APPARENT INJURY,UNKNOWN,NOT DISTRACTED,PASSENGER,MOVING CONSTANT SPEED,North,DISABLING,40,False,False,2,846658545360590,210028790,Montgomery County Police,Property Damage ,False,North,2,3,LEVEL,False,False,DRIVER,SAME DIR REAR END,DRY,DAYLIGHT,UNKNOWN,UNKNOWN,UNKNOWN,STRAIGHT,NO DEFECTS,"TWO-WAY, DIVIDED, POSITIVE MEDIAN BARRIER",39.0207465,-76.97660867,8901981419077344,6418727789277950,0,0,0,2021072512,7698354239018293,Subaru,2016,Forester,Small Sport Utility Vehicle 4WD,4.0,2.5,Automatic 8,AWD,Regular Gasoline,22,27,NEW HAMPSHIRE AVE,Maryland (State),ELTON RD,County,6418727789277950,20903,SILVER SPRING,50204.7192451,65972447.4483,39.01829365940637,-76.9835422251861,31.1845,46.833862,0.1,0.1,0.0,10.30883,245.22488,210725126983590182,2021-07-25 12:00:00,12,PM,206,6,Sunday,1,7,July,2021,0,Unknown
MCP2651004M,6B90B857811049A9875BD00F751F86F3,False,NO APPARENT INJURY,UNKNOWN,NOT DISTRACTED,PASSENGER,STOPPED IN TRAFFIC LANE,North,FUNCTIONAL,40,False,False,2,3639303112029409,210028790,Montgomery County Police,Property Damage ,False,North,2,3,LEVEL,False,False,DRIVER,SAME DIR REAR END,DRY,DAYLIGHT,UNKNOWN,UNKNOWN,UNKNOWN,STRAIGHT,NO DEFECTS,"TWO-WAY, DIVIDED, POSITIVE MEDIAN BARRIER",39.0207465,-76.97660867,8901981419077344,6418727789277950,0,0,0,2021072512,7698354239018293,Mitsubishi,2008,Galant,Midsize Cars,4.0,2.4,Automatic 4,FWD,Premium Gasoline,17,25,NEW HAMPSHIRE AVE,Maryland (State),ELTON RD,County,6418727789277950,20903,SILVER SPRING,50204.7192451,65972447.4483,39.01829365940637,-76.9835422251861,31.1845,46.833862,0.1,0.1,0.0,10.30883,245.22488,210725126983590182,2021-07-25 12:00:00,12,PM,206,6,Sunday,1,7,July,2021,0,Unknown
MCP3130003S,6114960EC5CE4ACA9BE2825FF135194F,True,NO APPARENT INJURY,NONE,LOOKED BUT DID NOT SEE,PASSENGER,BACKING,East,SUPERFICIAL,5,False,False,1,7579467151058907,210028812,Montgomery County Police,Property Damage ,True,UNKNOWN,0,0,UNKNOWN,True,True,DRIVER,SAME DIR REAR END,UNKNOWN,DAYLIGHT,NO CONTROLS,UNKNOWN,UNKNOWN,UNKNOWN,UNKNOWN,UNKNOWN,39.05575,-77.08393667,7781945108562677,7781945108562677,0,0,0,2021072514,7705486039088590,Lexus,2021,NX,Small Sport Utility Vehicle 4WD,4.0,2.0,Automatic 6,AWD,Premium Gasoline,22,28,UNKNOWN,UNKNOWN,UNKNOWN,UNKNOWN,7781945108562677,20906,SILVER SPRING,133207.174949,359110751.771,39.08859082555049,-77.05486091907257,32.682503,41.55817,0.0,0.0,0.0,9.686609,221.98714,210725147054890885,2021-07-25 14:00:00,14,PM,206,6,Sunday,1,7,July,2021,0,Unknown
MCP3076003J,2912CEAD51BD47A180E26BD859296AFC,False,NO APPARENT INJURY,NONE,NOT DISTRACTED,PASSENGER,STOPPED IN TRAFFIC LANE,South,SUPERFICIAL,0,False,False,3,3711344875926923,210028856,Montgomery County Police,Injury ,False,South,2,3,LEVEL,False,False,DRIVER,SAME DIR REAR END,DRY,DARK LIGHTS ON,TRAFFIC SIGNAL,INTERSECTION RELATED,FOUR-WAY INTERSECTION,STRAIGHT,NO DEFECTS,"TWO-WAY, DIVIDED, POSITIVE MEDIAN BARRIER",39.02223298,-76.97747026,8901981419077344,2567472143707400,0,0,0,2021072522,7698354239018293,Chevrolet,2018,Tahoe,Standard Sport Utility Vehicle 2WD,8.0,5.3,Automatic 6,4WD,Regular Gasoline,16,22,NEW HAMPSHIRE AVE,Maryland (State),POWDER MILL RD,County,2567472143707400,20903,SILVER SPRING,50204.7192451,65972447.4483,39.01829365940637,-76.9835422251861,25.0845,89.4941,0.1,0.1,0.0,18.0,196.26028,210725226983590182,2021-07-25 22:00:00,22,PM,206,6,Sunday,1,7,July,2021,0,Unknown
MCP3076003J,A0D19B8FDFA045F5AA8FA8D641D9A1D4,False,POSSIBLE INJURY,NONE,NOT DISTRACTED,PASSENGER,STOPPED IN TRAFFIC LANE,South,SUPERFICIAL,0,False,False,3,7285498184182570,210028856,Montgomery County Police,Injury ,False,South,2,3,LEVEL,False,False,DRIVER,SAME DIR REAR END,DRY,DARK LIGHTS ON,TRAFFIC SIGNAL,INTERSECTION RELATED,FOUR-WAY INTERSECTION,STRAIGHT,NO DEFECTS,"TWO-WAY, DIVIDED, POSITIVE MEDIAN BARRIER",39.02223298,-76.97747026,8901981419077344,2567472143707400,0,0,0,2021072522,7698354239018293,Honda,2007,Civic,Subcompact Cars,4.0,1.8,Automatic 5,FWD,Regular Gasoline,20,36,NEW HAMPSHIRE AVE,Maryland (State),POWDER MILL RD,County,2567472143707400,20903,SILVER SPRING,50204.7192451,65972447.4483,39.01829365940637,-76.9835422251861,25.0845,89.4941,0.1,0.1,0.0,18.0,196.26028,210725226983590182,2021-07-25 22:00:00,22,PM,206,6,Sunday,1,7,July,2021,0,Unknown
MCP3076003J,0F29518F3449456EA07B00F7837E4CB1,True,NO APPARENT INJURY,NONE,INATTENTIVE OR LOST IN THOUGHT,PASSENGER,SLOWING OR STOPPING,South,SUPERFICIAL,40,False,False,3,8919744451582471,210028856,Montgomery County Police,Injury ,False,South,2,3,LEVEL,False,False,DRIVER,SAME DIR REAR END,DRY,DARK LIGHTS ON,TRAFFIC SIGNAL,INTERSECTION RELATED,FOUR-WAY INTERSECTION,STRAIGHT,NO DEFECTS,"TWO-WAY, DIVIDED, POSITIVE MEDIAN BARRIER",39.02223298,-76.97747026,8901981419077344,2567472143707400,0,0,0,2021072522,7698354239018293,Chrysler,2007,300,Large Cars,6.0,3.5,Automatic 5,AWD,Regular Gasoline,15,22,NEW HAMPSHIRE AVE,Maryland (State),POWDER MILL RD,County,2567472143707400,20903,SILVER SPRING,50204.7192451,65972447.4483,39.01829365940637,-76.9835422251861,25.0845,89.4941,0.1,0.1,0.0,18.0,196.26028,210725226983590182,2021-07-25 22:00:00,22,PM,206,6,Sunday,1,7,July,2021,0,Unknown
MCP2651004N,26E1A352C1D24DEFB39C2174E92C71B4,True,NO APPARENT INJURY,UNKNOWN,NOT DISTRACTED,PASSENGER,MOVING CONSTANT SPEED,North,DISABLING,40,False,False,2,8865406089054714,210028878,Montgomery County Police,Injury ,False,North,3,3,LEVEL,False,False,DRIVER,SAME DIR REAR END,DRY,DAYLIGHT,UNKNOWN,UNKNOWN,UNKNOWN,STRAIGHT,NO DEFECTS,"TWO-WAY, DIVIDED, POSITIVE MEDIAN BARRIER",39.0160095,-76.9774945,8901981419077344,9649119129417744,0,0,0,2021072608,7698354239018293,Toyota,2010,Yaris,Subcompact Cars,4.0,1.5,Automatic 4,FWD,Regular Gasoline,29,35,NEW HAMPSHIRE AVE,Maryland (State),RAMP 4 FR MD 650 NB TO IS 495 EB,Ramp,9649119129417744,20903,SILVER SPRING,50204.7192451,65972447.4483,39.01829365940637,-76.9835422251861,24.3345,87.28752,0.0,0.0,0.0,8.78872,304.9921,210726086983590182,2021-07-26 08:00:00,8,AM,207,0,Monday,0,7,July,2021,0,Unknown
MCP2651004N,DFAA9DA804634FA095B8CDE9ADDCC9C7,False,POSSIBLE INJURY,UNKNOWN,NOT DISTRACTED,PASSENGER,SLOWING OR STOPPING,North,FUNCTIONAL,40,False,False,2,5165463580714765,210028878,Montgomery County Police,Injury ,False,North,3,3,LEVEL,False,False,DRIVER,SAME DIR REAR END,DRY,DAYLIGHT,UNKNOWN,UNKNOWN,UNKNOWN,STRAIGHT,NO DEFECTS,"TWO-WAY, DIVIDED, POSITIVE MEDIAN BARRIER",39.0160095,-76.9774945,8901981419077344,9649119129417744,0,0,0,2021072608,7698354239018293,Chevrolet,2019,Suburban,Standard Sport Utility Vehicle 2WD,8.0,5.3,Automatic 6,4WD,Regular Gasoline,14,21,NEW HAMPSHIRE AVE,Maryland (State),RAMP 4 FR MD 650 NB TO IS 495 EB,Ramp,9649119129417744,20903,SILVER SPRING,50204.7192451,65972447.4483,39.01829365940637,-76.9835422251861,24.3345,87.28752,0.0,0.0,0.0,8.78872,304.9921,210726086983590182,2021-07-26 08:00:00,8,AM,207,0,Monday,0,7,July,2021,0,Unknown
MCP3026006N,71F89732CCFC4134807FB3C64E0784B9,False,NO APPARENT INJURY,NONE,NOT DISTRACTED,PASSENGER,SLOWING OR STOPPING,North,SUPERFICIAL,35,False,False,2,660615385035114,210028919,Montgomery County Police,Property Damage ,False,North,3,3,LEVEL,False,False,DRIVER,SAME DIR REAR END,DRY,DAYLIGHT,TRAFFIC SIGNAL,INTERSECTION RELATED,FOUR-WAY INTERSECTION,STRAIGHT,NO DEFECTS,"TWO-WAY, DIVIDED, POSITIVE MEDIAN BARRIER",38.99411167,-77.07564667,1627793738140795,2662081756549658,0,0,0,2021072612,7707842038983818,Ford,0,Unknown,Unknown,0.0,0.0,Unknown,Unknown,Unknown,0,0,CONNECTICUT AVE,Maryland (State),CHEVY CHASE LAKE DR,County,2662081756549658,20815,CHEVY CHASE,78258.2702851,151813895.483,38.98381860627773,-77.07842006190148,30.8245,50.2228,0.0,0.0,0.0,4.0249224,296.56497,210726127078489838,2021-07-26 12:00:00,12,PM,207,0,Monday,0,7,July,2021,0,Unknown
MCP3026006N,8E3739C71D2A4F38B4A40DC822AF6081,True,NO APPARENT INJURY,NONE,NOT DISTRACTED,TRUCK,SLOWING OR STOPPING,North,NO DAMAGE,35,False,False,2,3063454694624351,210028919,Montgomery County Police,Property Damage ,False,North,3,3,LEVEL,False,False,DRIVER,SAME DIR REAR END,DRY,DAYLIGHT,TRAFFIC SIGNAL,INTERSECTION RELATED,FOUR-WAY INTERSECTION,STRAIGHT,NO DEFECTS,"TWO-WAY, DIVIDED, POSITIVE MEDIAN BARRIER",38.99411167,-77.07564667,1627793738140795,2662081756549658,0,0,0,2021072612,7707842038983818,Ford,2014,F150,Standard Pickup Trucks 4WD,6.0,3.5,Automatic 6,4WD,Regular Gasoline,15,21,CONNECTICUT AVE,Maryland (State),CHEVY CHASE LAKE DR,County,2662081756549658,20815,CHEVY CHASE,78258.2702851,151813895.483,38.98381860627773,-77.07842006190148,30.8245,50.2228,0.0,0.0,0.0,4.0249224,296.56497,210726127078489838,2021-07-26 12:00:00,12,PM,207,0,Monday,0,7,July,2021,0,Unknown
MCP32000036,66F62F8F3FBE4862A78CD31783770464,True,NO APPARENT INJURY,NONE,LOOKED BUT DID NOT SEE,PASSENGER,MAKING LEFT TURN,East,FUNCTIONAL,25,False,False,2,7942766296343685,210028928,Montgomery County Police,Property Damage ,True,South,1,1,LEVEL,False,False,DRIVER,SAME DIRECTION LEFT TURN,DRY,DAYLIGHT,STOP SIGN,INTERSECTION,FOUR-WAY INTERSECTION,STRAIGHT,NO DEFECTS,"TWO-WAY, NOT DIVIDED",38.99320191,-77.05101467,9346950265587240,194106284319688,0,0,0,2021072613,7703596439001907,Toyota,2009,Prius,Midsize Cars,4.0,1.5,Automatic CVT,FWD,Regular Gasoline,48,45,GRUBB RD,County,COLSTON DR,County,194106284319688,20910,SILVER SPRING,82846.1568889,126320091.137,39.00190768010143,-77.03596497235911,31.2465,45.261433,0.0,0.0,0.0,4.0249224,280.30478,210726137035990019,2021-07-26 13:00:00,13,PM,207,0,Monday,0,7,July,2021,0,Unknown
MCP32000036,40C61DFB97484B7281B7EE7C23A2F80C,False,NO APPARENT INJURY,NONE,NOT DISTRACTED,PASSENGER,MOVING CONSTANT SPEED,North,FUNCTIONAL,35,False,False,2,2390807459886652,210028928,Montgomery County Police,Property Damage ,True,South,1,1,LEVEL,False,False,DRIVER,SAME DIRECTION LEFT TURN,DRY,DAYLIGHT,STOP SIGN,INTERSECTION,FOUR-WAY INTERSECTION,STRAIGHT,NO DEFECTS,"TWO-WAY, NOT DIVIDED",38.99320191,-77.05101467,9346950265587240,194106284319688,0,0,0,2021072613,7703596439001907,Acura,2019,MDX,Small Sport Utility Vehicle 4WD,6.0,3.5,Automatic 9,AWD,Premium Gasoline,19,27,GRUBB RD,County,COLSTON DR,County,194106284319688,20910,SILVER SPRING,82846.1568889,126320091.137,39.00190768010143,-77.03596497235911,31.2465,45.261433,0.0,0.0,0.0,4.0249224,280.30478,210726137035990019,2021-07-26 13:00:00,13,PM,207,0,Monday,0,7,July,2021,0,Unknown