ReportNumber,VehicleCrashKey,DriverAtFault,DriverInjurySeverity,DriverSubstanceAbuse,DriverDistractedBy,VehicleType,VehicleMovement,VehicleGoingDir,VehicleDamageExtent,SpeedLimit,ParkedVehicle,SubstanceAbuseContributed,VehiclesCrashedTotal,VehicleKey,LocalCaseNumber,AgencyName,ACRSReportType,HitRun,LaneDirection,LaneNumber,NumberOfLanes,RoadGrade,NonTraffic,OffRoadIncident,AccidentAtFault,CollisionType,SurfaceCondition,Light,TrafficControl,Junction,IntersectionType,RoadAlignment,RoadCondition,RoadDivision,Latitude,Longitude,RoadKey_x,CrossStreetKey,NonMotoristTotal,NonMotoristInjury,NonMotoristFatal,DateHourKey,LocationAreaKey,Make,Year_x,BaseModel,BodyClass,Cylinders,Displacement,Transmission,Drivetrain,FuelType,CityMPG,HighwayMPG,RoadName_x,RouteType_x,RoadName_y,RouteType_y,RoadKey_y,Zipcode,MailCity,ShapeLength,ShapeArea,CentroidLatitude,CentroidLongitude,Temperature,Humidity,Precipitation,Rain,Snow,WindSpeed,WindDirection,WeatherKey,Datetime,Hour,TimeOfDay,DayNumber,WeekDayNumber,WeekDayName,WeekendFlag,MonthNumber,MonthName,Year_y,HolidayFlag,HolidayName
MCP3133002H,BB4625462AC54B488F9F7801C0F63C8A,False,NO APPARENT INJURY,NONE,NOT DISTRACTED,PASSENGER,MOVING CONSTANT SPEED,East,SUPERFICIAL,35,False,False,2,8865406072277095,210029236,Montgomery County Police,Property Damage ,False,East,1,2,LEVEL,False,False,DRIVER,SAME DIRECTION SIDESWIPE,DRY,DAYLIGHT,NO CONTROLS,INTERSECTION,FOUR-WAY INTERSECTION,STRAIGHT,NO DEFECTS,"TWO-WAY, NOT DIVIDED",39.09131833,-77.06484667,3786639377990067,4506373220064526,0,0,0,2021072811,7705486039088590,Toyota,2013,Yaris,Compact Cars,4.0,1.5,Automatic 4,FWD,Regular Gasoline,30,35,BEL PRE RD,County,HOMECREST RD,County,4506373220064526,20906,SILVER SPRING,133207.174949,359110751.771,39.08859082555049,-77.05486091907257,30.582499,39.43828,0.0,0.0,0.0,12.768586,338.4985,210728117054890885,2021-07-28 11:00:00,11,AM,209,2,Wednesday,0,7,July,2021,0,Unknown
MCP3133002H,B803C97A7C8A484AB4A7654806D03CC6,True,NO APPARENT INJURY,NONE,LOOKED BUT DID NOT SEE,BUS,ENTERING TRAFFIC LANE,East,SUPERFICIAL,35,False,False,2,240722642832247,210029236,Montgomery County Police,Property Damage ,False,East,1,2,LEVEL,False,False,DRIVER,SAME DIRECTION SIDESWIPE,DRY,DAYLIGHT,NO CONTROLS,INTERSECTION,FOUR-WAY INTERSECTION,STRAIGHT,NO DEFECTS,"TWO-WAY, NOT DIVIDED",39.09131833,-77.06484667,3786639377990067,4506373220064526,0,0,0,2021072811,7705486039088590,Gillig,0,Unknown,Unknown,0.0,0.0,Unknown,Unknown,Unknown,0,0,BEL PRE RD,County,HOMECREST RD,County,4506373220064526,20906,SILVER SPRING,133207.174949,359110751.771,39.08859082555049,-77.05486091907257,30.582499,39.43828,0.0,0.0,0.0,12.768586,338.4985,210728117054890885,2021-07-28 11:00:00,11,AM,209,2,Wednesday,0,7,July,2021,0,Unknown
MCP3111003T,65B23D55A0DD4FD4889BD62781ECA589,True,POSSIBLE INJURY,NONE,NOT DISTRACTED,PASSENGER,MOVING CONSTANT SPEED,East,DISABLING,10,False,False,1,7923338314732537,210029259,Montgomery County Police,Injury ,False,UNKNOWN,0,0,UNKNOWN,True,True,DRIVER,SINGLE VEHICLE,UNKNOWN,DARK LIGHTS ON,NO CONTROLS,UNKNOWN,UNKNOWN,UNKNOWN,UNKNOWN,UNKNOWN,39.02815417,-77.13808733,7781945108562677,7781945108562677,0,0,0,2021072813,7715220038996189,Infiniti,2019,Q50,Midsize Cars,6.0,3.0,Automatic 7,AWD,Premium Gasoline,19,26,UNKNOWN,UNKNOWN,UNKNOWN,UNKNOWN,7781945108562677,20817,BETHESDA,143234.920079,403664948.588,38.996189145680184,-77.15220044157795,31.942999,35.710754,0.0,0.0,0.0,8.0899935,327.72437,210728137152289961,2021-07-28 13:00:00,13,PM,209,2,Wednesday,0,7,July,2021,0,Unknown
MCP29820044,27353FDD5FE34068970FD62DF75BE8EB,True,NO APPARENT INJURY,NONE,INATTENTIVE OR LOST IN THOUGHT,PASSENGER,MOVING CONSTANT SPEED,North,NO DAMAGE,35,False,False,1,3063454728179589,210029269,Montgomery County Police,Injury ,False,North,2,3,LEVEL,False,False,DRIVER,OTHER,DRY,DAYLIGHT,TRAFFIC SIGNAL,INTERSECTION,FOUR-WAY INTERSECTION,STRAIGHT,NO DEFECTS,"TWO-WAY, DIVIDED, POSITIVE MEDIAN BARRIER",38.99768333,-77.02990667,8554262040045692,1432883968843542,1,1,0,2021072815,7703596439001907,Ford,2016,F150,Standard Pickup Trucks 2WD,6.0,3.5,Automatic 6,4WD,Regular Gasoline,18,22,GEORGIA AVE,Maryland (State),CAMERON ST,County,1432883968843542,20910,SILVER SPRING,82846.1568889,126320091.137,39.00190768010143,-77.03596497235911,32.4465,31.708212,0.0,0.0,0.0,5.00128,329.74365,210728157035990019,2021-07-28 15:00:00,15,PM,209,2,Wednesday,0,7,July,2021,0,Unknown
MCP22910059,F609293921844EF788CF9CA72CAE0104,False,NO APPARENT INJURY,NONE,NOT DISTRACTED,PASSENGER,MOVING CONSTANT SPEED,East,DISABLING,15,False,False,3,5867016935291335,210029279,Montgomery County Police,Property Damage ,False,North,1,2,LEVEL,False,False,DRIVER,HEAD ON,DRY,DAYLIGHT,NO CONTROLS,NON INTERSECTION,UNKNOWN,CURVE RIGHT,NO DEFECTS,"TWO-WAY, NOT DIVIDED",38.99933046,-77.04212691,1258631561200693,5761416115761446,0,0,0,2021072815,7703596439001907,Honda,2019,CR-V,Small Sport Utility Vehicle 2WD,4.0,1.5,Automatic CVT,AWD,Regular Gasoline,25,31,ROSEMARY HILLS RD,Other Public Roadway,PORTER RD,County,5761416115761446,20910,SILVER SPRING,82846.1568889,126320091.137,39.00190768010143,-77.03596497235911,32.4465,31.708212,0.0,0.0,0.0,5.00128,329.74365,210728157035990019,2021-07-28 15:00:00,15,PM,209,2,Wednesday,0,7,July,2021,0,Unknown
MCP22910059,D7E57C47F9FA46C194CA43B2F20E83DA,True,NO APPARENT INJURY,NONE,LOOKED BUT DID NOT SEE,PASSENGER,PASSING,North,DISABLING,15,False,False,3,4713743608152186,210029279,Montgomery County Police,Property Damage ,False,North,1,2,LEVEL,False,False,DRIVER,HEAD ON,DRY,DAYLIGHT,NO CONTROLS,NON INTERSECTION,UNKNOWN,CURVE RIGHT,NO DEFECTS,"TWO-WAY, NOT DIVIDED",38.99933046,-77.04212691,1258631561200693,5761416115761446,0,0,0,2021072815,7703596439001907,Chevrolet,1996,Impala/Caprice,Large Cars,8.0,5.7,Automatic 4,RWD,Regular Gasoline,15,24,ROSEMARY HILLS RD,Other Public Roadway,PORTER RD,County,5761416115761446,20910,SILVER SPRING,82846.1568889,126320091.137,39.00190768010143,-77.03596497235911,32.4465,31.708212,0.0,0.0,0.0,5.00128,329.74365,210728157035990019,2021-07-28 15:00:00,15,PM,209,2,Wednesday,0,7,July,2021,0,Unknown
MCP22910059,7E34C96643C64EEA8A2C8AE2CF0DA2BE,False,NO APPARENT INJURY,NONE,NOT DISTRACTED,PASSENGER,PARKED,UNKNOWN,SUPERFICIAL,15,True,False,3,395683966067737,210029279,Montgomery County Police,Property Damage ,False,North,1,2,LEVEL,False,False,DRIVER,HEAD ON,DRY,DAYLIGHT,NO CONTROLS,NON INTERSECTION,UNKNOWN,CURVE RIGHT,NO DEFECTS,"TWO-WAY, NOT DIVIDED",38.99933046,-77.04212691,1258631561200693,5761416115761446,0,0,0,2021072815,7703596439001907,Toyota,2016,Avalon,Midsize Cars,4.0,2.5,Automatic 6,FWD,Regular Gasoline,21,30,ROSEMARY HILLS RD,Other Public Roadway,PORTER RD,County,5761416115761446,20910,SILVER SPRING,82846.1568889,126320091.137,39.00190768010143,-77.03596497235911,32.4465,31.708212,0.0,0.0,0.0,5.00128,329.74365,210728157035990019,2021-07-28 15:00:00,15,PM,209,2,Wednesday,0,7,July,2021,0,Unknown
MCP2813008V,7797CF7DE8614DF4B0FC547B058169D6,True,NO APPARENT INJURY,UNKNOWN,LOOKED BUT DID NOT SEE,PASSENGER,MOVING CONSTANT SPEED,East,DISABLING,35,False,False,1,3097115229765443,210029343,Montgomery County Police,Property Damage ,False,East,1,2,LEVEL,False,False,DRIVER,SINGLE VEHICLE,WET,DARK LIGHTS ON,UNKNOWN,UNKNOWN,UNKNOWN,CURVE RIGHT,NO DEFECTS,"TWO-WAY, NOT DIVIDED",39.06423833,-77.05246667,670409629174736,1498137660831595,0,0,0,2021072823,7705486039088590,Honda,2004,Accord,Midsize Cars,4.0,2.4,Automatic 5,FWD,Regular Gasoline,18,27,GLENALLAN AVE,County,LAYHILL RD,Maryland (State),1498137660831595,20906,SILVER SPRING,133207.174949,359110751.771,39.08859082555049,-77.05486091907257,22.4825,86.316475,0.0,0.0,0.0,10.464797,130.81499,210728237054890885,2021-07-28 23:00:00,23,PM,209,2,Wednesday,0,7,July,2021,0,Unknown
MCP2720005Y,A9D620049C224F4FBE9BA4A541C94238,True,NO APPARENT INJURY,NONE,NOT DISTRACTED,PASSENGER,MOVING CONSTANT SPEED,North,DISABLING,35,False,False,1,5826783019741363,210029345,Montgomery County Police,Property Damage ,False,North,0,3,HILL UPHILL,False,False,DRIVER,SINGLE VEHICLE,WET,DARK LIGHTS ON,WARNING SIGN,INTERSECTION RELATED,T-INTERSECTION,STRAIGHT,NO DEFECTS,"TWO-WAY, DIVIDED, UNPROTECTED PAINTED MIN 4 FEET",39.079705,-77.07399,8554262040045692,6653866210450982,0,0,0,2021072823,7705486039088590,BMW,0,Unknown,Unknown,0.0,0.0,Unknown,Unknown,Unknown,0,0,GEORGIA AVE,Maryland (State),WENDY LA,County,6653866210450982,20906,SILVER SPRING,133207.174949,359110751.771,39.08859082555049,-77.05486091907257,22.4825,86.316475,0.0,0.0,0.0,10.464797,130.81499,210728237054890885,2021-07-28 23:00:00,23,PM,209,2,Wednesday,0,7,July,2021,0,Unknown
MCP27200060,0BF0902BCD734010828BA754CB9C1AC2,True,POSSIBLE INJURY,NONE,NOT DISTRACTED,PASSENGER,CHANGING LANES,South,DESTROYED,45,False,False,2,6045013032354060,210029349,Montgomery County Police,Injury ,False,South,3,3,HILL UPHILL,False,False,DRIVER,STRAIGHT MOVEMENT ANGLE,WET,DARK LIGHTS ON,NO CONTROLS,INTERSECTION,T-INTERSECTION,STRAIGHT,NO DEFECTS,"TWO-WAY, DIVIDED, POSITIVE MEDIAN BARRIER",39.06849333,-77.075445,1627793738140795,1146338596453066,0,0,0,2021072900,7705486039088590,Toyota,2006,Tacoma,Standard Pickup Trucks 2WD,6.0,4.0,Automatic 5,RWD,Regular Gasoline,14,21,CONNECTICUT AVE,Maryland (State),KELSEY ST,County,1146338596453066,20906,SILVER SPRING,133207.174949,359110751.771,39.08859082555049,-77.05486091907257,21.2825,96.3801,1.7,1.7,0.0,12.031756,128.92755,210729007054890885,2021-07-29 00:00:00,0,AM,210,3,Thursday,0,7,July,2021,0,Unknown
MCP27200060,270F3E25F7D74F8D9BCC0207561E334B,False,POSSIBLE INJURY,NONE,NOT DISTRACTED,PASSENGER,MOVING CONSTANT SPEED,South,DISABLING,45,False,False,2,2815627351228185,210029349,Montgomery County Police,Injury ,False,South,3,3,HILL UPHILL,False,False,DRIVER,STRAIGHT MOVEMENT ANGLE,WET,DARK LIGHTS ON,NO CONTROLS,INTERSECTION,T-INTERSECTION,STRAIGHT,NO DEFECTS,"TWO-WAY, DIVIDED, POSITIVE MEDIAN BARRIER",39.06849333,-77.075445,1627793738140795,1146338596453066,0,0,0,2021072900,7705486039088590,Honda,2011,Accord,Compact Cars,4.0,2.4,Automatic 5,FWD,Regular Gasoline,22,32,CONNECTICUT AVE,Maryland (State),KELSEY ST,County,1146338596453066,20906,SILVER SPRING,133207.174949,359110751.771,39.08859082555049,-77.05486091907257,21.2825,96.3801,1.7,1.7,0.0,12.031756,128.92755,210729007054890885,2021-07-29 00:00:00,0,AM,210,3,Thursday,0,7,July,2021,0,Unknown
MCP2753004W,86DE07761EDA4CB1A1BE37DDDC169292,False,NO APPARENT INJURY,NONE,NOT DISTRACTED,PASSENGER,ENTERING TRAFFIC LANE,South,FUNCTIONAL,40,False,False,2,1143200118883287,210029376,Montgomery County Police,Injury ,False,South,3,3,LEVEL,False,False,DRIVER,SAME DIR REAR END,DRY,DAYLIGHT,TRAFFIC SIGNAL,INTERSECTION,FOUR-WAY INTERSECTION,STRAIGHT,NO DEFECTS,"TWO-WAY, DIVIDED, POSITIVE MEDIAN BARRIER",39.092515,-77.07992,8554262040045692,3786639377990067,0,0,0,2021072908,7705486039088590,Hyundai,0,Unknown,Unknown,0.0,0.0,Unknown,Unknown,Unknown,0,0,GEORGIA AVE,Maryland (State),BEL PRE RD,County,3786639377990067,20906,SILVER SPRING,133207.174949,359110751.771,39.08859082555049,-77.05486091907257,22.682499,95.24861,0.0,0.0,0.0,8.225035,156.80139,210729087054890885,2021-07-29 08:00:00,8,AM,210,3,Thursday,0,7,July,2021,0,Unknown
MCP2753004W,5F59EB3269F448A99CC6B5BE13882949,True,NO APPARENT INJURY,NONE,LOOKED BUT DID NOT SEE,PASSENGER,ENTERING TRAFFIC LANE,South,FUNCTIONAL,40,False,False,2,7379790488936312,210029376,Montgomery County Police,Injury ,False,South,3,3,LEVEL,False,False,DRIVER,SAME DIR REAR END,DRY,DAYLIGHT,TRAFFIC SIGNAL,INTERSECTION,FOUR-WAY INTERSECTION,STRAIGHT,NO DEFECTS,"TWO-WAY, DIVIDED, POSITIVE MEDIAN BARRIER",39.092515,-77.07992,8554262040045692,3786639377990067,0,0,0,2021072908,7705486039088590,Toyota,2020,Prius,Midsize Cars,4.0,1.8,Automatic CVT,FWD,Regular Gasoline,48,43,GEORGIA AVE,Maryland (State),BEL PRE RD,County,3786639377990067,20906,SILVER SPRING,133207.174949,359110751.771,39.08859082555049,-77.05486091907257,22.682499,95.24861,0.0,0.0,0.0,8.225035,156.80139,210729087054890885,2021-07-29 08:00:00,8,AM,210,3,Thursday,0,7,July,2021,0,Unknown
MCP1550002X,A3EBD13E18664820A6E27F8C168CCE74,True,NO APPARENT INJURY,NONE,NOT DISTRACTED,PASSENGER,BACKING,UNKNOWN,UNKNOWN,15,False,False,1,4223640361771129,210029401,Montgomery County Police,Property Damage ,True,UNKNOWN,0,0,UNKNOWN,True,True,DRIVER,OTHER,UNKNOWN,DAYLIGHT,NO CONTROLS,UNKNOWN,UNKNOWN,UNKNOWN,UNKNOWN,UNKNOWN,39.03310354,-77.07523529,7781945108562677,7781945108562677,0,0,0,2021072911,7707527239025656,Nissan,2018,Versa,Compact Cars,4.0,1.6,Automatic 4,FWD,Regular Gasoline,26,35,UNKNOWN,UNKNOWN,UNKNOWN,UNKNOWN,7781945108562677,20895,KENSINGTON,70838.1492765,106180148.023,39.02565657266069,-77.07527294437958,27.3955,75.338104,0.1,0.1,0.0,7.2805495,171.46931,210729117075290256,2021-07-29 11:00:00,11,AM,210,3,Thursday,0,7,July,2021,0,Unknown
MCP2418001C,9A7879512D564E909B639CAD0B7D7F0E,False,NO APPARENT INJURY,NONE,NOT DISTRACTED,PASSENGER,MOVING CONSTANT SPEED,South,SUPERFICIAL,35,False,False,2,3097115246543062,210029377,Montgomery County Police,Property Damage ,True,South,3,3,LEVEL,False,False,DRIVER,HEAD ON LEFT TURN,DRY,DAYLIGHT,TRAFFIC SIGNAL,INTERSECTION,FOUR-WAY INTERSECTION,STRAIGHT,NO DEFECTS,"TWO-WAY, DIVIDED, POSITIVE MEDIAN BARRIER",38.99608707,-77.02812528,2838165004721940,8554262040045692,0,0,0,2021072912,7703596439001907,Honda,2007,Accord,Midsize Cars,6.0,3.0,Automatic 5,FWD,Regular Gasoline,18,31,COLESVILLE RD,Maryland (State),GEORGIA AVE,Maryland (State),8554262040045692,20910,SILVER SPRING,82846.1568889,126320091.137,39.00190768010143,-77.03596497235911,28.9465,68.21156,0.0,0.0,0.0,9.885262,190.49142,210729127035990019,2021-07-29 12:00:00,12,PM,210,3,Thursday,0,7,July,2021,0,Unknown
MCP2418001C,9BD4ACB59533423199B999647760C4DB,True,NO APPARENT INJURY,UNKNOWN,UNKNOWN,UNKNOWN,MAKING LEFT TURN,North,UNKNOWN,35,False,False,2,8168321465439775,210029377,Montgomery County Police,Property Damage ,True,South,3,3,LEVEL,False,False,DRIVER,HEAD ON LEFT TURN,DRY,DAYLIGHT,TRAFFIC SIGNAL,INTERSECTION,FOUR-WAY INTERSECTION,STRAIGHT,NO DEFECTS,"TWO-WAY, DIVIDED, POSITIVE MEDIAN BARRIER",38.99608707,-77.02812528,2838165004721940,8554262040045692,0,0,0,2021072912,7703596439001907,Unknown,0,Unknown,Unknown,0.0,0.0,Unknown,Unknown,Unknown,0,0,COLESVILLE RD,Maryland (State),GEORGIA AVE,Maryland (State),8554262040045692,20910,SILVER SPRING,82846.1568889,126320091.137,39.00190768010143,-77.03596497235911,28.9465,68.21156,0.0,0.0,0.0,9.885262,190.49142,210729127035990019,2021-07-29 12:00:00,12,PM,210,3,Thursday,0,7,July,2021,0,Unknown
MCP1563006Q,82C401CAA7694018B74C04B29C63CBAE,False,NO APPARENT INJURY,NONE,NOT DISTRACTED,PASSENGER,MOVING CONSTANT SPEED,North,DISABLING,25,False,False,2,9233316803815771,210029421,Montgomery County Police,Property Damage ,False,North,2,2,LEVEL,False,False,DRIVER,STRAIGHT MOVEMENT ANGLE,DRY,DAYLIGHT,STOP SIGN,INTERSECTION,FOUR-WAY INTERSECTION,STRAIGHT,NO DEFECTS,"TWO-WAY, NOT DIVIDED",38.98801333,-77.09954833,4494898042244063,9011314214305799,0,0,0,2021072913,7710072538987731,Honda,2013,Odyssey,Minivan - 2WD,6.0,3.5,Automatic 5,FWD,Regular Gasoline,18,27,OLD GEORGETOWN RD,Maryland (State),CORDELL AVE,County,9011314214305799,20814,BETHESDA,46411.6876883,47837334.4314,38.98773167577017,-77.10072590539887,29.4985,62.35954,0.1,0.1,0.0,10.308831,192.09474,210729137100789877,2021-07-29 13:00:00,13,PM,210,3,Thursday,0,7,July,2021,0,Unknown
MCP1563006Q,60481C9136F24CB394501D33DE350962,True,NO APPARENT INJURY,NONE,UNKNOWN,PASSENGER,STARTING FROM LANE,East,FUNCTIONAL,25,False,False,2,8336304027396468,210029421,Montgomery County Police,Property Damage ,False,North,2,2,LEVEL,False,False,DRIVER,STRAIGHT MOVEMENT ANGLE,DRY,DAYLIGHT,STOP SIGN,INTERSECTION,FOUR-WAY INTERSECTION,STRAIGHT,NO DEFECTS,"TWO-WAY, NOT DIVIDED",38.98801333,-77.09954833,4494898042244063,9011314214305799,0,0,0,2021072913,7710072538987731,Chevrolet,2020,Spark,Subcompact Cars,4.0,1.4,Automatic CVT,FWD,Regular Gasoline,29,37,OLD GEORGETOWN RD,Maryland (State),CORDELL AVE,County,9011314214305799,20814,BETHESDA,46411.6876883,47837334.4314,38.98773167577017,-77.10072590539887,29.4985,62.35954,0.1,0.1,0.0,10.308831,192.09474,210729137100789877,2021-07-29 13:00:00,13,PM,210,3,Thursday,0,7,July,2021,0,Unknown
MCP2291005B,11F44BD8C4B94BC1B1639FAC37ECDEA9,True,NO APPARENT INJURY,UNKNOWN,UNKNOWN,PASSENGER,MOVING CONSTANT SPEED,North,UNKNOWN,30,False,False,2,8168321465439775,210029424,Montgomery County Police,Property Damage ,True,North,3,3,LEVEL,False,False,DRIVER,SAME DIRECTION SIDESWIPE,DRY,DAYLIGHT,NO CONTROLS,NON INTERSECTION,UNKNOWN,STRAIGHT,NO DEFECTS,"TWO-WAY, DIVIDED, POSITIVE MEDIAN BARRIER",38.97983365,-77.07710292,1627793738140795,1596134155969568,0,0,0,2021072913,7707842038983818,Unknown,0,Unknown,Unknown,0.0,0.0,Unknown,Unknown,Unknown,0,0,CONNECTICUT AVE,Maryland (State),SHEPHERD ST,Municipality,1596134155969568,20815,CHEVY CHASE,78258.2702851,151813895.483,38.98381860627773,-77.07842006190148,29.5245,62.365234,0.1,0.1,0.0,10.308831,192.09474,210729137078489838,2021-07-29 13:00:00,13,PM,210,3,Thursday,0,7,July,2021,0,Unknown
MCP2291005B,FBDFD878499D47FE820B96B8EFEC97F3,False,NO APPARENT INJURY,NONE,NOT DISTRACTED,BUS,STOPPED IN TRAFFIC LANE,North,SUPERFICIAL,30,False,False,2,6259949909495943,210029424,Montgomery County Police,Property Damage ,True,North,3,3,LEVEL,False,False,DRIVER,SAME DIRECTION SIDESWIPE,DRY,DAYLIGHT,NO CONTROLS,NON INTERSECTION,UNKNOWN,STRAIGHT,NO DEFECTS,"TWO-WAY, DIVIDED, POSITIVE MEDIAN BARRIER",38.97983365,-77.07710292,1627793738140795,1596134155969568,0,0,0,2021072913,7707842038983818,New Flyer,0,Unknown,Unknown,0.0,0.0,Unknown,Unknown,Unknown,0,0,CONNECTICUT AVE,Maryland (State),SHEPHERD ST,Municipality,1596134155969568,20815,CHEVY CHASE,78258.2702851,151813895.483,38.98381860627773,-77.07842006190148,29.5245,62.365234,0.1,0.1,0.0,10.308831,192.09474,210729137078489838,2021-07-29 13:00:00,13,PM,210,3,Thursday,0,7,July,2021,0,Unknown
MCP32280024,9A77BFECA2AC4F918F4D3761C68C58AE,True,NO APPARENT INJURY,NONE,NOT DISTRACTED,PASSENGER,MOVING CONSTANT SPEED,North,FUNCTIONAL,35,False,False,2,4864806253368635,210029433,Montgomery County Police,Injury ,False,North,3,4,HILL CREST,False,False,DRIVER,SAME DIRECTION SIDESWIPE,DRY,DAYLIGHT,TRAFFIC SIGNAL,INTERSECTION,FOUR-WAY INTERSECTION,STRAIGHT,NO DEFECTS,"TWO-WAY, NOT DIVIDED",39.01546092,-77.04255119,8554262040045692,6348574661209490,0,0,0,2021072915,7703596439001907,Hyundai,2019,Ioniq,Large Cars,4.0,1.6,Automatic 6,FWD,Regular Gasoline,53,52,GEORGIA AVE,Maryland (State),FOREST GLEN RD,County,6348574661209490,20910,SILVER SPRING,82846.1568889,126320091.137,39.00190768010143,-77.03596497235911,30.7965,48.369984,0.0,0.0,0.0,10.514218,218.04709,210729157035990019,2021-07-29 15:00:00,15,PM,210,3,Thursday,0,7,July,2021,0,Unknown
MCP32280024,434CEB7FB7AD4CBE98646D0AF3F921D9,False,SUSPECTED MINOR INJURY,NONE,NOT DISTRACTED,PASSENGER,MOVING CONSTANT SPEED,North,FUNCTIONAL,35,False,False,2,5738617072384403,210029433,Montgomery County Police,Injury ,False,North,3,4,HILL CREST,False,False,DRIVER,SAME DIRECTION SIDESWIPE,DRY,DAYLIGHT,TRAFFIC SIGNAL,INTERSECTION,FOUR-WAY INTERSECTION,STRAIGHT,NO DEFECTS,"TWO-WAY, NOT DIVIDED",39.01546092,-77.04255119,8554262040045692,6348574661209490,0,0,0,2021072915,7703596439001907,Lexus,2014,RX,Small Sport Utility Vehicle 4WD,6.0,3.5,Automatic 6,AWD,Regular Gasoline,18,24,GEORGIA AVE,Maryland (State),FOREST GLEN RD,County,6348574661209490,20910,SILVER SPRING,82846.1568889,126320091.137,39.00190768010143,-77.03596497235911,30.7965,48.369984,0.0,0.0,0.0,10.514218,218.04709,210729157035990019,2021-07-29 15:00:00,15,PM,210,3,Thursday,0,7,July,2021,0,Unknown
MCP31600033,6DF97916ED394CC58554C81D05E00A40,False,NO APPARENT INJURY,NONE,NOT DISTRACTED,PASSENGER,MOVING CONSTANT SPEED,North,SUPERFICIAL,25,False,False,3,4595510051903263,210029470,Montgomery County Police,Injury ,False,North,3,3,LEVEL,False,False,DRIVER,SAME DIR REAR END,DRY,DAYLIGHT,TRAFFIC SIGNAL,NON INTERSECTION,UNKNOWN,STRAIGHT,NO DEFECTS,"TWO-WAY, DIVIDED, POSITIVE MEDIAN BARRIER",38.98326167,-77.09373,7307765282026999,9985750448851330,0,0,0,2021072917,7710072538987731,Honda,0,Unknown,Unknown,0.0,0.0,Unknown,Unknown,Unknown,0,0,WISCONSIN AVE,Maryland (State),EAST WEST HWY (W/B COUPLET),Maryland (State),9985750448851330,20814,BETHESDA,46411.6876883,47837334.4314,38.98773167577017,-77.10072590539887,29.4485,53.091274,0.0,0.0,0.0,11.901798,176.53185,210729177100789877,2021-07-29 17:00:00,17,PM,210,3,Thursday,0,7,July,2021,0,Unknown
MCP31600033,F72A6A4FD1394378B6059AD73B549311,False,NO APPARENT INJURY,NONE,NOT DISTRACTED,PASSENGER,MOVING CONSTANT SPEED,North,SUPERFICIAL,25,False,False,3,2220025368136754,210029470,Montgomery County Police,Injury ,False,North,3,3,LEVEL,False,False,DRIVER,SAME DIR REAR END,DRY,DAYLIGHT,TRAFFIC SIGNAL,NON INTERSECTION,UNKNOWN,STRAIGHT,NO DEFECTS,"TWO-WAY, DIVIDED, POSITIVE MEDIAN BARRIER",38.98326167,-77.09373,7307765282026999,9985750448851330,0,0,0,2021072917,7710072538987731,Volkswagen,2019,Jetta,Compact Cars,4.0,1.4,Manual 6,FWD,Regular Gasoline,25,32,WISCONSIN AVE,Maryland (State),EAST WEST HWY (W/B COUPLET),Maryland (State),9985750448851330,20814,BETHESDA,46411.6876883,47837334.4314,38.98773167577017,-77.10072590539887,29.4485,53.091274,0.0,0.0,0.0,11.901798,176.53185,210729177100789877,2021-07-29 17:00:00,17,PM,210,3,Thursday,0,7,July,2021,0,Unknown
MCP31600033,A90F5AACEFF944438069480ADC8555EA,True,POSSIBLE INJURY,NONE,NOT DISTRACTED,PASSENGER,MOVING CONSTANT SPEED,North,DISABLING,25,False,False,3,3233063173565461,210029470,Montgomery County Police,Injury ,False,North,3,3,LEVEL,False,False,DRIVER,SAME DIR REAR END,DRY,DAYLIGHT,TRAFFIC SIGNAL,NON INTERSECTION,UNKNOWN,STRAIGHT,NO DEFECTS,"TWO-WAY, DIVIDED, POSITIVE MEDIAN BARRIER",38.98326167,-77.09373,7307765282026999,9985750448851330,0,0,0,2021072917,7710072538987731,Toyota,0,Unknown,Unknown,0.0,0.0,Unknown,Unknown,Unknown,0,0,WISCONSIN AVE,Maryland (State),EAST WEST HWY (W/B COUPLET),Maryland (State),9985750448851330,20814,BETHESDA,46411.6876883,47837334.4314,38.98773167577017,-77.10072590539887,29.4485,53.091274,0.0,0.0,0.0,11.901798,176.53185,210729177100789877,2021-07-29 17:00:00,17,PM,210,3,Thursday,0,7,July,2021,0,Unknown
MCP3197002D,5877B39D8A6D4D3382B6184BE73AEE2F,True,NO APPARENT INJURY,NONE,LOOKED BUT DID NOT SEE,PASSENGER,MAKING LEFT TURN,North,DISABLING,40,False,False,1,8525273505217250,210029476,Montgomery County Police,Property Damage ,False,North,0,2,LEVEL,False,False,DRIVER,SINGLE VEHICLE,WET,DAYLIGHT,TRAFFIC SIGNAL,INTERSECTION RELATED,FOUR-WAY INTERSECTION,STRAIGHT,NO DEFECTS,"TWO-WAY, DIVIDED, POSITIVE MEDIAN BARRIER",39.09567617,-77.04482117,1498137660831595,8903437844932022,0,0,0,2021072918,7705486039088590,Toyota,2009,Camry,Midsize Cars,4.0,2.4,Automatic 5,FWD,Regular Gasoline,21,31,LAYHILL RD,Maryland (State),LONGMEAD CROSSING DR,County,8903437844932022,20906,SILVER SPRING,133207.174949,359110751.771,39.08859082555049,-77.05486091907257,29.082499,58.18625,0.0,0.0,0.0,4.452954,165.96373,210729187054890885,2021-07-29 18:00:00,18,PM,210,3,Thursday,0,7,July,2021,0,Unknown