ReportNumber,VehicleCrashKey,DriverAtFault,DriverInjurySeverity,DriverSubstanceAbuse,DriverDistractedBy,VehicleType,VehicleMovement,VehicleGoingDir,VehicleDamageExtent,SpeedLimit,ParkedVehicle,SubstanceAbuseContributed,VehiclesCrashedTotal,VehicleKey,LocalCaseNumber,AgencyName,ACRSReportType,HitRun,LaneDirection,LaneNumber,NumberOfLanes,RoadGrade,NonTraffic,OffRoadIncident,AccidentAtFault,CollisionType,SurfaceCondition,Light,TrafficControl,Junction,IntersectionType,RoadAlignment,RoadCondition,RoadDivision,Latitude,Longitude,RoadKey_x,CrossStreetKey,NonMotoristTotal,NonMotoristInjury,NonMotoristFatal,DateHourKey,LocationAreaKey,Make,Year_x,BaseModel,BodyClass,Cylinders,Displacement,Transmission,Drivetrain,FuelType,CityMPG,HighwayMPG,RoadName_x,RouteType_x,RoadName_y,RouteType_y,RoadKey_y,Zipcode,MailCity,ShapeLength,ShapeArea,CentroidLatitude,CentroidLongitude,Temperature,Humidity,Precipitation,Rain,Snow,WindSpeed,WindDirection,WeatherKey,Datetime,Hour,TimeOfDay,DayNumber,WeekDayNumber,WeekDayName,WeekendFlag,MonthNumber,MonthName,Year_y,HolidayFlag,HolidayName
MCP1563006S,60514675967C4537856F18127F8BDE42,True,NO APPARENT INJURY,UNKNOWN,UNKNOWN,TRUCK,MOVING CONSTANT SPEED,North,UNKNOWN,30,False,False,2,8168321465439775,210030556,Montgomery County Police,Property Damage ,True,North,2,3,LEVEL,False,False,DRIVER,SAME DIRECTION RIGHT TURN,DRY,DAYLIGHT,NO CONTROLS,UNKNOWN,UNKNOWN,STRAIGHT,NO DEFECTS,"TWO-WAY, DIVIDED, POSITIVE MEDIAN BARRIER",38.97651602,-77.07710385,1627793738140795,7806589269723106,0,0,0,2021080613,7707842038983818,Unknown,0,Unknown,Unknown,0.0,0.0,Unknown,Unknown,Unknown,0,0,CONNECTICUT AVE,Maryland (State),BRADLEY LA,Maryland (State),7806589269723106,20815,CHEVY CHASE,78258.2702851,151813895.483,38.98381860627773,-77.07842006190148,30.6745,39.97303,0.0,0.0,0.0,10.661107,191.68935,210806137078489838,2021-08-06 13:00:00,13,PM,218,4,Friday,0,8,August,2021,0,Unknown
MCP1563006S,D00D2C89D9EF4A2FBF530783456381C6,False,NO APPARENT INJURY,NONE,NOT DISTRACTED,TRUCK,STOPPED IN TRAFFIC LANE,North,FUNCTIONAL,30,False,False,2,660615385035114,210030556,Montgomery County Police,Property Damage ,True,North,2,3,LEVEL,False,False,DRIVER,SAME DIRECTION RIGHT TURN,DRY,DAYLIGHT,NO CONTROLS,UNKNOWN,UNKNOWN,STRAIGHT,NO DEFECTS,"TWO-WAY, DIVIDED, POSITIVE MEDIAN BARRIER",38.97651602,-77.07710385,1627793738140795,7806589269723106,0,0,0,2021080613,7707842038983818,Ford,0,Unknown,Unknown,0.0,0.0,Unknown,Unknown,Unknown,0,0,CONNECTICUT AVE,Maryland (State),BRADLEY LA,Maryland (State),7806589269723106,20815,CHEVY CHASE,78258.2702851,151813895.483,38.98381860627773,-77.07842006190148,30.6745,39.97303,0.0,0.0,0.0,10.661107,191.68935,210806137078489838,2021-08-06 13:00:00,13,PM,218,4,Friday,0,8,August,2021,0,Unknown
MCP30550031,FE8AB82FD7024ECC8C29D4237FD185F6,True,SUSPECTED MINOR INJURY,UNKNOWN,NOT DISTRACTED,PASSENGER,MOVING CONSTANT SPEED,South,DISABLING,35,False,False,1,2311894242701256,210030557,Montgomery County Police,Injury ,False,South,1,1,LEVEL,False,False,DRIVER,OTHER,DRY,DAYLIGHT,UNKNOWN,NON INTERSECTION,UNKNOWN,CURVE RIGHT,NO DEFECTS,"TWO-WAY, DIVIDED, POSITIVE MEDIAN BARRIER",39.10579333,-77.05999833,2128650102927787,2920184173502253,0,0,0,2021080614,7705486039088590,Chevrolet,2011,Cruze,Midsize Cars,4.0,1.4,Automatic 6,FWD,Regular Gasoline,26,35,CONNECTICUT AVE,County,ROAD END - GATE,UNKNOWN,2920184173502253,20906,SILVER SPRING,133207.174949,359110751.771,39.08859082555049,-77.05486091907257,31.3825,37.67884,0.0,0.0,0.0,9.726665,182.12105,210806147054890885,2021-08-06 14:00:00,14,PM,218,4,Friday,0,8,August,2021,0,Unknown
MCP3118003G,E93A95763EB74CABA9E3D0E91740959D,False,NO APPARENT INJURY,NONE,NOT DISTRACTED,PASSENGER,MOVING CONSTANT SPEED,West,DESTROYED,25,False,False,2,3291189881588579,210030560,Montgomery County Police,Property Damage ,False,North,0,3,LEVEL,False,False,DRIVER,STRAIGHT MOVEMENT ANGLE,DRY,DAYLIGHT,TRAFFIC SIGNAL,INTERSECTION,FOUR-WAY INTERSECTION,STRAIGHT,NO DEFECTS,"TWO-WAY, DIVIDED, POSITIVE MEDIAN BARRIER",39.06835833,-77.06132333,8554262040045692,342784259901357,0,0,0,2021080614,7705486039088590,Acura,0,Unknown,Unknown,0.0,0.0,Unknown,Unknown,Unknown,0,0,GEORGIA AVE,Maryland (State),HATHAWAY DR,County,342784259901357,20906,SILVER SPRING,133207.174949,359110751.771,39.08859082555049,-77.05486091907257,31.3825,37.67884,0.0,0.0,0.0,9.726665,182.12105,210806147054890885,2021-08-06 14:00:00,14,PM,218,4,Friday,0,8,August,2021,0,Unknown
MCP3118003G,2052AA8C45114F4488D1AD2DCB7A5F0D,True,NO APPARENT INJURY,NONE,NOT DISTRACTED,PASSENGER,MOVING CONSTANT SPEED,North,DESTROYED,35,False,False,2,6171912127263801,210030560,Montgomery County Police,Property Damage ,False,North,0,3,LEVEL,False,False,DRIVER,STRAIGHT MOVEMENT ANGLE,DRY,DAYLIGHT,TRAFFIC SIGNAL,INTERSECTION,FOUR-WAY INTERSECTION,STRAIGHT,NO DEFECTS,"TWO-WAY, DIVIDED, POSITIVE MEDIAN BARRIER",39.06835833,-77.06132333,8554262040045692,342784259901357,0,0,0,2021080614,7705486039088590,Volkswagen,2018,Tiguan,Small Sport Utility Vehicle 2WD,4.0,2.0,Automatic 6,AWD,Premium Gasoline,19,27,GEORGIA AVE,Maryland (State),HATHAWAY DR,County,342784259901357,20906,SILVER SPRING,133207.174949,359110751.771,39.08859082555049,-77.05486091907257,31.3825,37.67884,0.0,0.0,0.0,9.726665,182.12105,210806147054890885,2021-08-06 14:00:00,14,PM,218,4,Friday,0,8,August,2021,0,Unknown
MCP3247001W,11FAB613F0CB4E71837BA2F5353C368A,False,NO APPARENT INJURY,NONE,NOT DISTRACTED,PASSENGER,MOVING CONSTANT SPEED,North,SUPERFICIAL,30,False,False,2,3132485278611873,210030571,Montgomery County Police,Property Damage ,True,North,1,1,LEVEL,False,False,DRIVER,SAME DIRECTION SIDESWIPE,DRY,DAYLIGHT,UNKNOWN,NON INTERSECTION,UNKNOWN,STRAIGHT,NO DEFECTS,"TWO-WAY, NOT DIVIDED",38.9976746,-77.02579595,2822494236671029,6732058886739677,0,0,0,2021080615,7703596439001907,Hyundai,2015,Veloster,Compact Cars,4.0,1.6,Automatic 6,FWD,Regular Gasoline,24,31,ROEDER RD,County,FENTON ST,County,6732058886739677,20910,SILVER SPRING,82846.1568889,126320091.137,39.00190768010143,-77.03596497235911,31.7965,36.365944,0.0,0.0,0.0,11.183201,183.69131,210806157035990019,2021-08-06 15:00:00,15,PM,218,4,Friday,0,8,August,2021,0,Unknown
MCP3247001W,28FF2999579042EBAE7590781478E687,True,NO APPARENT INJURY,UNKNOWN,UNKNOWN,PASSENGER,PASSING,North,SUPERFICIAL,30,False,False,2,6711480671568823,210030571,Montgomery County Police,Property Damage ,True,North,1,1,LEVEL,False,False,DRIVER,SAME DIRECTION SIDESWIPE,DRY,DAYLIGHT,UNKNOWN,NON INTERSECTION,UNKNOWN,STRAIGHT,NO DEFECTS,"TWO-WAY, NOT DIVIDED",38.9976746,-77.02579595,2822494236671029,6732058886739677,0,0,0,2021080615,7703596439001907,Honda,2020,CR-V,Small Sport Utility Vehicle 4WD,4.0,1.5,Automatic CVT,AWD,Regular Gasoline,27,32,ROEDER RD,County,FENTON ST,County,6732058886739677,20910,SILVER SPRING,82846.1568889,126320091.137,39.00190768010143,-77.03596497235911,31.7965,36.365944,0.0,0.0,0.0,11.183201,183.69131,210806157035990019,2021-08-06 15:00:00,15,PM,218,4,Friday,0,8,August,2021,0,Unknown
DM8490000Z,065924B88EEE4BCFA61D179DF3C898A4,True,NO APPARENT INJURY,UNKNOWN,LOOKED BUT DID NOT SEE,PASSENGER,STARTING FROM PARKED,East,SUPERFICIAL,15,False,False,2,4962802004971968,210030574,Takoma Park Police Depart,Property Damage ,False,East,2,2,LEVEL,False,False,DRIVER,SAME DIRECTION LEFT TURN,DRY,DAYLIGHT,UNKNOWN,UNKNOWN,UNKNOWN,STRAIGHT,NO DEFECTS,"TWO-WAY, DIVIDED, POSITIVE MEDIAN BARRIER",38.98574333,-76.98642717,1461872631554201,8901981419077344,0,0,0,2021080616,7700204038982546,Mercedes-Benz,2018,S-Class,Large Cars,8.0,4.0,Automatic 9,4WD,Premium Gasoline,17,27,HOLTON LA,Municipality,NEW HAMPSHIRE AVE,Maryland (State),8901981419077344,20912,TAKOMA PARK,51232.0653417,65209197.2692,38.98254687160147,-77.00204079343348,31.498,37.710766,0.0,0.0,0.0,12.682018,186.5197,210806167002089825,2021-08-06 16:00:00,16,PM,218,4,Friday,0,8,August,2021,0,Unknown
DM8490000Z,4844BF1B366741318A7250DF88F367A2,False,NO APPARENT INJURY,UNKNOWN,NOT DISTRACTED,PASSENGER,MOVING CONSTANT SPEED,East,SUPERFICIAL,15,False,False,2,1093417202524063,210030574,Takoma Park Police Depart,Property Damage ,False,East,2,2,LEVEL,False,False,DRIVER,SAME DIRECTION LEFT TURN,DRY,DAYLIGHT,UNKNOWN,UNKNOWN,UNKNOWN,STRAIGHT,NO DEFECTS,"TWO-WAY, DIVIDED, POSITIVE MEDIAN BARRIER",38.98574333,-76.98642717,1461872631554201,8901981419077344,0,0,0,2021080616,7700204038982546,Toyota,2013,Sienna,Minivan - 2WD,6.0,3.5,Automatic 6,FWD,Regular Gasoline,16,23,HOLTON LA,Municipality,NEW HAMPSHIRE AVE,Maryland (State),8901981419077344,20912,TAKOMA PARK,51232.0653417,65209197.2692,38.98254687160147,-77.00204079343348,31.498,37.710766,0.0,0.0,0.0,12.682018,186.5197,210806167002089825,2021-08-06 16:00:00,16,PM,218,4,Friday,0,8,August,2021,0,Unknown
MCP137800YB,79CCFB0D41BB40ADA35D606419523129,False,NO APPARENT INJURY,NONE,NOT DISTRACTED,PASSENGER,MOVING CONSTANT SPEED,East,DISABLING,30,False,False,2,9514804715908267,210030577,Montgomery County Police,Property Damage ,False,East,2,2,GRADE DOWNHILL,False,False,DRIVER,SAME DIRECTION SIDESWIPE,DRY,DAYLIGHT,NO CONTROLS,NON INTERSECTION,UNKNOWN,STRAIGHT,NO DEFECTS,"TWO-WAY, DIVIDED, POSITIVE MEDIAN BARRIER",38.99807167,-77.08254,8313298178840333,5170057885495796,0,0,0,2021080616,7707842038983818,Honda,2004,Odyssey,Minivan - 2WD,6.0,3.5,Automatic 5,FWD,Regular Gasoline,16,23,JONES BRIDGE RD,County,HAWKINS LA,Other Public Roadway,5170057885495796,20815,CHEVY CHASE,78258.2702851,151813895.483,38.98381860627773,-77.07842006190148,31.374498,37.676647,0.0,0.0,0.0,12.682018,186.5197,210806167078489838,2021-08-06 16:00:00,16,PM,218,4,Friday,0,8,August,2021,0,Unknown
MCP137800YB,C54516FA57F74518BB23FB166285EA9B,True,NO APPARENT INJURY,NONE,NOT DISTRACTED,OTHER,CHANGING LANES,East,SUPERFICIAL,30,False,False,2,2156627575543956,210030577,Montgomery County Police,Property Damage ,False,East,2,2,GRADE DOWNHILL,False,False,DRIVER,SAME DIRECTION SIDESWIPE,DRY,DAYLIGHT,NO CONTROLS,NON INTERSECTION,UNKNOWN,STRAIGHT,NO DEFECTS,"TWO-WAY, DIVIDED, POSITIVE MEDIAN BARRIER",38.99807167,-77.08254,8313298178840333,5170057885495796,0,0,0,2021080616,7707842038983818,BMW,2019,X3,Small Sport Utility Vehicle 4WD,4.0,2.0,Automatic 8,AWD,Premium Gasoline,20,27,JONES BRIDGE RD,County,HAWKINS LA,Other Public Roadway,5170057885495796,20815,CHEVY CHASE,78258.2702851,151813895.483,38.98381860627773,-77.07842006190148,31.374498,37.676647,0.0,0.0,0.0,12.682018,186.5197,210806167078489838,2021-08-06 16:00:00,16,PM,218,4,Friday,0,8,August,2021,0,Unknown
MCP32280029,5A8546F666C3490CB6AA391A62DE60B9,False,NO APPARENT INJURY,NONE,NOT DISTRACTED,TRUCK,MOVING CONSTANT SPEED,South,SUPERFICIAL,35,False,False,2,660615385035114,210030591,Montgomery County Police,Property Damage ,False,South,1,2,LEVEL,False,False,DRIVER,SAME DIRECTION RIGHT TURN,DRY,DAYLIGHT,TRAFFIC SIGNAL,INTERSECTION,FOUR-WAY INTERSECTION,STRAIGHT,NO DEFECTS,"TWO-WAY, NOT DIVIDED",39.00537252,-77.02280346,7228418003688286,3912318926152506,0,0,0,2021080618,7703596439001907,Ford,0,Unknown,Unknown,0.0,0.0,Unknown,Unknown,Unknown,0,0,COLESVILLE RD,US (State),DALE DR,County,3912318926152506,20910,SILVER SPRING,82846.1568889,126320091.137,39.00190768010143,-77.03596497235911,30.2965,40.77435,0.0,0.0,0.0,13.397612,173.82993,210806187035990019,2021-08-06 18:00:00,18,PM,218,4,Friday,0,8,August,2021,0,Unknown
MCP32280029,61C7BFAAECC641788630A9421D83D8CB,True,NO APPARENT INJURY,NONE,NOT DISTRACTED,PASSENGER,MOVING CONSTANT SPEED,South,SUPERFICIAL,35,False,False,2,660615385035114,210030591,Montgomery County Police,Property Damage ,False,South,1,2,LEVEL,False,False,DRIVER,SAME DIRECTION RIGHT TURN,DRY,DAYLIGHT,TRAFFIC SIGNAL,INTERSECTION,FOUR-WAY INTERSECTION,STRAIGHT,NO DEFECTS,"TWO-WAY, NOT DIVIDED",39.00537252,-77.02280346,7228418003688286,3912318926152506,0,0,0,2021080618,7703596439001907,Ford,0,Unknown,Unknown,0.0,0.0,Unknown,Unknown,Unknown,0,0,COLESVILLE RD,US (State),DALE DR,County,3912318926152506,20910,SILVER SPRING,82846.1568889,126320091.137,39.00190768010143,-77.03596497235911,30.2965,40.77435,0.0,0.0,0.0,13.397612,173.82993,210806187035990019,2021-08-06 18:00:00,18,PM,218,4,Friday,0,8,August,2021,0,Unknown
MCP29820045,85580BC1C8C646389B15DBA132DB6F0C,True,NO APPARENT INJURY,NONE,LOOKED BUT DID NOT SEE,PASSENGER,BACKING,South,NO DAMAGE,0,False,False,2,9233316787038152,210030599,Montgomery County Police,Property Damage ,False,UNKNOWN,0,0,UNKNOWN,True,True,DRIVER,OTHER,UNKNOWN,DAYLIGHT,NO CONTROLS,UNKNOWN,UNKNOWN,UNKNOWN,UNKNOWN,UNKNOWN,38.99267833,-77.02697167,7781945108562677,7781945108562677,0,0,0,2021080619,7703596439001907,Honda,2012,Odyssey,Minivan - 2WD,6.0,3.5,Automatic 5,FWD,Regular Gasoline,18,27,UNKNOWN,UNKNOWN,UNKNOWN,UNKNOWN,7781945108562677,20910,SILVER SPRING,82846.1568889,126320091.137,39.00190768010143,-77.03596497235911,29.2965,43.05132,0.0,0.0,0.0,11.966953,173.08887,210806197035990019,2021-08-06 19:00:00,19,PM,218,4,Friday,0,8,August,2021,0,Unknown
MCP29820045,B0686A87EF7748B481A88565B44B0748,False,NO APPARENT INJURY,NONE,NOT DISTRACTED,EMERGENCY,PARKED,UNKNOWN,NO DAMAGE,0,True,False,2,6492669452475498,210030599,Montgomery County Police,Property Damage ,False,UNKNOWN,0,0,UNKNOWN,True,True,DRIVER,OTHER,UNKNOWN,DAYLIGHT,NO CONTROLS,UNKNOWN,UNKNOWN,UNKNOWN,UNKNOWN,UNKNOWN,38.99267833,-77.02697167,7781945108562677,7781945108562677,0,0,0,2021080619,7703596439001907,Kia,2015,Optima,Midsize Cars,4.0,2.4,Automatic 6,FWD,Regular Gasoline,35,38,UNKNOWN,UNKNOWN,UNKNOWN,UNKNOWN,7781945108562677,20910,SILVER SPRING,82846.1568889,126320091.137,39.00190768010143,-77.03596497235911,29.2965,43.05132,0.0,0.0,0.0,11.966953,173.08887,210806197035990019,2021-08-06 19:00:00,19,PM,218,4,Friday,0,8,August,2021,0,Unknown
MCP33040007,FA0DD14EF0284BC983B37DAF83557840,True,POSSIBLE INJURY,ILLEGAL DRUG,UNKNOWN,PASSENGER,CHANGING LANES,West,FUNCTIONAL,55,False,True,2,9224979510008118,210030622,Montgomery County Police,Injury ,True,West,4,4,LEVEL,False,False,DRIVER,SAME DIRECTION SIDESWIPE,DRY,DARK LIGHTS ON,NO CONTROLS,NON INTERSECTION,UNKNOWN,STRAIGHT,NO DEFECTS,"TWO-WAY, DIVIDED, POSITIVE MEDIAN BARRIER",39.01397203,-77.055568,2262757322158515,6150688899000214,0,0,0,2021080622,7703596439001907,Hyundai,2010,Genesis,Subcompact Cars,6.0,3.8,Automatic 6,RWD,Regular Gasoline,17,27,CAPITAL BELTWAY,Interstate (State),R/R #CSX 140 487 W,UNKNOWN,6150688899000214,20910,SILVER SPRING,82846.1568889,126320091.137,39.00190768010143,-77.03596497235911,23.8965,66.36596,0.0,0.0,0.0,11.542478,176.42374,210806227035990019,2021-08-06 22:00:00,22,PM,218,4,Friday,0,8,August,2021,0,Unknown
MCP33040007,2E272A2E94704761B4C3F45672F3A8FB,False,SUSPECTED MINOR INJURY,NONE,NOT DISTRACTED,PASSENGER,MOVING CONSTANT SPEED,West,FUNCTIONAL,55,False,False,2,8208858405381271,210030622,Montgomery County Police,Injury ,True,West,4,4,LEVEL,False,False,DRIVER,SAME DIRECTION SIDESWIPE,DRY,DARK LIGHTS ON,NO CONTROLS,NON INTERSECTION,UNKNOWN,STRAIGHT,NO DEFECTS,"TWO-WAY, DIVIDED, POSITIVE MEDIAN BARRIER",39.01397203,-77.055568,2262757322158515,6150688899000214,0,0,0,2021080622,7703596439001907,Honda,2018,HR-V,Small Station Wagons,4.0,1.8,Automatic 7,FWD,Regular Gasoline,27,31,CAPITAL BELTWAY,Interstate (State),R/R #CSX 140 487 W,UNKNOWN,6150688899000214,20910,SILVER SPRING,82846.1568889,126320091.137,39.00190768010143,-77.03596497235911,23.8965,66.36596,0.0,0.0,0.0,11.542478,176.42374,210806227035990019,2021-08-06 22:00:00,22,PM,218,4,Friday,0,8,August,2021,0,Unknown
MCP2800004M,224F194A6F464E9DBE2A980546630FDD,True,SUSPECTED MINOR INJURY,ILLEGAL DRUG,BY OTHER OCCUPANTS,PASSENGER,ACCELERATING,North,FUNCTIONAL,45,False,True,1,1143200118883287,210030619,Montgomery County Police,Injury ,False,North,1,1,LEVEL,False,False,DRIVER,SINGLE VEHICLE,DRY,DARK LIGHTS ON,NO CONTROLS,INTERSECTION RELATED,T-INTERSECTION,STRAIGHT,NO DEFECTS,ONE-WAY TRAFFICWAY,39.02160833,-77.10236667,9624603609515706,3196247930439129,0,0,0,2021080622,7710519939016894,Hyundai,0,Unknown,Unknown,0.0,0.0,Unknown,Unknown,Unknown,0,0,GROSVENOR LA,County,SPUR TO MD 355,UNKNOWN,3196247930439129,20814,BETHESDA,58373.8630538,68540697.609,39.016894075883464,-77.10519990449882,24.234499,66.22646,0.0,0.0,0.0,12.015589,171.38443,210806227105190168,2021-08-06 22:00:00,22,PM,218,4,Friday,0,8,August,2021,0,Unknown
DM8499000F,27195DB6866B4C929B3BDC4D3377D773,True,NO APPARENT INJURY,NONE,INATTENTIVE OR LOST IN THOUGHT,PASSENGER,MOVING CONSTANT SPEED,East,DISABLING,25,False,False,1,819104278288412,210030644,Takoma Park Police Depart,Property Damage ,False,East,1,1,LEVEL,False,False,DRIVER,OTHER,DRY,DARK LIGHTS ON,NO CONTROLS,OTHER,OTHER,STRAIGHT,NO DEFECTS,"TWO-WAY, DIVIDED, UNPROTECTED PAINTED MIN 4 FEET",38.9791796,-77.01763469,7883959838840872,5884259832762275,0,0,0,2021080703,7700204038982546,Nissan,2012,Altima,Subcompact Cars,4.0,2.5,Automatic 6,FWD,Regular Gasoline,23,27,PINEY BRANCH RD,Maryland (State),TAKOMA AVE,Municipality,5884259832762275,20912,TAKOMA PARK,51232.0653417,65209197.2692,38.98254687160147,-77.00204079343348,20.348,87.472275,0.0,0.0,0.0,5.815978,158.19853,210807037002089825,2021-08-07 03:00:00,3,AM,219,5,Saturday,1,8,August,2021,0,Unknown
MCP30230047,B35338F4B8194D4CA0ECE2CC8E6AE5F7,True,NO APPARENT INJURY,NONE,UNKNOWN,PASSENGER,ACCELERATING,West,FUNCTIONAL,25,False,False,2,538750787773573,210030677,Montgomery County Police,Property Damage ,False,South,3,3,LEVEL,False,False,DRIVER,STRAIGHT MOVEMENT ANGLE,DRY,DAYLIGHT,STOP SIGN,INTERSECTION,FOUR-WAY INTERSECTION,STRAIGHT,NO DEFECTS,"TWO-WAY, DIVIDED, POSITIVE MEDIAN BARRIER",39.07080333,-77.063515,8554262040045692,388377803167212,0,0,0,2021080712,7705486039088590,Lexus,2018,ES,Midsize Cars,4.0,2.5,Automatic 6,FWD,Regular Gasoline,21,30,GEORGIA AVE,Maryland (State),KAYSON ST,County,388377803167212,20906,SILVER SPRING,133207.174949,359110751.771,39.08859082555049,-77.05486091907257,26.1325,60.65129,0.0,0.0,0.0,10.041354,165.4655,210807127054890885,2021-08-07 12:00:00,12,PM,219,5,Saturday,1,8,August,2021,0,Unknown
MCP30230047,FA929FB019C046C7AB7E7BF2969D6B0B,False,NO APPARENT INJURY,NONE,NOT DISTRACTED,EMERGENCY,MOVING CONSTANT SPEED,South,FUNCTIONAL,35,False,False,2,869295622334414,210030677,Montgomery County Police,Property Damage ,False,South,3,3,LEVEL,False,False,DRIVER,STRAIGHT MOVEMENT ANGLE,DRY,DAYLIGHT,STOP SIGN,INTERSECTION,FOUR-WAY INTERSECTION,STRAIGHT,NO DEFECTS,"TWO-WAY, DIVIDED, POSITIVE MEDIAN BARRIER",39.07080333,-77.063515,8554262040045692,388377803167212,0,0,0,2021080712,7705486039088590,Dodge,0,Unknown,Unknown,0.0,0.0,Unknown,Unknown,Unknown,0,0,GEORGIA AVE,Maryland (State),KAYSON ST,County,388377803167212,20906,SILVER SPRING,133207.174949,359110751.771,39.08859082555049,-77.05486091907257,26.1325,60.65129,0.0,0.0,0.0,10.041354,165.4655,210807127054890885,2021-08-07 12:00:00,12,PM,219,5,Saturday,1,8,August,2021,0,Unknown
MCP2039006M,67C4801354D343B1906206853FBF807A,True,NO APPARENT INJURY,UNKNOWN,LOOKED BUT DID NOT SEE,PASSENGER,STARTING FROM PARKED,East,DESTROYED,25,False,False,2,3611013963014588,219930685,Montgomery County Police,Injury ,False,East,1,1,LEVEL,False,False,DRIVER,STRAIGHT MOVEMENT ANGLE,UNKNOWN,DAYLIGHT,NO CONTROLS,UNKNOWN,UNKNOWN,STRAIGHT,NO DEFECTS,"TWO-WAY, NOT DIVIDED",39.06807333,-77.07265667,6539115144846498,3397449360827215,0,0,0,2021080713,7705486039088590,Volkswagen,2010,Golf/GTI,Compact Cars,4.0,2.0,Automatic 6,FWD,Diesel,29,30,DEAN RD,County,JEFFRY ST,County,3397449360827215,20906,SILVER SPRING,133207.174949,359110751.771,39.08859082555049,-77.05486091907257,24.582499,65.26265,0.3,0.3,0.0,8.287822,182.4895,210807137054890885,2021-08-07 13:00:00,13,PM,219,5,Saturday,1,8,August,2021,0,Unknown
MCP2039006M,8C8CD191F0C042AE85BBDDDA70F27FEF,False,NO APPARENT INJURY,UNKNOWN,NOT DISTRACTED,PASSENGER,MOVING CONSTANT SPEED,East,DISABLING,25,False,False,2,840047563349104,219930685,Montgomery County Police,Injury ,False,East,1,1,LEVEL,False,False,DRIVER,STRAIGHT MOVEMENT ANGLE,UNKNOWN,DAYLIGHT,NO CONTROLS,UNKNOWN,UNKNOWN,STRAIGHT,NO DEFECTS,"TWO-WAY, NOT DIVIDED",39.06807333,-77.07265667,6539115144846498,3397449360827215,0,0,0,2021080713,7705486039088590,Subaru,2019,Outback,Small Sport Utility Vehicle 4WD,4.0,2.5,Automatic 6,AWD,Regular Gasoline,20,27,DEAN RD,County,JEFFRY ST,County,3397449360827215,20906,SILVER SPRING,133207.174949,359110751.771,39.08859082555049,-77.05486091907257,24.582499,65.26265,0.3,0.3,0.0,8.287822,182.4895,210807137054890885,2021-08-07 13:00:00,13,PM,219,5,Saturday,1,8,August,2021,0,Unknown
MCP2927003X,4C836C8AD47541249C4552442567C600,False,NO APPARENT INJURY,NONE,NOT DISTRACTED,PASSENGER,UNKNOWN,North,FUNCTIONAL,25,False,False,2,8914648447672307,210030709,Montgomery County Police,Property Damage ,True,North,1,1,LEVEL,False,False,DRIVER,SAME DIR REAR END,UNKNOWN,DAYLIGHT,NO CONTROLS,NON INTERSECTION,UNKNOWN,CURVE RIGHT,NO DEFECTS,ONE-WAY TRAFFICWAY,39.01396944,-77.04123209,2262757322158515,8554262040045692,0,0,0,2021080715,7703596439001907,Chrysler,2017,Pacifica,Minivan - 2WD,6.0,3.6,Automatic 9,FWD,Regular Gasoline,18,28,CAPITAL BELTWAY,Interstate (State),GEORGIA AVE,Maryland (State),8554262040045692,20910,SILVER SPRING,82846.1568889,126320091.137,39.00190768010143,-77.03596497235911,22.2465,89.55586,1.7,1.7,0.0,4.6800003,112.61991,210807157035990019,2021-08-07 15:00:00,15,PM,219,5,Saturday,1,8,August,2021,0,Unknown
MCP2927003X,6763ADDDE1D34120A78C59E14FA2E969,True,NO APPARENT INJURY,NONE,UNKNOWN,UNKNOWN,UNKNOWN,North,UNKNOWN,25,False,False,2,8168321465439775,210030709,Montgomery County Police,Property Damage ,True,North,1,1,LEVEL,False,False,DRIVER,SAME DIR REAR END,UNKNOWN,DAYLIGHT,NO CONTROLS,NON INTERSECTION,UNKNOWN,CURVE RIGHT,NO DEFECTS,ONE-WAY TRAFFICWAY,39.01396944,-77.04123209,2262757322158515,8554262040045692,0,0,0,2021080715,7703596439001907,Unknown,0,Unknown,Unknown,0.0,0.0,Unknown,Unknown,Unknown,0,0,CAPITAL BELTWAY,Interstate (State),GEORGIA AVE,Maryland (State),8554262040045692,20910,SILVER SPRING,82846.1568889,126320091.137,39.00190768010143,-77.03596497235911,22.2465,89.55586,1.7,1.7,0.0,4.6800003,112.61991,210807157035990019,2021-08-07 15:00:00,15,PM,219,5,Saturday,1,8,August,2021,0,Unknown
MCP28710078,4EC37396E7BA4BB1869FF9FDFD379944,False,NO APPARENT INJURY,NONE,NOT DISTRACTED,PASSENGER,MOVING CONSTANT SPEED,North,DISABLING,45,False,False,2,4584394192288632,210030734,Montgomery County Police,Property Damage ,False,North,1,3,GRADE DOWNHILL,False,False,DRIVER,HEAD ON LEFT TURN,DRY,DAYLIGHT,TRAFFIC SIGNAL,INTERSECTION,T-INTERSECTION,STRAIGHT,NO DEFECTS,"TWO-WAY, DIVIDED, POSITIVE MEDIAN BARRIER",39.02249,-77.12346,4494898042244063,755816997488189,0,0,0,2021080719,7710519939016894,Hyundai,2010,Santa Fe,Sport Utility Vehicle - 2WD,4.0,2.4,Automatic 6,FWD,Regular Gasoline,20,26,OLD GEORGETOWN RD,Maryland (State),CHESHIRE DR,County,755816997488189,20814,BETHESDA,58373.8630538,68540697.609,39.016894075883464,-77.10519990449882,22.484499,79.863235,0.0,0.0,0.0,7.24486,63.435013,210807197105190168,2021-08-07 19:00:00,19,PM,219,5,Saturday,1,8,August,2021,0,Unknown