ReportNumber,VehicleCrashKey,DriverAtFault,DriverInjurySeverity,DriverSubstanceAbuse,DriverDistractedBy,VehicleType,VehicleMovement,VehicleGoingDir,VehicleDamageExtent,SpeedLimit,ParkedVehicle,SubstanceAbuseContributed,VehiclesCrashedTotal,VehicleKey,LocalCaseNumber,AgencyName,ACRSReportType,HitRun,LaneDirection,LaneNumber,NumberOfLanes,RoadGrade,NonTraffic,OffRoadIncident,AccidentAtFault,CollisionType,SurfaceCondition,Light,TrafficControl,Junction,IntersectionType,RoadAlignment,RoadCondition,RoadDivision,Latitude,Longitude,RoadKey_x,CrossStreetKey,NonMotoristTotal,NonMotoristInjury,NonMotoristFatal,DateHourKey,LocationAreaKey,Make,Year_x,BaseModel,BodyClass,Cylinders,Displacement,Transmission,Drivetrain,FuelType,CityMPG,HighwayMPG,RoadName_x,RouteType_x,RoadName_y,RouteType_y,RoadKey_y,Zipcode,MailCity,ShapeLength,ShapeArea,CentroidLatitude,CentroidLongitude,Temperature,Humidity,Precipitation,Rain,Snow,WindSpeed,WindDirection,WeatherKey,Datetime,Hour,TimeOfDay,DayNumber,WeekDayNumber,WeekDayName,WeekendFlag,MonthNumber,MonthName,Year_y,HolidayFlag,HolidayName
MCP28710078,22C9D7DF31C443A99F3222DEE6324F63,True,NO APPARENT INJURY,NONE,LOOKED BUT DID NOT SEE,PASSENGER,MAKING LEFT TURN,South,DISABLING,35,False,False,2,8525273505217250,210030734,Montgomery County Police,Property Damage ,False,North,1,3,GRADE DOWNHILL,False,False,DRIVER,HEAD ON LEFT TURN,DRY,DAYLIGHT,TRAFFIC SIGNAL,INTERSECTION,T-INTERSECTION,STRAIGHT,NO DEFECTS,"TWO-WAY, DIVIDED, POSITIVE MEDIAN BARRIER",39.02249,-77.12346,4494898042244063,755816997488189,0,0,0,2021080719,7710519939016894,Toyota,2009,Camry,Midsize Cars,4.0,2.4,Automatic 5,FWD,Regular Gasoline,21,31,OLD GEORGETOWN RD,Maryland (State),CHESHIRE DR,County,755816997488189,20814,BETHESDA,58373.8630538,68540697.609,39.016894075883464,-77.10519990449882,22.484499,79.863235,0.0,0.0,0.0,7.24486,63.435013,210807197105190168,2021-08-07 19:00:00,19,PM,219,5,Saturday,1,8,August,2021,0,Unknown
MCP33040008,69A9EE536B4147AAAC6A5A42787F3913,True,NO APPARENT INJURY,NONE,OTHER CELLULAR PHONE RELATED,PASSENGER,MAKING LEFT TURN,West,NO DAMAGE,25,False,False,1,3777470960971648,210030742,Montgomery County Police,Injury ,False,West,1,3,LEVEL,False,False,DRIVER,SAME DIRECTION LEFT TURN,DRY,DARK LIGHTS ON,TRAFFIC SIGNAL,INTERSECTION,FOUR-WAY INTERSECTION,STRAIGHT,NO DEFECTS,"TWO-WAY, NOT DIVIDED",38.98481033,-77.0923015,9985750448851330,731222477856631,2,2,0,2021080720,7710072538987731,Ford,2018,Explorer,Standard Sport Utility Vehicle 4WD,6.0,3.5,Automatic 6,AWD,Regular Gasoline,16,22,EAST WEST HWY (W/B COUPLET),Maryland (State),WAVERLY ST,County,731222477856631,20814,BETHESDA,46411.6876883,47837334.4314,38.98773167577017,-77.10072590539887,20.9985,94.31012,0.2,0.2,0.0,2.1897945,279.46225,210807207100789877,2021-08-07 20:00:00,20,PM,219,5,Saturday,1,8,August,2021,0,Unknown
MCP2800004N,735EC6AF18B14715B93B56C50CC7685B,False,NO APPARENT INJURY,NONE,NOT DISTRACTED,PASSENGER,MOVING CONSTANT SPEED,North,SUPERFICIAL,55,False,False,2,8385899423333060,210030777,Montgomery County Police,Property Damage ,True,North,4,4,LEVEL,False,False,DRIVER,OTHER,DRY,DARK LIGHTS ON,NO CONTROLS,NON INTERSECTION,UNKNOWN,STRAIGHT,NO DEFECTS,"TWO-WAY, DIVIDED, POSITIVE MEDIAN BARRIER",39.01427167,-77.09439167,2262757322158515,1538525533816470,0,0,0,2021080804,7710519939016894,Volkswagen,0,Unknown,Unknown,0.0,0.0,Unknown,Unknown,Unknown,0,0,CAPITAL BELTWAY,Interstate (State),RAMP 6 FR IS 270 EB TO MD 355 SB,Ramp,1538525533816470,20814,BETHESDA,58373.8630538,68540697.609,39.016894075883464,-77.10519990449882,19.7845,95.74093,0.0,0.0,0.0,5.506941,11.3098955,210808047105190168,2021-08-08 04:00:00,4,AM,220,6,Sunday,1,8,August,2021,0,Unknown
MCP2800004N,0E144ADC8CB045518703FBC34038C285,True,NO APPARENT INJURY,UNKNOWN,UNKNOWN,PASSENGER,MOVING CONSTANT SPEED,North,SUPERFICIAL,55,False,False,2,6801964070250583,210030777,Montgomery County Police,Property Damage ,True,North,4,4,LEVEL,False,False,DRIVER,OTHER,DRY,DARK LIGHTS ON,NO CONTROLS,NON INTERSECTION,UNKNOWN,STRAIGHT,NO DEFECTS,"TWO-WAY, DIVIDED, POSITIVE MEDIAN BARRIER",39.01427167,-77.09439167,2262757322158515,1538525533816470,0,0,0,2021080804,7710519939016894,Nissan,0,Unknown,Unknown,0.0,0.0,Unknown,Unknown,Unknown,0,0,CAPITAL BELTWAY,Interstate (State),RAMP 6 FR IS 270 EB TO MD 355 SB,Ramp,1538525533816470,20814,BETHESDA,58373.8630538,68540697.609,39.016894075883464,-77.10519990449882,19.7845,95.74093,0.0,0.0,0.0,5.506941,11.3098955,210808047105190168,2021-08-08 04:00:00,4,AM,220,6,Sunday,1,8,August,2021,0,Unknown
MCP2278003D,0CF7739D6E53466FA4E4AFA9D6B8C273,True,NO APPARENT INJURY,UNKNOWN,UNKNOWN,UNKNOWN,SLOWING OR STOPPING,West,UNKNOWN,55,False,False,2,8168321465439775,210030813,Montgomery County Police,Property Damage ,True,West,4,4,LEVEL,False,False,DRIVER,SAME DIR REAR END,DRY,DAYLIGHT,NO CONTROLS,UNKNOWN,UNKNOWN,STRAIGHT,NO DEFECTS,"TWO-WAY, DIVIDED, POSITIVE MEDIAN BARRIER",39.000429,-77.15739411,2262757322158515,1363718650800826,0,0,0,2021080813,7715220038996189,Unknown,0,Unknown,Unknown,0.0,0.0,Unknown,Unknown,Unknown,0,0,CAPITAL BELTWAY,Interstate (State),RIVER RD,Maryland (State),1363718650800826,20817,BETHESDA,143234.920079,403664948.588,38.996189145680184,-77.15220044157795,30.192999,42.20567,0.0,0.0,0.0,6.439876,333.43503,210808137152289961,2021-08-08 13:00:00,13,PM,220,6,Sunday,1,8,August,2021,0,Unknown
MCP2278003D,6CA3327F2C7041429E0367B3D6A334DE,False,NO APPARENT INJURY,NONE,NOT DISTRACTED,PASSENGER,SLOWING OR STOPPING,West,FUNCTIONAL,55,False,False,2,595806073759266,210030813,Montgomery County Police,Property Damage ,True,West,4,4,LEVEL,False,False,DRIVER,SAME DIR REAR END,DRY,DAYLIGHT,NO CONTROLS,UNKNOWN,UNKNOWN,STRAIGHT,NO DEFECTS,"TWO-WAY, DIVIDED, POSITIVE MEDIAN BARRIER",39.000429,-77.15739411,2262757322158515,1363718650800826,0,0,0,2021080813,7715220038996189,Dodge,2013,Grand Caravan,Minivan - 2WD,6.0,3.6,Automatic 6,FWD,Regular Gasoline,17,25,CAPITAL BELTWAY,Interstate (State),RIVER RD,Maryland (State),1363718650800826,20817,BETHESDA,143234.920079,403664948.588,38.996189145680184,-77.15220044157795,30.192999,42.20567,0.0,0.0,0.0,6.439876,333.43503,210808137152289961,2021-08-08 13:00:00,13,PM,220,6,Sunday,1,8,August,2021,0,Unknown
MCP3306000C,CBA79197C6FF4BDA8D0A1973ED76BE5E,True,NO APPARENT INJURY,NONE,OTHER DISTRACTION,PASSENGER,MAKING LEFT TURN,South,SUPERFICIAL,0,False,False,1,8423932749652104,210030830,Montgomery County Police,Injury ,False,UNKNOWN,0,0,UNKNOWN,True,True,DRIVER,OTHER,UNKNOWN,DAYLIGHT,NO CONTROLS,UNKNOWN,UNKNOWN,UNKNOWN,UNKNOWN,UNKNOWN,39.0259264,-77.146167,7781945108562677,7781945108562677,1,1,0,2021080816,7715220038996189,Lexus,2019,NX,Small Sport Utility Vehicle 4WD,4.0,2.0,Automatic 6,AWD,Premium Gasoline,22,28,UNKNOWN,UNKNOWN,UNKNOWN,UNKNOWN,7781945108562677,20817,BETHESDA,143234.920079,403664948.588,38.996189145680184,-77.15220044157795,32.643,32.07304,0.0,0.0,0.0,5.6233797,309.8055,210808167152289961,2021-08-08 16:00:00,16,PM,220,6,Sunday,1,8,August,2021,0,Unknown
MCP9318001R,2554891CE8E845E29053E10C2E68A22E,True,NO APPARENT INJURY,UNKNOWN,UNKNOWN,PASSENGER,PARKING,UNKNOWN,UNKNOWN,5,False,False,1,730631087512852,210030836,Montgomery County Police,Property Damage ,True,UNKNOWN,0,0,UNKNOWN,True,True,DRIVER,OPPOSITE DIRECTION SIDESWIPE,UNKNOWN,DAYLIGHT,UNKNOWN,UNKNOWN,UNKNOWN,UNKNOWN,UNKNOWN,UNKNOWN,39.02050216,-76.97476503,7781945108562677,7781945108562677,0,0,0,2021080817,7698354239018293,Toyota,2021,Tundra,Standard Pickup Trucks 2WD,8.0,5.7,Automatic 6,4WD,Regular Gasoline,13,17,UNKNOWN,UNKNOWN,UNKNOWN,UNKNOWN,7781945108562677,20903,SILVER SPRING,50204.7192451,65972447.4483,39.01829365940637,-76.9835422251861,32.8345,32.43924,0.0,0.0,0.0,3.8773184,291.80148,210808176983590182,2021-08-08 17:00:00,17,PM,220,6,Sunday,1,8,August,2021,0,Unknown
MCP2776003L,227F44C6420C4B1C916ADD58EDE25483,True,NO APPARENT INJURY,NONE,UNKNOWN,PASSENGER,MOVING CONSTANT SPEED,North,DISABLING,15,False,False,1,819104446064602,210030862,Montgomery County Police,Property Damage ,True,North,1,1,LEVEL,False,False,DRIVER,OTHER,DRY,DARK LIGHTS ON,NO CONTROLS,NON INTERSECTION,UNKNOWN,STRAIGHT,NO DEFECTS,"TWO-WAY, NOT DIVIDED",39.08646167,-77.07823167,7873128350123939,8554262040045692,0,0,0,2021080821,7705486039088590,Nissan,2018,Altima,Midsize Cars,4.0,2.5,Automatic 7,FWD,Regular Gasoline,22,32,CHESTERWOOD DR,Other Public Roadway,GEORGIA AVE,Maryland (State),8554262040045692,20906,SILVER SPRING,133207.174949,359110751.771,39.08859082555049,-77.05486091907257,24.6325,78.445045,0.0,0.0,0.0,8.942214,139.89915,210808217054890885,2021-08-08 21:00:00,21,PM,220,6,Sunday,1,8,August,2021,0,Unknown
MCP913000BT,6FC013136E0943A9A64CFFE7B1E2BD47,False,SUSPECTED MINOR INJURY,NONE,NOT DISTRACTED,PASSENGER,STOPPED IN TRAFFIC LANE,West,FUNCTIONAL,40,False,False,2,5482037610831924,210030887,Montgomery County Police,Injury ,False,West,1,3,LEVEL,False,False,DRIVER,SAME DIR REAR END,DRY,DARK LIGHTS ON,TRAFFIC SIGNAL,INTERSECTION RELATED,FOUR-WAY INTERSECTION,STRAIGHT,NO DEFECTS,"TWO-WAY, NOT DIVIDED",38.99920333,-76.99516833,5005946941929880,7883959838840872,0,0,0,2021080905,7698354239018293,Toyota,2020,Tacoma,Small Pickup Trucks 4WD,6.0,3.5,Automatic 6,4WD,Regular Gasoline,17,22,UNIVERSITY BLVD E,Maryland (State),PINEY BRANCH RD,Maryland (State),7883959838840872,20903,SILVER SPRING,50204.7192451,65972447.4483,39.01829365940637,-76.9835422251861,21.734499,92.613106,0.0,0.0,0.0,6.12,208.07239,210809056983590182,2021-08-09 05:00:00,5,AM,221,0,Monday,0,8,August,2021,0,Unknown
MCP913000BT,D4E3D623D4954D9183B8249E70437832,True,POSSIBLE INJURY,UNKNOWN,UNKNOWN,PASSENGER,MOVING CONSTANT SPEED,West,DISABLING,40,False,False,2,751452905815289,210030887,Montgomery County Police,Injury ,False,West,1,3,LEVEL,False,False,DRIVER,SAME DIR REAR END,DRY,DARK LIGHTS ON,TRAFFIC SIGNAL,INTERSECTION RELATED,FOUR-WAY INTERSECTION,STRAIGHT,NO DEFECTS,"TWO-WAY, NOT DIVIDED",38.99920333,-76.99516833,5005946941929880,7883959838840872,0,0,0,2021080905,7698354239018293,Toyota,2020,Corolla,Compact Cars,4.0,2.0,Automatic 10,FWD,Regular Gasoline,29,38,UNIVERSITY BLVD E,Maryland (State),PINEY BRANCH RD,Maryland (State),7883959838840872,20903,SILVER SPRING,50204.7192451,65972447.4483,39.01829365940637,-76.9835422251861,21.734499,92.613106,0.0,0.0,0.0,6.12,208.07239,210809056983590182,2021-08-09 05:00:00,5,AM,221,0,Monday,0,8,August,2021,0,Unknown
MCP3169004G,0BA6F2E499F148F5956DE8704EB231F6,True,NO APPARENT INJURY,UNKNOWN,LOOKED BUT DID NOT SEE,PASSENGER,MAKING LEFT TURN,West,DISABLING,15,False,False,2,9465862289283782,210030899,Montgomery County Police,Injury ,False,North,3,3,LEVEL,False,False,DRIVER,HEAD ON LEFT TURN,DRY,DAYLIGHT,NO CONTROLS,INTERSECTION,T-INTERSECTION,STRAIGHT,NO DEFECTS,"TWO-WAY, DIVIDED, UNPROTECTED PAINTED MIN 4 FEET",39.01123667,-77.0407,8554262040045692,3741072132120167,0,0,0,2021080908,7703596439001907,Volkswagen,2018,Beetle,Compact Cars,4.0,2.0,Automatic 6,FWD,Regular Gasoline,26,33,GEORGIA AVE,Maryland (State),FLORA LA,County,3741072132120167,20910,SILVER SPRING,82846.1568889,126320091.137,39.00190768010143,-77.03596497235911,22.6465,92.94614,0.0,0.0,0.0,5.771239,176.42374,210809087035990019,2021-08-09 08:00:00,8,AM,221,0,Monday,0,8,August,2021,0,Unknown
MCP3169004G,2F5C660F54AF4AB9AB6AB0290DE823D0,False,POSSIBLE INJURY,UNKNOWN,NOT DISTRACTED,PASSENGER,MOVING CONSTANT SPEED,North,DISABLING,35,False,False,2,7285498184182570,210030899,Montgomery County Police,Injury ,False,North,3,3,LEVEL,False,False,DRIVER,HEAD ON LEFT TURN,DRY,DAYLIGHT,NO CONTROLS,INTERSECTION,T-INTERSECTION,STRAIGHT,NO DEFECTS,"TWO-WAY, DIVIDED, UNPROTECTED PAINTED MIN 4 FEET",39.01123667,-77.0407,8554262040045692,3741072132120167,0,0,0,2021080908,7703596439001907,Honda,2007,Civic,Subcompact Cars,4.0,1.8,Automatic 5,FWD,Regular Gasoline,20,36,GEORGIA AVE,Maryland (State),FLORA LA,County,3741072132120167,20910,SILVER SPRING,82846.1568889,126320091.137,39.00190768010143,-77.03596497235911,22.6465,92.94614,0.0,0.0,0.0,5.771239,176.42374,210809087035990019,2021-08-09 08:00:00,8,AM,221,0,Monday,0,8,August,2021,0,Unknown
MCP0613002F,4419594F3B424B3AACCB4D76C915786B,False,NO APPARENT INJURY,NONE,NOT DISTRACTED,PASSENGER,STARTING FROM LANE,West,DISABLING,55,False,False,4,9530107266675451,210030901,Montgomery County Police,Injury ,False,West,1,4,LEVEL,False,False,DRIVER,SAME DIR REAR END,DRY,DAYLIGHT,NO CONTROLS,NON INTERSECTION,UNKNOWN,STRAIGHT,NO DEFECTS,"TWO-WAY, DIVIDED, POSITIVE MEDIAN BARRIER",39.01496833,-77.03264167,2262757322158515,6307990782939571,0,0,0,2021080909,7703596439001907,Nissan,2017,Rogue,Small Sport Utility Vehicle 2WD,4.0,2.0,Automatic 7,AWD,Regular Gasoline,25,32,CAPITAL BELTWAY,Interstate (State),RAMP 2 FR IS 495 WB TO MD 97 NB,Ramp,6307990782939571,20910,SILVER SPRING,82846.1568889,126320091.137,39.00190768010143,-77.03596497235911,23.0465,91.55714,1.6,1.6,0.0,8.350138,172.56868,210809097035990019,2021-08-09 09:00:00,9,AM,221,0,Monday,0,8,August,2021,0,Unknown
MCP0613002F,EB94E306F20049658FEFACDBE7000D94,False,NO APPARENT INJURY,NONE,NOT DISTRACTED,PASSENGER,SLOWING OR STOPPING,West,DISABLING,55,False,False,4,1136703331721012,210030901,Montgomery County Police,Injury ,False,West,1,4,LEVEL,False,False,DRIVER,SAME DIR REAR END,DRY,DAYLIGHT,NO CONTROLS,NON INTERSECTION,UNKNOWN,STRAIGHT,NO DEFECTS,"TWO-WAY, DIVIDED, POSITIVE MEDIAN BARRIER",39.01496833,-77.03264167,2262757322158515,6307990782939571,0,0,0,2021080909,7703596439001907,Honda,2010,Insight,Compact Cars,4.0,1.3,Automatic 7,FWD,Regular Gasoline,40,43,CAPITAL BELTWAY,Interstate (State),RAMP 2 FR IS 495 WB TO MD 97 NB,Ramp,6307990782939571,20910,SILVER SPRING,82846.1568889,126320091.137,39.00190768010143,-77.03596497235911,23.0465,91.55714,1.6,1.6,0.0,8.350138,172.56868,210809097035990019,2021-08-09 09:00:00,9,AM,221,0,Monday,0,8,August,2021,0,Unknown
MCP0613002F,C1C8EC7AA1F64B50BB16F1AE9CC9A2D2,True,POSSIBLE INJURY,NONE,NOT DISTRACTED,PASSENGER,SLOWING OR STOPPING,West,DISABLING,55,False,False,4,3097115246543062,210030901,Montgomery County Police,Injury ,False,West,1,4,LEVEL,False,False,DRIVER,SAME DIR REAR END,DRY,DAYLIGHT,NO CONTROLS,NON INTERSECTION,UNKNOWN,STRAIGHT,NO DEFECTS,"TWO-WAY, DIVIDED, POSITIVE MEDIAN BARRIER",39.01496833,-77.03264167,2262757322158515,6307990782939571,0,0,0,2021080909,7703596439001907,Honda,2007,Accord,Midsize Cars,6.0,3.0,Automatic 5,FWD,Regular Gasoline,18,31,CAPITAL BELTWAY,Interstate (State),RAMP 2 FR IS 495 WB TO MD 97 NB,Ramp,6307990782939571,20910,SILVER SPRING,82846.1568889,126320091.137,39.00190768010143,-77.03596497235911,23.0465,91.55714,1.6,1.6,0.0,8.350138,172.56868,210809097035990019,2021-08-09 09:00:00,9,AM,221,0,Monday,0,8,August,2021,0,Unknown
MCP0613002F,AAF7C4B353AB4067BFC965D0000D0BA6,False,NO APPARENT INJURY,NONE,NOT DISTRACTED,PASSENGER,STARTING FROM LANE,West,FUNCTIONAL,55,False,False,4,7987893276643422,210030901,Montgomery County Police,Injury ,False,West,1,4,LEVEL,False,False,DRIVER,SAME DIR REAR END,DRY,DAYLIGHT,NO CONTROLS,NON INTERSECTION,UNKNOWN,STRAIGHT,NO DEFECTS,"TWO-WAY, DIVIDED, POSITIVE MEDIAN BARRIER",39.01496833,-77.03264167,2262757322158515,6307990782939571,0,0,0,2021080909,7703596439001907,Jeep,2018,Cherokee,Small Sport Utility Vehicle 4WD,4.0,2.4,Automatic 9,4WD,Regular Gasoline,21,27,CAPITAL BELTWAY,Interstate (State),RAMP 2 FR IS 495 WB TO MD 97 NB,Ramp,6307990782939571,20910,SILVER SPRING,82846.1568889,126320091.137,39.00190768010143,-77.03596497235911,23.0465,91.55714,1.6,1.6,0.0,8.350138,172.56868,210809097035990019,2021-08-09 09:00:00,9,AM,221,0,Monday,0,8,August,2021,0,Unknown
MCP3190002M,1517774F10784A2591B07D472386E02C,True,NO APPARENT INJURY,UNKNOWN,UNKNOWN,PASSENGER,PARKING,East,UNKNOWN,25,False,False,1,1128146390342610,210030914,Montgomery County Police,Injury ,True,UNKNOWN,0,0,UNKNOWN,True,True,DRIVER,OTHER,UNKNOWN,DAYLIGHT,NO CONTROLS,UNKNOWN,UNKNOWN,UNKNOWN,UNKNOWN,UNKNOWN,39.08429974,-77.07955183,7781945108562677,7781945108562677,1,1,0,2021080910,7705486039088590,Subaru,2009,Forester,Sport Utility Vehicle - 4WD,4.0,2.5,Automatic 4,AWD,Regular Gasoline,20,24,UNKNOWN,UNKNOWN,UNKNOWN,UNKNOWN,7781945108562677,20906,SILVER SPRING,133207.174949,359110751.771,39.08859082555049,-77.05486091907257,24.432499,86.76608,0.5,0.5,0.0,3.6179552,174.2895,210809107054890885,2021-08-09 10:00:00,10,AM,221,0,Monday,0,8,August,2021,0,Unknown
MCP32710018,F43EDE4F9DD04A8EBAE8B0D0DCDD7BDC,True,NO APPARENT INJURY,NONE,NOT DISTRACTED,PASSENGER,SLOWING OR STOPPING,West,SUPERFICIAL,35,False,False,2,1032943015775874,210030988,Montgomery County Police,Property Damage ,False,West,1,2,LEVEL,False,False,DRIVER,SAME DIR REAR END,DRY,DAYLIGHT,TRAFFIC SIGNAL,INTERSECTION RELATED,FOUR-WAY INTERSECTION,STRAIGHT,NO DEFECTS,"TWO-WAY, DIVIDED, POSITIVE MEDIAN BARRIER",38.98406812,-77.1380859,1363718650800826,2421408867616646,0,0,0,2021080918,7715220038996189,Toyota,2010,Corolla,Compact Cars,4.0,1.8,Manual 5,FWD,Regular Gasoline,22,30,RIVER RD,Maryland (State),RIVER RD,County,2421408867616646,20817,BETHESDA,143234.920079,403664948.588,38.996189145680184,-77.15220044157795,26.442999,88.79385,1.6,1.6,0.0,9.83268,156.2505,210809187152289961,2021-08-09 18:00:00,18,PM,221,0,Monday,0,8,August,2021,0,Unknown
MCP32710018,EF3682AD2A2A4FB0A2A903086D4D1AD3,False,NO APPARENT INJURY,NONE,NOT DISTRACTED,PASSENGER,STOPPED IN TRAFFIC LANE,West,SUPERFICIAL,35,False,False,2,9992477215725817,210030988,Montgomery County Police,Property Damage ,False,West,1,2,LEVEL,False,False,DRIVER,SAME DIR REAR END,DRY,DAYLIGHT,TRAFFIC SIGNAL,INTERSECTION RELATED,FOUR-WAY INTERSECTION,STRAIGHT,NO DEFECTS,"TWO-WAY, DIVIDED, POSITIVE MEDIAN BARRIER",38.98406812,-77.1380859,1363718650800826,2421408867616646,0,0,0,2021080918,7715220038996189,Dodge,2018,Charger,Large Cars,6.0,3.6,Automatic 8,RWD,Regular Gasoline,15,25,RIVER RD,Maryland (State),RIVER RD,County,2421408867616646,20817,BETHESDA,143234.920079,403664948.588,38.996189145680184,-77.15220044157795,26.442999,88.79385,1.6,1.6,0.0,9.83268,156.2505,210809187152289961,2021-08-09 18:00:00,18,PM,221,0,Monday,0,8,August,2021,0,Unknown
MCP29920037,44976F0AA37A4BFABB0C0A3FC3CDEFB7,False,NO APPARENT INJURY,NONE,NOT DISTRACTED,PASSENGER,MAKING RIGHT TURN,North,SUPERFICIAL,35,False,False,2,6312893571399229,210031011,Montgomery County Police,Property Damage ,False,West,0,1,LEVEL,False,False,DRIVER,SAME DIR REAR END,WET,DARK NO LIGHTS,YIELD SIGN,INTERSECTION RELATED,OTHER,CURVE RIGHT,NO DEFECTS,UNKNOWN,39.09365167,-77.07926167,3786639377990067,8554262040045692,0,0,0,2021080921,7705486039088590,Chevrolet,0,Unknown,Unknown,0.0,0.0,Unknown,Unknown,Unknown,0,0,BEL PRE RD,County,GEORGIA AVE,Maryland (State),8554262040045692,20906,SILVER SPRING,133207.174949,359110751.771,39.08859082555049,-77.05486091907257,23.7825,96.44647,0.0,0.0,0.0,9.021574,151.38963,210809217054890885,2021-08-09 21:00:00,21,PM,221,0,Monday,0,8,August,2021,0,Unknown
MCP29920037,D9EB8CAB01BB4CE8A9AE16EC7B99CAD4,True,NO APPARENT INJURY,NONE,LOOKED BUT DID NOT SEE,PASSENGER,MAKING RIGHT TURN,North,SUPERFICIAL,35,False,False,2,8224256087529509,210031011,Montgomery County Police,Property Damage ,False,West,0,1,LEVEL,False,False,DRIVER,SAME DIR REAR END,WET,DARK NO LIGHTS,YIELD SIGN,INTERSECTION RELATED,OTHER,CURVE RIGHT,NO DEFECTS,UNKNOWN,39.09365167,-77.07926167,3786639377990067,8554262040045692,0,0,0,2021080921,7705486039088590,Toyota,2016,Prius,Midsize Cars,4.0,1.8,Automatic CVT,FWD,Regular Gasoline,54,50,BEL PRE RD,County,GEORGIA AVE,Maryland (State),8554262040045692,20906,SILVER SPRING,133207.174949,359110751.771,39.08859082555049,-77.05486091907257,23.7825,96.44647,0.0,0.0,0.0,9.021574,151.38963,210809217054890885,2021-08-09 21:00:00,21,PM,221,0,Monday,0,8,August,2021,0,Unknown
MCP28660074,B2A585FCCFDE401DA3181D96EC1B9BCC,True,SUSPECTED MINOR INJURY,NONE,UNKNOWN,PASSENGER,MAKING LEFT TURN,East,DISABLING,25,False,False,1,4132835625111149,210031093,Montgomery County Police,Injury ,False,East,1,2,LEVEL,False,False,DRIVER,SINGLE VEHICLE,DRY,DAYLIGHT,NO CONTROLS,INTERSECTION RELATED,OTHER,STRAIGHT,NO DEFECTS,"TWO-WAY, DIVIDED, POSITIVE MEDIAN BARRIER",38.9951419,-77.04778024,4570729910170239,8760747166704389,0,0,0,2021081015,7703596439001907,Mercedes-Benz,2006,ML-Class,Sport Utility Vehicle - 4WD,6.0,3.5,Automatic 7,AWD,Premium Gasoline,13,17,EAST WEST HWY,Maryland (State),CROSSOVER,UNKNOWN,8760747166704389,20910,SILVER SPRING,82846.1568889,126320091.137,39.00190768010143,-77.03596497235911,32.796497,48.892033,0.0,0.0,0.0,14.830076,174.4279,210810157035990019,2021-08-10 15:00:00,15,PM,222,1,Tuesday,0,8,August,2021,0,Unknown
MCP271700VS,E0F6B63EEA0A4800BA69A3A8258EDE84,True,NO APPARENT INJURY,NONE,LOOKED BUT DID NOT SEE,PASSENGER,MAKING LEFT TURN,East,SUPERFICIAL,25,False,False,2,9886165035923942,210031115,Montgomery County Police,Property Damage ,False,South,1,1,LEVEL,False,False,DRIVER,OPPOSITE DIRECTION SIDESWIPE,DRY,DAYLIGHT,STOP SIGN,INTERSECTION,FOUR-WAY INTERSECTION,STRAIGHT,NO DEFECTS,"TWO-WAY, DIVIDED, UNPROTECTED PAINTED MIN 4 FEET",39.0163785,-77.07169133,9915560399279361,9493941563661347,0,0,0,2021081017,7707527239025656,Toyota,2016,Tundra,Standard Pickup Trucks 2WD,8.0,5.7,Automatic 6,4WD,Regular Gasoline,13,18,SAUL RD,County,OLD SPRING RD,County,9493941563661347,20895,KENSINGTON,70838.1492765,106180148.023,39.02565657266069,-77.07527294437958,31.6955,55.83093,0.4,0.4,0.0,12.605142,178.36346,210810177075290256,2021-08-10 17:00:00,17,PM,222,1,Tuesday,0,8,August,2021,0,Unknown
MCP271700VS,AC3AB8FEC5A84480B35B2240E12E811A,False,NO APPARENT INJURY,NONE,NOT DISTRACTED,PASSENGER,MAKING RIGHT TURN,South,FUNCTIONAL,25,False,False,2,2311894360144589,210031115,Montgomery County Police,Property Damage ,False,South,1,1,LEVEL,False,False,DRIVER,OPPOSITE DIRECTION SIDESWIPE,DRY,DAYLIGHT,STOP SIGN,INTERSECTION,FOUR-WAY INTERSECTION,STRAIGHT,NO DEFECTS,"TWO-WAY, DIVIDED, UNPROTECTED PAINTED MIN 4 FEET",39.0163785,-77.07169133,9915560399279361,9493941563661347,0,0,0,2021081017,7707527239025656,Chevrolet,2016,Cruze,Midsize Cars,4.0,1.4,Automatic 6,FWD,Regular Gasoline,26,40,SAUL RD,County,OLD SPRING RD,County,9493941563661347,20895,KENSINGTON,70838.1492765,106180148.023,39.02565657266069,-77.07527294437958,31.6955,55.83093,0.4,0.4,0.0,12.605142,178.36346,210810177075290256,2021-08-10 17:00:00,17,PM,222,1,Tuesday,0,8,August,2021,0,Unknown
MCP3163003L,52321425D1BE4E6A89BBA3ECB091911B,False,NO APPARENT INJURY,UNKNOWN,NOT DISTRACTED,PASSENGER,STARTING FROM LANE,East,DISABLING,35,False,False,2,169882067601848,210031135,Montgomery County Police,Property Damage ,False,East,1,4,LEVEL,False,False,DRIVER,SAME DIR REAR END,WET,DARK LIGHTS ON,TRAFFIC SIGNAL,INTERSECTION,T-INTERSECTION,STRAIGHT,NO DEFECTS,"TWO-WAY, DIVIDED, UNPROTECTED PAINTED MIN 4 FEET",38.96732195,-77.10729596,1363718650800826,2022575274806909,0,0,0,2021081020,7711806238956479,Hyundai,2016,Sonata,Large Cars,4.0,2.0,Automatic 6,FWD,Regular Gasoline,25,36,RIVER RD,Maryland (State),RIDGEFIELD RD,County,2022575274806909,20816,BETHESDA,58716.1248449,117565480.431,38.95647982277882,-77.11806249046538,25.2975,88.70327,0.0,0.0,0.0,11.525623,165.52966,210810207118089564,2021-08-10 20:00:00,20,PM,222,1,Tuesday,0,8,August,2021,0,Unknown