ReportNumber,VehicleCrashKey,DriverAtFault,DriverInjurySeverity,DriverSubstanceAbuse,DriverDistractedBy,VehicleType,VehicleMovement,VehicleGoingDir,VehicleDamageExtent,SpeedLimit,ParkedVehicle,SubstanceAbuseContributed,VehiclesCrashedTotal,VehicleKey,LocalCaseNumber,AgencyName,ACRSReportType,HitRun,LaneDirection,LaneNumber,NumberOfLanes,RoadGrade,NonTraffic,OffRoadIncident,AccidentAtFault,CollisionType,SurfaceCondition,Light,TrafficControl,Junction,IntersectionType,RoadAlignment,RoadCondition,RoadDivision,Latitude,Longitude,RoadKey_x,CrossStreetKey,NonMotoristTotal,NonMotoristInjury,NonMotoristFatal,DateHourKey,LocationAreaKey,Make,Year_x,BaseModel,BodyClass,Cylinders,Displacement,Transmission,Drivetrain,FuelType,CityMPG,HighwayMPG,RoadName_x,RouteType_x,RoadName_y,RouteType_y,RoadKey_y,Zipcode,MailCity,ShapeLength,ShapeArea,CentroidLatitude,CentroidLongitude,Temperature,Humidity,Precipitation,Rain,Snow,WindSpeed,WindDirection,WeatherKey,Datetime,Hour,TimeOfDay,DayNumber,WeekDayNumber,WeekDayName,WeekendFlag,MonthNumber,MonthName,Year_y,HolidayFlag,HolidayName
MCP3163003L,B791461BF63A45C1BE2EE89E38CA81C4,True,NO APPARENT INJURY,UNKNOWN,LOOKED BUT DID NOT SEE,PASSENGER,ACCELERATING,East,DISABLING,35,False,False,2,2220025468802468,210031135,Montgomery County Police,Property Damage ,False,East,1,4,LEVEL,False,False,DRIVER,SAME DIR REAR END,WET,DARK LIGHTS ON,TRAFFIC SIGNAL,INTERSECTION,T-INTERSECTION,STRAIGHT,NO DEFECTS,"TWO-WAY, DIVIDED, UNPROTECTED PAINTED MIN 4 FEET",38.96732195,-77.10729596,1363718650800826,2022575274806909,0,0,0,2021081020,7711806238956479,Volkswagen,2013,Jetta,Compact Cars,4.0,2.0,Automatic 6,FWD,Regular Gasoline,24,33,RIVER RD,Maryland (State),RIDGEFIELD RD,County,2022575274806909,20816,BETHESDA,58716.1248449,117565480.431,38.95647982277882,-77.11806249046538,25.2975,88.70327,0.0,0.0,0.0,11.525623,165.52966,210810207118089564,2021-08-10 20:00:00,20,PM,222,1,Tuesday,0,8,August,2021,0,Unknown
MCP2539001R,65E97CA7D3D745C1940ECC618E64ED0C,True,NO APPARENT INJURY,NONE,NOT DISTRACTED,EMERGENCY,NEGOTIATING A CURVE,West,DISABLING,30,False,False,1,9992477417057245,210031144,Montgomery County Police,Property Damage ,False,West,1,1,HILL CREST,False,False,DRIVER,SINGLE VEHICLE,WET,DARK LIGHTS ON,NO CONTROLS,NON INTERSECTION,UNKNOWN,CURVE LEFT,NO DEFECTS,"TWO-WAY, NOT DIVIDED",39.02310595,-77.08116698,5777913950568264,2408073488269899,0,0,0,2021081022,7707527239025656,Dodge,2014,Charger,Large Cars,6.0,3.6,Automatic 5,RWD,Regular Gasoline,18,27,CEDAR LA,County,SUMMIT AVE,Municipality,2408073488269899,20895,KENSINGTON,70838.1492765,106180148.023,39.02565657266069,-77.07527294437958,24.4455,89.71833,0.0,0.0,0.0,6.1094027,224.9999,210810227075290256,2021-08-10 22:00:00,22,PM,222,1,Tuesday,0,8,August,2021,0,Unknown
MCP3274000V,22FC01FCFEB149E5BD1354091950C8AD,False,NO APPARENT INJURY,NONE,NOT DISTRACTED,PASSENGER,MOVING CONSTANT SPEED,South,DISABLING,35,False,False,2,1143200118883287,210031151,Montgomery County Police,Injury ,False,South,2,3,LEVEL,False,False,DRIVER,HEAD ON LEFT TURN,WET,DARK LIGHTS ON,TRAFFIC SIGNAL,INTERSECTION,FOUR-WAY INTERSECTION,STRAIGHT,NO DEFECTS,"TWO-WAY, DIVIDED, POSITIVE MEDIAN BARRIER",39.01644333,-77.119955,4494898042244063,5081723985568651,0,0,0,2021081022,7715220038996189,Hyundai,0,Unknown,Unknown,0.0,0.0,Unknown,Unknown,Unknown,0,0,OLD GEORGETOWN RD,Maryland (State),RAMP 5 FR MD 187 SB TO RAMP 4 (TO IS495),Ramp,5081723985568651,20817,BETHESDA,143234.920079,403664948.588,38.996189145680184,-77.15220044157795,24.893,87.33717,0.0,0.0,0.0,5.4477882,187.59456,210810227152289961,2021-08-10 22:00:00,22,PM,222,1,Tuesday,0,8,August,2021,0,Unknown
MCP3274000V,A090E902F0CF4A2F808BC1C7EDFE85BA,True,SUSPECTED MINOR INJURY,NONE,NOT DISTRACTED,PASSENGER,MAKING LEFT TURN,South,DISABLING,35,False,False,2,7449593822546195,210031151,Montgomery County Police,Injury ,False,South,2,3,LEVEL,False,False,DRIVER,HEAD ON LEFT TURN,WET,DARK LIGHTS ON,TRAFFIC SIGNAL,INTERSECTION,FOUR-WAY INTERSECTION,STRAIGHT,NO DEFECTS,"TWO-WAY, DIVIDED, POSITIVE MEDIAN BARRIER",39.01644333,-77.119955,4494898042244063,5081723985568651,0,0,0,2021081022,7715220038996189,Toyota,2022,Highlander,Small Sport Utility Vehicle 2WD,4.0,2.5,Automatic 6,AWD,Regular Gasoline,20,35,OLD GEORGETOWN RD,Maryland (State),RAMP 5 FR MD 187 SB TO RAMP 4 (TO IS495),Ramp,5081723985568651,20817,BETHESDA,143234.920079,403664948.588,38.996189145680184,-77.15220044157795,24.893,87.33717,0.0,0.0,0.0,5.4477882,187.59456,210810227152289961,2021-08-10 22:00:00,22,PM,222,1,Tuesday,0,8,August,2021,0,Unknown
MCP3181001Z,D977248AA51642CEAC17A96B5C2F39B7,True,NO APPARENT INJURY,UNKNOWN,UNKNOWN,UNKNOWN,MOVING CONSTANT SPEED,North,UNKNOWN,35,False,False,1,8168321465439775,210031154,Montgomery County Police,Injury ,True,North,2,2,LEVEL,False,False,DRIVER,SAME DIR REAR END,WET,DARK LIGHTS ON,NO CONTROLS,NON INTERSECTION,UNKNOWN,STRAIGHT,NO DEFECTS,"TWO-WAY, DIVIDED, POSITIVE MEDIAN BARRIER",39.08248401,-77.04664901,1498137660831595,7373617452112981,1,1,0,2021081022,7705486039088590,Unknown,0,Unknown,Unknown,0.0,0.0,Unknown,Unknown,Unknown,0,0,LAYHILL RD,Maryland (State),POST LA,County,7373617452112981,20906,SILVER SPRING,133207.174949,359110751.771,39.08859082555049,-77.05486091907257,24.2325,91.35152,0.0,0.0,0.0,5.5887027,255.06853,210810227054890885,2021-08-10 22:00:00,22,PM,222,1,Tuesday,0,8,August,2021,0,Unknown
MCP27200062,384B41F969D041488EA2FBB0DAAD7081,False,NO APPARENT INJURY,NONE,NOT DISTRACTED,PASSENGER,MOVING CONSTANT SPEED,North,DISABLING,35,False,False,2,7871367637348379,210031156,Montgomery County Police,Property Damage ,True,North,3,3,HILL UPHILL,False,False,DRIVER,SAME DIRECTION SIDESWIPE,WET,DARK LIGHTS ON,NO CONTROLS,NON INTERSECTION,UNKNOWN,STRAIGHT,NO DEFECTS,"TWO-WAY, DIVIDED, POSITIVE MEDIAN BARRIER",39.06202667,-77.07314167,1627793738140795,4713999508398201,0,0,0,2021081022,7705486039088590,Toyota,2018,RAV4,Small Sport Utility Vehicle 4WD,4.0,2.5,Automatic 6,AWD,Regular Gasoline,22,28,CONNECTICUT AVE,Maryland (State),GREENLY ST,County,4713999508398201,20906,SILVER SPRING,133207.174949,359110751.771,39.08859082555049,-77.05486091907257,24.2325,91.35152,0.0,0.0,0.0,5.5887027,255.06853,210810227054890885,2021-08-10 22:00:00,22,PM,222,1,Tuesday,0,8,August,2021,0,Unknown
MCP27200062,818BB6606BB74939889458CD0B88A646,True,NO APPARENT INJURY,UNKNOWN,UNKNOWN,UNKNOWN,CHANGING LANES,North,UNKNOWN,35,False,False,2,8168321465439775,210031156,Montgomery County Police,Property Damage ,True,North,3,3,HILL UPHILL,False,False,DRIVER,SAME DIRECTION SIDESWIPE,WET,DARK LIGHTS ON,NO CONTROLS,NON INTERSECTION,UNKNOWN,STRAIGHT,NO DEFECTS,"TWO-WAY, DIVIDED, POSITIVE MEDIAN BARRIER",39.06202667,-77.07314167,1627793738140795,4713999508398201,0,0,0,2021081022,7705486039088590,Unknown,0,Unknown,Unknown,0.0,0.0,Unknown,Unknown,Unknown,0,0,CONNECTICUT AVE,Maryland (State),GREENLY ST,County,4713999508398201,20906,SILVER SPRING,133207.174949,359110751.771,39.08859082555049,-77.05486091907257,24.2325,91.35152,0.0,0.0,0.0,5.5887027,255.06853,210810227054890885,2021-08-10 22:00:00,22,PM,222,1,Tuesday,0,8,August,2021,0,Unknown
MCP913000BX,417B103C3DF145D5B5E0AA6228D21896,False,POSSIBLE INJURY,NONE,NOT DISTRACTED,PASSENGER,MOVING CONSTANT SPEED,East,DISABLING,40,False,False,2,1787809614844936,210031211,Montgomery County Police,Injury ,False,East,2,3,LEVEL,False,False,DRIVER,STRAIGHT MOVEMENT ANGLE,DRY,DAYLIGHT,STOP SIGN,INTERSECTION,FOUR-WAY INTERSECTION,STRAIGHT,NO DEFECTS,"TWO-WAY, NOT DIVIDED",38.992565,-76.99159667,5005946941929880,5269488757423054,0,0,0,2021081112,7700204038982546,Saturn,2006,Ion,Compact Cars,4.0,2.2,Manual 5,FWD,Premium Gasoline,21,29,UNIVERSITY BLVD E,Maryland (State),MERRIMAC DR,County,5269488757423054,20912,TAKOMA PARK,51232.0653417,65209197.2692,38.98254687160147,-77.00204079343348,32.448,56.524292,0.0,0.0,0.0,6.725354,195.52417,210811127002089825,2021-08-11 12:00:00,12,PM,223,2,Wednesday,0,8,August,2021,0,Unknown
MCP913000BX,A0BE42CF19C7436283B67AAA8D5E236B,True,SUSPECTED MINOR INJURY,NONE,UNKNOWN,PASSENGER,MOVING CONSTANT SPEED,South,DISABLING,40,False,False,2,3097115212987824,210031211,Montgomery County Police,Injury ,False,East,2,3,LEVEL,False,False,DRIVER,STRAIGHT MOVEMENT ANGLE,DRY,DAYLIGHT,STOP SIGN,INTERSECTION,FOUR-WAY INTERSECTION,STRAIGHT,NO DEFECTS,"TWO-WAY, NOT DIVIDED",38.992565,-76.99159667,5005946941929880,5269488757423054,0,0,0,2021081112,7700204038982546,Honda,2005,Accord,Midsize Cars,6.0,3.0,Automatic 5,FWD,Regular Gasoline,18,31,UNIVERSITY BLVD E,Maryland (State),MERRIMAC DR,County,5269488757423054,20912,TAKOMA PARK,51232.0653417,65209197.2692,38.98254687160147,-77.00204079343348,32.448,56.524292,0.0,0.0,0.0,6.725354,195.52417,210811127002089825,2021-08-11 12:00:00,12,PM,223,2,Wednesday,0,8,August,2021,0,Unknown
MCP30480071,EDB6B7174CDC4C7B9F9ECD0536379725,False,NO APPARENT INJURY,UNKNOWN,NOT DISTRACTED,PASSENGER,STOPPED IN TRAFFIC LANE,South,FUNCTIONAL,0,False,False,2,7731083865396304,210031222,Montgomery County Police,Property Damage ,True,South,0,1,LEVEL,False,False,DRIVER,OTHER,DRY,DAYLIGHT,TRAFFIC SIGNAL,INTERSECTION,FOUR-WAY INTERSECTION,STRAIGHT,NO DEFECTS,"TWO-WAY, NOT DIVIDED",39.02957,-77.07545,1627793738140795,9499077155985716,0,0,0,2021081113,7707527239025656,Toyota,2016,Highlander,Standard Sport Utility Vehicle 4WD,6.0,3.5,Automatic 6,AWD,Regular Gasoline,18,25,CONNECTICUT AVE,Maryland (State),PLYERS MILL RD,Maryland (State),9499077155985716,20895,KENSINGTON,70838.1492765,106180148.023,39.02565657266069,-77.07527294437958,33.6455,50.635242,0.0,0.0,0.0,7.754637,201.80147,210811137075290256,2021-08-11 13:00:00,13,PM,223,2,Wednesday,0,8,August,2021,0,Unknown
MCP30480071,10EA665D824C43B492D1D71B19B60F13,True,NO APPARENT INJURY,UNKNOWN,UNKNOWN,PASSENGER,BACKING,South,UNKNOWN,5,False,False,2,8224256003641414,210031222,Montgomery County Police,Property Damage ,True,South,0,1,LEVEL,False,False,DRIVER,OTHER,DRY,DAYLIGHT,TRAFFIC SIGNAL,INTERSECTION,FOUR-WAY INTERSECTION,STRAIGHT,NO DEFECTS,"TWO-WAY, NOT DIVIDED",39.02957,-77.07545,1627793738140795,9499077155985716,0,0,0,2021081113,7707527239025656,Toyota,2013,Prius,Midsize Cars,4.0,1.8,Automatic CVT,FWD,Regular Gasoline,49,46,CONNECTICUT AVE,Maryland (State),PLYERS MILL RD,Maryland (State),9499077155985716,20895,KENSINGTON,70838.1492765,106180148.023,39.02565657266069,-77.07527294437958,33.6455,50.635242,0.0,0.0,0.0,7.754637,201.80147,210811137075290256,2021-08-11 13:00:00,13,PM,223,2,Wednesday,0,8,August,2021,0,Unknown
MCP3163003M,C7B108E86D3E4142AD17DC635D742C8A,False,NO APPARENT INJURY,NONE,LOOKED BUT DID NOT SEE,PASSENGER,MOVING CONSTANT SPEED,South,SUPERFICIAL,35,False,False,1,1093417219301682,210031229,Montgomery County Police,Property Damage ,False,South,3,3,LEVEL,False,False,UNKNOWN,SAME DIRECTION SIDESWIPE,DRY,DAYLIGHT,UNKNOWN,UNKNOWN,UNKNOWN,STRAIGHT,NO DEFECTS,"TWO-WAY, DIVIDED, POSITIVE MEDIAN BARRIER",38.96231311,-77.08662359,7307765282026999,8655009953594281,0,0,0,2021081114,7707842038983818,Toyota,2010,Sienna,Minivan - 2WD,6.0,3.5,Automatic 5,AWD,Regular Gasoline,16,21,WISCONSIN AVE,Maryland (State),WILLARD AVE,County,8655009953594281,20815,CHEVY CHASE,78258.2702851,151813895.483,38.98381860627773,-77.07842006190148,34.3745,48.85127,0.0,0.0,0.0,9.36,180.0,210811147078489838,2021-08-11 14:00:00,14,PM,223,2,Wednesday,0,8,August,2021,0,Unknown
MCP2927003Y,5C2C56F213FB4694BD83AF8B4510CDB9,False,NO APPARENT INJURY,NONE,NOT DISTRACTED,BUS,MOVING CONSTANT SPEED,North,FUNCTIONAL,35,False,False,2,1638809081992876,210031231,Montgomery County Police,Property Damage ,False,North,3,3,LEVEL,False,False,DRIVER,SAME DIRECTION SIDESWIPE,DRY,DAYLIGHT,NO CONTROLS,NON INTERSECTION,UNKNOWN,STRAIGHT,NO DEFECTS,"TWO-WAY, DIVIDED, POSITIVE MEDIAN BARRIER",39.01449122,-77.04219365,8554262040045692,2409786006147293,0,0,0,2021081114,7703596439001907,Buick,2016,Cascada,Subcompact Cars,4.0,1.6,Automatic 6,FWD,Regular Gasoline,20,27,GEORGIA AVE,Maryland (State),MONTGOMERY HILLS BAPTIST CHURCH,UNKNOWN,2409786006147293,20910,SILVER SPRING,82846.1568889,126320091.137,39.00190768010143,-77.03596497235911,34.296497,48.83113,0.0,0.0,0.0,9.36,180.0,210811147035990019,2021-08-11 14:00:00,14,PM,223,2,Wednesday,0,8,August,2021,0,Unknown
MCP2927003Y,B80B9B7836C74627BA2EFD5D4D7AF91E,True,NO APPARENT INJURY,NONE,UNKNOWN,PASSENGER,CHANGING LANES,North,FUNCTIONAL,35,False,False,2,8118991385548737,210031231,Montgomery County Police,Property Damage ,False,North,3,3,LEVEL,False,False,DRIVER,SAME DIRECTION SIDESWIPE,DRY,DAYLIGHT,NO CONTROLS,NON INTERSECTION,UNKNOWN,STRAIGHT,NO DEFECTS,"TWO-WAY, DIVIDED, POSITIVE MEDIAN BARRIER",39.01449122,-77.04219365,8554262040045692,2409786006147293,0,0,0,2021081114,7703596439001907,Ford,2017,GT,Two Seaters,6.0,3.5,Automatic 7,RWD,Premium Gasoline,11,18,GEORGIA AVE,Maryland (State),MONTGOMERY HILLS BAPTIST CHURCH,UNKNOWN,2409786006147293,20910,SILVER SPRING,82846.1568889,126320091.137,39.00190768010143,-77.03596497235911,34.296497,48.83113,0.0,0.0,0.0,9.36,180.0,210811147035990019,2021-08-11 14:00:00,14,PM,223,2,Wednesday,0,8,August,2021,0,Unknown
MCP3039005F,5BC5C518314845ADBA57C0000297D13C,False,NO APPARENT INJURY,NONE,NOT DISTRACTED,PASSENGER,MOVING CONSTANT SPEED,West,SUPERFICIAL,15,False,False,2,2501515092212102,210031235,Montgomery County Police,Property Damage ,False,UNKNOWN,0,0,UNKNOWN,True,True,DRIVER,HEAD ON,UNKNOWN,DAYLIGHT,NO CONTROLS,UNKNOWN,UNKNOWN,UNKNOWN,UNKNOWN,UNKNOWN,38.9839778,-77.02553737,7781945108562677,7781945108562677,0,0,0,2021081115,7700204038982546,Volkswagen,2020,Jetta,Compact Cars,4.0,1.4,Manual 6,FWD,Regular Gasoline,25,40,UNKNOWN,UNKNOWN,UNKNOWN,UNKNOWN,7781945108562677,20912,TAKOMA PARK,51232.0653417,65209197.2692,38.98254687160147,-77.00204079343348,34.398003,48.26509,0.0,0.0,0.0,10.805999,181.9091,210811157002089825,2021-08-11 15:00:00,15,PM,223,2,Wednesday,0,8,August,2021,0,Unknown
MCP3039005F,0E738F498D8540F8850FCB301C4247BC,True,NO APPARENT INJURY,NONE,UNKNOWN,PASSENGER,MOVING CONSTANT SPEED,North,SUPERFICIAL,15,False,False,2,1032943166774445,210031235,Montgomery County Police,Property Damage ,False,UNKNOWN,0,0,UNKNOWN,True,True,DRIVER,HEAD ON,UNKNOWN,DAYLIGHT,NO CONTROLS,UNKNOWN,UNKNOWN,UNKNOWN,UNKNOWN,UNKNOWN,38.9839778,-77.02553737,7781945108562677,7781945108562677,0,0,0,2021081115,7700204038982546,Toyota,2019,Corolla,Midsize Cars,4.0,1.8,Automatic CVT,FWD,Regular Gasoline,28,35,UNKNOWN,UNKNOWN,UNKNOWN,UNKNOWN,7781945108562677,20912,TAKOMA PARK,51232.0653417,65209197.2692,38.98254687160147,-77.00204079343348,34.398003,48.26509,0.0,0.0,0.0,10.805999,181.9091,210811157002089825,2021-08-11 15:00:00,15,PM,223,2,Wednesday,0,8,August,2021,0,Unknown
MCP24380036,F9FD69DE36AC443A85EB0B1DCA35D79A,True,SUSPECTED MINOR INJURY,ALCOHOL,NOT DISTRACTED,PASSENGER,MOVING CONSTANT SPEED,South,DESTROYED,40,False,False,1,7544833026675396,210031246,Montgomery County Police,Injury ,True,South,1,3,GRADE DOWNHILL,False,False,DRIVER,SINGLE VEHICLE,WET,DAYLIGHT,NO CONTROLS,INTERSECTION,T-INTERSECTION,CURVE LEFT,NO DEFECTS,"TWO-WAY, DIVIDED, POSITIVE MEDIAN BARRIER",39.02814283,-76.98287133,8901981419077344,4533297358745091,0,0,0,2021081117,7698354239018293,Chevrolet,2000,Cavalier,Subcompact Cars,4.0,2.2,Automatic 3,FWD,Regular Gasoline,20,25,NEW HAMPSHIRE AVE,Maryland (State),RODNEY RD,County,4533297358745091,20903,SILVER SPRING,50204.7192451,65972447.4483,39.01829365940637,-76.9835422251861,28.1845,80.86016,0.0,0.0,0.0,2.3051248,321.34018,210811176983590182,2021-08-11 17:00:00,17,PM,223,2,Wednesday,0,8,August,2021,0,Unknown
MCP31600034,4F120EBD04C74F3C933F6E31C4E71277,True,NO APPARENT INJURY,NONE,NOT DISTRACTED,PASSENGER,MOVING CONSTANT SPEED,East,DISABLING,35,False,False,3,8224256020419033,210031248,Montgomery County Police,Property Damage ,False,East,2,4,LEVEL,False,False,DRIVER,STRAIGHT MOVEMENT ANGLE,WET,DAYLIGHT,TRAFFIC SIGNAL,INTERSECTION,FOUR-WAY INTERSECTION,STRAIGHT,NO DEFECTS,"TWO-WAY, DIVIDED, POSITIVE MEDIAN BARRIER",39.03849167,-77.07566,1627793738140795,3977719113483138,0,0,0,2021081118,7707527239025656,Toyota,2012,Prius,Midsize Cars,4.0,1.8,Automatic CVT,FWD,Regular Gasoline,49,46,CONNECTICUT AVE,Maryland (State),DENFELD AVE,County,3977719113483138,20895,KENSINGTON,70838.1492765,106180148.023,39.02565657266069,-77.07527294437958,29.095499,79.30751,0.0,0.0,0.0,3.0758414,200.55612,210811187075290256,2021-08-11 18:00:00,18,PM,223,2,Wednesday,0,8,August,2021,0,Unknown
MCP31600034,4BD546C0D224497286849B351FCFCA28,False,NO APPARENT INJURY,NONE,NOT DISTRACTED,PASSENGER,MOVING CONSTANT SPEED,East,SUPERFICIAL,35,False,False,3,6312893571399229,210031248,Montgomery County Police,Property Damage ,False,East,2,4,LEVEL,False,False,DRIVER,STRAIGHT MOVEMENT ANGLE,WET,DAYLIGHT,TRAFFIC SIGNAL,INTERSECTION,FOUR-WAY INTERSECTION,STRAIGHT,NO DEFECTS,"TWO-WAY, DIVIDED, POSITIVE MEDIAN BARRIER",39.03849167,-77.07566,1627793738140795,3977719113483138,0,0,0,2021081118,7707527239025656,Chevrolet,0,Unknown,Unknown,0.0,0.0,Unknown,Unknown,Unknown,0,0,CONNECTICUT AVE,Maryland (State),DENFELD AVE,County,3977719113483138,20895,KENSINGTON,70838.1492765,106180148.023,39.02565657266069,-77.07527294437958,29.095499,79.30751,0.0,0.0,0.0,3.0758414,200.55612,210811187075290256,2021-08-11 18:00:00,18,PM,223,2,Wednesday,0,8,August,2021,0,Unknown
MCP31600034,444EFD46A2964A079C8C3B2D1BB0A2D4,False,NO APPARENT INJURY,UNKNOWN,NOT DISTRACTED,PASSENGER,MOVING CONSTANT SPEED,East,SUPERFICIAL,35,False,False,3,8224256053974271,210031248,Montgomery County Police,Property Damage ,False,East,2,4,LEVEL,False,False,DRIVER,STRAIGHT MOVEMENT ANGLE,WET,DAYLIGHT,TRAFFIC SIGNAL,INTERSECTION,FOUR-WAY INTERSECTION,STRAIGHT,NO DEFECTS,"TWO-WAY, DIVIDED, POSITIVE MEDIAN BARRIER",39.03849167,-77.07566,1627793738140795,3977719113483138,0,0,0,2021081118,7707527239025656,Toyota,2014,Prius,Midsize Cars,4.0,1.8,Automatic CVT,FWD,Regular Gasoline,49,46,CONNECTICUT AVE,Maryland (State),DENFELD AVE,County,3977719113483138,20895,KENSINGTON,70838.1492765,106180148.023,39.02565657266069,-77.07527294437958,29.095499,79.30751,0.0,0.0,0.0,3.0758414,200.55612,210811187075290256,2021-08-11 18:00:00,18,PM,223,2,Wednesday,0,8,August,2021,0,Unknown
MCP3019003X,DE9304A59BE8440BA92350559ADC7B4F,True,NO APPARENT INJURY,UNKNOWN,UNKNOWN,PASSENGER,SLOWING OR STOPPING,North,DISABLING,45,False,False,2,7031206439403663,210031259,Montgomery County Police,Property Damage ,False,North,2,3,LEVEL,False,False,DRIVER,SAME DIR REAR END,WET,DUSK,TRAFFIC SIGNAL,INTERSECTION,FOUR-WAY INTERSECTION,STRAIGHT,NO DEFECTS,"TWO-WAY, DIVIDED, UNPROTECTED PAINTED MIN 4 FEET",39.02400333,-77.10307167,5925405510732472,5080022737134299,0,0,0,2021081119,7710519939016894,Dodge,2003,Viper,Two Seaters,10.0,8.3,Manual 6,RWD,Premium Gasoline,11,20,ROCKVILLE PIKE,Maryland (State),TUCKERMAN LA,County,5080022737134299,20814,BETHESDA,58373.8630538,68540697.609,39.016894075883464,-77.10519990449882,28.484499,76.19504,0.0,0.0,0.0,4.829907,206.56499,210811197105190168,2021-08-11 19:00:00,19,PM,223,2,Wednesday,0,8,August,2021,0,Unknown
MCP3019003X,03523984B10F4869B1B377AA467C3B96,False,NO APPARENT INJURY,UNKNOWN,NOT DISTRACTED,PASSENGER,SLOWING OR STOPPING,North,FUNCTIONAL,45,False,False,2,5555581412675025,210031259,Montgomery County Police,Property Damage ,False,North,2,3,LEVEL,False,False,DRIVER,SAME DIR REAR END,WET,DUSK,TRAFFIC SIGNAL,INTERSECTION,FOUR-WAY INTERSECTION,STRAIGHT,NO DEFECTS,"TWO-WAY, DIVIDED, UNPROTECTED PAINTED MIN 4 FEET",39.02400333,-77.10307167,5925405510732472,5080022737134299,0,0,0,2021081119,7710519939016894,Subaru,2020,Crosstrek,Small Sport Utility Vehicle 4WD,4.0,2.0,Automatic 8,AWD,Regular Gasoline,22,29,ROCKVILLE PIKE,Maryland (State),TUCKERMAN LA,County,5080022737134299,20814,BETHESDA,58373.8630538,68540697.609,39.016894075883464,-77.10519990449882,28.484499,76.19504,0.0,0.0,0.0,4.829907,206.56499,210811197105190168,2021-08-11 19:00:00,19,PM,223,2,Wednesday,0,8,August,2021,0,Unknown
MCP3148003B,2BA5A67C1C4948CFA5BD674F1B56218C,False,NO APPARENT INJURY,NONE,NOT DISTRACTED,PASSENGER,PARKED,UNKNOWN,DISABLING,25,True,False,3,7871367637348379,210031262,Montgomery County Police,Injury ,False,South,1,1,LEVEL,False,False,DRIVER,OTHER,WET,DUSK,UNKNOWN,UNKNOWN,UNKNOWN,STRAIGHT,NO DEFECTS,"TWO-WAY, NOT DIVIDED",39.00102333,-77.114465,2127321729506995,4574047290405965,0,0,0,2021081119,7715220038996189,Toyota,2018,RAV4,Small Sport Utility Vehicle 4WD,4.0,2.5,Automatic 6,AWD,Regular Gasoline,22,28,ONEIDA LA,County,GREENTREE RD,County,4574047290405965,20817,BETHESDA,143234.920079,403664948.588,38.996189145680184,-77.15220044157795,28.493,82.11415,0.0,0.0,0.0,4.452954,194.03627,210811197152289961,2021-08-11 19:00:00,19,PM,223,2,Wednesday,0,8,August,2021,0,Unknown
MCP3148003B,747F2868CBF2489BA795B262B7D5DD8E,True,NO APPARENT INJURY,NONE,LOOKED BUT DID NOT SEE,PASSENGER,MOVING CONSTANT SPEED,North,DISABLING,25,False,False,3,9267817729510318,210031262,Montgomery County Police,Injury ,False,South,1,1,LEVEL,False,False,DRIVER,OTHER,WET,DUSK,UNKNOWN,UNKNOWN,UNKNOWN,STRAIGHT,NO DEFECTS,"TWO-WAY, NOT DIVIDED",39.00102333,-77.114465,2127321729506995,4574047290405965,0,0,0,2021081119,7715220038996189,Land Rover,2021,Evoque,Small Sport Utility Vehicle 4WD,4.0,2.0,Automatic 9,AWD,Premium Gasoline,20,27,ONEIDA LA,County,GREENTREE RD,County,4574047290405965,20817,BETHESDA,143234.920079,403664948.588,38.996189145680184,-77.15220044157795,28.493,82.11415,0.0,0.0,0.0,4.452954,194.03627,210811197152289961,2021-08-11 19:00:00,19,PM,223,2,Wednesday,0,8,August,2021,0,Unknown
MCP3148003B,52F3CA43879F4AE8AB9715A7F6F1C383,False,NO APPARENT INJURY,NONE,NOT DISTRACTED,PASSENGER,SLOWING OR STOPPING,North,SUPERFICIAL,25,False,False,3,8224256003641414,210031262,Montgomery County Police,Injury ,False,South,1,1,LEVEL,False,False,DRIVER,OTHER,WET,DUSK,UNKNOWN,UNKNOWN,UNKNOWN,STRAIGHT,NO DEFECTS,"TWO-WAY, NOT DIVIDED",39.00102333,-77.114465,2127321729506995,4574047290405965,0,0,0,2021081119,7715220038996189,Toyota,2013,Prius,Midsize Cars,4.0,1.8,Automatic CVT,FWD,Regular Gasoline,49,46,ONEIDA LA,County,GREENTREE RD,County,4574047290405965,20817,BETHESDA,143234.920079,403664948.588,38.996189145680184,-77.15220044157795,28.493,82.11415,0.0,0.0,0.0,4.452954,194.03627,210811197152289961,2021-08-11 19:00:00,19,PM,223,2,Wednesday,0,8,August,2021,0,Unknown
MCP32000039,FE8134568B4044ABAF4EDFC6B0DDF0B7,True,NO APPARENT INJURY,NONE,UNKNOWN,PASSENGER,MOVING CONSTANT SPEED,East,DISABLING,35,False,False,2,4058961255486042,210031365,Montgomery County Police,Property Damage ,False,East,3,3,LEVEL,False,False,DRIVER,SAME DIR REAR END,DRY,DAYLIGHT,TRAFFIC SIGNAL,INTERSECTION RELATED,FOUR-WAY INTERSECTION,STRAIGHT,NO DEFECTS,"TWO-WAY, DIVIDED, POSITIVE MEDIAN BARRIER",39.03332967,-77.072882,5963249679537482,7880637898939489,0,0,0,2021081214,7707527239025656,Ford,2005,Explorer,Sport Utility Vehicle - 2WD,6.0,4.0,Automatic 5,AWD,Regular Gasoline,13,18,UNIVERSITY BLVD W,Maryland (State),LEXINGTON ST,County,7880637898939489,20895,KENSINGTON,70838.1492765,106180148.023,39.02565657266069,-77.07527294437958,34.8955,44.288887,0.0,0.0,0.0,5.692099,235.30478,210812147075290256,2021-08-12 14:00:00,14,PM,224,3,Thursday,0,8,August,2021,0,Unknown