ReportNumber,VehicleCrashKey,DriverAtFault,DriverInjurySeverity,DriverSubstanceAbuse,DriverDistractedBy,VehicleType,VehicleMovement,VehicleGoingDir,VehicleDamageExtent,SpeedLimit,ParkedVehicle,SubstanceAbuseContributed,VehiclesCrashedTotal,VehicleKey,LocalCaseNumber,AgencyName,ACRSReportType,HitRun,LaneDirection,LaneNumber,NumberOfLanes,RoadGrade,NonTraffic,OffRoadIncident,AccidentAtFault,CollisionType,SurfaceCondition,Light,TrafficControl,Junction,IntersectionType,RoadAlignment,RoadCondition,RoadDivision,Latitude,Longitude,RoadKey_x,CrossStreetKey,NonMotoristTotal,NonMotoristInjury,NonMotoristFatal,DateHourKey,LocationAreaKey,Make,Year_x,BaseModel,BodyClass,Cylinders,Displacement,Transmission,Drivetrain,FuelType,CityMPG,HighwayMPG,RoadName_x,RouteType_x,RoadName_y,RouteType_y,RoadKey_y,Zipcode,MailCity,ShapeLength,ShapeArea,CentroidLatitude,CentroidLongitude,Temperature,Humidity,Precipitation,Rain,Snow,WindSpeed,WindDirection,WeatherKey,Datetime,Hour,TimeOfDay,DayNumber,WeekDayNumber,WeekDayName,WeekendFlag,MonthNumber,MonthName,Year_y,HolidayFlag,HolidayName
MCP3264001Y,F0FEF12427D94E94B83259E7E37B6EB3,False,POSSIBLE INJURY,NONE,NOT DISTRACTED,PASSENGER,MOVING CONSTANT SPEED,South,DISABLING,25,False,False,2,8525273656215821,210031706,Montgomery County Police,Injury ,False,South,2,2,LEVEL,False,False,DRIVER,STRAIGHT MOVEMENT ANGLE,DRY,DAYLIGHT,NO CONTROLS,INTERSECTION,T-INTERSECTION,STRAIGHT,NO DEFECTS,"TWO-WAY, NOT DIVIDED",38.992335,-77.02396333,6732058886739677,5750743819847308,0,0,0,2021081511,7703596439001907,Toyota,2000,Camry,Compact Cars,4.0,2.2,Automatic 4,FWD,Regular Gasoline,17,28,FENTON ST,County,ALLEY,County,5750743819847308,20910,SILVER SPRING,82846.1568889,126320091.137,39.00190768010143,-77.03596497235911,23.3965,65.42604,0.0,0.0,0.0,11.27553,73.300674,210815117035990019,2021-08-15 11:00:00,11,AM,227,6,Sunday,1,8,August,2021,0,Unknown
MCP31610034,1CA37C0A7C7E41609725A6AC79EACC49,True,NO APPARENT INJURY,NONE,UNKNOWN,PASSENGER,MOVING CONSTANT SPEED,South,FUNCTIONAL,35,False,False,2,273967476684973,210031729,Montgomery County Police,Property Damage ,False,South,3,3,GRADE DOWNHILL,False,False,DRIVER,ANGLE MEETS RIGHT TURN,DRY,DAYLIGHT,TRAFFIC SIGNAL,INTERSECTION RELATED,FOUR-WAY INTERSECTION,STRAIGHT,NO DEFECTS,"TWO-WAY, DIVIDED, POSITIVE MEDIAN BARRIER",39.01534,-77.079025,1627793738140795,9915560399279361,0,0,0,2021081515,7707527239025656,Dodge,2021,Charger,Large Cars,8.0,3.6,Automatic 8,RWD,Premium Gasoline,15,24,CONNECTICUT AVE,Maryland (State),SAUL RD,County,9915560399279361,20895,KENSINGTON,70838.1492765,106180148.023,39.02565657266069,-77.07527294437958,26.4455,53.33947,0.0,0.0,0.0,6.9899354,101.88863,210815157075290256,2021-08-15 15:00:00,15,PM,227,6,Sunday,1,8,August,2021,0,Unknown
MCP31610034,EB190F153B284AE6AC4D330BCB174AC1,False,NO APPARENT INJURY,NONE,NOT DISTRACTED,TRUCK,MAKING RIGHT TURN,East,DISABLING,35,False,False,2,6312893571399229,210031729,Montgomery County Police,Property Damage ,False,South,3,3,GRADE DOWNHILL,False,False,DRIVER,ANGLE MEETS RIGHT TURN,DRY,DAYLIGHT,TRAFFIC SIGNAL,INTERSECTION RELATED,FOUR-WAY INTERSECTION,STRAIGHT,NO DEFECTS,"TWO-WAY, DIVIDED, POSITIVE MEDIAN BARRIER",39.01534,-77.079025,1627793738140795,9915560399279361,0,0,0,2021081515,7707527239025656,Chevrolet,0,Unknown,Unknown,0.0,0.0,Unknown,Unknown,Unknown,0,0,CONNECTICUT AVE,Maryland (State),SAUL RD,County,9915560399279361,20895,KENSINGTON,70838.1492765,106180148.023,39.02565657266069,-77.07527294437958,26.4455,53.33947,0.0,0.0,0.0,6.9899354,101.88863,210815157075290256,2021-08-15 15:00:00,15,PM,227,6,Sunday,1,8,August,2021,0,Unknown
MCP31810020,2CD3361E6DBA4B7D871FF69D3AD927E1,False,NO APPARENT INJURY,UNKNOWN,NOT DISTRACTED,PASSENGER,MOVING CONSTANT SPEED,North,FUNCTIONAL,35,False,False,2,3291189881588579,210031768,Montgomery County Police,Property Damage ,False,North,2,3,HILL UPHILL,False,False,DRIVER,SAME DIRECTION RIGHT TURN,DRY,DARK LIGHTS ON,NO CONTROLS,NON INTERSECTION,UNKNOWN,STRAIGHT,NO DEFECTS,"TWO-WAY, DIVIDED, POSITIVE MEDIAN BARRIER",39.07970992,-77.07358198,8554262040045692,9227305820425636,0,0,0,2021081522,7705486039088590,Acura,0,Unknown,Unknown,0.0,0.0,Unknown,Unknown,Unknown,0,0,GEORGIA AVE,Maryland (State),LOTTE PLAZA,UNKNOWN,9227305820425636,20906,SILVER SPRING,133207.174949,359110751.771,39.08859082555049,-77.05486091907257,22.332499,78.356895,0.0,0.0,0.0,7.24486,26.564985,210815227054890885,2021-08-15 22:00:00,22,PM,227,6,Sunday,1,8,August,2021,0,Unknown
MCP31810020,DFBC066319F74E8A8B64295C30D19A02,True,NO APPARENT INJURY,ALCOHOL,UNKNOWN,PASSENGER,CHANGING LANES,North,DESTROYED,35,False,False,2,8544963687641813,210031768,Montgomery County Police,Property Damage ,False,North,2,3,HILL UPHILL,False,False,DRIVER,SAME DIRECTION RIGHT TURN,DRY,DARK LIGHTS ON,NO CONTROLS,NON INTERSECTION,UNKNOWN,STRAIGHT,NO DEFECTS,"TWO-WAY, DIVIDED, POSITIVE MEDIAN BARRIER",39.07970992,-77.07358198,8554262040045692,9227305820425636,0,0,0,2021081522,7705486039088590,Chevrolet,2018,Camaro,Subcompact Cars,8.0,6.2,Manual 6,RWD,Premium Gasoline,16,20,GEORGIA AVE,Maryland (State),LOTTE PLAZA,UNKNOWN,9227305820425636,20906,SILVER SPRING,133207.174949,359110751.771,39.08859082555049,-77.05486091907257,22.332499,78.356895,0.0,0.0,0.0,7.24486,26.564985,210815227054890885,2021-08-15 22:00:00,22,PM,227,6,Sunday,1,8,August,2021,0,Unknown
DM8497000T,F339D643E63D4CBE92D42C8124696F7D,True,NO APPARENT INJURY,NONE,NOT DISTRACTED,PASSENGER,STARTING FROM PARKED,East,FUNCTIONAL,0,False,False,1,6221347428139372,210031794,Takoma Park Police Depart,Property Damage ,False,UNKNOWN,0,0,UNKNOWN,True,True,DRIVER,SINGLE VEHICLE,UNKNOWN,DAWN,NO CONTROLS,UNKNOWN,UNKNOWN,UNKNOWN,UNKNOWN,UNKNOWN,38.97579,-76.99388,7781945108562677,7781945108562677,0,0,0,2021081606,7700204038982546,Nissan,2008,Sentra,Midsize Cars,4.0,2.0,Automatic CVT,FWD,Regular Gasoline,24,29,UNKNOWN,UNKNOWN,UNKNOWN,UNKNOWN,7781945108562677,20912,TAKOMA PARK,51232.0653417,65209197.2692,38.98254687160147,-77.00204079343348,21.598,94.91791,3.3,3.3,0.0,8.209263,105.25517,210816067002089825,2021-08-16 06:00:00,6,AM,228,0,Monday,0,8,August,2021,0,Unknown
DM84900010,7050CC161B384D918658C7FFBE7FCCD2,False,NO APPARENT INJURY,UNKNOWN,NOT DISTRACTED,PASSENGER,MOVING CONSTANT SPEED,East,SUPERFICIAL,30,False,False,2,4552950368326261,210031796,Takoma Park Police Depart,Property Damage ,False,East,1,3,LEVEL,False,False,DRIVER,OTHER,DRY,DAYLIGHT,TRAFFIC SIGNAL,INTERSECTION,T-INTERSECTION,STRAIGHT,NO DEFECTS,"TWO-WAY, DIVIDED, POSITIVE MEDIAN BARRIER",38.98794283,-76.9863595,5005946941929880,5750743819847308,0,0,0,2021081607,7700204038982546,Honda,2020,Pilot,Small Sport Utility Vehicle 2WD,6.0,3.5,Automatic 6,AWD,Regular Gasoline,19,26,UNIVERSITY BLVD E,Maryland (State),ALLEY,County,5750743819847308,20912,TAKOMA PARK,51232.0653417,65209197.2692,38.98254687160147,-77.00204079343348,21.698,90.3501,0.4,0.4,0.0,9.178235,101.3099,210816077002089825,2021-08-16 07:00:00,7,AM,228,0,Monday,0,8,August,2021,0,Unknown
DM84900010,EEA4C776F0864301A894C785180C810C,True,NO APPARENT INJURY,UNKNOWN,LOOKED BUT DID NOT SEE,PASSENGER,MAKING RIGHT TURN,East,SUPERFICIAL,30,False,False,2,2250767647570290,210031796,Takoma Park Police Depart,Property Damage ,False,East,1,3,LEVEL,False,False,DRIVER,OTHER,DRY,DAYLIGHT,TRAFFIC SIGNAL,INTERSECTION,T-INTERSECTION,STRAIGHT,NO DEFECTS,"TWO-WAY, DIVIDED, POSITIVE MEDIAN BARRIER",38.98794283,-76.9863595,5005946941929880,5750743819847308,0,0,0,2021081607,7700204038982546,Freightliner,0,Unknown,Unknown,0.0,0.0,Unknown,Unknown,Unknown,0,0,UNIVERSITY BLVD E,Maryland (State),ALLEY,County,5750743819847308,20912,TAKOMA PARK,51232.0653417,65209197.2692,38.98254687160147,-77.00204079343348,21.698,90.3501,0.4,0.4,0.0,9.178235,101.3099,210816077002089825,2021-08-16 07:00:00,7,AM,228,0,Monday,0,8,August,2021,0,Unknown
MCP1323001F,DFB459A679704CBA9C6787C35BB88A2E,True,NO APPARENT INJURY,UNKNOWN,LOOKED BUT DID NOT SEE,PASSENGER,MAKING RIGHT TURN,East,FUNCTIONAL,25,False,False,2,5826783019741363,210031818,Montgomery County Police,Injury ,True,North,1,1,GRADE DOWNHILL,False,False,DRIVER,SAME DIRECTION SIDESWIPE,DRY,DAYLIGHT,UNKNOWN,COMMERCIAL DRIVEWAY,UNKNOWN,STRAIGHT,NO DEFECTS,"TWO-WAY, DIVIDED, UNPROTECTED PAINTED MIN 4 FEET",38.99070124,-77.02382121,6732058886739677,8368871616036332,0,0,0,2021081610,7703596439001907,BMW,0,Unknown,Unknown,0.0,0.0,Unknown,Unknown,Unknown,0,0,FENTON ST,County,SLIGO AVE,County,8368871616036332,20910,SILVER SPRING,82846.1568889,126320091.137,39.00190768010143,-77.03596497235911,22.1965,92.637886,5.7,5.7,0.0,9.36,90.0,210816107035990019,2021-08-16 10:00:00,10,AM,228,0,Monday,0,8,August,2021,0,Unknown
MCP1323001F,796ABAC83C7B434486371E519560807D,False,NO APPARENT INJURY,NONE,NOT DISTRACTED,PASSENGER,MOVING CONSTANT SPEED,East,FUNCTIONAL,25,False,False,2,1032942931887779,210031818,Montgomery County Police,Injury ,True,North,1,1,GRADE DOWNHILL,False,False,DRIVER,SAME DIRECTION SIDESWIPE,DRY,DAYLIGHT,UNKNOWN,COMMERCIAL DRIVEWAY,UNKNOWN,STRAIGHT,NO DEFECTS,"TWO-WAY, DIVIDED, UNPROTECTED PAINTED MIN 4 FEET",38.99070124,-77.02382121,6732058886739677,8368871616036332,0,0,0,2021081610,7703596439001907,Toyota,2017,Corolla,Midsize Cars,4.0,1.8,Automatic CVT,FWD,Regular Gasoline,28,35,FENTON ST,County,SLIGO AVE,County,8368871616036332,20910,SILVER SPRING,82846.1568889,126320091.137,39.00190768010143,-77.03596497235911,22.1965,92.637886,5.7,5.7,0.0,9.36,90.0,210816107035990019,2021-08-16 10:00:00,10,AM,228,0,Monday,0,8,August,2021,0,Unknown
MCP1323001D,B854DA3855ED43F1A175996FD15E6121,False,POSSIBLE INJURY,NONE,NOT DISTRACTED,PASSENGER,SLOWING OR STOPPING,East,FUNCTIONAL,25,False,False,2,7364392773232836,210031833,Montgomery County Police,Injury ,False,East,1,3,LEVEL,False,False,DRIVER,SAME DIR REND RIGHT TURN,WET,DAYLIGHT,TRAFFIC SIGNAL,INTERSECTION,FOUR-WAY INTERSECTION,STRAIGHT,NO DEFECTS,"TWO-WAY, NOT DIVIDED",39.00516333,-77.022505,3912318926152506,7228418003688286,0,0,0,2021081611,7703596439001907,Honda,2020,HR-V,Small Station Wagons,4.0,1.8,Automatic 7,4WD,Regular Gasoline,28,31,DALE DR,County,COLESVILLE RD,US (State),7228418003688286,20910,SILVER SPRING,82846.1568889,126320091.137,39.00190768010143,-77.03596497235911,22.3965,95.53026,7.6,7.6,0.0,7.0911775,113.962494,210816117035990019,2021-08-16 11:00:00,11,AM,228,0,Monday,0,8,August,2021,0,Unknown
MCP1323001D,B1588DCC7A3E4C15BA6658496E7DF0C9,True,NO APPARENT INJURY,NONE,LOOKED BUT DID NOT SEE,TRUCK,STARTING FROM LANE,East,SUPERFICIAL,25,False,False,2,9755364676930633,210031833,Montgomery County Police,Injury ,False,East,1,3,LEVEL,False,False,DRIVER,SAME DIR REND RIGHT TURN,WET,DAYLIGHT,TRAFFIC SIGNAL,INTERSECTION,FOUR-WAY INTERSECTION,STRAIGHT,NO DEFECTS,"TWO-WAY, NOT DIVIDED",39.00516333,-77.022505,3912318926152506,7228418003688286,0,0,0,2021081611,7703596439001907,International,0,Unknown,Unknown,0.0,0.0,Unknown,Unknown,Unknown,0,0,DALE DR,County,COLESVILLE RD,US (State),7228418003688286,20910,SILVER SPRING,82846.1568889,126320091.137,39.00190768010143,-77.03596497235911,22.3965,95.53026,7.6,7.6,0.0,7.0911775,113.962494,210816117035990019,2021-08-16 11:00:00,11,AM,228,0,Monday,0,8,August,2021,0,Unknown
MCP3026006Q,FACD2450F2754AD0AE2EB5FBEDF15D9D,False,NO APPARENT INJURY,NONE,NOT DISTRACTED,BUS,MOVING CONSTANT SPEED,North,SUPERFICIAL,35,False,False,2,251816279034915,210031873,Montgomery County Police,Property Damage ,True,North,2,3,LEVEL,False,False,DRIVER,SAME DIRECTION SIDESWIPE,DRY,DAYLIGHT,NO CONTROLS,NON INTERSECTION,UNKNOWN,STRAIGHT,NO DEFECTS,"TWO-WAY, DIVIDED, POSITIVE MEDIAN BARRIER",38.978835,-77.077035,1627793738140795,3259326823337285,0,0,0,2021081614,7707842038983818,NABI,0,Unknown,Unknown,0.0,0.0,Unknown,Unknown,Unknown,0,0,CONNECTICUT AVE,Maryland (State),RAYMOND ST,Municipality,3259326823337285,20815,CHEVY CHASE,78258.2702851,151813895.483,38.98381860627773,-77.07842006190148,23.124498,90.44844,0.3,0.3,0.0,9.885262,100.491425,210816147078489838,2021-08-16 14:00:00,14,PM,228,0,Monday,0,8,August,2021,0,Unknown
MCP3026006Q,E29F801E97E94AC3852BB7D3780F709A,True,NO APPARENT INJURY,UNKNOWN,UNKNOWN,UNKNOWN,CHANGING LANES,North,UNKNOWN,35,False,False,2,8168321465439775,210031873,Montgomery County Police,Property Damage ,True,North,2,3,LEVEL,False,False,DRIVER,SAME DIRECTION SIDESWIPE,DRY,DAYLIGHT,NO CONTROLS,NON INTERSECTION,UNKNOWN,STRAIGHT,NO DEFECTS,"TWO-WAY, DIVIDED, POSITIVE MEDIAN BARRIER",38.978835,-77.077035,1627793738140795,3259326823337285,0,0,0,2021081614,7707842038983818,Unknown,0,Unknown,Unknown,0.0,0.0,Unknown,Unknown,Unknown,0,0,CONNECTICUT AVE,Maryland (State),RAYMOND ST,Municipality,3259326823337285,20815,CHEVY CHASE,78258.2702851,151813895.483,38.98381860627773,-77.07842006190148,23.124498,90.44844,0.3,0.3,0.0,9.885262,100.491425,210816147078489838,2021-08-16 14:00:00,14,PM,228,0,Monday,0,8,August,2021,0,Unknown
MCP29920038,087FB7A7C1D3415AA731F3EEF60D10B7,False,NO APPARENT INJURY,UNKNOWN,NOT DISTRACTED,PASSENGER,MOVING CONSTANT SPEED,West,FUNCTIONAL,40,False,False,2,8961481787963722,210031882,Montgomery County Police,Property Damage ,False,West,2,2,LEVEL,False,False,DRIVER,STRAIGHT MOVEMENT ANGLE,DRY,DAYLIGHT,NO CONTROLS,INTERSECTION,T-INTERSECTION,STRAIGHT,UNKNOWN,"TWO-WAY, NOT DIVIDED",39.112545,-77.06552667,418179445979580,170090271737160,0,0,0,2021081615,7705486039088590,Mazda,0,Unknown,Unknown,0.0,0.0,Unknown,Unknown,Unknown,0,0,NORBECK RD,Maryland (State),BAILEYS LA,County,170090271737160,20906,SILVER SPRING,133207.174949,359110751.771,39.08859082555049,-77.05486091907257,22.682499,89.31326,0.2,0.2,0.0,10.495713,120.96369,210816157054890885,2021-08-16 15:00:00,15,PM,228,0,Monday,0,8,August,2021,0,Unknown
MCP29920038,779FFD13AF674C3AA883CBB5EFE00824,True,NO APPARENT INJURY,UNKNOWN,LOOKED BUT DID NOT SEE,PASSENGER,MAKING LEFT TURN,West,SUPERFICIAL,40,False,False,2,2134147885411607,210031882,Montgomery County Police,Property Damage ,False,West,2,2,LEVEL,False,False,DRIVER,STRAIGHT MOVEMENT ANGLE,DRY,DAYLIGHT,NO CONTROLS,INTERSECTION,T-INTERSECTION,STRAIGHT,UNKNOWN,"TWO-WAY, NOT DIVIDED",39.112545,-77.06552667,418179445979580,170090271737160,0,0,0,2021081615,7705486039088590,Hyundai,2017,Tucson,Small Sport Utility Vehicle 2WD,4.0,1.6,Automatic 7,FWD,Regular Gasoline,25,30,NORBECK RD,Maryland (State),BAILEYS LA,County,170090271737160,20906,SILVER SPRING,133207.174949,359110751.771,39.08859082555049,-77.05486091907257,22.682499,89.31326,0.2,0.2,0.0,10.495713,120.96369,210816157054890885,2021-08-16 15:00:00,15,PM,228,0,Monday,0,8,August,2021,0,Unknown
MCP31920024,0CD72C9B660D4B44BD75CF007AEC79EA,False,NO APPARENT INJURY,NONE,NOT DISTRACTED,PASSENGER,ACCELERATING,South,DISABLING,40,False,False,2,8512942937461944,210031890,Montgomery County Police,Property Damage ,False,South,3,3,LEVEL,False,False,DRIVER,SAME DIR REAR END,DRY,DAYLIGHT,NO CONTROLS,INTERSECTION,FOUR-WAY INTERSECTION,STRAIGHT,NO DEFECTS,"TWO-WAY, DIVIDED, POSITIVE MEDIAN BARRIER",39.05002733,-77.075298,1627793738140795,9290911226978796,0,0,0,2021081616,7705486039088590,Nissan,2019,Kicks,Midsize Cars,4.0,1.6,Automatic CVT,FWD,Regular Gasoline,31,36,CONNECTICUT AVE,Maryland (State),VEIRS MILL RD,Maryland (State),9290911226978796,20906,SILVER SPRING,133207.174949,359110751.771,39.08859082555049,-77.05486091907257,23.332499,88.54536,0.2,0.2,0.0,10.00256,120.256355,210816167054890885,2021-08-16 16:00:00,16,PM,228,0,Monday,0,8,August,2021,0,Unknown
MCP31920024,96997127BC564DC1996E20C4B529D20D,True,NO APPARENT INJURY,NONE,UNKNOWN,PASSENGER,ACCELERATING,South,FUNCTIONAL,40,False,False,2,3097115431096871,210031890,Montgomery County Police,Property Damage ,False,South,3,3,LEVEL,False,False,DRIVER,SAME DIR REAR END,DRY,DAYLIGHT,NO CONTROLS,INTERSECTION,FOUR-WAY INTERSECTION,STRAIGHT,NO DEFECTS,"TWO-WAY, DIVIDED, POSITIVE MEDIAN BARRIER",39.05002733,-77.075298,1627793738140795,9290911226978796,0,0,0,2021081616,7705486039088590,Honda,2008,Accord,Compact Cars,4.0,2.4,Automatic 5,FWD,Regular Gasoline,19,31,CONNECTICUT AVE,Maryland (State),VEIRS MILL RD,Maryland (State),9290911226978796,20906,SILVER SPRING,133207.174949,359110751.771,39.08859082555049,-77.05486091907257,23.332499,88.54536,0.2,0.2,0.0,10.00256,120.256355,210816167054890885,2021-08-16 16:00:00,16,PM,228,0,Monday,0,8,August,2021,0,Unknown
DM84900011,6B2726AE1C384CF7A112339F2CD1B4DA,False,NO APPARENT INJURY,UNKNOWN,LOOKED BUT DID NOT SEE,PASSENGER,MOVING CONSTANT SPEED,East,SUPERFICIAL,30,False,False,2,2815627384783423,210031987,Takoma Park Police Depart,Property Damage ,False,East,3,3,LEVEL,False,False,UNKNOWN,STRAIGHT MOVEMENT ANGLE,DRY,DAYLIGHT,TRAFFIC SIGNAL,INTERSECTION,FOUR-WAY INTERSECTION,STRAIGHT,NO DEFECTS,"TWO-WAY, DIVIDED, POSITIVE MEDIAN BARRIER",38.99261622,-76.99150611,3854258984399684,5005946941929880,0,0,0,2021081616,7698354239018293,Honda,2017,Accord,Midsize Cars,4.0,2.4,Automatic 6,FWD,Regular Gasoline,21,32,UNIVERSITY BLVD E SERV RD,County,UNIVERSITY BLVD E,Maryland (State),5005946941929880,20903,SILVER SPRING,50204.7192451,65972447.4483,39.01829365940637,-76.9835422251861,23.5845,89.3817,0.2,0.2,0.0,9.983106,115.64096,210816166983590182,2021-08-16 16:00:00,16,PM,228,0,Monday,0,8,August,2021,0,Unknown
DM84900011,C573DC00B3A94DA39E629066DA845329,False,NO APPARENT INJURY,UNKNOWN,LOOKED BUT DID NOT SEE,PASSENGER,MOVING CONSTANT SPEED,East,SUPERFICIAL,30,False,False,2,1032942982220636,210031987,Takoma Park Police Depart,Property Damage ,False,East,3,3,LEVEL,False,False,UNKNOWN,STRAIGHT MOVEMENT ANGLE,DRY,DAYLIGHT,TRAFFIC SIGNAL,INTERSECTION,FOUR-WAY INTERSECTION,STRAIGHT,NO DEFECTS,"TWO-WAY, DIVIDED, POSITIVE MEDIAN BARRIER",38.99261622,-76.99150611,3854258984399684,5005946941929880,0,0,0,2021081616,7698354239018293,Toyota,2012,Corolla,Compact Cars,4.0,1.8,Automatic 4,FWD,Regular Gasoline,26,33,UNIVERSITY BLVD E SERV RD,County,UNIVERSITY BLVD E,Maryland (State),5005946941929880,20903,SILVER SPRING,50204.7192451,65972447.4483,39.01829365940637,-76.9835422251861,23.5845,89.3817,0.2,0.2,0.0,9.983106,115.64096,210816166983590182,2021-08-16 16:00:00,16,PM,228,0,Monday,0,8,August,2021,0,Unknown
MCP2954009H,835E4A1895254332A1860CFC022538A4,False,NO APPARENT INJURY,NONE,NOT DISTRACTED,PASSENGER,MOVING CONSTANT SPEED,West,SUPERFICIAL,35,False,False,2,1045138112930704,210031907,Montgomery County Police,Property Damage ,False,West,1,3,LEVEL,False,False,DRIVER,STRAIGHT MOVEMENT ANGLE,UNKNOWN,DAYLIGHT,STOP SIGN,INTERSECTION,FOUR-WAY INTERSECTION,STRAIGHT,NO DEFECTS,UNKNOWN,38.99249833,-76.99135,5005946941929880,5269488757423054,0,0,0,2021081617,7698354239018293,Toyota,1998,4Runner,Special Purpose Vehicle 4WD,4.0,2.7,Automatic 4,AWD,Regular Gasoline,15,18,UNIVERSITY BLVD E,Maryland (State),MERRIMAC DR,County,5269488757423054,20903,SILVER SPRING,50204.7192451,65972447.4483,39.01829365940637,-76.9835422251861,23.484499,89.101265,0.1,0.1,0.0,10.041354,104.5345,210816176983590182,2021-08-16 17:00:00,17,PM,228,0,Monday,0,8,August,2021,0,Unknown
MCP2954009H,38AC8AEAB70A4089987BD6A7F7D4376A,True,NO APPARENT INJURY,NONE,LOOKED BUT DID NOT SEE,PASSENGER,STARTING FROM PARKED,South,DISABLING,35,False,False,2,3097115414319252,210031907,Montgomery County Police,Property Damage ,False,West,1,3,LEVEL,False,False,DRIVER,STRAIGHT MOVEMENT ANGLE,UNKNOWN,DAYLIGHT,STOP SIGN,INTERSECTION,FOUR-WAY INTERSECTION,STRAIGHT,NO DEFECTS,UNKNOWN,38.99249833,-76.99135,5005946941929880,5269488757423054,0,0,0,2021081617,7698354239018293,Honda,2009,Accord,Compact Cars,4.0,2.4,Automatic 5,FWD,Regular Gasoline,19,30,UNIVERSITY BLVD E,Maryland (State),MERRIMAC DR,County,5269488757423054,20903,SILVER SPRING,50204.7192451,65972447.4483,39.01829365940637,-76.9835422251861,23.484499,89.101265,0.1,0.1,0.0,10.041354,104.5345,210816176983590182,2021-08-16 17:00:00,17,PM,228,0,Monday,0,8,August,2021,0,Unknown
MCP2892009R,C7071568C61944BA860A639DDD2E579A,False,NO APPARENT INJURY,NONE,NOT DISTRACTED,PASSENGER,LEAVING TRAFFIC LANE,South,SUPERFICIAL,35,False,False,3,8224255970086176,210031909,Montgomery County Police,Property Damage ,True,South,2,3,LEVEL,False,False,DRIVER,STRAIGHT MOVEMENT ANGLE,WET,DAYLIGHT,NO CONTROLS,INTERSECTION,FOUR-WAY INTERSECTION,STRAIGHT,NO DEFECTS,"TWO-WAY, DIVIDED, POSITIVE MEDIAN BARRIER",39.00456301,-77.04017809,118399697147806,4351990886565724,0,0,0,2021081617,7703596439001907,Toyota,2011,Prius,Midsize Cars,4.0,1.8,Automatic CVT,FWD,Regular Gasoline,49,46,16TH ST,Maryland (State),GRACE CHURCH RD,County,4351990886565724,20910,SILVER SPRING,82846.1568889,126320091.137,39.00190768010143,-77.03596497235911,23.5465,88.5627,0.1,0.1,0.0,10.041354,104.5345,210816177035990019,2021-08-16 17:00:00,17,PM,228,0,Monday,0,8,August,2021,0,Unknown
MCP2892009R,CCC3FE7CFF0E4A88BBE480E2E75BF03F,True,NO APPARENT INJURY,UNKNOWN,UNKNOWN,UNKNOWN,MOVING CONSTANT SPEED,West,UNKNOWN,35,False,False,3,8168321465439775,210031909,Montgomery County Police,Property Damage ,True,South,2,3,LEVEL,False,False,DRIVER,STRAIGHT MOVEMENT ANGLE,WET,DAYLIGHT,NO CONTROLS,INTERSECTION,FOUR-WAY INTERSECTION,STRAIGHT,NO DEFECTS,"TWO-WAY, DIVIDED, POSITIVE MEDIAN BARRIER",39.00456301,-77.04017809,118399697147806,4351990886565724,0,0,0,2021081617,7703596439001907,Unknown,0,Unknown,Unknown,0.0,0.0,Unknown,Unknown,Unknown,0,0,16TH ST,Maryland (State),GRACE CHURCH RD,County,4351990886565724,20910,SILVER SPRING,82846.1568889,126320091.137,39.00190768010143,-77.03596497235911,23.5465,88.5627,0.1,0.1,0.0,10.041354,104.5345,210816177035990019,2021-08-16 17:00:00,17,PM,228,0,Monday,0,8,August,2021,0,Unknown
MCP2892009R,C56ED94578A04DEDBB172BD7F9E77D29,False,NO APPARENT INJURY,NONE,NOT DISTRACTED,PASSENGER,MOVING CONSTANT SPEED,South,SUPERFICIAL,35,False,False,3,8224256121084747,210031909,Montgomery County Police,Property Damage ,True,South,2,3,LEVEL,False,False,DRIVER,STRAIGHT MOVEMENT ANGLE,WET,DAYLIGHT,NO CONTROLS,INTERSECTION,FOUR-WAY INTERSECTION,STRAIGHT,NO DEFECTS,"TWO-WAY, DIVIDED, POSITIVE MEDIAN BARRIER",39.00456301,-77.04017809,118399697147806,4351990886565724,0,0,0,2021081617,7703596439001907,Toyota,2018,Prius,Midsize Cars,4.0,1.8,Automatic CVT,FWD,Regular Gasoline,54,50,16TH ST,Maryland (State),GRACE CHURCH RD,County,4351990886565724,20910,SILVER SPRING,82846.1568889,126320091.137,39.00190768010143,-77.03596497235911,23.5465,88.5627,0.1,0.1,0.0,10.041354,104.5345,210816177035990019,2021-08-16 17:00:00,17,PM,228,0,Monday,0,8,August,2021,0,Unknown
MCP2954009J,AD740A40A0D44776BC842A942437480B,True,NO APPARENT INJURY,NONE,UNKNOWN,PASSENGER,MAKING LEFT TURN,South,DISABLING,35,False,False,2,9710989504964749,210031918,Montgomery County Police,Property Damage ,False,North,3,3,LEVEL,False,False,DRIVER,STRAIGHT MOVEMENT ANGLE,DRY,DAYLIGHT,TRAFFIC SIGNAL,INTERSECTION,T-INTERSECTION,STRAIGHT,NO DEFECTS,"TWO-WAY, DIVIDED, POSITIVE MEDIAN BARRIER",39.01953,-76.97574167,8901981419077344,6418727789277950,0,0,0,2021081617,7698354239018293,Dodge,2007,Charger,Large Cars,6.0,3.5,Automatic 5,RWD,Regular Gasoline,15,22,NEW HAMPSHIRE AVE,Maryland (State),ELTON RD,County,6418727789277950,20903,SILVER SPRING,50204.7192451,65972447.4483,39.01829365940637,-76.9835422251861,23.484499,89.101265,0.1,0.1,0.0,10.041354,104.5345,210816176983590182,2021-08-16 17:00:00,17,PM,228,0,Monday,0,8,August,2021,0,Unknown