ReportNumber,VehicleCrashKey,DriverAtFault,DriverInjurySeverity,DriverSubstanceAbuse,DriverDistractedBy,VehicleType,VehicleMovement,VehicleGoingDir,VehicleDamageExtent,SpeedLimit,ParkedVehicle,SubstanceAbuseContributed,VehiclesCrashedTotal,VehicleKey,LocalCaseNumber,AgencyName,ACRSReportType,HitRun,LaneDirection,LaneNumber,NumberOfLanes,RoadGrade,NonTraffic,OffRoadIncident,AccidentAtFault,CollisionType,SurfaceCondition,Light,TrafficControl,Junction,IntersectionType,RoadAlignment,RoadCondition,RoadDivision,Latitude,Longitude,RoadKey_x,CrossStreetKey,NonMotoristTotal,NonMotoristInjury,NonMotoristFatal,DateHourKey,LocationAreaKey,Make,Year_x,BaseModel,BodyClass,Cylinders,Displacement,Transmission,Drivetrain,FuelType,CityMPG,HighwayMPG,RoadName_x,RouteType_x,RoadName_y,RouteType_y,RoadKey_y,Zipcode,MailCity,ShapeLength,ShapeArea,CentroidLatitude,CentroidLongitude,Temperature,Humidity,Precipitation,Rain,Snow,WindSpeed,WindDirection,WeatherKey,Datetime,Hour,TimeOfDay,DayNumber,WeekDayNumber,WeekDayName,WeekendFlag,MonthNumber,MonthName,Year_y,HolidayFlag,HolidayName
MCP3300000J,A605D23F61DE4457AD047F9716056E17,True,NO APPARENT INJURY,NONE,NOT DISTRACTED,PASSENGER,LEAVING TRAFFIC LANE,West,DISABLING,35,False,False,2,5222066728506221,210032586,Montgomery County Police,Injury ,False,East,2,3,LEVEL,False,False,DRIVER,STRAIGHT MOVEMENT ANGLE,DRY,DAYLIGHT,TRAFFIC SIGNAL,NON INTERSECTION,UNKNOWN,STRAIGHT,NO DEFECTS,"TWO-WAY, DIVIDED, POSITIVE MEDIAN BARRIER",39.05338995,-77.08939034,8073720238398338,8886326516954162,0,0,0,2021082011,7705486039088590,Chevrolet,2004,Malibu,Midsize Cars,6.0,3.5,Automatic 4,FWD,Regular Gasoline,19,28,RANDOLPH RD,County,DEWEY RD,County,8886326516954162,20906,SILVER SPRING,133207.174949,359110751.771,39.08859082555049,-77.05486091907257,22.2325,99.69603,3.8,3.8,0.0,7.072878,14.743609,210820117054890885,2021-08-20 11:00:00,11,AM,232,4,Friday,0,8,August,2021,0,Unknown
MCP3042003C,2EBBBF2247D94EB99FF1F72B9747769D,False,POSSIBLE INJURY,NONE,NOT DISTRACTED,PASSENGER,MOVING CONSTANT SPEED,East,SUPERFICIAL,35,False,False,2,9192599710488028,210032451,Montgomery County Police,Injury ,False,East,2,3,LEVEL,False,False,DRIVER,STRAIGHT MOVEMENT ANGLE,WET,DAYLIGHT,TRAFFIC SIGNAL,NON INTERSECTION,UNKNOWN,CURVE RIGHT,NO DEFECTS,"TWO-WAY, DIVIDED, POSITIVE MEDIAN BARRIER",39.05334033,-77.0894755,8073720238398338,8886326516954162,0,0,0,2021082011,7705486039088590,Audi,2018,S8,Midsize Cars,8.0,4.0,Automatic 8,AWD,Premium Gasoline,14,24,RANDOLPH RD,County,DEWEY RD,County,8886326516954162,20906,SILVER SPRING,133207.174949,359110751.771,39.08859082555049,-77.05486091907257,22.2325,99.69603,3.8,3.8,0.0,7.072878,14.743609,210820117054890885,2021-08-20 11:00:00,11,AM,232,4,Friday,0,8,August,2021,0,Unknown
DM84900013,E8E8DFE6D48D4D20931A90FA68075F2A,False,NO APPARENT INJURY,UNKNOWN,LOOKED BUT DID NOT SEE,PASSENGER,ACCELERATING,North,SUPERFICIAL,35,False,False,2,3732786083490749,210032478,Takoma Park Police Depart,Property Damage ,False,North,3,3,LEVEL,False,False,DRIVER,STRAIGHT MOVEMENT ANGLE,DRY,DAYLIGHT,TRAFFIC SIGNAL,INTERSECTION,FOUR-WAY INTERSECTION,STRAIGHT,NO DEFECTS,"TWO-WAY, DIVIDED, POSITIVE MEDIAN BARRIER",38.9876785,-76.98757917,8901981419077344,9679980477956116,0,0,0,2021082013,7700204038982546,Mazda,2012,Speed 3,Midsize Cars,4.0,2.3,Manual 6,FWD,Premium Gasoline,18,25,NEW HAMPSHIRE AVE,Maryland (State),KIRKLYNN AVE,Municipality,9679980477956116,20912,TAKOMA PARK,51232.0653417,65209197.2692,38.98254687160147,-77.00204079343348,24.248,91.90788,0.7,0.7,0.0,3.219938,333.43503,210820137002089825,2021-08-20 13:00:00,13,PM,232,4,Friday,0,8,August,2021,0,Unknown
DM84900013,B1EEEDCA9796467D855F4D0EB857830E,True,NO APPARENT INJURY,UNKNOWN,LOOKED BUT DID NOT SEE,PASSENGER,MOVING CONSTANT SPEED,North,SUPERFICIAL,35,False,False,2,6148504746718117,210032478,Takoma Park Police Depart,Property Damage ,False,North,3,3,LEVEL,False,False,DRIVER,STRAIGHT MOVEMENT ANGLE,DRY,DAYLIGHT,TRAFFIC SIGNAL,INTERSECTION,FOUR-WAY INTERSECTION,STRAIGHT,NO DEFECTS,"TWO-WAY, DIVIDED, POSITIVE MEDIAN BARRIER",38.9876785,-76.98757917,8901981419077344,9679980477956116,0,0,0,2021082013,7700204038982546,Honda,2000,CR-V,Sport Utility Vehicle - 4WD,4.0,2.0,Automatic 4,AWD,Regular Gasoline,19,23,NEW HAMPSHIRE AVE,Maryland (State),KIRKLYNN AVE,Municipality,9679980477956116,20912,TAKOMA PARK,51232.0653417,65209197.2692,38.98254687160147,-77.00204079343348,24.248,91.90788,0.7,0.7,0.0,3.219938,333.43503,210820137002089825,2021-08-20 13:00:00,13,PM,232,4,Friday,0,8,August,2021,0,Unknown
MCP2291005D,3EAD4C78C2AD46B9A867206079307263,True,NO APPARENT INJURY,NONE,LOOKED BUT DID NOT SEE,PASSENGER,ACCELERATING,West,DISABLING,25,False,False,2,846658511805352,210032496,Montgomery County Police,Property Damage ,False,South,1,1,HILL CREST,False,False,DRIVER,STRAIGHT MOVEMENT ANGLE,DRY,DAYLIGHT,STOP SIGN,INTERSECTION,FOUR-WAY INTERSECTION,STRAIGHT,NO DEFECTS,"TWO-WAY, NOT DIVIDED",38.98670568,-77.0715883,1843854033118073,7351458436426257,0,0,0,2021082016,7707842038983818,Subaru,2014,Forester,Small Sport Utility Vehicle 4WD,4.0,2.5,Automatic CVT,AWD,Regular Gasoline,22,27,BROOKVILLE RD,Maryland (State),LELAND ST,County,7351458436426257,20815,CHEVY CHASE,78258.2702851,151813895.483,38.98381860627773,-77.07842006190148,25.124498,75.20457,1.0,1.0,0.0,4.1046314,74.74483,210820167078489838,2021-08-20 16:00:00,16,PM,232,4,Friday,0,8,August,2021,0,Unknown
MCP2291005D,FE2D1DA888F546E9875887EB7FB50218,False,NO APPARENT INJURY,NONE,NOT DISTRACTED,PASSENGER,MOVING CONSTANT SPEED,South,DISABLING,25,False,False,2,1032943166774445,210032496,Montgomery County Police,Property Damage ,False,South,1,1,HILL CREST,False,False,DRIVER,STRAIGHT MOVEMENT ANGLE,DRY,DAYLIGHT,STOP SIGN,INTERSECTION,FOUR-WAY INTERSECTION,STRAIGHT,NO DEFECTS,"TWO-WAY, NOT DIVIDED",38.98670568,-77.0715883,1843854033118073,7351458436426257,0,0,0,2021082016,7707842038983818,Toyota,2019,Corolla,Midsize Cars,4.0,1.8,Automatic CVT,FWD,Regular Gasoline,28,35,BROOKVILLE RD,Maryland (State),LELAND ST,County,7351458436426257,20815,CHEVY CHASE,78258.2702851,151813895.483,38.98381860627773,-77.07842006190148,25.124498,75.20457,1.0,1.0,0.0,4.1046314,74.74483,210820167078489838,2021-08-20 16:00:00,16,PM,232,4,Friday,0,8,August,2021,0,Unknown
MCP20480037,9660410DEA0F4C1286C61E91A05484D5,False,NO APPARENT INJURY,NONE,NOT DISTRACTED,PASSENGER,SLOWING OR STOPPING,UNKNOWN,FUNCTIONAL,0,False,False,3,1039479263665992,210032517,Montgomery County Police,Property Damage ,True,UNKNOWN,0,0,UNKNOWN,True,True,DRIVER,SAME DIR REAR END,UNKNOWN,DAYLIGHT,NO CONTROLS,UNKNOWN,UNKNOWN,UNKNOWN,UNKNOWN,UNKNOWN,39.02244833,-76.97594167,7781945108562677,7781945108562677,0,0,0,2021082019,7698354239018293,Hyundai,2021,Accent,Compact Cars,4.0,1.6,Automatic 1,FWD,Regular Gasoline,29,39,UNKNOWN,UNKNOWN,UNKNOWN,UNKNOWN,7781945108562677,20903,SILVER SPRING,50204.7192451,65972447.4483,39.01829365940637,-76.9835422251861,24.5345,85.72429,0.0,0.0,0.0,6.489992,266.82022,210820196983590182,2021-08-20 19:00:00,19,PM,232,4,Friday,0,8,August,2021,0,Unknown
MCP20480037,5144968F0CAF4FFEB84AD25D0CFBC2C5,False,NO APPARENT INJURY,NONE,NOT DISTRACTED,PASSENGER,SLOWING OR STOPPING,UNKNOWN,FUNCTIONAL,0,False,False,3,1032942915110160,210032517,Montgomery County Police,Property Damage ,True,UNKNOWN,0,0,UNKNOWN,True,True,DRIVER,SAME DIR REAR END,UNKNOWN,DAYLIGHT,NO CONTROLS,UNKNOWN,UNKNOWN,UNKNOWN,UNKNOWN,UNKNOWN,39.02244833,-76.97594167,7781945108562677,7781945108562677,0,0,0,2021082019,7698354239018293,Toyota,2016,Corolla,Midsize Cars,4.0,1.8,Automatic CVT,FWD,Regular Gasoline,28,36,UNKNOWN,UNKNOWN,UNKNOWN,UNKNOWN,7781945108562677,20903,SILVER SPRING,50204.7192451,65972447.4483,39.01829365940637,-76.9835422251861,24.5345,85.72429,0.0,0.0,0.0,6.489992,266.82022,210820196983590182,2021-08-20 19:00:00,19,PM,232,4,Friday,0,8,August,2021,0,Unknown
MCP20480037,508F814E634A48D8BC395B68C7193E33,True,NO APPARENT INJURY,UNKNOWN,UNKNOWN,PASSENGER,SLOWING OR STOPPING,UNKNOWN,FUNCTIONAL,0,False,False,3,8826451247404310,210032517,Montgomery County Police,Property Damage ,True,UNKNOWN,0,0,UNKNOWN,True,True,DRIVER,SAME DIR REAR END,UNKNOWN,DAYLIGHT,NO CONTROLS,UNKNOWN,UNKNOWN,UNKNOWN,UNKNOWN,UNKNOWN,39.02244833,-76.97594167,7781945108562677,7781945108562677,0,0,0,2021082019,7698354239018293,Chevrolet,2020,Camaro,Subcompact Cars,8.0,6.2,Manual 6,RWD,Premium Gasoline,16,20,UNKNOWN,UNKNOWN,UNKNOWN,UNKNOWN,7781945108562677,20903,SILVER SPRING,50204.7192451,65972447.4483,39.01829365940637,-76.9835422251861,24.5345,85.72429,0.0,0.0,0.0,6.489992,266.82022,210820196983590182,2021-08-20 19:00:00,19,PM,232,4,Friday,0,8,August,2021,0,Unknown
MCP29170088,970C4ECE82DD45F0BF03D4D817B633FF,False,NO APPARENT INJURY,NONE,NOT DISTRACTED,PASSENGER,SLOWING OR STOPPING,North,FUNCTIONAL,35,False,False,3,7871367603793141,210032528,Montgomery County Police,Property Damage ,False,North,2,3,LEVEL,False,False,DRIVER,SAME DIR REAR END,DRY,DARK NO LIGHTS,NO CONTROLS,UNKNOWN,UNKNOWN,STRAIGHT,NO DEFECTS,"TWO-WAY, DIVIDED, POSITIVE MEDIAN BARRIER",39.05928667,-77.05003833,8554262040045692,8073720238398338,0,0,0,2021082020,7705486039088590,Toyota,2016,RAV4,Small Sport Utility Vehicle 4WD,4.0,2.5,Automatic 6,AWD,Regular Gasoline,22,28,GEORGIA AVE,Maryland (State),RANDOLPH RD,County,8073720238398338,20906,SILVER SPRING,133207.174949,359110751.771,39.08859082555049,-77.05486091907257,24.082499,95.5853,0.0,0.0,0.0,1.9386592,201.80147,210820207054890885,2021-08-20 20:00:00,20,PM,232,4,Friday,0,8,August,2021,0,Unknown
MCP29170088,1C82FF8E982B4B75A01663313640FD58,True,NO APPARENT INJURY,NONE,LOOKED BUT DID NOT SEE,PASSENGER,MOVING CONSTANT SPEED,North,DISABLING,35,False,False,3,4004012432418834,210032528,Montgomery County Police,Property Damage ,False,North,2,3,LEVEL,False,False,DRIVER,SAME DIR REAR END,DRY,DARK NO LIGHTS,NO CONTROLS,UNKNOWN,UNKNOWN,STRAIGHT,NO DEFECTS,"TWO-WAY, DIVIDED, POSITIVE MEDIAN BARRIER",39.05928667,-77.05003833,8554262040045692,8073720238398338,0,0,0,2021082020,7705486039088590,Lexus,2015,IS,Compact Cars,6.0,2.5,Automatic 6,RWD,Premium Gasoline,19,27,GEORGIA AVE,Maryland (State),RANDOLPH RD,County,8073720238398338,20906,SILVER SPRING,133207.174949,359110751.771,39.08859082555049,-77.05486091907257,24.082499,95.5853,0.0,0.0,0.0,1.9386592,201.80147,210820207054890885,2021-08-20 20:00:00,20,PM,232,4,Friday,0,8,August,2021,0,Unknown
MCP29170088,A3677348922E4D98B7E2E65D848CDE33,False,NO APPARENT INJURY,NONE,NOT DISTRACTED,PASSENGER,SLOWING OR STOPPING,North,FUNCTIONAL,35,False,False,3,7731083882173923,210032528,Montgomery County Police,Property Damage ,False,North,2,3,LEVEL,False,False,DRIVER,SAME DIR REAR END,DRY,DARK NO LIGHTS,NO CONTROLS,UNKNOWN,UNKNOWN,STRAIGHT,NO DEFECTS,"TWO-WAY, DIVIDED, POSITIVE MEDIAN BARRIER",39.05928667,-77.05003833,8554262040045692,8073720238398338,0,0,0,2021082020,7705486039088590,Toyota,2017,Highlander,Standard Sport Utility Vehicle 4WD,6.0,3.5,Automatic 8,AWD,Regular Gasoline,20,27,GEORGIA AVE,Maryland (State),RANDOLPH RD,County,8073720238398338,20906,SILVER SPRING,133207.174949,359110751.771,39.08859082555049,-77.05486091907257,24.082499,95.5853,0.0,0.0,0.0,1.9386592,201.80147,210820207054890885,2021-08-20 20:00:00,20,PM,232,4,Friday,0,8,August,2021,0,Unknown
MCP26120042,D0748C8FF56641F1A6E555C995CCB063,True,NO APPARENT INJURY,NONE,LOOKED BUT DID NOT SEE,PASSENGER,MAKING LEFT TURN,North,DISABLING,35,False,False,2,195013312742796,210032533,Montgomery County Police,Property Damage ,False,South,1,2,LEVEL,False,False,DRIVER,HEAD ON LEFT TURN,DRY,DARK LIGHTS ON,NO CONTROLS,INTERSECTION,T-INTERSECTION,STRAIGHT,NO DEFECTS,"TWO-WAY, NOT DIVIDED",39.10155833,-77.04074333,1498137660831595,7576478116500516,0,0,0,2021082020,7705486039088590,Hyundai,2014,Accent,Compact Cars,4.0,1.6,Automatic 6,FWD,Regular Gasoline,26,36,LAYHILL RD,Maryland (State),PARK VISTA DR,County,7576478116500516,20906,SILVER SPRING,133207.174949,359110751.771,39.08859082555049,-77.05486091907257,24.082499,95.5853,0.0,0.0,0.0,1.9386592,201.80147,210820207054890885,2021-08-20 20:00:00,20,PM,232,4,Friday,0,8,August,2021,0,Unknown
MCP26120042,DD50E63CA3224B5EB9E7D90155692821,False,NO APPARENT INJURY,NONE,NOT DISTRACTED,PASSENGER,MOVING CONSTANT SPEED,South,DISABLING,35,False,False,2,7285498117072094,210032533,Montgomery County Police,Property Damage ,False,South,1,2,LEVEL,False,False,DRIVER,HEAD ON LEFT TURN,DRY,DARK LIGHTS ON,NO CONTROLS,INTERSECTION,T-INTERSECTION,STRAIGHT,NO DEFECTS,"TWO-WAY, NOT DIVIDED",39.10155833,-77.04074333,1498137660831595,7576478116500516,0,0,0,2021082020,7705486039088590,Honda,2003,Civic,Compact Cars,4.0,1.7,Manual 5,FWD,Regular Gasoline,26,34,LAYHILL RD,Maryland (State),PARK VISTA DR,County,7576478116500516,20906,SILVER SPRING,133207.174949,359110751.771,39.08859082555049,-77.05486091907257,24.082499,95.5853,0.0,0.0,0.0,1.9386592,201.80147,210820207054890885,2021-08-20 20:00:00,20,PM,232,4,Friday,0,8,August,2021,0,Unknown
MCP2989001S,481488438A1B4F46ABB2C5610E99C8BA,False,NO APPARENT INJURY,UNKNOWN,NOT DISTRACTED,PASSENGER,MOVING CONSTANT SPEED,West,DISABLING,55,False,False,2,2815627300895328,210032568,Montgomery County Police,Property Damage ,False,West,0,4,LEVEL,False,False,DRIVER,SAME DIRECTION SIDESWIPE,DRY,DARK LIGHTS ON,NO CONTROLS,UNKNOWN,UNKNOWN,CURVE RIGHT,NO DEFECTS,"TWO-WAY, DIVIDED, POSITIVE MEDIAN BARRIER",39.01869667,-76.97215333,2262757322158515,2761767894346046,0,0,0,2021082103,7698354239018293,Honda,2012,Accord,Compact Cars,4.0,2.4,Automatic 5,FWD,Regular Gasoline,22,33,CAPITAL BELTWAY,Interstate (State),RAMP 2 FR IS 495 WB TO MD 650 NB,Ramp,2761767894346046,20903,SILVER SPRING,50204.7192451,65972447.4483,39.01829365940637,-76.9835422251861,21.0845,99.38762,0.0,0.0,0.0,5.495161,301.60745,210821036983590182,2021-08-21 03:00:00,3,AM,233,5,Saturday,1,8,August,2021,0,Unknown
MCP2989001S,AC0727D5820149E0973A60B8906CEFA5,True,NO APPARENT INJURY,UNKNOWN,LOOKED BUT DID NOT SEE,PASSENGER,CHANGING LANES,West,DISABLING,55,False,False,2,6014770629431343,210032568,Montgomery County Police,Property Damage ,False,West,0,4,LEVEL,False,False,DRIVER,SAME DIRECTION SIDESWIPE,DRY,DARK LIGHTS ON,NO CONTROLS,UNKNOWN,UNKNOWN,CURVE RIGHT,NO DEFECTS,"TWO-WAY, DIVIDED, POSITIVE MEDIAN BARRIER",39.01869667,-76.97215333,2262757322158515,2761767894346046,0,0,0,2021082103,7698354239018293,Infiniti,0,Unknown,Unknown,0.0,0.0,Unknown,Unknown,Unknown,0,0,CAPITAL BELTWAY,Interstate (State),RAMP 2 FR IS 495 WB TO MD 650 NB,Ramp,2761767894346046,20903,SILVER SPRING,50204.7192451,65972447.4483,39.01829365940637,-76.9835422251861,21.0845,99.38762,0.0,0.0,0.0,5.495161,301.60745,210821036983590182,2021-08-21 03:00:00,3,AM,233,5,Saturday,1,8,August,2021,0,Unknown
MCP3026006R,1308A69849E745ABB5C051264DEF97E1,False,NO APPARENT INJURY,NONE,NOT DISTRACTED,PASSENGER,MOVING CONSTANT SPEED,East,DISABLING,25,False,False,2,5082261807128004,210032604,Montgomery County Police,Property Damage ,False,West,1,1,LEVEL,False,False,DRIVER,STRAIGHT MOVEMENT ANGLE,DRY,DAYLIGHT,STOP SIGN,INTERSECTION,FOUR-WAY INTERSECTION,STRAIGHT,NO DEFECTS,"TWO-WAY, DIVIDED, UNPROTECTED PAINTED MIN 4 FEET",38.98713,-77.10358667,2258501311527651,625702795381843,0,0,0,2021082112,7710072538987731,Hyundai,2015,Elantra,Midsize Cars,4.0,2.0,Automatic 6,FWD,Regular Gasoline,24,34,WILSON LA,Maryland (State),EXETER RD,County,625702795381843,20814,BETHESDA,46411.6876883,47837334.4314,38.98773167577017,-77.10072590539887,26.7985,75.47244,0.0,0.0,0.0,4.072935,44.999897,210821127100789877,2021-08-21 12:00:00,12,PM,233,5,Saturday,1,8,August,2021,0,Unknown
MCP3026006R,806BD92547D04EA4B693C83B6FB86914,True,NO APPARENT INJURY,NONE,LOOKED BUT DID NOT SEE,PASSENGER,SLOWING OR STOPPING,South,DISABLING,25,False,False,2,5843585835012491,210032604,Montgomery County Police,Property Damage ,False,West,1,1,LEVEL,False,False,DRIVER,STRAIGHT MOVEMENT ANGLE,DRY,DAYLIGHT,STOP SIGN,INTERSECTION,FOUR-WAY INTERSECTION,STRAIGHT,NO DEFECTS,"TWO-WAY, DIVIDED, UNPROTECTED PAINTED MIN 4 FEET",38.98713,-77.10358667,2258501311527651,625702795381843,0,0,0,2021082112,7710072538987731,Tesla,2020,Model X,Standard Sport Utility Vehicle 4WD,0.0,0.0,Automatic 1,AWD,Electricity,80,77,WILSON LA,Maryland (State),EXETER RD,County,625702795381843,20814,BETHESDA,46411.6876883,47837334.4314,38.98773167577017,-77.10072590539887,26.7985,75.47244,0.0,0.0,0.0,4.072935,44.999897,210821127100789877,2021-08-21 12:00:00,12,PM,233,5,Saturday,1,8,August,2021,0,Unknown
MCP3200003C,830072973EED4EE79086682F53F8D355,True,NO APPARENT INJURY,UNKNOWN,UNKNOWN,TRUCK,OTHER,South,UNKNOWN,5,False,False,1,3966072770330525,210032615,Montgomery County Police,Property Damage ,True,South,1,1,LEVEL,False,False,DRIVER,SINGLE VEHICLE,DRY,DAYLIGHT,NO CONTROLS,UNKNOWN,UNKNOWN,STRAIGHT,NO DEFECTS,OTHER,39.021451,-77.07797633,1627793738140795,5177770105604384,0,0,0,2021082113,7707527239025656,GMC,1992,Suburban,Special Purpose Vehicles,8.0,5.7,Automatic 4,AWD,Regular Gasoline,11,15,CONNECTICUT AVE,Maryland (State),DRESDEN ST,Municipality,5177770105604384,20895,KENSINGTON,70838.1492765,106180148.023,39.02565657266069,-77.07527294437958,27.7955,71.82857,0.0,0.0,0.0,4.6800003,67.3801,210821137075290256,2021-08-21 13:00:00,13,PM,233,5,Saturday,1,8,August,2021,0,Unknown
MCP29920039,0DE130BF377449CDB7FDF9C00BE23D02,True,NO APPARENT INJURY,UNKNOWN,LOOKED BUT DID NOT SEE,EMERGENCY,MAKING LEFT TURN,East,SUPERFICIAL,35,False,False,2,8882643648426704,210032629,Montgomery County Police,Property Damage ,True,East,1,2,LEVEL,False,False,DRIVER,OTHER,DRY,DAYLIGHT,UNKNOWN,INTERSECTION,T-INTERSECTION,STRAIGHT,NO DEFECTS,"TWO-WAY, NOT DIVIDED",39.09132,-77.048565,3786639377990067,2818494920659846,0,0,0,2021082116,7705486039088590,Geo,0,Unknown,Unknown,0.0,0.0,Unknown,Unknown,Unknown,0,0,BEL PRE RD,County,ENT TO APARTMENTS,UNKNOWN,2818494920659846,20906,SILVER SPRING,133207.174949,359110751.771,39.08859082555049,-77.05486091907257,25.2325,84.244225,0.0,0.0,0.0,1.0182338,224.9999,210821167054890885,2021-08-21 16:00:00,16,PM,233,5,Saturday,1,8,August,2021,0,Unknown
MCP29920039,B5BF2720AA704FAA9B6E1488F6519494,False,NO APPARENT INJURY,UNKNOWN,NO DRIVER PRESENT,PASSENGER,MAKING RIGHT TURN,West,SUPERFICIAL,35,False,False,2,8168321465439775,210032629,Montgomery County Police,Property Damage ,True,East,1,2,LEVEL,False,False,DRIVER,OTHER,DRY,DAYLIGHT,UNKNOWN,INTERSECTION,T-INTERSECTION,STRAIGHT,NO DEFECTS,"TWO-WAY, NOT DIVIDED",39.09132,-77.048565,3786639377990067,2818494920659846,0,0,0,2021082116,7705486039088590,Unknown,0,Unknown,Unknown,0.0,0.0,Unknown,Unknown,Unknown,0,0,BEL PRE RD,County,ENT TO APARTMENTS,UNKNOWN,2818494920659846,20906,SILVER SPRING,133207.174949,359110751.771,39.08859082555049,-77.05486091907257,25.2325,84.244225,0.0,0.0,0.0,1.0182338,224.9999,210821167054890885,2021-08-21 16:00:00,16,PM,233,5,Saturday,1,8,August,2021,0,Unknown
MCP2992003B,3B71E85CB1AB4F5BB307D7CF27CCC982,True,NO APPARENT INJURY,UNKNOWN,LOOKED BUT DID NOT SEE,PASSENGER,PASSING,North,SUPERFICIAL,35,False,False,1,4834438313973995,210032665,Montgomery County Police,Property Damage ,False,UNKNOWN,0,0,UNKNOWN,True,True,DRIVER,OTHER,UNKNOWN,DAYLIGHT,NO CONTROLS,UNKNOWN,UNKNOWN,UNKNOWN,UNKNOWN,UNKNOWN,39.09131667,-77.04861667,7781945108562677,7781945108562677,0,0,0,2021082116,7705486039088590,Honda,2013,Pilot,Small Sport Utility Vehicle 2WD,6.0,3.5,Automatic 5,AWD,Regular Gasoline,17,24,UNKNOWN,UNKNOWN,UNKNOWN,UNKNOWN,7781945108562677,20906,SILVER SPRING,133207.174949,359110751.771,39.08859082555049,-77.05486091907257,25.2325,84.244225,0.0,0.0,0.0,1.0182338,224.9999,210821167054890885,2021-08-21 16:00:00,16,PM,233,5,Saturday,1,8,August,2021,0,Unknown
MCP2961003X,FC530EB95D6E4F87BE0FC6C33F27DF4E,True,NO APPARENT INJURY,NONE,NOT DISTRACTED,EMERGENCY,MOVING CONSTANT SPEED,North,FUNCTIONAL,35,False,False,2,6312893571399229,210032656,Montgomery County Police,Property Damage ,False,North,2,2,LEVEL,False,False,DRIVER,STRAIGHT MOVEMENT ANGLE,DRY,DARK LIGHTS ON,TRAFFIC SIGNAL,UNKNOWN,FOUR-WAY INTERSECTION,STRAIGHT,NO DEFECTS,"TWO-WAY, DIVIDED, POSITIVE MEDIAN BARRIER",39.06326667,-77.050025,1498137660831595,670409629174736,0,0,0,2021082121,7705486039088590,Chevrolet,0,Unknown,Unknown,0.0,0.0,Unknown,Unknown,Unknown,0,0,LAYHILL RD,Maryland (State),GLENALLAN AVE,County,670409629174736,20906,SILVER SPRING,133207.174949,359110751.771,39.08859082555049,-77.05486091907257,22.8825,99.69752,0.0,0.0,0.0,3.7064266,299.0545,210821217054890885,2021-08-21 21:00:00,21,PM,233,5,Saturday,1,8,August,2021,0,Unknown
MCP2961003X,AB969246212646F4A11C79A82C0202E6,False,NO APPARENT INJURY,NONE,NOT DISTRACTED,PASSENGER,ACCELERATING,West,FUNCTIONAL,35,False,False,2,4505130605952666,210032656,Montgomery County Police,Property Damage ,False,North,2,2,LEVEL,False,False,DRIVER,STRAIGHT MOVEMENT ANGLE,DRY,DARK LIGHTS ON,TRAFFIC SIGNAL,UNKNOWN,FOUR-WAY INTERSECTION,STRAIGHT,NO DEFECTS,"TWO-WAY, DIVIDED, POSITIVE MEDIAN BARRIER",39.06326667,-77.050025,1498137660831595,670409629174736,0,0,0,2021082121,7705486039088590,Nissan,2020,Versa,Compact Cars,4.0,1.6,Automatic CVT,FWD,Regular Gasoline,27,35,LAYHILL RD,Maryland (State),GLENALLAN AVE,County,670409629174736,20906,SILVER SPRING,133207.174949,359110751.771,39.08859082555049,-77.05486091907257,22.8825,99.69752,0.0,0.0,0.0,3.7064266,299.0545,210821217054890885,2021-08-21 21:00:00,21,PM,233,5,Saturday,1,8,August,2021,0,Unknown
MCP3066001T,ED8C95940DC74FF5A1E5AAE6BBAE1FAC,False,NO APPARENT INJURY,UNKNOWN,UNKNOWN,PASSENGER,MOVING CONSTANT SPEED,South,DISABLING,35,False,False,2,5962548414345383,210032679,Montgomery County Police,Injury ,False,North,0,0,LEVEL,False,False,UNKNOWN,STRAIGHT MOVEMENT ANGLE,DRY,DARK LIGHTS ON,TRAFFIC SIGNAL,INTERSECTION,FOUR-WAY INTERSECTION,STRAIGHT,UNKNOWN,OTHER,39.03129333,-77.13208167,9639173670162862,1443734850057056,0,0,0,2021082200,7715220038996189,Ford,2011,E250 Van,"Vans, Cargo Type",8.0,4.6,Automatic 4,RWD,Regular Gasoline,12,16,ROCKLEDGE DR,County,ROCKLEDGE BLVD,County,1443734850057056,20817,BETHESDA,143234.920079,403664948.588,38.996189145680184,-77.15220044157795,21.793,100.0,0.0,0.0,0.0,4.1046314,127.875046,210822007152289961,2021-08-22 00:00:00,0,AM,234,6,Sunday,1,8,August,2021,0,Unknown
MCP3066001T,9988E1A8AF6F45B59CA2FA4E302A28C5,False,POSSIBLE INJURY,UNKNOWN,UNKNOWN,PASSENGER,MOVING CONSTANT SPEED,East,DISABLING,35,False,False,2,5082261773572766,210032679,Montgomery County Police,Injury ,False,North,0,0,LEVEL,False,False,UNKNOWN,STRAIGHT MOVEMENT ANGLE,DRY,DARK LIGHTS ON,TRAFFIC SIGNAL,INTERSECTION,FOUR-WAY INTERSECTION,STRAIGHT,UNKNOWN,OTHER,39.03129333,-77.13208167,9639173670162862,1443734850057056,0,0,0,2021082200,7715220038996189,Hyundai,2013,Elantra,Midsize Cars,4.0,1.8,Automatic 6,FWD,Regular Gasoline,28,38,ROCKLEDGE DR,County,ROCKLEDGE BLVD,County,1443734850057056,20817,BETHESDA,143234.920079,403664948.588,38.996189145680184,-77.15220044157795,21.793,100.0,0.0,0.0,0.0,4.1046314,127.875046,210822007152289961,2021-08-22 00:00:00,0,AM,234,6,Sunday,1,8,August,2021,0,Unknown