ReportNumber,VehicleCrashKey,DriverAtFault,DriverInjurySeverity,DriverSubstanceAbuse,DriverDistractedBy,VehicleType,VehicleMovement,VehicleGoingDir,VehicleDamageExtent,SpeedLimit,ParkedVehicle,SubstanceAbuseContributed,VehiclesCrashedTotal,VehicleKey,LocalCaseNumber,AgencyName,ACRSReportType,HitRun,LaneDirection,LaneNumber,NumberOfLanes,RoadGrade,NonTraffic,OffRoadIncident,AccidentAtFault,CollisionType,SurfaceCondition,Light,TrafficControl,Junction,IntersectionType,RoadAlignment,RoadCondition,RoadDivision,Latitude,Longitude,RoadKey_x,CrossStreetKey,NonMotoristTotal,NonMotoristInjury,NonMotoristFatal,DateHourKey,LocationAreaKey,Make,Year_x,BaseModel,BodyClass,Cylinders,Displacement,Transmission,Drivetrain,FuelType,CityMPG,HighwayMPG,RoadName_x,RouteType_x,RoadName_y,RouteType_y,RoadKey_y,Zipcode,MailCity,ShapeLength,ShapeArea,CentroidLatitude,CentroidLongitude,Temperature,Humidity,Precipitation,Rain,Snow,WindSpeed,WindDirection,WeatherKey,Datetime,Hour,TimeOfDay,DayNumber,WeekDayNumber,WeekDayName,WeekendFlag,MonthNumber,MonthName,Year_y,HolidayFlag,HolidayName
MCP3190002N,27CA301D938745CE888202B8A849DC4A,True,SUSPECTED MINOR INJURY,NONE,UNKNOWN,PASSENGER,NEGOTIATING A CURVE,South,DISABLING,35,False,False,1,4475991595864067,210032701,Montgomery County Police,Injury ,False,West,1,3,LEVEL,False,False,DRIVER,SINGLE VEHICLE,DRY,DAWN,NO CONTROLS,OTHER,FOUR-WAY INTERSECTION,CURVE RIGHT,UNKNOWN,"TWO-WAY, DIVIDED, POSITIVE MEDIAN BARRIER",39.08334167,-77.07886,8554262040045692,1627793738140795,0,0,0,2021082206,7705486039088590,Nissan,2016,Pathfinder,Small Sport Utility Vehicle 4WD,6.0,3.5,Automatic CVT,4WD,Regular Gasoline,19,26,GEORGIA AVE,Maryland (State),CONNECTICUT AVE,Maryland (State),1627793738140795,20906,SILVER SPRING,133207.174949,359110751.771,39.08859082555049,-77.05486091907257,21.0325,100.0,0.0,0.0,0.0,4.8433046,311.98712,210822067054890885,2021-08-22 06:00:00,6,AM,234,6,Sunday,1,8,August,2021,0,Unknown
MCP2008008R,E821F54618D84E2EAA267A799265E579,True,NO APPARENT INJURY,NONE,NOT DISTRACTED,PASSENGER,MOVING CONSTANT SPEED,East,DISABLING,35,False,False,2,9260975567211639,210032757,Montgomery County Police,Injury ,False,East,1,2,LEVEL,False,False,DRIVER,STRAIGHT MOVEMENT ANGLE,DRY,DAYLIGHT,TRAFFIC SIGNAL,INTERSECTION,T-INTERSECTION,STRAIGHT,NO DEFECTS,"TWO-WAY, DIVIDED, POSITIVE MEDIAN BARRIER",38.99119667,-77.15899833,1363718650800826,3118098575427204,0,0,0,2021082215,7715220038996189,Land Rover,2020,Range Rover,Standard Sport Utility Vehicle 4WD,8.0,5.0,Automatic 8,4WD,Premium Gasoline,18,21,RIVER RD,Maryland (State),RAMP 8 FR RAMP 5 (FR IS495) TO MD 190 WB,Ramp,3118098575427204,20817,BETHESDA,143234.920079,403664948.588,38.996189145680184,-77.15220044157795,27.793,66.33769,0.1,0.1,0.0,8.049845,333.43503,210822157152289961,2021-08-22 15:00:00,15,PM,234,6,Sunday,1,8,August,2021,0,Unknown
MCP2008008R,B181C090B9564968AB948A38891C9133,False,NO APPARENT INJURY,NONE,NOT DISTRACTED,PASSENGER,MAKING LEFT TURN,North,DISABLING,50,False,False,2,8224256020419033,210032757,Montgomery County Police,Injury ,False,East,1,2,LEVEL,False,False,DRIVER,STRAIGHT MOVEMENT ANGLE,DRY,DAYLIGHT,TRAFFIC SIGNAL,INTERSECTION,T-INTERSECTION,STRAIGHT,NO DEFECTS,"TWO-WAY, DIVIDED, POSITIVE MEDIAN BARRIER",38.99119667,-77.15899833,1363718650800826,3118098575427204,0,0,0,2021082215,7715220038996189,Toyota,2012,Prius,Midsize Cars,4.0,1.8,Automatic CVT,FWD,Regular Gasoline,49,46,RIVER RD,Maryland (State),RAMP 8 FR RAMP 5 (FR IS495) TO MD 190 WB,Ramp,3118098575427204,20817,BETHESDA,143234.920079,403664948.588,38.996189145680184,-77.15220044157795,27.793,66.33769,0.1,0.1,0.0,8.049845,333.43503,210822157152289961,2021-08-22 15:00:00,15,PM,234,6,Sunday,1,8,August,2021,0,Unknown
MCP2812005W,968D692383BE4163AEC91BEA28F680A1,True,NO APPARENT INJURY,UNKNOWN,UNKNOWN,PASSENGER,MOVING CONSTANT SPEED,UNKNOWN,UNKNOWN,15,False,False,2,7004010121091503,210032771,Montgomery County Police,Property Damage ,True,UNKNOWN,0,0,UNKNOWN,True,True,DRIVER,SAME DIRECTION SIDESWIPE,UNKNOWN,DAYLIGHT,NO CONTROLS,UNKNOWN,UNKNOWN,UNKNOWN,UNKNOWN,UNKNOWN,38.98927667,-77.022585,7781945108562677,7781945108562677,0,0,0,2021082217,7703596439001907,Honda,2013,Civic,Compact Cars,4.0,1.8,Automatic 5,FWD,Regular Gasoline,28,31,UNKNOWN,UNKNOWN,UNKNOWN,UNKNOWN,7781945108562677,20910,SILVER SPRING,82846.1568889,126320091.137,39.00190768010143,-77.03596497235911,27.3465,62.852383,0.3,0.3,0.0,8.534353,332.3541,210822177035990019,2021-08-22 17:00:00,17,PM,234,6,Sunday,1,8,August,2021,0,Unknown
MCP2812005W,60DD0994FDD3479A917B046D8E120EB6,False,NO APPARENT INJURY,UNKNOWN,NOT DISTRACTED,PASSENGER,SLOWING OR STOPPING,UNKNOWN,FUNCTIONAL,15,False,False,2,2534137744596170,210032771,Montgomery County Police,Property Damage ,True,UNKNOWN,0,0,UNKNOWN,True,True,DRIVER,SAME DIRECTION SIDESWIPE,UNKNOWN,DAYLIGHT,NO CONTROLS,UNKNOWN,UNKNOWN,UNKNOWN,UNKNOWN,UNKNOWN,38.98927667,-77.022585,7781945108562677,7781945108562677,0,0,0,2021082217,7703596439001907,Honda,2021,Accord,Large Cars,4.0,2.0,Automatic CVT,FWD,Regular Gasoline,22,32,UNKNOWN,UNKNOWN,UNKNOWN,UNKNOWN,7781945108562677,20910,SILVER SPRING,82846.1568889,126320091.137,39.00190768010143,-77.03596497235911,27.3465,62.852383,0.3,0.3,0.0,8.534353,332.3541,210822177035990019,2021-08-22 17:00:00,17,PM,234,6,Sunday,1,8,August,2021,0,Unknown
MCP2919008C,B566BD3BD21C448BA676C8AA286B07F0,False,NO APPARENT INJURY,NONE,NOT DISTRACTED,PASSENGER,MOVING CONSTANT SPEED,East,FUNCTIONAL,35,False,False,2,819104295066031,210032775,Montgomery County Police,Property Damage ,False,East,3,3,LEVEL,False,False,DRIVER,STRAIGHT MOVEMENT ANGLE,DRY,DAYLIGHT,UNKNOWN,UNKNOWN,FOUR-WAY INTERSECTION,STRAIGHT,NO DEFECTS,"TWO-WAY, DIVIDED, POSITIVE MEDIAN BARRIER",38.99259833,-76.99161333,5005946941929880,5269488757423054,0,0,0,2021082218,7700204038982546,Nissan,2013,Altima,Midsize Cars,4.0,2.5,Automatic 6,FWD,Regular Gasoline,22,30,UNIVERSITY BLVD E,Maryland (State),MERRIMAC DR,County,5269488757423054,20912,TAKOMA PARK,51232.0653417,65209197.2692,38.98254687160147,-77.00204079343348,26.798,67.79053,0.0,0.0,0.0,5.991594,327.26477,210822187002089825,2021-08-22 18:00:00,18,PM,234,6,Sunday,1,8,August,2021,0,Unknown
MCP2919008C,C4198CE79669496EA0CD1F781831616B,True,NO APPARENT INJURY,NONE,UNKNOWN,PASSENGER,MOVING CONSTANT SPEED,South,SUPERFICIAL,35,False,False,2,660615385035114,210032775,Montgomery County Police,Property Damage ,False,East,3,3,LEVEL,False,False,DRIVER,STRAIGHT MOVEMENT ANGLE,DRY,DAYLIGHT,UNKNOWN,UNKNOWN,FOUR-WAY INTERSECTION,STRAIGHT,NO DEFECTS,"TWO-WAY, DIVIDED, POSITIVE MEDIAN BARRIER",38.99259833,-76.99161333,5005946941929880,5269488757423054,0,0,0,2021082218,7700204038982546,Ford,0,Unknown,Unknown,0.0,0.0,Unknown,Unknown,Unknown,0,0,UNIVERSITY BLVD E,Maryland (State),MERRIMAC DR,County,5269488757423054,20912,TAKOMA PARK,51232.0653417,65209197.2692,38.98254687160147,-77.00204079343348,26.798,67.79053,0.0,0.0,0.0,5.991594,327.26477,210822187002089825,2021-08-22 18:00:00,18,PM,234,6,Sunday,1,8,August,2021,0,Unknown
MCP2048003B,076886C6D61542D896853727348C120C,True,NO APPARENT INJURY,NONE,UNKNOWN,PASSENGER,MOVING CONSTANT SPEED,West,FUNCTIONAL,25,False,False,1,7871367637348379,210032785,Montgomery County Police,Property Damage ,True,West,1,2,LEVEL,False,False,DRIVER,SAME DIRECTION SIDESWIPE,DRY,DAYLIGHT,UNKNOWN,UNKNOWN,UNKNOWN,STRAIGHT,NO DEFECTS,"TWO-WAY, NOT DIVIDED",39.01593,-76.98939667,4991976696759948,7003625514717650,0,0,0,2021082219,7698354239018293,Toyota,2018,RAV4,Small Sport Utility Vehicle 4WD,4.0,2.5,Automatic 6,AWD,Regular Gasoline,22,28,OAKVIEW DR,County,HEDIN DR,County,7003625514717650,20903,SILVER SPRING,50204.7192451,65972447.4483,39.01829365940637,-76.9835422251861,25.0345,78.986084,0.0,0.0,0.0,7.5942082,328.5705,210822196983590182,2021-08-22 19:00:00,19,PM,234,6,Sunday,1,8,August,2021,0,Unknown
MCP2492001N,BA6A190E538646EBBD2D6658069C1A44,False,NO APPARENT INJURY,NONE,NOT DISTRACTED,TRUCK,MOVING CONSTANT SPEED,East,NO DAMAGE,30,False,False,1,3063454728179589,210032806,Montgomery County Police,Fatal ,False,East,1,3,GRADE DOWNHILL,False,False,UNKNOWN,OTHER,WET,DARK LIGHTS ON,NO CONTROLS,NON INTERSECTION,UNKNOWN,CURVE LEFT,NO DEFECTS,"TWO-WAY, DIVIDED, POSITIVE MEDIAN BARRIER",38.99298,-76.99199333,5005946941929880,1237692097986738,1,0,1,2021082301,7698354239018293,Ford,2016,F150,Standard Pickup Trucks 2WD,6.0,3.5,Automatic 6,4WD,Regular Gasoline,18,22,UNIVERSITY BLVD E,Maryland (State),SPUR FR MD 195,UNKNOWN,1237692097986738,20903,SILVER SPRING,50204.7192451,65972447.4483,39.01829365940637,-76.9835422251861,22.884499,97.89949,0.0,0.0,0.0,8.654986,253.0724,210823016983590182,2021-08-23 01:00:00,1,AM,235,0,Monday,0,8,August,2021,0,Unknown
MCP3133002L,B751FADEB62B4B7B9EC7A27A264451B4,False,NO APPARENT INJURY,NONE,NOT DISTRACTED,PASSENGER,STARTING FROM LANE,West,DISABLING,25,False,False,2,7026902005199944,210032814,Montgomery County Police,Injury ,False,North,3,3,LEVEL,False,False,DRIVER,STRAIGHT MOVEMENT ANGLE,DRY,DAYLIGHT,TRAFFIC SIGNAL,INTERSECTION RELATED,FOUR-WAY INTERSECTION,STRAIGHT,NO DEFECTS,"TWO-WAY, DIVIDED, POSITIVE MEDIAN BARRIER",39.06819333,-77.06097,8554262040045692,342784259901357,0,0,0,2021082306,7705486039088590,Toyota,2020,RAV4,Small Sport Utility Vehicle 4WD,4.0,2.5,Automatic 8,AWD,Regular Gasoline,27,33,GEORGIA AVE,Maryland (State),HATHAWAY DR,County,342784259901357,20906,SILVER SPRING,133207.174949,359110751.771,39.08859082555049,-77.05486091907257,21.7325,96.39219,0.2,0.2,0.0,10.08,270.0,210823067054890885,2021-08-23 06:00:00,6,AM,235,0,Monday,0,8,August,2021,0,Unknown
MCP3133002L,58DDF1555E5E4D3CB386EFBE9B281BC8,True,POSSIBLE INJURY,NONE,NOT DISTRACTED,PASSENGER,MOVING CONSTANT SPEED,North,DISABLING,35,False,False,2,5867016801070383,210032814,Montgomery County Police,Injury ,False,North,3,3,LEVEL,False,False,DRIVER,STRAIGHT MOVEMENT ANGLE,DRY,DAYLIGHT,TRAFFIC SIGNAL,INTERSECTION RELATED,FOUR-WAY INTERSECTION,STRAIGHT,NO DEFECTS,"TWO-WAY, DIVIDED, POSITIVE MEDIAN BARRIER",39.06819333,-77.06097,8554262040045692,342784259901357,0,0,0,2021082306,7705486039088590,Honda,2011,CR-V,Sport Utility Vehicle - 2WD,4.0,2.4,Automatic 5,AWD,Regular Gasoline,21,27,GEORGIA AVE,Maryland (State),HATHAWAY DR,County,342784259901357,20906,SILVER SPRING,133207.174949,359110751.771,39.08859082555049,-77.05486091907257,21.7325,96.39219,0.2,0.2,0.0,10.08,270.0,210823067054890885,2021-08-23 06:00:00,6,AM,235,0,Monday,0,8,August,2021,0,Unknown
MCP32800017,00C5A2F9C14646C79FD6E365B94CBEA1,False,NO APPARENT INJURY,NONE,UNKNOWN,PASSENGER,MAKING RIGHT TURN,South,UNKNOWN,5,False,False,1,3097115313653538,210032816,Montgomery County Police,Injury ,False,North,0,4,GRADE DOWNHILL,False,False,UNKNOWN,SINGLE VEHICLE,DRY,DAYLIGHT,OTHER,RESIDENTIAL DRIVEWAY,UNKNOWN,STRAIGHT,NO DEFECTS,"TWO-WAY, DIVIDED, UNPROTECTED PAINTED MIN 4 FEET",38.99971833,-76.99328667,7883959838840872,3174356173681431,1,1,0,2021082307,7698354239018293,Honda,2003,Accord,Midsize Cars,4.0,2.4,Automatic 5,FWD,Regular Gasoline,18,27,PINEY BRANCH RD,Maryland (State),KODIAK DR,Other Public Roadway,3174356173681431,20903,SILVER SPRING,50204.7192451,65972447.4483,39.01829365940637,-76.9835422251861,21.7845,95.21705,0.0,0.0,0.0,10.495713,275.90604,210823076983590182,2021-08-23 07:00:00,7,AM,235,0,Monday,0,8,August,2021,0,Unknown
MCP3026006V,807792D89B644C469D2465F293B600E0,False,POSSIBLE INJURY,NONE,NOT DISTRACTED,PASSENGER,MOVING CONSTANT SPEED,East,FUNCTIONAL,30,False,False,2,9747350352374849,210034262,Montgomery County Police,Injury ,True,East,1,1,HILL UPHILL,False,False,DRIVER,SAME DIRECTION RIGHT TURN,DRY,DAYLIGHT,TRAFFIC SIGNAL,INTERSECTION,FOUR-WAY INTERSECTION,STRAIGHT,NO DEFECTS,"TWO-WAY, DIVIDED, UNPROTECTED PAINTED MIN 4 FEET",38.993653,-77.063936,6531045230451124,4570729910170239,0,0,0,2021082309,7707842038983818,Volkswagen,2006,Beetle,Subcompact Cars,5.0,2.5,Automatic 6,FWD,Regular Gasoline,19,28,JONES MILL RD,County,EAST WEST HWY,Maryland (State),4570729910170239,20815,CHEVY CHASE,78258.2702851,151813895.483,38.98381860627773,-77.07842006190148,24.474499,83.648575,0.0,0.0,0.0,11.966954,285.7087,210823097078489838,2021-08-23 09:00:00,9,AM,235,0,Monday,0,8,August,2021,0,Unknown
MCP3026006V,9910C7FECB0043CB8BA911A5504B2247,True,NO APPARENT INJURY,NONE,NOT DISTRACTED,TRUCK,MOVING CONSTANT SPEED,West,SUPERFICIAL,30,False,False,2,9979155837567933,210034262,Montgomery County Police,Injury ,True,East,1,1,HILL UPHILL,False,False,DRIVER,SAME DIRECTION RIGHT TURN,DRY,DAYLIGHT,TRAFFIC SIGNAL,INTERSECTION,FOUR-WAY INTERSECTION,STRAIGHT,NO DEFECTS,"TWO-WAY, DIVIDED, UNPROTECTED PAINTED MIN 4 FEET",38.993653,-77.063936,6531045230451124,4570729910170239,0,0,0,2021082309,7707842038983818,Ford,2019,Ranger,Special Purpose Vehicle 2WD,4.0,2.3,Automatic 10,RWD,Regular Gasoline,19,18,JONES MILL RD,County,EAST WEST HWY,Maryland (State),4570729910170239,20815,CHEVY CHASE,78258.2702851,151813895.483,38.98381860627773,-77.07842006190148,24.474499,83.648575,0.0,0.0,0.0,11.966954,285.7087,210823097078489838,2021-08-23 09:00:00,9,AM,235,0,Monday,0,8,August,2021,0,Unknown
DM84940015,5D4EE83DB955401EB9F1D357505219F2,True,NO APPARENT INJURY,UNKNOWN,INATTENTIVE OR LOST IN THOUGHT,PASSENGER,PARKING,East,UNKNOWN,5,False,False,1,5738617139494879,210032836,Takoma Park Police Depart,Injury ,True,UNKNOWN,0,0,UNKNOWN,True,True,DRIVER,SINGLE VEHICLE,UNKNOWN,DAYLIGHT,NO CONTROLS,UNKNOWN,UNKNOWN,UNKNOWN,UNKNOWN,UNKNOWN,38.9885236,-76.9880297,7781945108562677,7781945108562677,1,1,0,2021082310,7700204038982546,Lexus,2010,RX,Sport Utility Vehicle - 2WD,6.0,3.5,Automatic 6,AWD,Premium Gasoline,18,28,UNKNOWN,UNKNOWN,UNKNOWN,UNKNOWN,7781945108562677,20912,TAKOMA PARK,51232.0653417,65209197.2692,38.98254687160147,-77.00204079343348,26.248,77.95949,0.0,0.0,0.0,11.726277,287.87878,210823107002089825,2021-08-23 10:00:00,10,AM,235,0,Monday,0,8,August,2021,0,Unknown
MCP2182002R,E931DED65F3B4339A11B68EF11A4BCAA,False,NO APPARENT INJURY,NONE,NOT DISTRACTED,PASSENGER,MOVING CONSTANT SPEED,East,SUPERFICIAL,15,False,False,2,3063454610736256,210032852,Montgomery County Police,Property Damage ,False,East,1,1,LEVEL,False,False,DRIVER,SAME DIRECTION LEFT TURN,DRY,DAYLIGHT,NO CONTROLS,INTERSECTION,FOUR-WAY INTERSECTION,STRAIGHT,NO DEFECTS,"TWO-WAY, DIVIDED, UNPROTECTED PAINTED MIN 4 FEET",39.09595482,-77.0710229,8554262040045692,2128650102927787,0,0,0,2021082311,7705486039088590,Ford,2011,F150,Standard Pickup Trucks 4WD,6.0,3.5,Automatic 6,4WD,Regular Gasoline,15,21,GEORGIA AVE,Maryland (State),CONNECTICUT AVE,County,2128650102927787,20906,SILVER SPRING,133207.174949,359110751.771,39.08859082555049,-77.05486091907257,27.832499,72.053986,0.0,0.0,0.0,11.966954,285.7087,210823117054890885,2021-08-23 11:00:00,11,AM,235,0,Monday,0,8,August,2021,0,Unknown
MCP2182002R,FD0C2B1F9F32423083AE7D004741C761,True,NO APPARENT INJURY,NONE,NOT DISTRACTED,PASSENGER,MAKING U TURN,East,DISABLING,15,False,False,2,2556346046221429,210032852,Montgomery County Police,Property Damage ,False,East,1,1,LEVEL,False,False,DRIVER,SAME DIRECTION LEFT TURN,DRY,DAYLIGHT,NO CONTROLS,INTERSECTION,FOUR-WAY INTERSECTION,STRAIGHT,NO DEFECTS,"TWO-WAY, DIVIDED, UNPROTECTED PAINTED MIN 4 FEET",39.09595482,-77.0710229,8554262040045692,2128650102927787,0,0,0,2021082311,7705486039088590,Ford,2016,Fusion,Midsize Cars,4.0,2.0,Automatic 6,FWD,Regular Gasoline,22,36,GEORGIA AVE,Maryland (State),CONNECTICUT AVE,County,2128650102927787,20906,SILVER SPRING,133207.174949,359110751.771,39.08859082555049,-77.05486091907257,27.832499,72.053986,0.0,0.0,0.0,11.966954,285.7087,210823117054890885,2021-08-23 11:00:00,11,AM,235,0,Monday,0,8,August,2021,0,Unknown
MCP3026006T,E0DDAFDB060D4E5CB29BE23E774FE092,False,NO APPARENT INJURY,NONE,NOT DISTRACTED,PASSENGER,MOVING CONSTANT SPEED,North,SUPERFICIAL,55,False,False,2,9512053712509329,210032854,Montgomery County Police,Injury ,False,North,4,5,HILL UPHILL,False,False,DRIVER,SAME DIR REAR END,DRY,DAYLIGHT,UNKNOWN,INTERCHANGE RELATED,UNKNOWN,OTHER,NO DEFECTS,"TWO-WAY, DIVIDED, POSITIVE MEDIAN BARRIER",39.01646574,-77.09849365,2262757322158515,6734471929870050,0,0,0,2021082312,7710519939016894,Nissan,2012,Juke,Small Station Wagons,4.0,1.6,Automatic 6,FWD,Premium Gasoline,25,29,CAPITAL BELTWAY,Interstate (State),EXIT #34,UNKNOWN,6734471929870050,20814,BETHESDA,58373.8630538,68540697.609,39.016894075883464,-77.10519990449882,29.5845,65.69536,0.0,0.0,0.0,12.074766,296.56497,210823127105190168,2021-08-23 12:00:00,12,PM,235,0,Monday,0,8,August,2021,0,Unknown
MCP3026006T,24F8CCCAB55B48EE8B80171E28898727,True,SUSPECTED MINOR INJURY,ILLEGAL DRUG,UNKNOWN,PASSENGER,STOPPED IN TRAFFIC LANE,North,FUNCTIONAL,55,False,False,2,751452905815289,210032854,Montgomery County Police,Injury ,False,North,4,5,HILL UPHILL,False,False,DRIVER,SAME DIR REAR END,DRY,DAYLIGHT,UNKNOWN,INTERCHANGE RELATED,UNKNOWN,OTHER,NO DEFECTS,"TWO-WAY, DIVIDED, POSITIVE MEDIAN BARRIER",39.01646574,-77.09849365,2262757322158515,6734471929870050,0,0,0,2021082312,7710519939016894,Toyota,2020,Corolla,Compact Cars,4.0,2.0,Automatic 10,FWD,Regular Gasoline,29,38,CAPITAL BELTWAY,Interstate (State),EXIT #34,UNKNOWN,6734471929870050,20814,BETHESDA,58373.8630538,68540697.609,39.016894075883464,-77.10519990449882,29.5845,65.69536,0.0,0.0,0.0,12.074766,296.56497,210823127105190168,2021-08-23 12:00:00,12,PM,235,0,Monday,0,8,August,2021,0,Unknown
MCP3305000H,5FA0A72ED75A494DA2C39E0270A64FB6,True,NO APPARENT INJURY,NONE,LOOKED BUT DID NOT SEE,PASSENGER,MAKING RIGHT TURN,South,FUNCTIONAL,35,False,False,2,8243785677012849,210032858,Montgomery County Police,Property Damage ,False,South,3,3,LEVEL,False,False,DRIVER,SAME DIRECTION SIDESWIPE,DRY,DAYLIGHT,TRAFFIC SIGNAL,INTERSECTION,FOUR-WAY INTERSECTION,STRAIGHT,NO DEFECTS,"TWO-WAY, DIVIDED, POSITIVE MEDIAN BARRIER",38.9981295,-77.03007317,8554262040045692,1432883968843542,0,0,0,2021082312,7703596439001907,Toyota,2017,Camry,Midsize Cars,4.0,2.5,Automatic 6,FWD,Regular Gasoline,21,30,GEORGIA AVE,Maryland (State),CAMERON ST,County,1432883968843542,20910,SILVER SPRING,82846.1568889,126320091.137,39.00190768010143,-77.03596497235911,29.2965,65.83631,0.0,0.0,0.0,12.397806,295.82092,210823127035990019,2021-08-23 12:00:00,12,PM,235,0,Monday,0,8,August,2021,0,Unknown
MCP3305000H,FE876B5D43B648DA9BFC75E2DDC32600,False,NO APPARENT INJURY,NONE,NOT DISTRACTED,BUS,STOPPED IN TRAFFIC LANE,South,FUNCTIONAL,35,False,False,2,6259949909495943,210032858,Montgomery County Police,Property Damage ,False,South,3,3,LEVEL,False,False,DRIVER,SAME DIRECTION SIDESWIPE,DRY,DAYLIGHT,TRAFFIC SIGNAL,INTERSECTION,FOUR-WAY INTERSECTION,STRAIGHT,NO DEFECTS,"TWO-WAY, DIVIDED, POSITIVE MEDIAN BARRIER",38.9981295,-77.03007317,8554262040045692,1432883968843542,0,0,0,2021082312,7703596439001907,New Flyer,0,Unknown,Unknown,0.0,0.0,Unknown,Unknown,Unknown,0,0,GEORGIA AVE,Maryland (State),CAMERON ST,County,1432883968843542,20910,SILVER SPRING,82846.1568889,126320091.137,39.00190768010143,-77.03596497235911,29.2965,65.83631,0.0,0.0,0.0,12.397806,295.82092,210823127035990019,2021-08-23 12:00:00,12,PM,235,0,Monday,0,8,August,2021,0,Unknown
MCP31610035,D45F822ACA764E83A83BE4605996BE2C,True,NO APPARENT INJURY,NONE,UNKNOWN,PASSENGER,SLOWING OR STOPPING,North,DISABLING,35,False,False,3,6221347545582705,210032888,Montgomery County Police,Property Damage ,False,North,0,3,GRADE DOWNHILL,False,False,DRIVER,SAME DIR REAR END,DRY,DAYLIGHT,NO CONTROLS,NON INTERSECTION,UNKNOWN,STRAIGHT,NO DEFECTS,"TWO-WAY, DIVIDED, POSITIVE MEDIAN BARRIER",39.00321,-77.077265,1627793738140795,8169557694483571,0,0,0,2021082316,7707842038983818,Nissan,2007,Sentra,Midsize Cars,4.0,2.0,Automatic CVT,FWD,Regular Gasoline,24,29,CONNECTICUT AVE,Maryland (State),RAMP 4 FR MD 185 NB TO IS 495 EB,Ramp,8169557694483571,20815,CHEVY CHASE,78258.2702851,151813895.483,38.98381860627773,-77.07842006190148,31.8245,50.63632,0.0,0.0,0.0,11.91812,295.01685,210823167078489838,2021-08-23 16:00:00,16,PM,235,0,Monday,0,8,August,2021,0,Unknown
MCP31610035,44489466DCE34BEAB662C842FDE4CCD0,False,NO APPARENT INJURY,NONE,NOT DISTRACTED,PASSENGER,STOPPED IN TRAFFIC LANE,North,FUNCTIONAL,35,False,False,3,3097115431096871,210032888,Montgomery County Police,Property Damage ,False,North,0,3,GRADE DOWNHILL,False,False,DRIVER,SAME DIR REAR END,DRY,DAYLIGHT,NO CONTROLS,NON INTERSECTION,UNKNOWN,STRAIGHT,NO DEFECTS,"TWO-WAY, DIVIDED, POSITIVE MEDIAN BARRIER",39.00321,-77.077265,1627793738140795,8169557694483571,0,0,0,2021082316,7707842038983818,Honda,2008,Accord,Compact Cars,4.0,2.4,Automatic 5,FWD,Regular Gasoline,19,31,CONNECTICUT AVE,Maryland (State),RAMP 4 FR MD 185 NB TO IS 495 EB,Ramp,8169557694483571,20815,CHEVY CHASE,78258.2702851,151813895.483,38.98381860627773,-77.07842006190148,31.8245,50.63632,0.0,0.0,0.0,11.91812,295.01685,210823167078489838,2021-08-23 16:00:00,16,PM,235,0,Monday,0,8,August,2021,0,Unknown
MCP31610035,5C62943E5A7B4724A07FF14571EB4563,False,NO APPARENT INJURY,NONE,NOT DISTRACTED,PASSENGER,STOPPED IN TRAFFIC LANE,North,SUPERFICIAL,35,False,False,3,7155284875460192,210032888,Montgomery County Police,Property Damage ,False,North,0,3,GRADE DOWNHILL,False,False,DRIVER,SAME DIR REAR END,DRY,DAYLIGHT,NO CONTROLS,NON INTERSECTION,UNKNOWN,STRAIGHT,NO DEFECTS,"TWO-WAY, DIVIDED, POSITIVE MEDIAN BARRIER",39.00321,-77.077265,1627793738140795,8169557694483571,0,0,0,2021082316,7707842038983818,Lincoln,2012,Navigator,Sport Utility Vehicle - 2WD,8.0,5.4,Automatic 6,4WD,Regular Gasoline,13,18,CONNECTICUT AVE,Maryland (State),RAMP 4 FR MD 185 NB TO IS 495 EB,Ramp,8169557694483571,20815,CHEVY CHASE,78258.2702851,151813895.483,38.98381860627773,-77.07842006190148,31.8245,50.63632,0.0,0.0,0.0,11.91812,295.01685,210823167078489838,2021-08-23 16:00:00,16,PM,235,0,Monday,0,8,August,2021,0,Unknown
MCP3112005C,C08FCF91978A48FA99A50D31446D0EBA,False,NO APPARENT INJURY,NONE,NOT DISTRACTED,PASSENGER,MOVING CONSTANT SPEED,South,DISABLING,25,False,False,2,2815627384783423,210032909,Montgomery County Police,Property Damage ,False,North,1,3,LEVEL,False,False,DRIVER,STRAIGHT MOVEMENT ANGLE,DRY,DAYLIGHT,STOP SIGN,INTERSECTION,T-INTERSECTION,STRAIGHT,UNKNOWN,"TWO-WAY, DIVIDED, POSITIVE MEDIAN BARRIER",38.99137433,-77.095647,7307765282026999,7519884327239623,0,0,0,2021082317,7710072538987731,Honda,2017,Accord,Midsize Cars,4.0,2.4,Automatic 6,FWD,Regular Gasoline,21,32,WISCONSIN AVE,Maryland (State),HIGHLAND AVE,County,7519884327239623,20814,BETHESDA,46411.6876883,47837334.4314,38.98773167577017,-77.10072590539887,31.5985,50.57838,0.0,0.0,0.0,10.30883,294.77512,210823177100789877,2021-08-23 17:00:00,17,PM,235,0,Monday,0,8,August,2021,0,Unknown
MCP3112005C,6C68DD6BF223454F9D953F7BE01DEAC8,True,NO APPARENT INJURY,NONE,LOOKED BUT DID NOT SEE,PASSENGER,MAKING LEFT TURN,West,DISABLING,25,False,False,2,8243785626679992,210032909,Montgomery County Police,Property Damage ,False,North,1,3,LEVEL,False,False,DRIVER,STRAIGHT MOVEMENT ANGLE,DRY,DAYLIGHT,STOP SIGN,INTERSECTION,T-INTERSECTION,STRAIGHT,UNKNOWN,"TWO-WAY, DIVIDED, POSITIVE MEDIAN BARRIER",38.99137433,-77.095647,7307765282026999,7519884327239623,0,0,0,2021082317,7710072538987731,Toyota,2014,Camry,Midsize Cars,4.0,2.5,Automatic 6,FWD,Regular Gasoline,21,30,WISCONSIN AVE,Maryland (State),HIGHLAND AVE,County,7519884327239623,20814,BETHESDA,46411.6876883,47837334.4314,38.98773167577017,-77.10072590539887,31.5985,50.57838,0.0,0.0,0.0,10.30883,294.77512,210823177100789877,2021-08-23 17:00:00,17,PM,235,0,Monday,0,8,August,2021,0,Unknown