ReportNumber,VehicleCrashKey,DriverAtFault,DriverInjurySeverity,DriverSubstanceAbuse,DriverDistractedBy,VehicleType,VehicleMovement,VehicleGoingDir,VehicleDamageExtent,SpeedLimit,ParkedVehicle,SubstanceAbuseContributed,VehiclesCrashedTotal,VehicleKey,LocalCaseNumber,AgencyName,ACRSReportType,HitRun,LaneDirection,LaneNumber,NumberOfLanes,RoadGrade,NonTraffic,OffRoadIncident,AccidentAtFault,CollisionType,SurfaceCondition,Light,TrafficControl,Junction,IntersectionType,RoadAlignment,RoadCondition,RoadDivision,Latitude,Longitude,RoadKey_x,CrossStreetKey,NonMotoristTotal,NonMotoristInjury,NonMotoristFatal,DateHourKey,LocationAreaKey,Make,Year_x,BaseModel,BodyClass,Cylinders,Displacement,Transmission,Drivetrain,FuelType,CityMPG,HighwayMPG,RoadName_x,RouteType_x,RoadName_y,RouteType_y,RoadKey_y,Zipcode,MailCity,ShapeLength,ShapeArea,CentroidLatitude,CentroidLongitude,Temperature,Humidity,Precipitation,Rain,Snow,WindSpeed,WindDirection,WeatherKey,Datetime,Hour,TimeOfDay,DayNumber,WeekDayNumber,WeekDayName,WeekendFlag,MonthNumber,MonthName,Year_y,HolidayFlag,HolidayName
MCP1301001M,D37F4370EFCC4AC7B384F87CE1605468,False,SUSPECTED MINOR INJURY,NONE,NOT DISTRACTED,PASSENGER,MAKING LEFT TURN,East,DESTROYED,45,False,False,2,234781765163750,210033389,Montgomery County Police,Fatal ,False,West,2,4,LEVEL,False,False,UNKNOWN,HEAD ON LEFT TURN,DRY,DUSK,TRAFFIC SIGNAL,INTERSECTION,FOUR-WAY INTERSECTION,STRAIGHT,NO DEFECTS,"TWO-WAY, DIVIDED, POSITIVE MEDIAN BARRIER",39.12057167,-77.03382167,418179445979580,1498137660831595,0,0,0,2021082619,7705486039088590,Buick,2006,Rendezvous,Sport Utility Vehicle - 2WD,6.0,3.5,Automatic 4,AWD,Regular Gasoline,16,23,NORBECK RD,Maryland (State),LAYHILL RD,Maryland (State),1498137660831595,20906,SILVER SPRING,133207.174949,359110751.771,39.08859082555049,-77.05486091907257,29.432499,77.71826,0.0,0.0,0.0,2.5455842,261.87,210826197054890885,2021-08-26 19:00:00,19,PM,238,3,Thursday,0,8,August,2021,0,Unknown
MCP1301001M,590D69D080134253A6720A2FEDAA2346,False,FATAL INJURY,UNKNOWN,NOT DISTRACTED,MOTORCYCLE,MOVING CONSTANT SPEED,West,DESTROYED,45,False,False,2,9358502146094768,210033389,Montgomery County Police,Fatal ,False,West,2,4,LEVEL,False,False,UNKNOWN,HEAD ON LEFT TURN,DRY,DUSK,TRAFFIC SIGNAL,INTERSECTION,FOUR-WAY INTERSECTION,STRAIGHT,NO DEFECTS,"TWO-WAY, DIVIDED, POSITIVE MEDIAN BARRIER",39.12057167,-77.03382167,418179445979580,1498137660831595,0,0,0,2021082619,7705486039088590,Yamaha,0,Unknown,Unknown,0.0,0.0,Unknown,Unknown,Unknown,0,0,NORBECK RD,Maryland (State),LAYHILL RD,Maryland (State),1498137660831595,20906,SILVER SPRING,133207.174949,359110751.771,39.08859082555049,-77.05486091907257,29.432499,77.71826,0.0,0.0,0.0,2.5455842,261.87,210826197054890885,2021-08-26 19:00:00,19,PM,238,3,Thursday,0,8,August,2021,0,Unknown
MCP3130003W,1B3E199B09F74CE6BA89B634F341CC46,True,NO APPARENT INJURY,ALCOHOL,OTHER DISTRACTION,PASSENGER,MOVING CONSTANT SPEED,West,DISABLING,25,False,True,1,9992477383502007,210033426,Montgomery County Police,Property Damage ,False,West,1,1,LEVEL,False,False,DRIVER,SAME DIRECTION SIDESWIPE,DRY,DARK NO LIGHTS,NO CONTROLS,NON INTERSECTION,UNKNOWN,STRAIGHT,NO DEFECTS,"TWO-WAY, NOT DIVIDED",39.06029167,-77.05503833,7408654647208117,8681150887607954,0,0,0,2021082706,7705486039088590,Dodge,2016,Charger,Large Cars,6.0,3.6,Automatic 8,RWD,Regular Gasoline,15,25,TERRAPIN RD,County,LIVINGSTON ST,County,8681150887607954,20906,SILVER SPRING,133207.174949,359110751.771,39.08859082555049,-77.05486091907257,23.1325,94.974945,0.0,0.0,0.0,4.3349743,274.76355,210827067054890885,2021-08-27 06:00:00,6,AM,239,4,Friday,0,8,August,2021,0,Unknown
MCP1563006W,78E07890AF0C4E7EA297C8C1D07701EF,True,NO APPARENT INJURY,NONE,LOOKED BUT DID NOT SEE,TRUCK,CHANGING LANES,South,SUPERFICIAL,30,False,False,2,9755364676930633,210033436,Montgomery County Police,Property Damage ,False,South,3,3,LEVEL,False,False,DRIVER,SAME DIRECTION RIGHT TURN,DRY,DAYLIGHT,TRAFFIC SIGNAL,INTERSECTION RELATED,FOUR-WAY INTERSECTION,STRAIGHT,NO DEFECTS,"TWO-WAY, NOT DIVIDED",38.98799333,-77.07746333,1627793738140795,4570729910170239,0,0,0,2021082710,7707842038983818,International,0,Unknown,Unknown,0.0,0.0,Unknown,Unknown,Unknown,0,0,CONNECTICUT AVE,Maryland (State),EAST WEST HWY,Maryland (State),4570729910170239,20815,CHEVY CHASE,78258.2702851,151813895.483,38.98381860627773,-77.07842006190148,28.874498,76.254974,0.0,0.0,0.0,4.829907,206.56499,210827107078489838,2021-08-27 10:00:00,10,AM,239,4,Friday,0,8,August,2021,0,Unknown
MCP1563006W,3B3F85B53F10434AA5BB65BDAC1D5D3E,False,NO APPARENT INJURY,NONE,NOT DISTRACTED,PASSENGER,MOVING CONSTANT SPEED,South,DISABLING,30,False,False,2,4595510051903263,210033436,Montgomery County Police,Property Damage ,False,South,3,3,LEVEL,False,False,DRIVER,SAME DIRECTION RIGHT TURN,DRY,DAYLIGHT,TRAFFIC SIGNAL,INTERSECTION RELATED,FOUR-WAY INTERSECTION,STRAIGHT,NO DEFECTS,"TWO-WAY, NOT DIVIDED",38.98799333,-77.07746333,1627793738140795,4570729910170239,0,0,0,2021082710,7707842038983818,Honda,0,Unknown,Unknown,0.0,0.0,Unknown,Unknown,Unknown,0,0,CONNECTICUT AVE,Maryland (State),EAST WEST HWY,Maryland (State),4570729910170239,20815,CHEVY CHASE,78258.2702851,151813895.483,38.98381860627773,-77.07842006190148,28.874498,76.254974,0.0,0.0,0.0,4.829907,206.56499,210827107078489838,2021-08-27 10:00:00,10,AM,239,4,Friday,0,8,August,2021,0,Unknown
MCP284800BG,90F663151FD2451D8F55596BCC6F08AD,False,NO APPARENT INJURY,NONE,NOT DISTRACTED,PASSENGER,MOVING CONSTANT SPEED,West,DISABLING,30,False,False,3,5552969870642251,210033450,Montgomery County Police,Property Damage ,False,East,1,1,LEVEL,False,False,DRIVER,SAME DIRECTION SIDESWIPE,DRY,DAYLIGHT,NO CONTROLS,NON INTERSECTION,UNKNOWN,STRAIGHT,NO DEFECTS,"TWO-WAY, DIVIDED, UNPROTECTED PAINTED MIN 4 FEET",39.01309,-77.090535,5777913950568264,6849712393332989,0,0,0,2021082711,7710519939016894,Chevrolet,2014,Silverado,Standard Pickup Trucks 4WD,8.0,4.3,Automatic 6,4WD,Regular Gasoline,16,22,CEDAR LA,County,PARKWOOD DR,County,6849712393332989,20814,BETHESDA,58373.8630538,68540697.609,39.016894075883464,-77.10519990449882,29.7845,73.26742,0.2,0.2,0.0,3.7064266,209.0545,210827117105190168,2021-08-27 11:00:00,11,AM,239,4,Friday,0,8,August,2021,0,Unknown
MCP284800BG,FE07D845865A45FD865CC056FE902948,True,NO APPARENT INJURY,NONE,NOT DISTRACTED,PASSENGER,CHANGING LANES,East,DISABLING,30,False,False,3,6578981186807045,210033450,Montgomery County Police,Property Damage ,False,East,1,1,LEVEL,False,False,DRIVER,SAME DIRECTION SIDESWIPE,DRY,DAYLIGHT,NO CONTROLS,NON INTERSECTION,UNKNOWN,STRAIGHT,NO DEFECTS,"TWO-WAY, DIVIDED, UNPROTECTED PAINTED MIN 4 FEET",39.01309,-77.090535,5777913950568264,6849712393332989,0,0,0,2021082711,7710519939016894,Mazda,2015,3,Compact Cars,4.0,2.5,Automatic 6,FWD,Regular Gasoline,29,39,CEDAR LA,County,PARKWOOD DR,County,6849712393332989,20814,BETHESDA,58373.8630538,68540697.609,39.016894075883464,-77.10519990449882,29.7845,73.26742,0.2,0.2,0.0,3.7064266,209.0545,210827117105190168,2021-08-27 11:00:00,11,AM,239,4,Friday,0,8,August,2021,0,Unknown
MCP284800BG,37F267FAA1EE478392EAEEBFAE8695DD,False,NO APPARENT INJURY,NONE,NOT DISTRACTED,PASSENGER,MOVING CONSTANT SPEED,East,FUNCTIONAL,30,False,False,3,8072745141256909,210033450,Montgomery County Police,Property Damage ,False,East,1,1,LEVEL,False,False,DRIVER,SAME DIRECTION SIDESWIPE,DRY,DAYLIGHT,NO CONTROLS,NON INTERSECTION,UNKNOWN,STRAIGHT,NO DEFECTS,"TWO-WAY, DIVIDED, UNPROTECTED PAINTED MIN 4 FEET",39.01309,-77.090535,5777913950568264,6849712393332989,0,0,0,2021082711,7710519939016894,Scion,0,Unknown,Unknown,0.0,0.0,Unknown,Unknown,Unknown,0,0,CEDAR LA,County,PARKWOOD DR,County,6849712393332989,20814,BETHESDA,58373.8630538,68540697.609,39.016894075883464,-77.10519990449882,29.7845,73.26742,0.2,0.2,0.0,3.7064266,209.0545,210827117105190168,2021-08-27 11:00:00,11,AM,239,4,Friday,0,8,August,2021,0,Unknown
MCP3218001X,331B86CEFD34410BAAF4C3B68A352D88,True,POSSIBLE INJURY,NONE,UNKNOWN,PASSENGER,MOVING CONSTANT SPEED,East,FUNCTIONAL,40,False,False,2,2815627384783423,210033478,Montgomery County Police,Injury ,False,South,0,4,LEVEL,False,False,DRIVER,SAME DIR REAR END,DRY,DAYLIGHT,NO CONTROLS,INTERSECTION,FOUR-WAY INTERSECTION,CURVE RIGHT,NO DEFECTS,"TWO-WAY, DIVIDED, POSITIVE MEDIAN BARRIER",39.05207383,-77.07565533,9290911226978796,1627793738140795,0,0,0,2021082715,7705486039088590,Honda,2017,Accord,Midsize Cars,4.0,2.4,Automatic 6,FWD,Regular Gasoline,21,32,VEIRS MILL RD,Maryland (State),CONNECTICUT AVE,Maryland (State),1627793738140795,20906,SILVER SPRING,133207.174949,359110751.771,39.08859082555049,-77.05486091907257,28.7825,84.37165,1.2,1.2,0.0,2.52,90.0,210827157054890885,2021-08-27 15:00:00,15,PM,239,4,Friday,0,8,August,2021,0,Unknown
MCP3218001X,CA2FB5E68FA442B09DE4DDEF9D7AF926,False,NO APPARENT INJURY,NONE,NOT DISTRACTED,PASSENGER,STOPPED IN TRAFFIC LANE,East,SUPERFICIAL,40,False,False,2,2815627384783423,210033478,Montgomery County Police,Injury ,False,South,0,4,LEVEL,False,False,DRIVER,SAME DIR REAR END,DRY,DAYLIGHT,NO CONTROLS,INTERSECTION,FOUR-WAY INTERSECTION,CURVE RIGHT,NO DEFECTS,"TWO-WAY, DIVIDED, POSITIVE MEDIAN BARRIER",39.05207383,-77.07565533,9290911226978796,1627793738140795,0,0,0,2021082715,7705486039088590,Honda,2017,Accord,Midsize Cars,4.0,2.4,Automatic 6,FWD,Regular Gasoline,21,32,VEIRS MILL RD,Maryland (State),CONNECTICUT AVE,Maryland (State),1627793738140795,20906,SILVER SPRING,133207.174949,359110751.771,39.08859082555049,-77.05486091907257,28.7825,84.37165,1.2,1.2,0.0,2.52,90.0,210827157054890885,2021-08-27 15:00:00,15,PM,239,4,Friday,0,8,August,2021,0,Unknown
MCP3228002C,07EDB09F78C14B3182829A82BC5EE80A,False,SUSPECTED SERIOUS INJURY,NONE,NOT DISTRACTED,PASSENGER,MOVING CONSTANT SPEED,East,DESTROYED,35,False,False,1,9233316686372438,210033484,Montgomery County Police,Injury ,False,East,1,2,HILL UPHILL,False,False,UNKNOWN,SINGLE VEHICLE,WET,DAYLIGHT,NO CONTROLS,NON INTERSECTION,UNKNOWN,STRAIGHT,NO DEFECTS,"TWO-WAY, NOT DIVIDED",39.008999,-77.03870017,5267462721107280,8554262040045692,0,0,0,2021082715,7703596439001907,Honda,2018,Odyssey,Minivan - 2WD,6.0,3.5,Automatic 10,FWD,Regular Gasoline,19,28,COLUMBIA BLVD,County,GEORGIA AVE,Maryland (State),8554262040045692,20910,SILVER SPRING,82846.1568889,126320091.137,39.00190768010143,-77.03596497235911,30.4965,64.69861,0.0,0.0,0.0,3.0547013,135.0001,210827157035990019,2021-08-27 15:00:00,15,PM,239,4,Friday,0,8,August,2021,0,Unknown
MCP3227002M,2E9BC98A8EC74197B497C348027A3601,True,NO APPARENT INJURY,UNKNOWN,UNKNOWN,PASSENGER,PARKING,UNKNOWN,UNKNOWN,0,False,False,1,1553860739596876,210033498,Montgomery County Police,Property Damage ,True,UNKNOWN,0,0,UNKNOWN,True,True,DRIVER,HEAD ON LEFT TURN,UNKNOWN,DAYLIGHT,NO CONTROLS,UNKNOWN,UNKNOWN,UNKNOWN,UNKNOWN,UNKNOWN,39.0329536,-77.0758879,7781945108562677,7781945108562677,0,0,0,2021082717,7707527239025656,Chevrolet,2005,Blazer,Sport Utility Vehicle - 2WD,6.0,4.3,Automatic 4,AWD,Regular Gasoline,14,20,UNKNOWN,UNKNOWN,UNKNOWN,UNKNOWN,7781945108562677,20895,KENSINGTON,70838.1492765,106180148.023,39.02565657266069,-77.07527294437958,25.845499,92.82951,5.2,5.2,0.0,5.4119864,273.814,210827177075290256,2021-08-27 17:00:00,17,PM,239,4,Friday,0,8,August,2021,0,Unknown
MCP2291005F,337B96A623314AF5BCAB738F3ADF784E,True,NO APPARENT INJURY,NONE,UNKNOWN,PASSENGER,MOVING CONSTANT SPEED,North,DISABLING,35,False,False,2,4834438297196376,210033501,Montgomery County Police,Injury ,False,North,1,3,LEVEL,False,False,DRIVER,STRAIGHT MOVEMENT ANGLE,WET,DAYLIGHT,TRAFFIC SIGNAL,INTERSECTION,FOUR-WAY INTERSECTION,STRAIGHT,NO DEFECTS,"TWO-WAY, DIVIDED, POSITIVE MEDIAN BARRIER",39.02970743,-77.07590129,1627793738140795,9499077155985716,0,0,0,2021082717,7707527239025656,Honda,2012,Pilot,Sport Utility Vehicle - 2WD,6.0,3.5,Automatic 5,AWD,Regular Gasoline,17,24,CONNECTICUT AVE,Maryland (State),PLYERS MILL RD,Maryland (State),9499077155985716,20895,KENSINGTON,70838.1492765,106180148.023,39.02565657266069,-77.07527294437958,25.845499,92.82951,5.2,5.2,0.0,5.4119864,273.814,210827177075290256,2021-08-27 17:00:00,17,PM,239,4,Friday,0,8,August,2021,0,Unknown
MCP2291005F,BF653D5B463B4DAE87DC01DAB44AB07C,False,SUSPECTED MINOR INJURY,NONE,NOT DISTRACTED,PASSENGER,MAKING LEFT TURN,West,DESTROYED,35,False,False,2,3777471212635933,210033501,Montgomery County Police,Injury ,False,North,1,3,LEVEL,False,False,DRIVER,STRAIGHT MOVEMENT ANGLE,WET,DAYLIGHT,TRAFFIC SIGNAL,INTERSECTION,FOUR-WAY INTERSECTION,STRAIGHT,NO DEFECTS,"TWO-WAY, DIVIDED, POSITIVE MEDIAN BARRIER",39.02970743,-77.07590129,1627793738140795,9499077155985716,0,0,0,2021082717,7707527239025656,Ford,2017,Explorer,Standard Sport Utility Vehicle 4WD,6.0,3.5,Automatic 6,AWD,Regular Gasoline,16,23,CONNECTICUT AVE,Maryland (State),PLYERS MILL RD,Maryland (State),9499077155985716,20895,KENSINGTON,70838.1492765,106180148.023,39.02565657266069,-77.07527294437958,25.845499,92.82951,5.2,5.2,0.0,5.4119864,273.814,210827177075290256,2021-08-27 17:00:00,17,PM,239,4,Friday,0,8,August,2021,0,Unknown
MCP3051004H,EC1049ABF2E84555BD4481564ED102A8,True,NO APPARENT INJURY,NONE,INATTENTIVE OR LOST IN THOUGHT,PASSENGER,MAKING RIGHT TURN,West,SUPERFICIAL,30,False,False,2,1644106011252252,210033523,Montgomery County Police,Property Damage ,False,North,2,4,LEVEL,False,False,DRIVER,ANGLE MEETS RIGHT TURN,WET,DARK LIGHTS ON,UNKNOWN,INTERSECTION,T-INTERSECTION,STRAIGHT,NO DEFECTS,"TWO-WAY, NOT DIVIDED",39.02646,-77.14788667,8057051263767246,6898064682616040,0,0,0,2021082720,7715220038996189,Jeep,2021,Compass,Small Sport Utility Vehicle 2WD,4.0,2.4,Automatic 6,AWD,Regular Gasoline,22,30,WESTLAKE DR,County,LAKEVIEW DR,Other Public Roadway,6898064682616040,20817,BETHESDA,143234.920079,403664948.588,38.996189145680184,-77.15220044157795,24.793,99.70183,0.0,0.0,0.0,3.219938,206.56499,210827207152289961,2021-08-27 20:00:00,20,PM,239,4,Friday,0,8,August,2021,0,Unknown
MCP3051004H,B464C02F1E17498F9E9AEEF7AA5D27F1,False,NO APPARENT INJURY,NONE,NOT DISTRACTED,TRUCK,MOVING CONSTANT SPEED,North,SUPERFICIAL,30,False,False,2,8922103957153277,210033523,Montgomery County Police,Property Damage ,False,North,2,4,LEVEL,False,False,DRIVER,ANGLE MEETS RIGHT TURN,WET,DARK LIGHTS ON,UNKNOWN,INTERSECTION,T-INTERSECTION,STRAIGHT,NO DEFECTS,"TWO-WAY, NOT DIVIDED",39.02646,-77.14788667,8057051263767246,6898064682616040,0,0,0,2021082720,7715220038996189,Dodge,2018,Durango,Standard Sport Utility Vehicle 4WD,8.0,3.6,Automatic 8,AWD,Midgrade Gasoline,14,22,WESTLAKE DR,County,LAKEVIEW DR,Other Public Roadway,6898064682616040,20817,BETHESDA,143234.920079,403664948.588,38.996189145680184,-77.15220044157795,24.793,99.70183,0.0,0.0,0.0,3.219938,206.56499,210827207152289961,2021-08-27 20:00:00,20,PM,239,4,Friday,0,8,August,2021,0,Unknown
MCP2601000V,21BEEEB769874CD98F25B31F6163E1C0,False,NO APPARENT INJURY,UNKNOWN,NOT DISTRACTED,PASSENGER,MOVING CONSTANT SPEED,North,DISABLING,25,False,False,2,5428504012117078,210033520,Montgomery County Police,Property Damage ,False,North,1,3,LEVEL,False,False,DRIVER,HEAD ON,UNKNOWN,DARK LIGHTS ON,TRAFFIC SIGNAL,INTERSECTION RELATED,FOUR-WAY INTERSECTION,STRAIGHT,NO DEFECTS,"TWO-WAY, NOT DIVIDED",38.99401333,-77.023615,6732058886739677,8825017167010994,0,0,0,2021082720,7703596439001907,Mercury,2005,Mountaineer,Sport Utility Vehicle - 2WD,6.0,4.0,Automatic 5,AWD,Regular Gasoline,13,17,FENTON ST,County,WAYNE AVE,County,8825017167010994,20910,SILVER SPRING,82846.1568889,126320091.137,39.00190768010143,-77.03596497235911,24.0465,93.299576,0.0,0.0,0.0,1.2979984,123.690094,210827207035990019,2021-08-27 20:00:00,20,PM,239,4,Friday,0,8,August,2021,0,Unknown
MCP2601000V,368B757D9262475D9197638778EA392B,True,NO APPARENT INJURY,UNKNOWN,NOT DISTRACTED,PASSENGER,MOVING CONSTANT SPEED,South,DISABLING,25,False,False,2,7942766313121304,210033520,Montgomery County Police,Property Damage ,False,North,1,3,LEVEL,False,False,DRIVER,HEAD ON,UNKNOWN,DARK LIGHTS ON,TRAFFIC SIGNAL,INTERSECTION RELATED,FOUR-WAY INTERSECTION,STRAIGHT,NO DEFECTS,"TWO-WAY, NOT DIVIDED",38.99401333,-77.023615,6732058886739677,8825017167010994,0,0,0,2021082720,7703596439001907,Toyota,2006,Prius,Midsize Cars,4.0,1.5,Automatic CVT,FWD,Regular Gasoline,48,45,FENTON ST,County,WAYNE AVE,County,8825017167010994,20910,SILVER SPRING,82846.1568889,126320091.137,39.00190768010143,-77.03596497235911,24.0465,93.299576,0.0,0.0,0.0,1.2979984,123.690094,210827207035990019,2021-08-27 20:00:00,20,PM,239,4,Friday,0,8,August,2021,0,Unknown
MCP2539001S,0CA339836632409380020170CF155111,True,NO APPARENT INJURY,UNKNOWN,UNKNOWN,UNKNOWN,MOVING CONSTANT SPEED,East,NO DAMAGE,25,False,False,1,8168321465439775,210033537,Montgomery County Police,Property Damage ,False,East,1,1,LEVEL,False,False,DRIVER,OTHER,DRY,DARK LIGHTS ON,NO CONTROLS,NON INTERSECTION,UNKNOWN,STRAIGHT,NO DEFECTS,"TWO-WAY, NOT DIVIDED",38.99194433,-77.09801817,3774978101447126,125184815271258,1,0,0,2021082721,7710072538987731,Unknown,0,Unknown,Unknown,0.0,0.0,Unknown,Unknown,Unknown,0,0,BATTERY LA,County,KEYSTONE AVE,County,125184815271258,20814,BETHESDA,46411.6876883,47837334.4314,38.98773167577017,-77.10072590539887,24.1985,95.30114,0.6,0.6,0.0,2.968636,14.036275,210827217100789877,2021-08-27 21:00:00,21,PM,239,4,Friday,0,8,August,2021,0,Unknown
MCP3257002Q,5CF901493AFA4C359B88684BDF3A6105,True,NO APPARENT INJURY,NONE,UNKNOWN,BUS,MOVING CONSTANT SPEED,North,FUNCTIONAL,35,False,False,1,3543166220370386,210033556,Montgomery County Police,Property Damage ,False,North,1,3,LEVEL,False,False,DRIVER,SINGLE VEHICLE,DRY,DARK LIGHTS ON,NO CONTROLS,NON INTERSECTION,UNKNOWN,STRAIGHT,NO DEFECTS,"TWO-WAY, DIVIDED, POSITIVE MEDIAN BARRIER",38.99440138,-77.07703858,1627793738140795,2662081756549658,0,0,0,2021082803,7707842038983818,Buick,2010,Lacrosse/Allure,Midsize Cars,6.0,3.0,Automatic 6,FWD,Regular Gasoline,17,25,CONNECTICUT AVE,Maryland (State),CHEVY CHASE LAKE DR,County,2662081756549658,20815,CHEVY CHASE,78258.2702851,151813895.483,38.98381860627773,-77.07842006190148,22.724499,97.89696,0.0,0.0,0.0,3.7064266,330.9455,210828037078489838,2021-08-28 03:00:00,3,AM,240,5,Saturday,1,8,August,2021,0,Unknown
MCP2048003D,C403155A38DC46549255BA01E31BB8EA,True,NO APPARENT INJURY,NONE,LOOKED BUT DID NOT SEE,TRUCK,BACKING,South,SUPERFICIAL,15,False,False,1,4388744722969849,210039533,Montgomery County Police,Injury ,False,North,1,2,HILL UPHILL,False,False,DRIVER,OTHER,DRY,DAYLIGHT,NO CONTROLS,INTERSECTION RELATED,T-INTERSECTION,STRAIGHT,NO DEFECTS,"TWO-WAY, NOT DIVIDED",39.01944365,-76.97196495,1509403259799175,5354329922931470,1,1,0,2021082812,7698354239018293,Kenworth,0,Unknown,Unknown,0.0,0.0,Unknown,Unknown,Unknown,0,0,AVENEL GARDEN LANE,UNKNOWN,ELTON RD,UNKNOWN,5354329922931470,20903,SILVER SPRING,50204.7192451,65972447.4483,39.01829365940637,-76.9835422251861,29.5345,68.94783,0.1,0.1,0.0,5.8603754,10.61961,210828126983590182,2021-08-28 12:00:00,12,PM,240,5,Saturday,1,8,August,2021,0,Unknown
MCP1148003P,7E42943400024E5291986D8BC1DD3B8E,True,NO APPARENT INJURY,UNKNOWN,NOT DISTRACTED,PASSENGER,PARKING,West,UNKNOWN,25,False,False,1,4807292439494407,210033607,Montgomery County Police,Property Damage ,True,West,1,2,LEVEL,False,False,DRIVER,SAME DIR REAR END,DRY,DAYLIGHT,NO CONTROLS,NON INTERSECTION,UNKNOWN,STRAIGHT,NO DEFECTS,"TWO-WAY, NOT DIVIDED",38.980872,-77.095711,510691405782220,9003752369377532,0,0,0,2021082813,7710072538987731,Subaru,2021,WRX,Compact Cars,4.0,2.0,Manual 6,AWD,Premium Gasoline,16,22,BETHESDA AVE,County,ARLINGTON RD,County,9003752369377532,20814,BETHESDA,46411.6876883,47837334.4314,38.98773167577017,-77.10072590539887,30.1485,66.41045,0.1,0.1,0.0,6.0347,17.354122,210828137100789877,2021-08-28 13:00:00,13,PM,240,5,Saturday,1,8,August,2021,0,Unknown
MCP27520048,693A41AC208C45D4BF8434093F46B09C,True,SUSPECTED MINOR INJURY,NONE,UNKNOWN,MOTORCYCLE,MAKING RIGHT TURN,North,DISABLING,25,False,False,1,5826783019741363,210033621,Montgomery County Police,Injury ,False,South,1,1,HILL UPHILL,False,False,DRIVER,SINGLE VEHICLE,DRY,DAYLIGHT,TRAFFIC SIGNAL,INTERSECTION,T-INTERSECTION,CURVE RIGHT,NO DEFECTS,"TWO-WAY, DIVIDED, POSITIVE MEDIAN BARRIER",38.97853833,-77.20642667,5755741923731534,8599911420118079,0,0,0,2021082816,7715220038996189,BMW,0,Unknown,Unknown,0.0,0.0,Unknown,Unknown,Unknown,0,0,CLARA BARTON PKWY,Government,MACARTHUR BLVD,County,8599911420118079,20817,BETHESDA,143234.920079,403664948.588,38.996189145680184,-77.15220044157795,31.692999,61.897648,0.0,0.0,0.0,5.04,90.0,210828167152289961,2021-08-28 16:00:00,16,PM,240,5,Saturday,1,8,August,2021,0,Unknown
MCP3228002D,09C35C4C8E2D4856974D99858B47BE0A,False,NO APPARENT INJURY,NONE,NOT DISTRACTED,PASSENGER,STOPPED IN TRAFFIC LANE,West,FUNCTIONAL,25,False,False,2,7871367637348379,210033624,Montgomery County Police,Property Damage ,False,West,1,2,LEVEL,False,False,DRIVER,HEAD ON LEFT TURN,DRY,DAYLIGHT,TRAFFIC SIGNAL,INTERSECTION,FOUR-WAY INTERSECTION,STRAIGHT,NO DEFECTS,"TWO-WAY, NOT DIVIDED",38.99163883,-77.02622767,887072325756327,5660893524410086,0,0,0,2021082816,7703596439001907,Toyota,2018,RAV4,Small Sport Utility Vehicle 4WD,4.0,2.5,Automatic 6,AWD,Regular Gasoline,22,28,SILVER SPRING AVE,County,GEORGIA AVE,US (State),5660893524410086,20910,SILVER SPRING,82846.1568889,126320091.137,39.00190768010143,-77.03596497235911,31.0965,64.24051,0.0,0.0,0.0,4.6938252,94.39862,210828167035990019,2021-08-28 16:00:00,16,PM,240,5,Saturday,1,8,August,2021,0,Unknown
MCP3228002D,CAF488C27D6E457EA0FE804C39650F20,True,NO APPARENT INJURY,NONE,LOOKED BUT DID NOT SEE,PASSENGER,MAKING LEFT TURN,East,DISABLING,25,False,False,2,819104244733174,210033624,Montgomery County Police,Property Damage ,False,West,1,2,LEVEL,False,False,DRIVER,HEAD ON LEFT TURN,DRY,DAYLIGHT,TRAFFIC SIGNAL,INTERSECTION,FOUR-WAY INTERSECTION,STRAIGHT,NO DEFECTS,"TWO-WAY, NOT DIVIDED",38.99163883,-77.02622767,887072325756327,5660893524410086,0,0,0,2021082816,7703596439001907,Nissan,2014,Altima,Midsize Cars,4.0,2.5,Automatic 7,FWD,Regular Gasoline,22,31,SILVER SPRING AVE,County,GEORGIA AVE,US (State),5660893524410086,20910,SILVER SPRING,82846.1568889,126320091.137,39.00190768010143,-77.03596497235911,31.0965,64.24051,0.0,0.0,0.0,4.6938252,94.39862,210828167035990019,2021-08-28 16:00:00,16,PM,240,5,Saturday,1,8,August,2021,0,Unknown
MCP1213005Y,578D633C65AB4786AEB061059DA3366E,False,NO APPARENT INJURY,NONE,NOT DISTRACTED,PASSENGER,SLOWING OR STOPPING,North,DISABLING,40,False,False,4,9992477383502007,210033634,Montgomery County Police,Property Damage ,False,North,1,3,GRADE DOWNHILL,False,False,DRIVER,SAME DIR REAR END,DRY,DAYLIGHT,TRAFFIC SIGNAL,NON INTERSECTION,UNKNOWN,STRAIGHT,NO DEFECTS,"TWO-WAY, DIVIDED, POSITIVE MEDIAN BARRIER",39.06859167,-77.04598,1498137660831595,8583905435870232,0,0,0,2021082817,7705486039088590,Dodge,2016,Charger,Large Cars,6.0,3.6,Automatic 8,RWD,Regular Gasoline,15,25,LAYHILL RD,Maryland (State),BRIGGS RD,County,8583905435870232,20906,SILVER SPRING,133207.174949,359110751.771,39.08859082555049,-77.05486091907257,25.932499,90.63783,5.6,5.6,0.0,16.676977,76.26372,210828177054890885,2021-08-28 17:00:00,17,PM,240,5,Saturday,1,8,August,2021,0,Unknown