ReportNumber,VehicleCrashKey,DriverAtFault,DriverInjurySeverity,DriverSubstanceAbuse,DriverDistractedBy,VehicleType,VehicleMovement,VehicleGoingDir,VehicleDamageExtent,SpeedLimit,ParkedVehicle,SubstanceAbuseContributed,VehiclesCrashedTotal,VehicleKey,LocalCaseNumber,AgencyName,ACRSReportType,HitRun,LaneDirection,LaneNumber,NumberOfLanes,RoadGrade,NonTraffic,OffRoadIncident,AccidentAtFault,CollisionType,SurfaceCondition,Light,TrafficControl,Junction,IntersectionType,RoadAlignment,RoadCondition,RoadDivision,Latitude,Longitude,RoadKey_x,CrossStreetKey,NonMotoristTotal,NonMotoristInjury,NonMotoristFatal,DateHourKey,LocationAreaKey,Make,Year_x,BaseModel,BodyClass,Cylinders,Displacement,Transmission,Drivetrain,FuelType,CityMPG,HighwayMPG,RoadName_x,RouteType_x,RoadName_y,RouteType_y,RoadKey_y,Zipcode,MailCity,ShapeLength,ShapeArea,CentroidLatitude,CentroidLongitude,Temperature,Humidity,Precipitation,Rain,Snow,WindSpeed,WindDirection,WeatherKey,Datetime,Hour,TimeOfDay,DayNumber,WeekDayNumber,WeekDayName,WeekendFlag,MonthNumber,MonthName,Year_y,HolidayFlag,HolidayName
MCP1213005Y,912309BFD6304F56B47E560A93B4FFA6,False,NO APPARENT INJURY,NONE,NOT DISTRACTED,PASSENGER,STOPPED IN TRAFFIC LANE,North,FUNCTIONAL,40,False,False,4,840047563349104,210033634,Montgomery County Police,Property Damage ,False,North,1,3,GRADE DOWNHILL,False,False,DRIVER,SAME DIR REAR END,DRY,DAYLIGHT,TRAFFIC SIGNAL,NON INTERSECTION,UNKNOWN,STRAIGHT,NO DEFECTS,"TWO-WAY, DIVIDED, POSITIVE MEDIAN BARRIER",39.06859167,-77.04598,1498137660831595,8583905435870232,0,0,0,2021082817,7705486039088590,Subaru,2019,Outback,Small Sport Utility Vehicle 4WD,4.0,2.5,Automatic 6,AWD,Regular Gasoline,20,27,LAYHILL RD,Maryland (State),BRIGGS RD,County,8583905435870232,20906,SILVER SPRING,133207.174949,359110751.771,39.08859082555049,-77.05486091907257,25.932499,90.63783,5.6,5.6,0.0,16.676977,76.26372,210828177054890885,2021-08-28 17:00:00,17,PM,240,5,Saturday,1,8,August,2021,0,Unknown
MCP1213005Y,E80B2E47AC0C46FAA402E7B64C29E677,True,NO APPARENT INJURY,NONE,NOT DISTRACTED,PASSENGER,SLOWING OR STOPPING,North,DISABLING,40,False,False,4,538750770995954,210033634,Montgomery County Police,Property Damage ,False,North,1,3,GRADE DOWNHILL,False,False,DRIVER,SAME DIR REAR END,DRY,DAYLIGHT,TRAFFIC SIGNAL,NON INTERSECTION,UNKNOWN,STRAIGHT,NO DEFECTS,"TWO-WAY, DIVIDED, POSITIVE MEDIAN BARRIER",39.06859167,-77.04598,1498137660831595,8583905435870232,0,0,0,2021082817,7705486039088590,Lexus,2019,ES,Midsize Cars,6.0,3.5,Automatic 8,FWD,Regular Gasoline,22,31,LAYHILL RD,Maryland (State),BRIGGS RD,County,8583905435870232,20906,SILVER SPRING,133207.174949,359110751.771,39.08859082555049,-77.05486091907257,25.932499,90.63783,5.6,5.6,0.0,16.676977,76.26372,210828177054890885,2021-08-28 17:00:00,17,PM,240,5,Saturday,1,8,August,2021,0,Unknown
MCP1213005Y,4770AA1C6CCD42A494E252E1C614564A,False,NO APPARENT INJURY,NONE,NOT DISTRACTED,PASSENGER,STOPPED IN TRAFFIC LANE,North,FUNCTIONAL,40,False,False,4,8416511730268437,210033634,Montgomery County Police,Property Damage ,False,North,1,3,GRADE DOWNHILL,False,False,DRIVER,SAME DIR REAR END,DRY,DAYLIGHT,TRAFFIC SIGNAL,NON INTERSECTION,UNKNOWN,STRAIGHT,NO DEFECTS,"TWO-WAY, DIVIDED, POSITIVE MEDIAN BARRIER",39.06859167,-77.04598,1498137660831595,8583905435870232,0,0,0,2021082817,7705486039088590,Land Rover,2013,Range Rover,Standard Sport Utility Vehicle 4WD,8.0,5.0,Automatic 6,4WD,Premium Gasoline,13,17,LAYHILL RD,Maryland (State),BRIGGS RD,County,8583905435870232,20906,SILVER SPRING,133207.174949,359110751.771,39.08859082555049,-77.05486091907257,25.932499,90.63783,5.6,5.6,0.0,16.676977,76.26372,210828177054890885,2021-08-28 17:00:00,17,PM,240,5,Saturday,1,8,August,2021,0,Unknown
MCP2871007C,638F735282854B4E8110F0AA35FCA444,True,NO APPARENT INJURY,NONE,NOT DISTRACTED,PASSENGER,MAKING LEFT TURN,West,FUNCTIONAL,30,False,False,2,3706795429459167,210033636,Montgomery County Police,Property Damage ,False,South,2,2,GRADE DOWNHILL,False,False,DRIVER,OTHER,DRY,DAYLIGHT,NO CONTROLS,OTHER,T-INTERSECTION,STRAIGHT,NO DEFECTS,"TWO-WAY, DIVIDED, UNPROTECTED PAINTED MIN 4 FEET",39.02487667,-77.14959167,8057051263767246,6898064682616040,0,0,0,2021082817,7715220038996189,Mercedes-Benz,0,Unknown,Unknown,0.0,0.0,Unknown,Unknown,Unknown,0,0,WESTLAKE DR,County,LAKEVIEW DR,Other Public Roadway,6898064682616040,20817,BETHESDA,143234.920079,403664948.588,38.996189145680184,-77.15220044157795,28.993,75.590576,1.0,1.0,0.0,11.659777,81.11942,210828177152289961,2021-08-28 17:00:00,17,PM,240,5,Saturday,1,8,August,2021,0,Unknown
MCP2871007C,AAC5B67047724594A959C05948B3518B,False,NO APPARENT INJURY,NONE,NOT DISTRACTED,PASSENGER,MOVING CONSTANT SPEED,South,FUNCTIONAL,30,False,False,2,3625279901448520,210033636,Montgomery County Police,Property Damage ,False,South,2,2,GRADE DOWNHILL,False,False,DRIVER,OTHER,DRY,DAYLIGHT,NO CONTROLS,OTHER,T-INTERSECTION,STRAIGHT,NO DEFECTS,"TWO-WAY, DIVIDED, UNPROTECTED PAINTED MIN 4 FEET",39.02487667,-77.14959167,8057051263767246,6898064682616040,0,0,0,2021082817,7715220038996189,Ford,2014,Escape,Small Sport Utility Vehicle 2WD,4.0,1.6,Automatic 6,FWD,Regular Gasoline,22,29,WESTLAKE DR,County,LAKEVIEW DR,Other Public Roadway,6898064682616040,20817,BETHESDA,143234.920079,403664948.588,38.996189145680184,-77.15220044157795,28.993,75.590576,1.0,1.0,0.0,11.659777,81.11942,210828177152289961,2021-08-28 17:00:00,17,PM,240,5,Saturday,1,8,August,2021,0,Unknown
MCP3193002K,890F39B0D86740B9957114C29CCD7525,True,NO APPARENT INJURY,NONE,INATTENTIVE OR LOST IN THOUGHT,PASSENGER,MOVING CONSTANT SPEED,East,DISABLING,25,False,False,4,6801964070250583,210033643,Montgomery County Police,Property Damage ,False,West,1,2,LEVEL,False,False,DRIVER,SAME DIRECTION SIDESWIPE,DRY,DAYLIGHT,NO CONTROLS,UNKNOWN,FOUR-WAY INTERSECTION,STRAIGHT,NO DEFECTS,"TWO-WAY, DIVIDED, POSITIVE MEDIAN BARRIER",39.06155883,-77.05961017,9165218067552272,6810999407365995,0,0,0,2021082818,7705486039088590,Nissan,0,Unknown,Unknown,0.0,0.0,Unknown,Unknown,Unknown,0,0,EPPING CT,County,DENLEY RD,County,6810999407365995,20906,SILVER SPRING,133207.174949,359110751.771,39.08859082555049,-77.05486091907257,25.5325,93.37116,0.6,0.6,0.0,6.9527545,68.74943,210828187054890885,2021-08-28 18:00:00,18,PM,240,5,Saturday,1,8,August,2021,0,Unknown
MCP3193002K,4AB1E362E11E4B6289D53DC006736D24,False,NO APPARENT INJURY,UNKNOWN,NOT DISTRACTED,PASSENGER,PARKED,UNKNOWN,DISABLING,25,True,False,4,2815627418338661,210033643,Montgomery County Police,Property Damage ,False,West,1,2,LEVEL,False,False,DRIVER,SAME DIRECTION SIDESWIPE,DRY,DAYLIGHT,NO CONTROLS,UNKNOWN,FOUR-WAY INTERSECTION,STRAIGHT,NO DEFECTS,"TWO-WAY, DIVIDED, POSITIVE MEDIAN BARRIER",39.06155883,-77.05961017,9165218067552272,6810999407365995,0,0,0,2021082818,7705486039088590,Honda,2015,Accord,Midsize Cars,4.0,2.4,Automatic 6,FWD,Regular Gasoline,21,34,EPPING CT,County,DENLEY RD,County,6810999407365995,20906,SILVER SPRING,133207.174949,359110751.771,39.08859082555049,-77.05486091907257,25.5325,93.37116,0.6,0.6,0.0,6.9527545,68.74943,210828187054890885,2021-08-28 18:00:00,18,PM,240,5,Saturday,1,8,August,2021,0,Unknown
MCP3193002K,2E0004A532F74DB2B791241A3F44A4C1,False,NO APPARENT INJURY,UNKNOWN,NOT DISTRACTED,PASSENGER,PARKED,UNKNOWN,FUNCTIONAL,25,True,False,4,7318984784969452,210033643,Montgomery County Police,Property Damage ,False,West,1,2,LEVEL,False,False,DRIVER,SAME DIRECTION SIDESWIPE,DRY,DAYLIGHT,NO CONTROLS,UNKNOWN,FOUR-WAY INTERSECTION,STRAIGHT,NO DEFECTS,"TWO-WAY, DIVIDED, POSITIVE MEDIAN BARRIER",39.06155883,-77.05961017,9165218067552272,6810999407365995,0,0,0,2021082818,7705486039088590,Honda,2015,Fit,Small Station Wagons,4.0,1.5,Automatic 7,FWD,Regular Gasoline,29,36,EPPING CT,County,DENLEY RD,County,6810999407365995,20906,SILVER SPRING,133207.174949,359110751.771,39.08859082555049,-77.05486091907257,25.5325,93.37116,0.6,0.6,0.0,6.9527545,68.74943,210828187054890885,2021-08-28 18:00:00,18,PM,240,5,Saturday,1,8,August,2021,0,Unknown
MCP3193002K,AB449187D1B9455E85A0598BE18275CF,False,NO APPARENT INJURY,UNKNOWN,NOT DISTRACTED,PASSENGER,PARKED,UNKNOWN,FUNCTIONAL,25,True,False,4,1143200118883287,210033643,Montgomery County Police,Property Damage ,False,West,1,2,LEVEL,False,False,DRIVER,SAME DIRECTION SIDESWIPE,DRY,DAYLIGHT,NO CONTROLS,UNKNOWN,FOUR-WAY INTERSECTION,STRAIGHT,NO DEFECTS,"TWO-WAY, DIVIDED, POSITIVE MEDIAN BARRIER",39.06155883,-77.05961017,9165218067552272,6810999407365995,0,0,0,2021082818,7705486039088590,Hyundai,0,Unknown,Unknown,0.0,0.0,Unknown,Unknown,Unknown,0,0,EPPING CT,County,DENLEY RD,County,6810999407365995,20906,SILVER SPRING,133207.174949,359110751.771,39.08859082555049,-77.05486091907257,25.5325,93.37116,0.6,0.6,0.0,6.9527545,68.74943,210828187054890885,2021-08-28 18:00:00,18,PM,240,5,Saturday,1,8,August,2021,0,Unknown
MCP3197002H,0218670EEE404CA29BE764E3D491C585,True,NO APPARENT INJURY,UNKNOWN,LOOKED BUT DID NOT SEE,PASSENGER,MOVING CONSTANT SPEED,West,DISABLING,35,False,False,2,476503372370524,210033651,Montgomery County Police,Property Damage ,False,West,2,2,LEVEL,False,False,DRIVER,SAME DIR REAR END,DRY,DAYLIGHT,TRAFFIC SIGNAL,INTERSECTION RELATED,FOUR-WAY INTERSECTION,STRAIGHT,NO DEFECTS,"TWO-WAY, DIVIDED, POSITIVE MEDIAN BARRIER",39.0933755,-77.07896167,3786639377990067,8554262040045692,0,0,0,2021082819,7705486039088590,Hyundai,2007,Accent,Compact Cars,4.0,1.6,Automatic 4,FWD,Regular Gasoline,24,32,BEL PRE RD,County,GEORGIA AVE,Maryland (State),8554262040045692,20906,SILVER SPRING,133207.174949,359110751.771,39.08859082555049,-77.05486091907257,25.2825,94.76906,0.0,0.0,0.0,5.1165614,39.289394,210828197054890885,2021-08-28 19:00:00,19,PM,240,5,Saturday,1,8,August,2021,0,Unknown
MCP3197002H,A9ED848EAECE4951A1BF5C677B4A1CA0,False,NO APPARENT INJURY,NONE,NOT DISTRACTED,PASSENGER,STOPPED IN TRAFFIC LANE,West,FUNCTIONAL,35,False,False,2,4194503700549190,210033651,Montgomery County Police,Property Damage ,False,West,2,2,LEVEL,False,False,DRIVER,SAME DIR REAR END,DRY,DAYLIGHT,TRAFFIC SIGNAL,INTERSECTION RELATED,FOUR-WAY INTERSECTION,STRAIGHT,NO DEFECTS,"TWO-WAY, DIVIDED, POSITIVE MEDIAN BARRIER",39.0933755,-77.07896167,3786639377990067,8554262040045692,0,0,0,2021082819,7705486039088590,Nissan,2006,Pathfinder,Sport Utility Vehicle - 2WD,6.0,4.0,Automatic 5,AWD,Regular Gasoline,14,19,BEL PRE RD,County,GEORGIA AVE,Maryland (State),8554262040045692,20906,SILVER SPRING,133207.174949,359110751.771,39.08859082555049,-77.05486091907257,25.2825,94.76906,0.0,0.0,0.0,5.1165614,39.289394,210828197054890885,2021-08-28 19:00:00,19,PM,240,5,Saturday,1,8,August,2021,0,Unknown
MCP27390043,BBAB6E7B37634017B8171170C46BBD07,True,NO APPARENT INJURY,UNKNOWN,UNKNOWN,PASSENGER,UNKNOWN,North,FUNCTIONAL,40,False,False,2,4838045565454728,210033668,Montgomery County Police,Property Damage ,True,North,3,3,LEVEL,False,False,DRIVER,SAME DIRECTION RIGHT TURN,DRY,UNKNOWN,NO CONTROLS,NON INTERSECTION,UNKNOWN,STRAIGHT,NO DEFECTS,"TWO-WAY, DIVIDED, POSITIVE MEDIAN BARRIER",39.0203715,-76.9767775,8901981419077344,6418727789277950,0,0,0,2021082820,7698354239018293,Scion,2016,iA,Subcompact Cars,4.0,1.5,Automatic 6,FWD,Regular Gasoline,31,40,NEW HAMPSHIRE AVE,Maryland (State),ELTON RD,County,6418727789277950,20903,SILVER SPRING,50204.7192451,65972447.4483,39.01829365940637,-76.9835422251861,24.5845,92.76414,0.0,0.0,0.0,10.8955765,82.40546,210828206983590182,2021-08-28 20:00:00,20,PM,240,5,Saturday,1,8,August,2021,0,Unknown
MCP27390043,FC70FFD7838C425BB8BA271464973D18,False,NO APPARENT INJURY,NONE,NOT DISTRACTED,PASSENGER,MAKING RIGHT TURN,North,SUPERFICIAL,40,False,False,2,1622657861153997,210033668,Montgomery County Police,Property Damage ,True,North,3,3,LEVEL,False,False,DRIVER,SAME DIRECTION RIGHT TURN,DRY,UNKNOWN,NO CONTROLS,NON INTERSECTION,UNKNOWN,STRAIGHT,NO DEFECTS,"TWO-WAY, DIVIDED, POSITIVE MEDIAN BARRIER",39.0203715,-76.9767775,8901981419077344,6418727789277950,0,0,0,2021082820,7698354239018293,Mercedes-Benz,2005,SLR,Two Seaters,8.0,5.4,Automatic 5,RWD,Premium Gasoline,12,16,NEW HAMPSHIRE AVE,Maryland (State),ELTON RD,County,6418727789277950,20903,SILVER SPRING,50204.7192451,65972447.4483,39.01829365940637,-76.9835422251861,24.5845,92.76414,0.0,0.0,0.0,10.8955765,82.40546,210828206983590182,2021-08-28 20:00:00,20,PM,240,5,Saturday,1,8,August,2021,0,Unknown
DM8497000X,7FE97C70A1924C098A19B0C7DADD8C2F,False,NO APPARENT INJURY,NONE,NOT DISTRACTED,PASSENGER,MOVING CONSTANT SPEED,East,SUPERFICIAL,35,False,False,2,4600841164741350,210033666,Takoma Park Police Depart,Property Damage ,True,East,2,3,LEVEL,False,False,DRIVER,SAME DIRECTION SIDESWIPE,DRY,DARK LIGHTS ON,NO CONTROLS,NON INTERSECTION,UNKNOWN,STRAIGHT,NO DEFECTS,"TWO-WAY, DIVIDED, POSITIVE MEDIAN BARRIER",38.98785373,-76.98621532,5005946941929880,5089337550561535,0,0,0,2021082820,7700204038982546,Saab,2005,9-5,Midsize Cars,4.0,2.3,Automatic 5,FWD,Premium Gasoline,17,26,UNIVERSITY BLVD E,Maryland (State),PRINCE GEORGES CO/L,UNKNOWN,5089337550561535,20912,TAKOMA PARK,51232.0653417,65209197.2692,38.98254687160147,-77.00204079343348,24.748,92.214775,0.0,0.0,0.0,11.367109,79.04598,210828207002089825,2021-08-28 20:00:00,20,PM,240,5,Saturday,1,8,August,2021,0,Unknown
DM8497000X,F7627AC4CFD34822BFCDA82BD61A0C59,True,NO APPARENT INJURY,UNKNOWN,NOT DISTRACTED,PASSENGER,ACCELERATING,East,SUPERFICIAL,35,False,False,2,1045138129708323,210033666,Takoma Park Police Depart,Property Damage ,True,East,2,3,LEVEL,False,False,DRIVER,SAME DIRECTION SIDESWIPE,DRY,DARK LIGHTS ON,NO CONTROLS,NON INTERSECTION,UNKNOWN,STRAIGHT,NO DEFECTS,"TWO-WAY, DIVIDED, POSITIVE MEDIAN BARRIER",38.98785373,-76.98621532,5005946941929880,5089337550561535,0,0,0,2021082820,7700204038982546,Toyota,1999,4Runner,Sport Utility Vehicle - 4WD,4.0,2.7,Automatic 4,AWD,Regular Gasoline,15,19,UNIVERSITY BLVD E,Maryland (State),PRINCE GEORGES CO/L,UNKNOWN,5089337550561535,20912,TAKOMA PARK,51232.0653417,65209197.2692,38.98254687160147,-77.00204079343348,24.748,92.214775,0.0,0.0,0.0,11.367109,79.04598,210828207002089825,2021-08-28 20:00:00,20,PM,240,5,Saturday,1,8,August,2021,0,Unknown
MCP2932004Y,F93BDA0A79C148EB8B66B2F8B9789E03,True,POSSIBLE INJURY,NONE,NOT DISTRACTED,PASSENGER,SLOWING OR STOPPING,South,DISABLING,35,False,False,2,7004010053981027,210033669,Montgomery County Police,Injury ,False,South,4,4,GRADE DOWNHILL,False,False,DRIVER,SAME DIR REAR END,DRY,DARK LIGHTS ON,TRAFFIC SIGNAL,INTERSECTION RELATED,T-INTERSECTION,STRAIGHT,NO DEFECTS,"TWO-WAY, DIVIDED, POSITIVE MEDIAN BARRIER",39.01386,-77.042275,8554262040045692,6307990782939571,0,0,0,2021082822,7703596439001907,Honda,2017,Civic,Compact Cars,4.0,1.5,Manual 6,FWD,Regular Gasoline,30,39,GEORGIA AVE,Maryland (State),RAMP 2 FR IS 495 WB TO MD 97 NB,Ramp,6307990782939571,20910,SILVER SPRING,82846.1568889,126320091.137,39.00190768010143,-77.03596497235911,23.7465,91.32131,0.0,0.0,0.0,10.137692,73.49557,210828227035990019,2021-08-28 22:00:00,22,PM,240,5,Saturday,1,8,August,2021,0,Unknown
MCP2932004Y,49F8BC2904164B8AAA4D30AE109B232A,False,NO APPARENT INJURY,NONE,NOT DISTRACTED,PASSENGER,SLOWING OR STOPPING,South,FUNCTIONAL,35,False,False,2,1032942931887779,210033669,Montgomery County Police,Injury ,False,South,4,4,GRADE DOWNHILL,False,False,DRIVER,SAME DIR REAR END,DRY,DARK LIGHTS ON,TRAFFIC SIGNAL,INTERSECTION RELATED,T-INTERSECTION,STRAIGHT,NO DEFECTS,"TWO-WAY, DIVIDED, POSITIVE MEDIAN BARRIER",39.01386,-77.042275,8554262040045692,6307990782939571,0,0,0,2021082822,7703596439001907,Toyota,2017,Corolla,Midsize Cars,4.0,1.8,Automatic CVT,FWD,Regular Gasoline,28,35,GEORGIA AVE,Maryland (State),RAMP 2 FR IS 495 WB TO MD 97 NB,Ramp,6307990782939571,20910,SILVER SPRING,82846.1568889,126320091.137,39.00190768010143,-77.03596497235911,23.7465,91.32131,0.0,0.0,0.0,10.137692,73.49557,210828227035990019,2021-08-28 22:00:00,22,PM,240,5,Saturday,1,8,August,2021,0,Unknown
MCP243600DB,2A9CA73722AC451D935D22B4D4309C98,True,NO APPARENT INJURY,UNKNOWN,UNKNOWN,PASSENGER,STARTING FROM PARKED,UNKNOWN,SUPERFICIAL,0,False,False,1,3063454627513875,210034568,Montgomery County Police,Property Damage ,True,UNKNOWN,0,0,UNKNOWN,True,True,DRIVER,SAME DIRECTION SIDESWIPE,UNKNOWN,DARK -- UNKNOWN LIGHTING,NO CONTROLS,UNKNOWN,UNKNOWN,UNKNOWN,UNKNOWN,UNKNOWN,39.00215922,-76.98893058,7781945108562677,7781945108562677,0,0,0,2021082901,7698354239018293,Ford,2010,F150,Standard Pickup Trucks 2WD,8.0,4.6,Automatic 6,4WD,Regular Gasoline,14,18,UNKNOWN,UNKNOWN,UNKNOWN,UNKNOWN,7781945108562677,20903,SILVER SPRING,50204.7192451,65972447.4483,39.01829365940637,-76.9835422251861,22.734499,90.14446,0.0,0.0,0.0,9.178235,64.440094,210829016983590182,2021-08-29 01:00:00,1,AM,241,6,Sunday,1,8,August,2021,0,Unknown
MCP30630030,7D3AC6BC69B14B12ABBCF5E1F04DA3C6,False,POSSIBLE INJURY,NONE,NOT DISTRACTED,PASSENGER,MOVING CONSTANT SPEED,South,DISABLING,35,False,False,2,6801964070250583,210033716,Montgomery County Police,Injury ,False,South,2,3,LEVEL,False,False,DRIVER,STRAIGHT MOVEMENT ANGLE,DRY,DAYLIGHT,NO CONTROLS,NON INTERSECTION,UNKNOWN,STRAIGHT,NO DEFECTS,"TWO-WAY, NOT DIVIDED",39.01076333,-77.04096,8554262040045692,3741072132120167,0,0,0,2021082912,7703596439001907,Nissan,0,Unknown,Unknown,0.0,0.0,Unknown,Unknown,Unknown,0,0,GEORGIA AVE,Maryland (State),FLORA LA,County,3741072132120167,20910,SILVER SPRING,82846.1568889,126320091.137,39.00190768010143,-77.03596497235911,25.3965,76.414734,0.0,0.0,0.0,1.8,126.86999,210829127035990019,2021-08-29 12:00:00,12,PM,241,6,Sunday,1,8,August,2021,0,Unknown
MCP30630030,EB2D9D0059044F0FB6B73ADA4DA6866E,True,POSSIBLE INJURY,UNKNOWN,LOOKED BUT DID NOT SEE,PASSENGER,MAKING LEFT TURN,East,DISABLING,35,False,False,2,3233063173565461,210033716,Montgomery County Police,Injury ,False,South,2,3,LEVEL,False,False,DRIVER,STRAIGHT MOVEMENT ANGLE,DRY,DAYLIGHT,NO CONTROLS,NON INTERSECTION,UNKNOWN,STRAIGHT,NO DEFECTS,"TWO-WAY, NOT DIVIDED",39.01076333,-77.04096,8554262040045692,3741072132120167,0,0,0,2021082912,7703596439001907,Toyota,0,Unknown,Unknown,0.0,0.0,Unknown,Unknown,Unknown,0,0,GEORGIA AVE,Maryland (State),FLORA LA,County,3741072132120167,20910,SILVER SPRING,82846.1568889,126320091.137,39.00190768010143,-77.03596497235911,25.3965,76.414734,0.0,0.0,0.0,1.8,126.86999,210829127035990019,2021-08-29 12:00:00,12,PM,241,6,Sunday,1,8,August,2021,0,Unknown
MCP2594006Y,8602D59ACD7A49B6B7D1B59E5A00E2C5,True,NO APPARENT INJURY,NONE,LOOKED BUT DID NOT SEE,PASSENGER,ACCELERATING,West,DISABLING,35,False,False,2,6578981136474188,210033725,Montgomery County Police,Injury ,False,East,1,3,LEVEL,False,False,DRIVER,STRAIGHT MOVEMENT ANGLE,DRY,DAYLIGHT,TRAFFIC SIGNAL,INTERSECTION,FOUR-WAY INTERSECTION,STRAIGHT,NO DEFECTS,"TWO-WAY, NOT DIVIDED",39.09064141,-77.04470452,1498137660831595,1446899345320601,0,0,0,2021082913,7705486039088590,Mazda,2016,3,Compact Cars,4.0,2.5,Automatic 6,FWD,Regular Gasoline,29,38,LAYHILL RD,Maryland (State),BONIFANT RD,County,1446899345320601,20906,SILVER SPRING,133207.174949,359110751.771,39.08859082555049,-77.05486091907257,26.682499,71.630226,0.1,0.1,0.0,2.9024127,209.7448,210829137054890885,2021-08-29 13:00:00,13,PM,241,6,Sunday,1,8,August,2021,0,Unknown
MCP2594006Y,54AD639CF1584FB992F7F35F81A204E4,True,SUSPECTED MINOR INJURY,NONE,NOT DISTRACTED,PASSENGER,MAKING LEFT TURN,East,DISABLING,35,False,False,2,9823651004813502,210033725,Montgomery County Police,Injury ,False,East,1,3,LEVEL,False,False,DRIVER,STRAIGHT MOVEMENT ANGLE,DRY,DAYLIGHT,TRAFFIC SIGNAL,INTERSECTION,FOUR-WAY INTERSECTION,STRAIGHT,NO DEFECTS,"TWO-WAY, NOT DIVIDED",39.09064141,-77.04470452,1498137660831595,1446899345320601,0,0,0,2021082913,7705486039088590,Chevrolet,2009,TrailBlazer,Sport Utility Vehicle - 2WD,8.0,4.2,Automatic 4,AWD,Regular Gasoline,14,20,LAYHILL RD,Maryland (State),BONIFANT RD,County,1446899345320601,20906,SILVER SPRING,133207.174949,359110751.771,39.08859082555049,-77.05486091907257,26.682499,71.630226,0.1,0.1,0.0,2.9024127,209.7448,210829137054890885,2021-08-29 13:00:00,13,PM,241,6,Sunday,1,8,August,2021,0,Unknown
MCP31920027,AAC512D4D9D94BE2919AE7755E896494,False,NO APPARENT INJURY,UNKNOWN,NOT DISTRACTED,PASSENGER,MAKING LEFT TURN,West,FUNCTIONAL,30,False,False,2,7004010037203408,210033777,Montgomery County Police,Property Damage ,False,West,0,2,LEVEL,False,False,DRIVER,SAME DIRECTION SIDESWIPE,DRY,DUSK,TRAFFIC SIGNAL,INTERSECTION,FOUR-WAY INTERSECTION,STRAIGHT,NO DEFECTS,"TWO-WAY, DIVIDED, POSITIVE MEDIAN BARRIER",39.08065283,-77.07555317,4115245564239867,8554262040045692,0,0,0,2021082918,7705486039088590,Honda,2016,Civic,Compact Cars,4.0,2.0,Automatic CVT,FWD,Regular Gasoline,30,37,ASPEN HILL RD,County,GEORGIA AVE,Maryland (State),8554262040045692,20906,SILVER SPRING,133207.174949,359110751.771,39.08859082555049,-77.05486091907257,27.2825,71.30022,0.0,0.0,0.0,6.12,151.92761,210829187054890885,2021-08-29 18:00:00,18,PM,241,6,Sunday,1,8,August,2021,0,Unknown
MCP31920027,D216A084F5A54F4BA3AB279551700263,True,NO APPARENT INJURY,UNKNOWN,UNKNOWN,PASSENGER,MAKING LEFT TURN,West,FUNCTIONAL,30,False,False,2,7004010272090074,210033777,Montgomery County Police,Property Damage ,False,West,0,2,LEVEL,False,False,DRIVER,SAME DIRECTION SIDESWIPE,DRY,DUSK,TRAFFIC SIGNAL,INTERSECTION,FOUR-WAY INTERSECTION,STRAIGHT,NO DEFECTS,"TWO-WAY, DIVIDED, POSITIVE MEDIAN BARRIER",39.08065283,-77.07555317,4115245564239867,8554262040045692,0,0,0,2021082918,7705486039088590,Honda,2018,Civic,Compact Cars,4.0,1.5,Manual 6,FWD,Regular Gasoline,28,38,ASPEN HILL RD,County,GEORGIA AVE,Maryland (State),8554262040045692,20906,SILVER SPRING,133207.174949,359110751.771,39.08859082555049,-77.05486091907257,27.2825,71.30022,0.0,0.0,0.0,6.12,151.92761,210829187054890885,2021-08-29 18:00:00,18,PM,241,6,Sunday,1,8,August,2021,0,Unknown
MCP3305000K,9CF4BDECDDA84FFAA157DA811C5C1178,True,NO APPARENT INJURY,UNKNOWN,UNKNOWN,PASSENGER,MOVING CONSTANT SPEED,East,DISABLING,35,False,False,1,8012571945264990,210033836,Montgomery County Police,Property Damage ,True,East,1,1,LEVEL,False,False,DRIVER,SAME DIRECTION SIDESWIPE,DRY,DARK -- UNKNOWN LIGHTING,NO CONTROLS,NON INTERSECTION,UNKNOWN,STRAIGHT,NO DEFECTS,"TWO-WAY, NOT DIVIDED",39.08096049,-77.05834216,2242153826664605,2528857722379129,0,0,0,2021083000,7705486039088590,Toyota,2003,Highlander,Sport Utility Vehicle - 2WD,4.0,2.4,Automatic 4,AWD,Regular Gasoline,17,21,HEWITT AVE,County,RIPPLING BROOK DR,County,2528857722379129,20906,SILVER SPRING,133207.174949,359110751.771,39.08859082555049,-77.05486091907257,23.082499,94.39652,0.0,0.0,0.0,5.0142193,201.03758,210830007054890885,2021-08-30 00:00:00,0,AM,242,0,Monday,0,8,August,2021,0,Unknown
MCP2182002S,32EFD7339FBF4ABB9392D0C193DB76B8,False,NO APPARENT INJURY,NONE,NOT DISTRACTED,PASSENGER,MOVING CONSTANT SPEED,North,DISABLING,40,False,False,2,169881446554309,210033803,Montgomery County Police,Property Damage ,False,North,2,3,HILL UPHILL,False,False,DRIVER,SAME DIRECTION RIGHT TURN,DRY,DAWN,TRAFFIC SIGNAL,INTERSECTION,FOUR-WAY INTERSECTION,STRAIGHT,NO DEFECTS,"TWO-WAY, DIVIDED, POSITIVE MEDIAN BARRIER",39.08858317,-77.07977529,8554262040045692,1684887375913352,0,0,0,2021083006,7705486039088590,Chevrolet,2020,Traverse,Standard Sport Utility Vehicle 2WD,6.0,3.6,Automatic 9,AWD,Regular Gasoline,17,25,GEORGIA AVE,Maryland (State),HEATHFIELD RD,County,1684887375913352,20906,SILVER SPRING,133207.174949,359110751.771,39.08859082555049,-77.05486091907257,21.8825,98.48433,0.0,0.0,0.0,7.289445,212.90524,210830067054890885,2021-08-30 06:00:00,6,AM,242,0,Monday,0,8,August,2021,0,Unknown