ReportNumber,VehicleCrashKey,DriverAtFault,DriverInjurySeverity,DriverSubstanceAbuse,DriverDistractedBy,VehicleType,VehicleMovement,VehicleGoingDir,VehicleDamageExtent,SpeedLimit,ParkedVehicle,SubstanceAbuseContributed,VehiclesCrashedTotal,VehicleKey,LocalCaseNumber,AgencyName,ACRSReportType,HitRun,LaneDirection,LaneNumber,NumberOfLanes,RoadGrade,NonTraffic,OffRoadIncident,AccidentAtFault,CollisionType,SurfaceCondition,Light,TrafficControl,Junction,IntersectionType,RoadAlignment,RoadCondition,RoadDivision,Latitude,Longitude,RoadKey_x,CrossStreetKey,NonMotoristTotal,NonMotoristInjury,NonMotoristFatal,DateHourKey,LocationAreaKey,Make,Year_x,BaseModel,BodyClass,Cylinders,Displacement,Transmission,Drivetrain,FuelType,CityMPG,HighwayMPG,RoadName_x,RouteType_x,RoadName_y,RouteType_y,RoadKey_y,Zipcode,MailCity,ShapeLength,ShapeArea,CentroidLatitude,CentroidLongitude,Temperature,Humidity,Precipitation,Rain,Snow,WindSpeed,WindDirection,WeatherKey,Datetime,Hour,TimeOfDay,DayNumber,WeekDayNumber,WeekDayName,WeekendFlag,MonthNumber,MonthName,Year_y,HolidayFlag,HolidayName
MCP26660059,68D4032F328D4B6B87CBDE2F69A3B50E,False,NO APPARENT INJURY,NONE,NOT DISTRACTED,PASSENGER,STOPPED IN TRAFFIC LANE,North,FUNCTIONAL,40,False,False,6,3611014114013159,210034407,Montgomery County Police,Injury ,False,North,3,3,LEVEL,False,False,DRIVER,SAME DIR REAR END,DRY,DAYLIGHT,TRAFFIC SIGNAL,INTERSECTION RELATED,FOUR-WAY INTERSECTION,STRAIGHT,NO DEFECTS,"TWO-WAY, DIVIDED, POSITIVE MEDIAN BARRIER",39.01419567,-76.97811033,8901981419077344,4991976696759948,0,0,0,2021090215,7698354239018293,Volkswagen,2019,Golf/GTI,Compact Cars,4.0,1.4,Manual 6,FWD,Regular Gasoline,22,30,NEW HAMPSHIRE AVE,Maryland (State),OAKVIEW DR,County,4991976696759948,20903,SILVER SPRING,50204.7192451,65972447.4483,39.01829365940637,-76.9835422251861,25.2845,36.95417,0.0,0.0,0.0,13.584932,327.99466,210902156983590182,2021-09-02 15:00:00,15,PM,245,3,Thursday,0,9,September,2021,0,Unknown
MCP26660059,FBB7F9D298054D28BFABD13B2F1C1683,False,NO APPARENT INJURY,NONE,NOT DISTRACTED,PASSENGER,STOPPED IN TRAFFIC LANE,North,DISABLING,40,False,False,6,4940576668878493,210034407,Montgomery County Police,Injury ,False,North,3,3,LEVEL,False,False,DRIVER,SAME DIR REAR END,DRY,DAYLIGHT,TRAFFIC SIGNAL,INTERSECTION RELATED,FOUR-WAY INTERSECTION,STRAIGHT,NO DEFECTS,"TWO-WAY, DIVIDED, POSITIVE MEDIAN BARRIER",39.01419567,-76.97811033,8901981419077344,4991976696759948,0,0,0,2021090215,7698354239018293,Chevrolet,2017,Malibu,Midsize Cars,4.0,1.5,Automatic 6,FWD,Regular Gasoline,22,33,NEW HAMPSHIRE AVE,Maryland (State),OAKVIEW DR,County,4991976696759948,20903,SILVER SPRING,50204.7192451,65972447.4483,39.01829365940637,-76.9835422251861,25.2845,36.95417,0.0,0.0,0.0,13.584932,327.99466,210902156983590182,2021-09-02 15:00:00,15,PM,245,3,Thursday,0,9,September,2021,0,Unknown
MCP26660059,871D461615B04FA5B43746674625DE8E,False,NO APPARENT INJURY,NONE,NOT DISTRACTED,PASSENGER,STOPPED IN TRAFFIC LANE,North,SUPERFICIAL,40,False,False,6,2481989015174732,210034407,Montgomery County Police,Injury ,False,North,3,3,LEVEL,False,False,DRIVER,SAME DIR REAR END,DRY,DAYLIGHT,TRAFFIC SIGNAL,INTERSECTION RELATED,FOUR-WAY INTERSECTION,STRAIGHT,NO DEFECTS,"TWO-WAY, DIVIDED, POSITIVE MEDIAN BARRIER",39.01419567,-76.97811033,8901981419077344,4991976696759948,0,0,0,2021090215,7698354239018293,Subaru,2016,Impreza/Outback Sport,Small Station Wagons,4.0,2.0,Automatic 6,AWD,Regular Gasoline,25,33,NEW HAMPSHIRE AVE,Maryland (State),OAKVIEW DR,County,4991976696759948,20903,SILVER SPRING,50204.7192451,65972447.4483,39.01829365940637,-76.9835422251861,25.2845,36.95417,0.0,0.0,0.0,13.584932,327.99466,210902156983590182,2021-09-02 15:00:00,15,PM,245,3,Thursday,0,9,September,2021,0,Unknown
MCP26660059,0918E8C82B4045E88C1A83513C584552,False,NO APPARENT INJURY,NONE,NOT DISTRACTED,PASSENGER,STOPPED IN TRAFFIC LANE,North,DISABLING,40,False,False,6,751452905815289,210034407,Montgomery County Police,Injury ,False,North,3,3,LEVEL,False,False,DRIVER,SAME DIR REAR END,DRY,DAYLIGHT,TRAFFIC SIGNAL,INTERSECTION RELATED,FOUR-WAY INTERSECTION,STRAIGHT,NO DEFECTS,"TWO-WAY, DIVIDED, POSITIVE MEDIAN BARRIER",39.01419567,-76.97811033,8901981419077344,4991976696759948,0,0,0,2021090215,7698354239018293,Toyota,2020,Corolla,Compact Cars,4.0,2.0,Automatic 10,FWD,Regular Gasoline,29,38,NEW HAMPSHIRE AVE,Maryland (State),OAKVIEW DR,County,4991976696759948,20903,SILVER SPRING,50204.7192451,65972447.4483,39.01829365940637,-76.9835422251861,25.2845,36.95417,0.0,0.0,0.0,13.584932,327.99466,210902156983590182,2021-09-02 15:00:00,15,PM,245,3,Thursday,0,9,September,2021,0,Unknown
MCP26660059,7CDB65351A884ECD81C951CC49D6234D,True,NO APPARENT INJURY,NONE,NOT DISTRACTED,PASSENGER,SLOWING OR STOPPING,North,DISABLING,40,False,False,6,3063454711401970,210034407,Montgomery County Police,Injury ,False,North,3,3,LEVEL,False,False,DRIVER,SAME DIR REAR END,DRY,DAYLIGHT,TRAFFIC SIGNAL,INTERSECTION RELATED,FOUR-WAY INTERSECTION,STRAIGHT,NO DEFECTS,"TWO-WAY, DIVIDED, POSITIVE MEDIAN BARRIER",39.01419567,-76.97811033,8901981419077344,4991976696759948,0,0,0,2021090215,7698354239018293,Ford,2017,F150,Standard Pickup Trucks 4WD,6.0,3.5,Automatic 6,4WD,Regular Gasoline,17,22,NEW HAMPSHIRE AVE,Maryland (State),OAKVIEW DR,County,4991976696759948,20903,SILVER SPRING,50204.7192451,65972447.4483,39.01829365940637,-76.9835422251861,25.2845,36.95417,0.0,0.0,0.0,13.584932,327.99466,210902156983590182,2021-09-02 15:00:00,15,PM,245,3,Thursday,0,9,September,2021,0,Unknown
DM8421002V,68653081A0954239B9B347FC450D41D0,True,NO APPARENT INJURY,NONE,NOT DISTRACTED,PASSENGER,PASSING,West,SUPERFICIAL,25,False,False,2,2109319715570346,210034416,Takoma Park Police Depart,Property Damage ,False,West,1,2,GRADE DOWNHILL,False,False,DRIVER,OTHER,DRY,DAYLIGHT,STOP SIGN,UNKNOWN,UNKNOWN,STRAIGHT,NO DEFECTS,"TWO-WAY, DIVIDED, UNPROTECTED PAINTED MIN 4 FEET",38.98198467,-77.00843867,9023445602993926,1613979228300479,0,0,0,2021090215,7700204038982546,Acura,2004,MDX,Sport Utility Vehicle - 4WD,6.0,3.5,Automatic 5,AWD,Premium Gasoline,15,21,LEE AVE,UNKNOWN,MAPLE AVE,UNKNOWN,1613979228300479,20912,TAKOMA PARK,51232.0653417,65209197.2692,38.98254687160147,-77.00204079343348,25.348,37.723167,0.0,0.0,0.0,13.779114,326.7251,210902157002089825,2021-09-02 15:00:00,15,PM,245,3,Thursday,0,9,September,2021,0,Unknown
DM8421002V,61513EE87FE241F2A4056EC69D4597E2,False,NO APPARENT INJURY,NONE,NOT DISTRACTED,BUS,STOPPED IN TRAFFIC LANE,West,SUPERFICIAL,25,False,False,2,6691677547236723,210034416,Takoma Park Police Depart,Property Damage ,False,West,1,2,GRADE DOWNHILL,False,False,DRIVER,OTHER,DRY,DAYLIGHT,STOP SIGN,UNKNOWN,UNKNOWN,STRAIGHT,NO DEFECTS,"TWO-WAY, DIVIDED, UNPROTECTED PAINTED MIN 4 FEET",38.98198467,-77.00843867,9023445602993926,1613979228300479,0,0,0,2021090215,7700204038982546,Thomas,0,Unknown,Unknown,0.0,0.0,Unknown,Unknown,Unknown,0,0,LEE AVE,UNKNOWN,MAPLE AVE,UNKNOWN,1613979228300479,20912,TAKOMA PARK,51232.0653417,65209197.2692,38.98254687160147,-77.00204079343348,25.348,37.723167,0.0,0.0,0.0,13.779114,326.7251,210902157002089825,2021-09-02 15:00:00,15,PM,245,3,Thursday,0,9,September,2021,0,Unknown
DM8494001B,8BE72A46E14247D5B1DD26EB32CC3772,True,NO APPARENT INJURY,UNKNOWN,INATTENTIVE OR LOST IN THOUGHT,PASSENGER,ACCELERATING,West,FUNCTIONAL,5,False,False,2,7868426076081381,210034424,Takoma Park Police Depart,Property Damage ,False,West,2,2,LEVEL,False,False,DRIVER,STRAIGHT MOVEMENT ANGLE,DRY,DAYLIGHT,NO CONTROLS,NON INTERSECTION,UNKNOWN,STRAIGHT,NO DEFECTS,ONE-WAY TRAFFICWAY,38.97546817,-76.99294117,4570729910170239,9985750448851330,0,0,0,2021090216,7700204038982546,Toyota,1997,Camry,Midsize Cars,4.0,2.2,Automatic 4,FWD,Regular Gasoline,20,24,EAST WEST HWY,Maryland (State),EAST WEST HWY (W/B COUPLET),Maryland (State),9985750448851330,20912,TAKOMA PARK,51232.0653417,65209197.2692,38.98254687160147,-77.00204079343348,25.498,35.91271,0.0,0.0,0.0,13.70839,330.06857,210902167002089825,2021-09-02 16:00:00,16,PM,245,3,Thursday,0,9,September,2021,0,Unknown
DM8494001B,A998DB8A1C014F72B17EECA449252D0D,False,NO APPARENT INJURY,UNKNOWN,NOT DISTRACTED,BUS,PASSING,West,FUNCTIONAL,25,False,False,2,3063454711401970,210034424,Takoma Park Police Depart,Property Damage ,False,West,2,2,LEVEL,False,False,DRIVER,STRAIGHT MOVEMENT ANGLE,DRY,DAYLIGHT,NO CONTROLS,NON INTERSECTION,UNKNOWN,STRAIGHT,NO DEFECTS,ONE-WAY TRAFFICWAY,38.97546817,-76.99294117,4570729910170239,9985750448851330,0,0,0,2021090216,7700204038982546,Ford,2017,F150,Standard Pickup Trucks 4WD,6.0,3.5,Automatic 6,4WD,Regular Gasoline,17,22,EAST WEST HWY,Maryland (State),EAST WEST HWY (W/B COUPLET),Maryland (State),9985750448851330,20912,TAKOMA PARK,51232.0653417,65209197.2692,38.98254687160147,-77.00204079343348,25.498,35.91271,0.0,0.0,0.0,13.70839,330.06857,210902167002089825,2021-09-02 16:00:00,16,PM,245,3,Thursday,0,9,September,2021,0,Unknown
MCP29170089,E77874CB11AB4AA29BB355BB91CFCB7E,True,NO APPARENT INJURY,NONE,NOT DISTRACTED,EMERGENCY,MAKING LEFT TURN,West,SUPERFICIAL,15,False,False,1,8882643648426704,210034446,Montgomery County Police,Property Damage ,False,South,1,1,LEVEL,False,False,DRIVER,OTHER,DRY,DAYLIGHT,NO CONTROLS,INTERSECTION,T-INTERSECTION,STRAIGHT,NO DEFECTS,"TWO-WAY, NOT DIVIDED",39.08979269,-77.06926993,8243808486659603,3773693830511033,0,0,0,2021090218,7705486039088590,Geo,0,Unknown,Unknown,0.0,0.0,Unknown,Unknown,Unknown,0,0,WEEPING WILLOW COURT,UNKNOWN,PEAR TREE LANE,UNKNOWN,3773693830511033,20906,SILVER SPRING,133207.174949,359110751.771,39.08859082555049,-77.05486091907257,23.2325,47.427372,0.0,0.0,0.0,9.028754,336.5014,210902187054890885,2021-09-02 18:00:00,18,PM,245,3,Thursday,0,9,September,2021,0,Unknown
MCP2601000W,1E344F378252457885F2D99DDDF44314,True,NO APPARENT INJURY,UNKNOWN,NOT DISTRACTED,BUS,MOVING CONSTANT SPEED,North,NO DAMAGE,25,False,False,1,240722642832247,210034461,Montgomery County Police,Property Damage ,False,North,1,1,GRADE DOWNHILL,False,False,DRIVER,SAME DIRECTION SIDESWIPE,DRY,DAYLIGHT,NO CONTROLS,INTERSECTION RELATED,Y-INTERSECTION,CURVE LEFT,NO DEFECTS,"TWO-WAY, NOT DIVIDED",38.99355,-77.01612333,8042265648149838,887072325756327,0,0,0,2021090219,7703596439001907,Gillig,0,Unknown,Unknown,0.0,0.0,Unknown,Unknown,Unknown,0,0,NOLTE AVE,County,SILVER SPRING AVE,County,887072325756327,20910,SILVER SPRING,82846.1568889,126320091.137,39.00190768010143,-77.03596497235911,21.4465,54.514626,0.0,0.0,0.0,9.021574,331.38962,210902197035990019,2021-09-02 19:00:00,19,PM,245,3,Thursday,0,9,September,2021,0,Unknown
MCP3039005L,AB1EF970CA4D48F284DDF15D113FB5B3,True,NO APPARENT INJURY,NONE,UNKNOWN,PASSENGER,MOVING CONSTANT SPEED,South,FUNCTIONAL,35,False,False,2,805691474398614,210034472,Montgomery County Police,Property Damage ,False,South,3,3,LEVEL,False,False,DRIVER,STRAIGHT MOVEMENT ANGLE,DRY,DARK LIGHTS ON,TRAFFIC SIGNAL,UNKNOWN,FOUR-WAY INTERSECTION,STRAIGHT,NO DEFECTS,"TWO-WAY, DIVIDED, POSITIVE MEDIAN BARRIER",38.99084933,-77.0277855,8554262040045692,5564981422910326,0,0,0,2021090221,7703596439001907,Kia,0,Unknown,Unknown,0.0,0.0,Unknown,Unknown,Unknown,0,0,GEORGIA AVE,Maryland (State),FOREST GLEN RD,Maryland (State),5564981422910326,20910,SILVER SPRING,82846.1568889,126320091.137,39.00190768010143,-77.03596497235911,18.0465,69.79422,0.0,0.0,0.0,4.896529,342.8972,210902217035990019,2021-09-02 21:00:00,21,PM,245,3,Thursday,0,9,September,2021,0,Unknown
MCP3039005L,41C9D452814D4187B8469E126D03858D,True,NO APPARENT INJURY,NONE,UNKNOWN,PASSENGER,MOVING CONSTANT SPEED,West,FUNCTIONAL,35,False,False,2,2150933454680424,210034472,Montgomery County Police,Property Damage ,False,South,3,3,LEVEL,False,False,DRIVER,STRAIGHT MOVEMENT ANGLE,DRY,DARK LIGHTS ON,TRAFFIC SIGNAL,UNKNOWN,FOUR-WAY INTERSECTION,STRAIGHT,NO DEFECTS,"TWO-WAY, DIVIDED, POSITIVE MEDIAN BARRIER",38.99084933,-77.0277855,8554262040045692,5564981422910326,0,0,0,2021090221,7703596439001907,Mitsubishi,0,Unknown,Unknown,0.0,0.0,Unknown,Unknown,Unknown,0,0,GEORGIA AVE,Maryland (State),FOREST GLEN RD,Maryland (State),5564981422910326,20910,SILVER SPRING,82846.1568889,126320091.137,39.00190768010143,-77.03596497235911,18.0465,69.79422,0.0,0.0,0.0,4.896529,342.8972,210902217035990019,2021-09-02 21:00:00,21,PM,245,3,Thursday,0,9,September,2021,0,Unknown
MCP30840052,244384E36F3945C9A9A195FD3DA4FA2B,True,NO APPARENT INJURY,NONE,LOOKED BUT DID NOT SEE,PASSENGER,MAKING LEFT TURN,North,FUNCTIONAL,35,False,False,2,6312893571399229,210034549,Montgomery County Police,Injury ,False,East,2,3,LEVEL,False,False,DRIVER,HEAD ON LEFT TURN,DRY,DAYLIGHT,NO CONTROLS,INTERSECTION,T-INTERSECTION,STRAIGHT,NO DEFECTS,"TWO-WAY, DIVIDED, POSITIVE MEDIAN BARRIER",39.02304333,-77.131375,6477653073943693,368653242147843,0,0,0,2021090312,7715220038996189,Chevrolet,0,Unknown,Unknown,0.0,0.0,Unknown,Unknown,Unknown,0,0,DEMOCRACY BLVD,County,MAYFIELD DR,County,368653242147843,20817,BETHESDA,143234.920079,403664948.588,38.996189145680184,-77.15220044157795,22.143,48.725773,0.0,0.0,0.0,8.209263,322.12494,210903127152289961,2021-09-03 12:00:00,12,PM,246,4,Friday,0,9,September,2021,0,Unknown
MCP30840052,6CD1B1147C8E4F5CBADA77CA9CDE7B96,False,POSSIBLE INJURY,NONE,NOT DISTRACTED,PASSENGER,MOVING CONSTANT SPEED,East,DISABLING,35,False,False,2,6941268272467332,210034549,Montgomery County Police,Injury ,False,East,2,3,LEVEL,False,False,DRIVER,HEAD ON LEFT TURN,DRY,DAYLIGHT,NO CONTROLS,INTERSECTION,T-INTERSECTION,STRAIGHT,NO DEFECTS,"TWO-WAY, DIVIDED, POSITIVE MEDIAN BARRIER",39.02304333,-77.131375,6477653073943693,368653242147843,0,0,0,2021090312,7715220038996189,Cadillac,0,Unknown,Unknown,0.0,0.0,Unknown,Unknown,Unknown,0,0,DEMOCRACY BLVD,County,MAYFIELD DR,County,368653242147843,20817,BETHESDA,143234.920079,403664948.588,38.996189145680184,-77.15220044157795,22.143,48.725773,0.0,0.0,0.0,8.209263,322.12494,210903127152289961,2021-09-03 12:00:00,12,PM,246,4,Friday,0,9,September,2021,0,Unknown
MCP12050076,B334322C506541A9BF2CD875257B2166,True,NO APPARENT INJURY,NONE,TALKING OR LISTENING TO CELLULAR PHONE,EMERGENCY,ACCELERATING,West,FUNCTIONAL,10,False,False,1,3625279951781377,210034562,Montgomery County Police,Property Damage ,False,UNKNOWN,0,0,UNKNOWN,True,True,DRIVER,SINGLE VEHICLE,UNKNOWN,DAYLIGHT,NO CONTROLS,UNKNOWN,UNKNOWN,UNKNOWN,UNKNOWN,UNKNOWN,38.99795867,-77.05668399,7781945108562677,7781945108562677,0,0,0,2021090313,7703596439001907,Ford,2017,Escape,Small Sport Utility Vehicle 2WD,4.0,1.5,Automatic 6,FWD,Regular Gasoline,21,29,UNKNOWN,UNKNOWN,UNKNOWN,UNKNOWN,7781945108562677,20910,SILVER SPRING,82846.1568889,126320091.137,39.00190768010143,-77.03596497235911,22.8465,47.63721,0.0,0.0,0.0,6.9153743,321.34018,210903137035990019,2021-09-03 13:00:00,13,PM,246,4,Friday,0,9,September,2021,0,Unknown
DM8421002W,1C2289E74A6047B589D90FF79B2FC72D,True,POSSIBLE INJURY,NONE,NOT DISTRACTED,PASSENGER,MOVING CONSTANT SPEED,South,DISABLING,35,False,False,2,9088251174940332,210034574,Takoma Park Police Depart,Injury ,False,East,2,3,LEVEL,False,False,DRIVER,STRAIGHT MOVEMENT ANGLE,DRY,DAYLIGHT,UNKNOWN,UNKNOWN,UNKNOWN,STRAIGHT,NO DEFECTS,ONE-WAY TRAFFICWAY,38.99246267,-76.99165983,5005946941929880,7881664133005444,0,0,0,2021090314,7698354239018293,Toyota,2021,Camry,Midsize Cars,4.0,2.5,Automatic 8,FWD,Regular Gasoline,22,34,UNIVERSITY BLVD E,Maryland (State),MERRIMAC DR,Municipality,7881664133005444,20903,SILVER SPRING,50204.7192451,65972447.4483,39.01829365940637,-76.9835422251861,23.734499,46.785854,0.0,0.0,0.0,7.145796,319.0857,210903146983590182,2021-09-03 14:00:00,14,PM,246,4,Friday,0,9,September,2021,0,Unknown
DM8421002W,60BC5F513882488687701C8B4B7D4B24,False,POSSIBLE INJURY,NONE,NOT DISTRACTED,PASSENGER,MOVING CONSTANT SPEED,East,DISABLING,35,False,False,2,7731083932506780,210034574,Takoma Park Police Depart,Injury ,False,East,2,3,LEVEL,False,False,DRIVER,STRAIGHT MOVEMENT ANGLE,DRY,DAYLIGHT,UNKNOWN,UNKNOWN,UNKNOWN,STRAIGHT,NO DEFECTS,ONE-WAY TRAFFICWAY,38.99246267,-76.99165983,5005946941929880,7881664133005444,0,0,0,2021090314,7698354239018293,Toyota,2012,Highlander,Sport Utility Vehicle - 2WD,6.0,3.5,Automatic 5,AWD,Regular Gasoline,17,22,UNIVERSITY BLVD E,Maryland (State),MERRIMAC DR,Municipality,7881664133005444,20903,SILVER SPRING,50204.7192451,65972447.4483,39.01829365940637,-76.9835422251861,23.734499,46.785854,0.0,0.0,0.0,7.145796,319.0857,210903146983590182,2021-09-03 14:00:00,14,PM,246,4,Friday,0,9,September,2021,0,Unknown
MCP1233003Y,03C6B232FD394DD4B25EFC9F5C078011,True,NO APPARENT INJURY,NONE,NOT DISTRACTED,BUS,BACKING,North,SUPERFICIAL,25,False,False,1,6691677547236723,210034612,Montgomery County Police,Property Damage ,False,North,1,1,LEVEL,False,False,DRIVER,SINGLE VEHICLE,DRY,DAYLIGHT,NO CONTROLS,INTERSECTION,T-INTERSECTION,CURVE RIGHT,NO DEFECTS,"TWO-WAY, NOT DIVIDED",39.01382,-77.088245,4858751646412300,6609865609483768,0,0,0,2021090316,7707527239025656,Thomas,0,Unknown,Unknown,0.0,0.0,Unknown,Unknown,Unknown,0,0,CULVER ST,County,DELMONT LA,County,6609865609483768,20895,KENSINGTON,70838.1492765,106180148.023,39.02565657266069,-77.07527294437958,24.845499,42.238358,0.0,0.0,0.0,8.161764,311.42358,210903167075290256,2021-09-03 16:00:00,16,PM,246,4,Friday,0,9,September,2021,0,Unknown
MCP12350039,DCCC40FCA8634339B81328BB7E31B0A4,True,NO APPARENT INJURY,UNKNOWN,UNKNOWN,PASSENGER,SLOWING OR STOPPING,West,UNKNOWN,35,False,False,2,5552969870642251,210034653,Montgomery County Police,Property Damage ,True,West,2,3,LEVEL,False,False,DRIVER,SAME DIR REAR END,DRY,DARK LIGHTS ON,TRAFFIC SIGNAL,INTERSECTION RELATED,FOUR-WAY INTERSECTION,STRAIGHT,NO DEFECTS,"TWO-WAY, DIVIDED, UNPROTECTED PAINTED MIN 4 FEET",39.011415,-76.9788838,2997347885756929,8901981419077344,0,0,0,2021090321,7698354239018293,Chevrolet,2014,Silverado,Standard Pickup Trucks 4WD,8.0,4.3,Automatic 6,4WD,Regular Gasoline,16,22,ADELPHI RD,County,NEW HAMPSHIRE AVE,Maryland (State),8901981419077344,20903,SILVER SPRING,50204.7192451,65972447.4483,39.01829365940637,-76.9835422251861,18.5845,84.30461,0.0,0.0,0.0,5.8603754,47.489597,210903216983590182,2021-09-03 21:00:00,21,PM,246,4,Friday,0,9,September,2021,0,Unknown
MCP12350039,0FDE1CD41E81427D8EBBAF13BFF5F20A,False,NO APPARENT INJURY,NONE,NOT DISTRACTED,PASSENGER,STOPPED IN TRAFFIC LANE,West,SUPERFICIAL,35,False,False,2,9847176851880671,210034653,Montgomery County Police,Property Damage ,True,West,2,3,LEVEL,False,False,DRIVER,SAME DIR REAR END,DRY,DARK LIGHTS ON,TRAFFIC SIGNAL,INTERSECTION RELATED,FOUR-WAY INTERSECTION,STRAIGHT,NO DEFECTS,"TWO-WAY, DIVIDED, UNPROTECTED PAINTED MIN 4 FEET",39.011415,-76.9788838,2997347885756929,8901981419077344,0,0,0,2021090321,7698354239018293,Jeep,2008,Grand Cherokee,Sport Utility Vehicle - 4WD,8.0,3.0,Automatic 5,AWD,Regular Gasoline,13,19,ADELPHI RD,County,NEW HAMPSHIRE AVE,Maryland (State),8901981419077344,20903,SILVER SPRING,50204.7192451,65972447.4483,39.01829365940637,-76.9835422251861,18.5845,84.30461,0.0,0.0,0.0,5.8603754,47.489597,210903216983590182,2021-09-03 21:00:00,21,PM,246,4,Friday,0,9,September,2021,0,Unknown
DM8493000M,6CB2623112FA45499A77E8EB399EB3F7,False,NO APPARENT INJURY,NONE,NOT DISTRACTED,PASSENGER,MOVING CONSTANT SPEED,East,FUNCTIONAL,25,False,False,3,2408098578175280,210034654,Takoma Park Police Depart,Property Damage ,False,UNKNOWN,0,2,LEVEL,False,False,DRIVER,STRAIGHT MOVEMENT ANGLE,DRY,DARK LIGHTS ON,NO CONTROLS,UNKNOWN,UNKNOWN,STRAIGHT,NO DEFECTS,"TWO-WAY, DIVIDED, UNPROTECTED PAINTED MIN 4 FEET",38.997508,-77.003553,1436926816846265,7883959838840872,0,0,0,2021090321,7700204038982546,Ford,2015,Focus,Compact Cars,4.0,2.0,Automatic 6,FWD,Regular Gasoline,26,35,FLOWER AVE,Maryland (State),PINEY BRANCH RD,Maryland (State),7883959838840872,20912,TAKOMA PARK,51232.0653417,65209197.2692,38.98254687160147,-77.00204079343348,19.098,83.028404,0.0,0.0,0.0,4.6938252,94.39862,210903217002089825,2021-09-03 21:00:00,21,PM,246,4,Friday,0,9,September,2021,0,Unknown
DM8493000M,927E665997C3488B8F7213A61FA923B4,False,NO APPARENT INJURY,NONE,NOT DISTRACTED,PASSENGER,MOVING CONSTANT SPEED,West,FUNCTIONAL,25,False,False,3,2109319732347965,210034654,Takoma Park Police Depart,Property Damage ,False,UNKNOWN,0,2,LEVEL,False,False,DRIVER,STRAIGHT MOVEMENT ANGLE,DRY,DARK LIGHTS ON,NO CONTROLS,UNKNOWN,UNKNOWN,STRAIGHT,NO DEFECTS,"TWO-WAY, DIVIDED, UNPROTECTED PAINTED MIN 4 FEET",38.997508,-77.003553,1436926816846265,7883959838840872,0,0,0,2021090321,7700204038982546,Acura,2005,MDX,Sport Utility Vehicle - 4WD,6.0,3.5,Automatic 5,AWD,Premium Gasoline,15,21,FLOWER AVE,Maryland (State),PINEY BRANCH RD,Maryland (State),7883959838840872,20912,TAKOMA PARK,51232.0653417,65209197.2692,38.98254687160147,-77.00204079343348,19.098,83.028404,0.0,0.0,0.0,4.6938252,94.39862,210903217002089825,2021-09-03 21:00:00,21,PM,246,4,Friday,0,9,September,2021,0,Unknown
DM8493000M,C1604A13DD9F4205A97E5B9CA61BE0A5,True,NO APPARENT INJURY,NONE,INATTENTIVE OR LOST IN THOUGHT,PASSENGER,ENTERING TRAFFIC LANE,North,FUNCTIONAL,25,False,False,3,1032943149996826,210034654,Takoma Park Police Depart,Property Damage ,False,UNKNOWN,0,2,LEVEL,False,False,DRIVER,STRAIGHT MOVEMENT ANGLE,DRY,DARK LIGHTS ON,NO CONTROLS,UNKNOWN,UNKNOWN,STRAIGHT,NO DEFECTS,"TWO-WAY, DIVIDED, UNPROTECTED PAINTED MIN 4 FEET",38.997508,-77.003553,1436926816846265,7883959838840872,0,0,0,2021090321,7700204038982546,Toyota,2018,Corolla,Midsize Cars,4.0,1.8,Automatic CVT,FWD,Regular Gasoline,28,35,FLOWER AVE,Maryland (State),PINEY BRANCH RD,Maryland (State),7883959838840872,20912,TAKOMA PARK,51232.0653417,65209197.2692,38.98254687160147,-77.00204079343348,19.098,83.028404,0.0,0.0,0.0,4.6938252,94.39862,210903217002089825,2021-09-03 21:00:00,21,PM,246,4,Friday,0,9,September,2021,0,Unknown
MCP3274000W,65A5EC41C5984038B40D1FFC9BE05692,True,POSSIBLE INJURY,NONE,OTHER DISTRACTION,PASSENGER,MOVING CONSTANT SPEED,East,DISABLING,25,False,False,1,9248532348353773,210034664,Montgomery County Police,Injury ,False,East,1,2,HILL UPHILL,False,False,DRIVER,SAME DIR REAR END,DRY,DARK LIGHTS ON,NO CONTROLS,NON INTERSECTION,UNKNOWN,STRAIGHT,NO DEFECTS,"TWO-WAY, NOT DIVIDED",39.01462167,-77.105005,8957556589418796,5925405510732472,0,0,0,2021090400,7710519939016894,Mercedes-Benz,2016,Maybach,Large Cars,12.0,6.0,Automatic 7,RWD,Premium Gasoline,13,20,POOKS HILL RD,County,ROCKVILLE PIKE,Maryland (State),5925405510732472,20814,BETHESDA,58373.8630538,68540697.609,39.016894075883464,-77.10519990449882,17.2845,85.252396,0.0,0.0,0.0,4.3498964,114.44395,210904007105190168,2021-09-04 00:00:00,0,AM,247,5,Saturday,1,9,September,2021,0,Unknown
MCP2968003Y,F8DCD90A8F564099BF370C5BA0ECB34A,True,NO APPARENT INJURY,UNKNOWN,UNKNOWN,PASSENGER,BACKING,UNKNOWN,UNKNOWN,25,False,False,1,4960220375123743,210037261,Montgomery County Police,Property Damage ,True,UNKNOWN,1,1,LEVEL,False,False,DRIVER,SINGLE VEHICLE,UNKNOWN,UNKNOWN,UNKNOWN,UNKNOWN,UNKNOWN,OTHER,NO DEFECTS,OTHER,38.99169886,-77.02438024,887072325756327,3285914424412593,0,0,0,2021090412,7703596439001907,Buick,0,Unknown,Unknown,0.0,0.0,Unknown,Unknown,Unknown,0,0,SILVER SPRING AVE,County,MAYOR LA,County,3285914424412593,20910,SILVER SPRING,82846.1568889,126320091.137,39.00190768010143,-77.03596497235911,23.3465,54.81726,0.0,0.0,0.0,4.1046314,195.25517,210904127035990019,2021-09-04 12:00:00,12,PM,247,5,Saturday,1,9,September,2021,0,Unknown