ReportNumber,VehicleCrashKey,DriverAtFault,DriverInjurySeverity,DriverSubstanceAbuse,DriverDistractedBy,VehicleType,VehicleMovement,VehicleGoingDir,VehicleDamageExtent,SpeedLimit,ParkedVehicle,SubstanceAbuseContributed,VehiclesCrashedTotal,VehicleKey,LocalCaseNumber,AgencyName,ACRSReportType,HitRun,LaneDirection,LaneNumber,NumberOfLanes,RoadGrade,NonTraffic,OffRoadIncident,AccidentAtFault,CollisionType,SurfaceCondition,Light,TrafficControl,Junction,IntersectionType,RoadAlignment,RoadCondition,RoadDivision,Latitude,Longitude,RoadKey_x,CrossStreetKey,NonMotoristTotal,NonMotoristInjury,NonMotoristFatal,DateHourKey,LocationAreaKey,Make,Year_x,BaseModel,BodyClass,Cylinders,Displacement,Transmission,Drivetrain,FuelType,CityMPG,HighwayMPG,RoadName_x,RouteType_x,RoadName_y,RouteType_y,RoadKey_y,Zipcode,MailCity,ShapeLength,ShapeArea,CentroidLatitude,CentroidLongitude,Temperature,Humidity,Precipitation,Rain,Snow,WindSpeed,WindDirection,WeatherKey,Datetime,Hour,TimeOfDay,DayNumber,WeekDayNumber,WeekDayName,WeekendFlag,MonthNumber,MonthName,Year_y,HolidayFlag,HolidayName
MCP31110042,B57033D1F54A42C18D3B815771944977,True,NO APPARENT INJURY,NONE,LOOKED BUT DID NOT SEE,PASSENGER,MOVING CONSTANT SPEED,East,DISABLING,35,False,False,2,5071914253628423,210034719,Montgomery County Police,Injury ,False,East,2,2,LEVEL,False,False,DRIVER,HEAD ON LEFT TURN,DRY,DAYLIGHT,TRAFFIC SIGNAL,INTERSECTION,FOUR-WAY INTERSECTION,STRAIGHT,NO DEFECTS,"TWO-WAY, DIVIDED, POSITIVE MEDIAN BARRIER",38.96634217,-77.105978,1363718650800826,2022575274806909,0,0,0,2021090414,7711806238956479,Chevrolet,2002,Express Passenger,"Vans, Passenger Type",8.0,4.3,Automatic 4,RWD,Regular Gasoline,13,16,RIVER RD,Maryland (State),RIDGEFIELD RD,County,2022575274806909,20816,BETHESDA,58716.1248449,117565480.431,38.95647982277882,-77.11806249046538,25.6475,47.613293,0.0,0.0,0.0,3.219938,153.43501,210904147118089564,2021-09-04 14:00:00,14,PM,247,5,Saturday,1,9,September,2021,0,Unknown
MCP31110042,EC810B5A155B46E49947C87F120ABB10,True,POSSIBLE INJURY,NONE,NOT DISTRACTED,PASSENGER,MAKING LEFT TURN,North,DISABLING,35,False,False,2,5446951241142976,210034719,Montgomery County Police,Injury ,False,East,2,2,LEVEL,False,False,DRIVER,HEAD ON LEFT TURN,DRY,DAYLIGHT,TRAFFIC SIGNAL,INTERSECTION,FOUR-WAY INTERSECTION,STRAIGHT,NO DEFECTS,"TWO-WAY, DIVIDED, POSITIVE MEDIAN BARRIER",38.96634217,-77.105978,1363718650800826,2022575274806909,0,0,0,2021090414,7711806238956479,Chevrolet,2009,Suburban,Sport Utility Vehicle - 2WD,8.0,5.3,Automatic 6,RWD,Regular Gasoline,14,20,RIVER RD,Maryland (State),RIDGEFIELD RD,County,2022575274806909,20816,BETHESDA,58716.1248449,117565480.431,38.95647982277882,-77.11806249046538,25.6475,47.613293,0.0,0.0,0.0,3.219938,153.43501,210904147118089564,2021-09-04 14:00:00,14,PM,247,5,Saturday,1,9,September,2021,0,Unknown
MCP32700013,1C841B5CE8BB4BD88BFE01AF78EF6FB7,True,NO APPARENT INJURY,UNKNOWN,UNKNOWN,PASSENGER,ENTERING TRAFFIC LANE,North,SUPERFICIAL,35,False,False,2,6312893571399229,210034618,Montgomery County Police,Property Damage ,True,East,2,3,LEVEL,False,False,DRIVER,SAME DIRECTION SIDESWIPE,DRY,DAYLIGHT,NO CONTROLS,NON INTERSECTION,UNKNOWN,STRAIGHT,NO DEFECTS,"TWO-WAY, DIVIDED, POSITIVE MEDIAN BARRIER",39.00110833,-77.01529333,118399697147806,4570729910170239,0,0,0,2021090416,7703596439001907,Chevrolet,0,Unknown,Unknown,0.0,0.0,Unknown,Unknown,Unknown,0,0,16TH ST,Maryland (State),EAST WEST HWY,Maryland (State),4570729910170239,20910,SILVER SPRING,82846.1568889,126320091.137,39.00190768010143,-77.03596497235911,25.4465,47.559155,0.0,0.0,0.0,9.227524,159.44388,210904167035990019,2021-09-04 16:00:00,16,PM,247,5,Saturday,1,9,September,2021,0,Unknown
MCP32700013,4E80B1CCB2DB4C8D80D5F11867E36366,False,NO APPARENT INJURY,NONE,NOT DISTRACTED,PASSENGER,MOVING CONSTANT SPEED,North,SUPERFICIAL,35,False,False,2,6801964070250583,210034618,Montgomery County Police,Property Damage ,True,East,2,3,LEVEL,False,False,DRIVER,SAME DIRECTION SIDESWIPE,DRY,DAYLIGHT,NO CONTROLS,NON INTERSECTION,UNKNOWN,STRAIGHT,NO DEFECTS,"TWO-WAY, DIVIDED, POSITIVE MEDIAN BARRIER",39.00110833,-77.01529333,118399697147806,4570729910170239,0,0,0,2021090416,7703596439001907,Nissan,0,Unknown,Unknown,0.0,0.0,Unknown,Unknown,Unknown,0,0,16TH ST,Maryland (State),EAST WEST HWY,Maryland (State),4570729910170239,20910,SILVER SPRING,82846.1568889,126320091.137,39.00190768010143,-77.03596497235911,25.4465,47.559155,0.0,0.0,0.0,9.227524,159.44388,210904167035990019,2021-09-04 16:00:00,16,PM,247,5,Saturday,1,9,September,2021,0,Unknown
DM8480000L,1C80D438F79F41238D61B00D54671981,True,NO APPARENT INJURY,UNKNOWN,UNKNOWN,TRUCK,BACKING,South,UNKNOWN,5,False,False,2,764781073579675,210034739,Takoma Park Police Depart,Property Damage ,True,UNKNOWN,0,0,UNKNOWN,True,True,DRIVER,OTHER,UNKNOWN,DAYLIGHT,NO CONTROLS,UNKNOWN,UNKNOWN,UNKNOWN,UNKNOWN,UNKNOWN,38.98719675,-76.98498625,7781945108562677,7781945108562677,0,0,0,2021090417,7700204038982546,Other,0,Unknown,Unknown,0.0,0.0,Unknown,Unknown,Unknown,0,0,UNKNOWN,UNKNOWN,UNKNOWN,UNKNOWN,7781945108562677,20912,TAKOMA PARK,51232.0653417,65209197.2692,38.98254687160147,-77.00204079343348,25.148,51.659058,0.0,0.0,0.0,11.570515,174.64427,210904177002089825,2021-09-04 17:00:00,17,PM,247,5,Saturday,1,9,September,2021,0,Unknown
DM8480000L,D853FE5BBFB64FD4A6C2197773AD7892,False,NO APPARENT INJURY,NONE,NOT DISTRACTED,PASSENGER,PARKED,UNKNOWN,FUNCTIONAL,5,True,False,2,7004010053981027,210034739,Takoma Park Police Depart,Property Damage ,True,UNKNOWN,0,0,UNKNOWN,True,True,DRIVER,OTHER,UNKNOWN,DAYLIGHT,NO CONTROLS,UNKNOWN,UNKNOWN,UNKNOWN,UNKNOWN,UNKNOWN,38.98719675,-76.98498625,7781945108562677,7781945108562677,0,0,0,2021090417,7700204038982546,Honda,2017,Civic,Compact Cars,4.0,1.5,Manual 6,FWD,Regular Gasoline,30,39,UNKNOWN,UNKNOWN,UNKNOWN,UNKNOWN,7781945108562677,20912,TAKOMA PARK,51232.0653417,65209197.2692,38.98254687160147,-77.00204079343348,25.148,51.659058,0.0,0.0,0.0,11.570515,174.64427,210904177002089825,2021-09-04 17:00:00,17,PM,247,5,Saturday,1,9,September,2021,0,Unknown
DM8386001H,C4A14FFA0E164AF5BDA08F9E5594286E,True,NO APPARENT INJURY,NONE,UNKNOWN,PASSENGER,MAKING RIGHT TURN,West,SUPERFICIAL,35,False,False,1,9844403094295739,210034743,Takoma Park Police Depart,Injury ,False,West,0,3,LEVEL,False,False,DRIVER,SAME DIRECTION RIGHT TURN,DRY,DAYLIGHT,TRAFFIC SIGNAL,INTERSECTION,FOUR-WAY INTERSECTION,STRAIGHT,NO DEFECTS,"TWO-WAY, DIVIDED, POSITIVE MEDIAN BARRIER",38.98152167,-77.01008,1461872631554201,8901981419077344,1,1,0,2021090418,7700204038982546,Volkswagen,2009,Passat,Midsize Cars,4.0,2.0,Automatic 6,FWD,Premium Gasoline,19,28,HOLTON LA,Municipality,NEW HAMPSHIRE AVE,Maryland (State),8901981419077344,20912,TAKOMA PARK,51232.0653417,65209197.2692,38.98254687160147,-77.00204079343348,24.198,57.015278,0.0,0.0,0.0,8.707238,172.87508,210904187002089825,2021-09-04 18:00:00,18,PM,247,5,Saturday,1,9,September,2021,0,Unknown
MCP3051004J,9C1995997A5C4F70902625F94B017DC8,False,POSSIBLE INJURY,NONE,NOT DISTRACTED,PASSENGER,STOPPED IN TRAFFIC LANE,West,SUPERFICIAL,30,False,False,2,7731084117060589,210034754,Montgomery County Police,Injury ,True,West,1,2,GRADE DOWNHILL,False,False,DRIVER,SAME DIR REAR END,DRY,DARK LIGHTS ON,UNKNOWN,INTERSECTION,T-INTERSECTION,STRAIGHT,NO DEFECTS,"TWO-WAY, NOT DIVIDED",38.967825,-77.128165,7737340436593800,7328818036144019,0,0,0,2021090420,7711806238956479,Toyota,2019,Highlander,Standard Sport Utility Vehicle 4WD,6.0,3.5,Automatic 8,AWD,Regular Gasoline,20,27,MASSACHUSETTS AVE,Maryland (State),MOHICAN PL,County,7328818036144019,20816,BETHESDA,58716.1248449,117565480.431,38.95647982277882,-77.11806249046538,20.6975,80.631676,0.0,0.0,0.0,10.105681,175.91446,210904207118089564,2021-09-04 20:00:00,20,PM,247,5,Saturday,1,9,September,2021,0,Unknown
MCP3051004J,AB1CAD542C3C4FFFAA451088F15A8144,True,NO APPARENT INJURY,UNKNOWN,UNKNOWN,PASSENGER,UNKNOWN,West,UNKNOWN,30,False,False,2,2446108541552243,210034754,Montgomery County Police,Injury ,True,West,1,2,GRADE DOWNHILL,False,False,DRIVER,SAME DIR REAR END,DRY,DARK LIGHTS ON,UNKNOWN,INTERSECTION,T-INTERSECTION,STRAIGHT,NO DEFECTS,"TWO-WAY, NOT DIVIDED",38.967825,-77.128165,7737340436593800,7328818036144019,0,0,0,2021090420,7711806238956479,Mazda,2017,CX-5,Small Sport Utility Vehicle 2WD,4.0,2.5,Automatic 6,4WD,Regular Gasoline,23,29,MASSACHUSETTS AVE,Maryland (State),MOHICAN PL,County,7328818036144019,20816,BETHESDA,58716.1248449,117565480.431,38.95647982277882,-77.11806249046538,20.6975,80.631676,0.0,0.0,0.0,10.105681,175.91446,210904207118089564,2021-09-04 20:00:00,20,PM,247,5,Saturday,1,9,September,2021,0,Unknown
MCP2917008B,A56A812C4FB64F61BD116883D6F73E9D,True,POSSIBLE INJURY,NONE,NOT DISTRACTED,PASSENGER,ACCELERATING,South,DESTROYED,35,False,False,1,3611013996569826,210034773,Montgomery County Police,Injury ,False,South,1,1,LEVEL,False,False,DRIVER,SAME DIRECTION SIDESWIPE,DRY,DARK NO LIGHTS,NO CONTROLS,INTERSECTION,T-INTERSECTION,CURVE LEFT,NO DEFECTS,"TWO-WAY, NOT DIVIDED",39.05988167,-77.08609167,1294400687567743,8726181595251040,0,0,0,2021090423,7705486039088590,Volkswagen,2012,Golf/GTI,Compact Cars,4.0,2.0,Automatic 6,FWD,Premium Gasoline,24,31,HAVARD ST,County,COLIE DR,County,8726181595251040,20906,SILVER SPRING,133207.174949,359110751.771,39.08859082555049,-77.05486091907257,18.582499,89.56032,0.0,0.0,0.0,10.163227,157.06787,210904237054890885,2021-09-04 23:00:00,23,PM,247,5,Saturday,1,9,September,2021,0,Unknown
MCP3140001T,1946B3F7F94D46E195DDACB6CC129C1E,False,SUSPECTED MINOR INJURY,NONE,NOT DISTRACTED,PASSENGER,MAKING LEFT TURN,West,DISABLING,30,False,False,2,169882084379467,210034785,Montgomery County Police,Injury ,False,UNKNOWN,0,4,LEVEL,False,False,DRIVER,HEAD ON,DRY,DARK LIGHTS ON,TRAFFIC SIGNAL,INTERSECTION,FOUR-WAY INTERSECTION,STRAIGHT,NO DEFECTS,"TWO-WAY, NOT DIVIDED",38.988,-77.07727833,4570729910170239,1627793738140795,0,0,0,2021090501,7707842038983818,Hyundai,2017,Sonata,Large Cars,4.0,2.0,Automatic 6,FWD,Regular Gasoline,25,36,EAST WEST HWY,Maryland (State),CONNECTICUT AVE,Maryland (State),1627793738140795,20815,CHEVY CHASE,78258.2702851,151813895.483,38.98381860627773,-77.07842006190148,18.5245,89.84046,0.0,0.0,0.0,9.605998,167.00539,210905017078489838,2021-09-05 01:00:00,1,AM,248,6,Sunday,1,9,September,2021,0,Unknown
MCP3140001T,DAFA99C2B023464C8C855698147CD1E6,True,SUSPECTED MINOR INJURY,NONE,INATTENTIVE OR LOST IN THOUGHT,PASSENGER,MOVING CONSTANT SPEED,West,DISABLING,30,False,False,2,5082261622574195,210034785,Montgomery County Police,Injury ,False,UNKNOWN,0,4,LEVEL,False,False,DRIVER,HEAD ON,DRY,DARK LIGHTS ON,TRAFFIC SIGNAL,INTERSECTION,FOUR-WAY INTERSECTION,STRAIGHT,NO DEFECTS,"TWO-WAY, NOT DIVIDED",38.988,-77.07727833,4570729910170239,1627793738140795,0,0,0,2021090501,7707842038983818,Hyundai,2018,Elantra,Midsize Cars,4.0,2.0,Manual 6,FWD,Regular Gasoline,26,32,EAST WEST HWY,Maryland (State),CONNECTICUT AVE,Maryland (State),1627793738140795,20815,CHEVY CHASE,78258.2702851,151813895.483,38.98381860627773,-77.07842006190148,18.5245,89.84046,0.0,0.0,0.0,9.605998,167.00539,210905017078489838,2021-09-05 01:00:00,1,AM,248,6,Sunday,1,9,September,2021,0,Unknown
MCP3291000N,8BE444AE013F4466AE1797C027C8F0D1,True,NO APPARENT INJURY,NONE,LOOKED BUT DID NOT SEE,PASSENGER,MOVING CONSTANT SPEED,West,DISABLING,25,False,False,1,169882067601848,210034793,Montgomery County Police,Property Damage ,False,West,1,1,LEVEL,False,False,DRIVER,SAME DIR REAR END,DRY,DARK LIGHTS ON,NO CONTROLS,OTHER,UNKNOWN,STRAIGHT,NO DEFECTS,"TWO-WAY, NOT DIVIDED",38.99647333,-77.02319833,4545188728761907,6732058886739677,0,0,0,2021090503,7703596439001907,Hyundai,2016,Sonata,Large Cars,4.0,2.0,Automatic 6,FWD,Regular Gasoline,25,36,THAYER AVE,County,FENTON ST,County,6732058886739677,20910,SILVER SPRING,82846.1568889,126320091.137,39.00190768010143,-77.03596497235911,18.3465,85.36332,0.0,0.0,0.0,10.661107,191.68935,210905037035990019,2021-09-05 03:00:00,3,AM,248,6,Sunday,1,9,September,2021,0,Unknown
MCP25350028,9B0F44D2A7424F74835A5E4E6E95F355,True,POSSIBLE INJURY,NONE,TEXTING FROM A CELLULAR PHONE,PASSENGER,MOVING CONSTANT SPEED,North,DISABLING,35,False,False,1,2815627384783423,210034796,Montgomery County Police,Injury ,False,North,2,2,LEVEL,False,False,DRIVER,SINGLE VEHICLE,DRY,DARK LIGHTS ON,NO CONTROLS,NON INTERSECTION,UNKNOWN,CURVE RIGHT,NO DEFECTS,"TWO-WAY, DIVIDED, POSITIVE MEDIAN BARRIER",39.029329,-77.13808783,9639173670162862,1296267517137739,0,0,0,2021090504,7715220038996189,Honda,2017,Accord,Midsize Cars,4.0,2.4,Automatic 6,FWD,Regular Gasoline,21,32,ROCKLEDGE DR,County,WESTLAKE TERR,County,1296267517137739,20817,BETHESDA,143234.920079,403664948.588,38.996189145680184,-77.15220044157795,18.692999,80.1058,0.0,0.0,0.0,11.659777,188.88058,210905047152289961,2021-09-05 04:00:00,4,AM,248,6,Sunday,1,9,September,2021,0,Unknown
MCP3122004D,9ADC29A089D14DD39AC794F7E4E519FF,True,NO APPARENT INJURY,NONE,LOOKED BUT DID NOT SEE,PASSENGER,MAKING LEFT TURN,East,DISABLING,30,False,False,2,6026696880758554,210034834,Montgomery County Police,Property Damage ,False,West,1,2,LEVEL,False,False,DRIVER,STRAIGHT MOVEMENT ANGLE,WET,DAYLIGHT,NO CONTROLS,OTHER DRIVEWAY,T-INTERSECTION,STRAIGHT,NO DEFECTS,"TWO-WAY, DIVIDED, UNPROTECTED PAINTED MIN 4 FEET",39.07798333,-77.070235,2242153826664605,8554262040045692,0,0,0,2021090513,7705486039088590,Toyota,2008,Sequoia,Sport Utility Vehicle - 2WD,8.0,4.7,Automatic 5,AWD,Regular Gasoline,13,16,HEWITT AVE,County,GEORGIA AVE,Maryland (State),8554262040045692,20906,SILVER SPRING,133207.174949,359110751.771,39.08859082555049,-77.05486091907257,22.5325,78.140945,0.2,0.2,0.0,8.049845,206.56499,210905137054890885,2021-09-05 13:00:00,13,PM,248,6,Sunday,1,9,September,2021,0,Unknown
MCP3122004D,1D8EAB5DCFF04C5985E91A4FFAF8A511,False,NO APPARENT INJURY,NONE,NOT DISTRACTED,PASSENGER,MOVING CONSTANT SPEED,West,FUNCTIONAL,30,False,False,2,5482037627609543,210034834,Montgomery County Police,Property Damage ,False,West,1,2,LEVEL,False,False,DRIVER,STRAIGHT MOVEMENT ANGLE,WET,DAYLIGHT,NO CONTROLS,OTHER DRIVEWAY,T-INTERSECTION,STRAIGHT,NO DEFECTS,"TWO-WAY, DIVIDED, UNPROTECTED PAINTED MIN 4 FEET",39.07798333,-77.070235,2242153826664605,8554262040045692,0,0,0,2021090513,7705486039088590,Toyota,2021,Tacoma,Small Pickup Trucks 4WD,6.0,3.5,Automatic 6,4WD,Regular Gasoline,17,22,HEWITT AVE,County,GEORGIA AVE,Maryland (State),8554262040045692,20906,SILVER SPRING,133207.174949,359110751.771,39.08859082555049,-77.05486091907257,22.5325,78.140945,0.2,0.2,0.0,8.049845,206.56499,210905137054890885,2021-09-05 13:00:00,13,PM,248,6,Sunday,1,9,September,2021,0,Unknown
MCP32640020,34691FDDE4B04C0581D40141255E26C8,True,NO APPARENT INJURY,UNKNOWN,UNKNOWN,UNKNOWN,MOVING CONSTANT SPEED,South,UNKNOWN,35,False,False,2,8168321465439775,210034844,Montgomery County Police,Property Damage ,True,North,1,3,LEVEL,False,False,DRIVER,OPPOSITE DIRECTION SIDESWIPE,DRY,DAYLIGHT,TRAFFIC SIGNAL,NON INTERSECTION,UNKNOWN,STRAIGHT,NO DEFECTS,"TWO-WAY, DIVIDED, POSITIVE MEDIAN BARRIER",38.9911,-77.02740833,5660893524410086,3848511146538103,0,0,0,2021090514,7703596439001907,Unknown,0,Unknown,Unknown,0.0,0.0,Unknown,Unknown,Unknown,0,0,GEORGIA AVE,US (State),13TH ST,County,3848511146538103,20910,SILVER SPRING,82846.1568889,126320091.137,39.00190768010143,-77.03596497235911,23.2965,77.283455,0.1,0.1,0.0,8.14587,224.9999,210905147035990019,2021-09-05 14:00:00,14,PM,248,6,Sunday,1,9,September,2021,0,Unknown
MCP32640020,441BF336C052416AB1E35209690B6320,False,NO APPARENT INJURY,NONE,NOT DISTRACTED,PASSENGER,STOPPED IN TRAFFIC LANE,North,FUNCTIONAL,35,False,False,2,2815627401561042,210034844,Montgomery County Police,Property Damage ,True,North,1,3,LEVEL,False,False,DRIVER,OPPOSITE DIRECTION SIDESWIPE,DRY,DAYLIGHT,TRAFFIC SIGNAL,NON INTERSECTION,UNKNOWN,STRAIGHT,NO DEFECTS,"TWO-WAY, DIVIDED, POSITIVE MEDIAN BARRIER",38.9911,-77.02740833,5660893524410086,3848511146538103,0,0,0,2021090514,7703596439001907,Honda,2014,Accord,Midsize Cars,4.0,2.4,Automatic CVT,FWD,Regular Gasoline,21,34,GEORGIA AVE,US (State),13TH ST,County,3848511146538103,20910,SILVER SPRING,82846.1568889,126320091.137,39.00190768010143,-77.03596497235911,23.2965,77.283455,0.1,0.1,0.0,8.14587,224.9999,210905147035990019,2021-09-05 14:00:00,14,PM,248,6,Sunday,1,9,September,2021,0,Unknown
MCP3139002R,4B4E477975BA45CF962E810AD028B8AF,True,NO APPARENT INJURY,UNKNOWN,LOOKED BUT DID NOT SEE,PASSENGER,SLOWING OR STOPPING,South,SUPERFICIAL,45,False,False,2,9514804749463505,210034847,Montgomery County Police,Injury ,False,South,3,3,LEVEL,False,False,DRIVER,SAME DIR REAR END,WET,DAYLIGHT,TRAFFIC SIGNAL,INTERSECTION,FOUR-WAY INTERSECTION,STRAIGHT,NO DEFECTS,"TWO-WAY, DIVIDED, POSITIVE MEDIAN BARRIER",39.01557833,-76.97785667,8901981419077344,4991976696759948,0,0,0,2021090515,7698354239018293,Honda,2006,Odyssey,Minivan - 2WD,6.0,3.5,Automatic 5,FWD,Regular Gasoline,17,23,NEW HAMPSHIRE AVE,Maryland (State),OAKVIEW DR,County,4991976696759948,20903,SILVER SPRING,50204.7192451,65972447.4483,39.01829365940637,-76.9835422251861,24.734499,73.75762,0.0,0.0,0.0,10.00256,239.74365,210905156983590182,2021-09-05 15:00:00,15,PM,248,6,Sunday,1,9,September,2021,0,Unknown
MCP3139002R,D70DAA93C74C4761A7B85E8F6B140196,False,NO APPARENT INJURY,UNKNOWN,NOT DISTRACTED,PASSENGER,SLOWING OR STOPPING,South,SUPERFICIAL,45,False,False,2,3233063173565461,210034847,Montgomery County Police,Injury ,False,South,3,3,LEVEL,False,False,DRIVER,SAME DIR REAR END,WET,DAYLIGHT,TRAFFIC SIGNAL,INTERSECTION,FOUR-WAY INTERSECTION,STRAIGHT,NO DEFECTS,"TWO-WAY, DIVIDED, POSITIVE MEDIAN BARRIER",39.01557833,-76.97785667,8901981419077344,4991976696759948,0,0,0,2021090515,7698354239018293,Toyota,0,Unknown,Unknown,0.0,0.0,Unknown,Unknown,Unknown,0,0,NEW HAMPSHIRE AVE,Maryland (State),OAKVIEW DR,County,4991976696759948,20903,SILVER SPRING,50204.7192451,65972447.4483,39.01829365940637,-76.9835422251861,24.734499,73.75762,0.0,0.0,0.0,10.00256,239.74365,210905156983590182,2021-09-05 15:00:00,15,PM,248,6,Sunday,1,9,September,2021,0,Unknown
MCP28660076,0DC813DC0F6C4C4CA0F7A1C53DB3FDF5,True,SUSPECTED MINOR INJURY,NONE,INATTENTIVE OR LOST IN THOUGHT,PASSENGER,MOVING CONSTANT SPEED,South,FUNCTIONAL,40,False,False,4,6502835524785677,210034858,Montgomery County Police,Injury ,True,South,3,3,LEVEL,False,False,DRIVER,SAME DIR REAR END,WET,DAYLIGHT,NO CONTROLS,NON INTERSECTION,UNKNOWN,STRAIGHT,NO DEFECTS,"TWO-WAY, DIVIDED, POSITIVE MEDIAN BARRIER",38.99575894,-77.03891822,5925405510732472,2041006003706383,0,0,0,2021090516,7703596439001907,Nissan,2010,Sentra,Midsize Cars,4.0,2.0,Manual 6,FWD,Regular Gasoline,24,28,ROCKVILLE PIKE,Maryland (State),OLD GEORGETOWN RD,County,2041006003706383,20910,SILVER SPRING,82846.1568889,126320091.137,39.00190768010143,-77.03596497235911,24.8965,71.75278,0.0,0.0,0.0,8.534353,242.35411,210905167035990019,2021-09-05 16:00:00,16,PM,248,6,Sunday,1,9,September,2021,0,Unknown
MCP28660076,4C60EE55251D4C8EAC7AA9E8DC30B11C,False,NO APPARENT INJURY,UNKNOWN,UNKNOWN,UNKNOWN,STOPPED IN TRAFFIC LANE,South,UNKNOWN,40,False,False,4,8168321465439775,210034858,Montgomery County Police,Injury ,True,South,3,3,LEVEL,False,False,DRIVER,SAME DIR REAR END,WET,DAYLIGHT,NO CONTROLS,NON INTERSECTION,UNKNOWN,STRAIGHT,NO DEFECTS,"TWO-WAY, DIVIDED, POSITIVE MEDIAN BARRIER",38.99575894,-77.03891822,5925405510732472,2041006003706383,0,0,0,2021090516,7703596439001907,Unknown,0,Unknown,Unknown,0.0,0.0,Unknown,Unknown,Unknown,0,0,ROCKVILLE PIKE,Maryland (State),OLD GEORGETOWN RD,County,2041006003706383,20910,SILVER SPRING,82846.1568889,126320091.137,39.00190768010143,-77.03596497235911,24.8965,71.75278,0.0,0.0,0.0,8.534353,242.35411,210905167035990019,2021-09-05 16:00:00,16,PM,248,6,Sunday,1,9,September,2021,0,Unknown
MCP28660076,180599667585457384D8EF3F21AD1674,False,NO APPARENT INJURY,NONE,NOT DISTRACTED,PASSENGER,STOPPED IN TRAFFIC LANE,South,FUNCTIONAL,40,False,False,4,751452889037670,210034858,Montgomery County Police,Injury ,True,South,3,3,LEVEL,False,False,DRIVER,SAME DIR REAR END,WET,DAYLIGHT,NO CONTROLS,NON INTERSECTION,UNKNOWN,STRAIGHT,NO DEFECTS,"TWO-WAY, DIVIDED, POSITIVE MEDIAN BARRIER",38.99575894,-77.03891822,5925405510732472,2041006003706383,0,0,0,2021090516,7703596439001907,Toyota,2021,Corolla,Compact Cars,4.0,2.0,Automatic 10,FWD,Regular Gasoline,29,38,ROCKVILLE PIKE,Maryland (State),OLD GEORGETOWN RD,County,2041006003706383,20910,SILVER SPRING,82846.1568889,126320091.137,39.00190768010143,-77.03596497235911,24.8965,71.75278,0.0,0.0,0.0,8.534353,242.35411,210905167035990019,2021-09-05 16:00:00,16,PM,248,6,Sunday,1,9,September,2021,0,Unknown
MCP28660076,39CCED2D2ACA451A8F8F07510DFDB10B,False,NO APPARENT INJURY,NONE,NOT DISTRACTED,PASSENGER,STOPPED IN TRAFFIC LANE,South,FUNCTIONAL,40,False,False,4,799640412659055,210034858,Montgomery County Police,Injury ,True,South,3,3,LEVEL,False,False,DRIVER,SAME DIR REAR END,WET,DAYLIGHT,NO CONTROLS,NON INTERSECTION,UNKNOWN,STRAIGHT,NO DEFECTS,"TWO-WAY, DIVIDED, POSITIVE MEDIAN BARRIER",38.99575894,-77.03891822,5925405510732472,2041006003706383,0,0,0,2021090516,7703596439001907,Jeep,2019,Compass,Small Sport Utility Vehicle 2WD,4.0,2.4,Manual 6,AWD,Regular Gasoline,22,31,ROCKVILLE PIKE,Maryland (State),OLD GEORGETOWN RD,County,2041006003706383,20910,SILVER SPRING,82846.1568889,126320091.137,39.00190768010143,-77.03596497235911,24.8965,71.75278,0.0,0.0,0.0,8.534353,242.35411,210905167035990019,2021-09-05 16:00:00,16,PM,248,6,Sunday,1,9,September,2021,0,Unknown
MCP2919008F,57E66BB9E7D543549A4C74CEF2F4B693,True,NO APPARENT INJURY,NONE,LOOKED BUT DID NOT SEE,PASSENGER,MOVING CONSTANT SPEED,North,FUNCTIONAL,35,False,False,2,1314431078866941,210034901,Montgomery County Police,Property Damage ,False,West,2,3,LEVEL,False,False,DRIVER,STRAIGHT MOVEMENT ANGLE,WET,DARK LIGHTS ON,UNKNOWN,UNKNOWN,T-INTERSECTION,STRAIGHT,NO DEFECTS,"TWO-WAY, DIVIDED, POSITIVE MEDIAN BARRIER",38.994125,-76.99099333,5005946941929880,5269488757423054,0,0,0,2021090521,7698354239018293,Toyota,2006,Corolla,Compact Cars,4.0,1.8,Automatic 4,FWD,Regular Gasoline,22,31,UNIVERSITY BLVD E,Maryland (State),MERRIMAC DR,County,5269488757423054,20903,SILVER SPRING,50204.7192451,65972447.4483,39.01829365940637,-76.9835422251861,21.634499,99.69467,0.6,0.6,0.0,5.692099,235.30478,210905216983590182,2021-09-05 21:00:00,21,PM,248,6,Sunday,1,9,September,2021,0,Unknown
MCP2919008F,4435C5378F1240F6931FF923B6A4227C,False,NO APPARENT INJURY,NONE,NOT DISTRACTED,PASSENGER,MOVING CONSTANT SPEED,West,SUPERFICIAL,35,False,False,2,751452905815289,210034901,Montgomery County Police,Property Damage ,False,West,2,3,LEVEL,False,False,DRIVER,STRAIGHT MOVEMENT ANGLE,WET,DARK LIGHTS ON,UNKNOWN,UNKNOWN,T-INTERSECTION,STRAIGHT,NO DEFECTS,"TWO-WAY, DIVIDED, POSITIVE MEDIAN BARRIER",38.994125,-76.99099333,5005946941929880,5269488757423054,0,0,0,2021090521,7698354239018293,Toyota,2020,Corolla,Compact Cars,4.0,2.0,Automatic 10,FWD,Regular Gasoline,29,38,UNIVERSITY BLVD E,Maryland (State),MERRIMAC DR,County,5269488757423054,20903,SILVER SPRING,50204.7192451,65972447.4483,39.01829365940637,-76.9835422251861,21.634499,99.69467,0.6,0.6,0.0,5.692099,235.30478,210905216983590182,2021-09-05 21:00:00,21,PM,248,6,Sunday,1,9,September,2021,0,Unknown