ReportNumber,VehicleCrashKey,DriverAtFault,DriverInjurySeverity,DriverSubstanceAbuse,DriverDistractedBy,VehicleType,VehicleMovement,VehicleGoingDir,VehicleDamageExtent,SpeedLimit,ParkedVehicle,SubstanceAbuseContributed,VehiclesCrashedTotal,VehicleKey,LocalCaseNumber,AgencyName,ACRSReportType,HitRun,LaneDirection,LaneNumber,NumberOfLanes,RoadGrade,NonTraffic,OffRoadIncident,AccidentAtFault,CollisionType,SurfaceCondition,Light,TrafficControl,Junction,IntersectionType,RoadAlignment,RoadCondition,RoadDivision,Latitude,Longitude,RoadKey_x,CrossStreetKey,NonMotoristTotal,NonMotoristInjury,NonMotoristFatal,DateHourKey,LocationAreaKey,Make,Year_x,BaseModel,BodyClass,Cylinders,Displacement,Transmission,Drivetrain,FuelType,CityMPG,HighwayMPG,RoadName_x,RouteType_x,RoadName_y,RouteType_y,RoadKey_y,Zipcode,MailCity,ShapeLength,ShapeArea,CentroidLatitude,CentroidLongitude,Temperature,Humidity,Precipitation,Rain,Snow,WindSpeed,WindDirection,WeatherKey,Datetime,Hour,TimeOfDay,DayNumber,WeekDayNumber,WeekDayName,WeekendFlag,MonthNumber,MonthName,Year_y,HolidayFlag,HolidayName
MCP32380018,74297FD9F1854A778BE3BCCC6F170BB6,True,NO APPARENT INJURY,NONE,UNKNOWN,PASSENGER,BACKING,East,SUPERFICIAL,30,False,False,1,9619591265067834,210034900,Montgomery County Police,Property Damage ,False,West,1,2,UNKNOWN,False,False,DRIVER,OTHER,WET,DARK LIGHTS ON,NO CONTROLS,OTHER,UNKNOWN,STRAIGHT,NO DEFECTS,OTHER,38.99743333,-77.025075,8034483918736540,6732058886739677,0,0,0,2021090522,7703596439001907,Mercedes-Benz,2012,G-Class,Sport Utility Vehicle - 4WD,8.0,5.5,Automatic 7,4WD,Premium Gasoline,12,15,ELLSWORTH DR,County,FENTON ST,County,6732058886739677,20910,SILVER SPRING,82846.1568889,126320091.137,39.00190768010143,-77.03596497235911,21.8465,94.34552,0.4,0.4,0.0,4.6938252,184.39862,210905227035990019,2021-09-05 22:00:00,22,PM,248,6,Sunday,1,9,September,2021,0,Unknown
MCP3243000T,DD50F758A7B64481AA79814343DCE6F4,True,SUSPECTED SERIOUS INJURY,NONE,OTHER CELLULAR PHONE RELATED,PASSENGER,MOVING CONSTANT SPEED,North,FUNCTIONAL,25,False,False,1,4540518146678719,210034923,Montgomery County Police,Injury ,False,North,1,1,LEVEL,False,False,DRIVER,SAME DIR REAR END,WET,DARK LIGHTS ON,NO CONTROLS,UNKNOWN,UNKNOWN,CURVE RIGHT,NO DEFECTS,"TWO-WAY, DIVIDED, POSITIVE MEDIAN BARRIER",39.03620333,-77.080865,3977719113483138,1106661689313359,0,0,0,2021090604,7707527239025656,Kia,2010,Forte,Compact Cars,4.0,2.0,Automatic 5,FWD,Regular Gasoline,25,34,DENFELD AVE,County,WEXFORD DR,County,1106661689313359,20895,KENSINGTON,70838.1492765,106180148.023,39.02565657266069,-77.07527294437958,20.3955,96.65524,0.0,0.0,0.0,10.137692,286.50443,210906047075290256,2021-09-06 04:00:00,4,AM,249,0,Monday,0,9,September,2021,1,Labor Day
MCP3180002N,86D1911BD3444A0E802CDF218A108F70,True,NO APPARENT INJURY,UNKNOWN,LOOKED BUT DID NOT SEE,TRUCK,STARTING FROM PARKED,UNKNOWN,SUPERFICIAL,20,False,False,1,2408098678840994,210034982,Montgomery County Police,Property Damage ,True,UNKNOWN,0,0,UNKNOWN,True,True,DRIVER,SAME DIRECTION SIDESWIPE,UNKNOWN,DAYLIGHT,NO CONTROLS,UNKNOWN,UNKNOWN,UNKNOWN,UNKNOWN,UNKNOWN,39.02819939,-77.07621194,7781945108562677,7781945108562677,0,0,0,2021090611,7707527239025656,Ford,2013,Focus,Compact Cars,4.0,2.0,Automatic 6,FWD,Regular Gasoline,27,35,UNKNOWN,UNKNOWN,UNKNOWN,UNKNOWN,7781945108562677,20895,KENSINGTON,70838.1492765,106180148.023,39.02565657266069,-77.07527294437958,24.4955,64.833855,0.0,0.0,0.0,8.891344,291.3707,210906117075290256,2021-09-06 11:00:00,11,AM,249,0,Monday,0,9,September,2021,1,Labor Day
MCP15500030,FD89EB3EE7E3434C8430951D8C0D8FE9,True,NO APPARENT INJURY,NONE,NOT DISTRACTED,EMERGENCY,STARTING FROM PARKED,UNKNOWN,FUNCTIONAL,15,False,False,1,8243785643457611,210034960,Montgomery County Police,Property Damage ,False,UNKNOWN,0,0,UNKNOWN,True,True,DRIVER,OTHER,UNKNOWN,DAYLIGHT,NO CONTROLS,UNKNOWN,UNKNOWN,UNKNOWN,UNKNOWN,UNKNOWN,38.987235,-77.09874,7781945108562677,7781945108562677,0,0,0,2021090612,7710072538987731,Toyota,2015,Camry,Midsize Cars,4.0,2.5,Automatic 6,FWD,Regular Gasoline,21,30,UNKNOWN,UNKNOWN,UNKNOWN,UNKNOWN,7781945108562677,20814,BETHESDA,46411.6876883,47837334.4314,38.98773167577017,-77.10072590539887,25.8985,51.68728,0.0,0.0,0.0,11.119281,299.0545,210906127100789877,2021-09-06 12:00:00,12,PM,249,0,Monday,0,9,September,2021,1,Labor Day
MCP31600035,BFDA30718A0D4138B13C73C131D8A086,True,NO APPARENT INJURY,UNKNOWN,LOOKED BUT DID NOT SEE,PASSENGER,MOVING CONSTANT SPEED,North,UNKNOWN,25,False,False,1,8423932749652104,210032354,Montgomery County Police,Property Damage ,True,North,0,1,LEVEL,False,False,DRIVER,SAME DIR REAR END,DRY,DAYLIGHT,NO CONTROLS,UNKNOWN,UNKNOWN,STRAIGHT,NO DEFECTS,"TWO-WAY, NOT DIVIDED",38.991905,-77.09809333,4250512694628641,1753436384863877,0,0,0,2021090616,7710072538987731,Lexus,2019,NX,Small Sport Utility Vehicle 4WD,4.0,2.0,Automatic 6,AWD,Premium Gasoline,22,28,WOODMONT AVE,County,NORFOLK AVE,County,1753436384863877,20814,BETHESDA,46411.6876883,47837334.4314,38.98773167577017,-77.10072590539887,28.0485,37.9801,0.0,0.0,0.0,15.137133,295.34613,210906167100789877,2021-09-06 16:00:00,16,PM,249,0,Monday,0,9,September,2021,1,Labor Day
MCP229800Y3,E0598CB2AD024F8CB9C75DBD0E136F68,False,NO APPARENT INJURY,NONE,NOT DISTRACTED,EMERGENCY,BACKING,UNKNOWN,SUPERFICIAL,5,False,False,1,9029915557031419,210035011,Montgomery County Police,Property Damage ,False,UNKNOWN,0,2,GRADE DOWNHILL,False,False,UNKNOWN,SINGLE VEHICLE,DRY,DARK LIGHTS ON,NO CONTROLS,NON INTERSECTION,UNKNOWN,STRAIGHT,NO DEFECTS,"TWO-WAY, NOT DIVIDED",38.9958276,-77.03032852,3937256849459829,4833264442371325,0,0,0,2021090619,7703596439001907,Pierce,0,Unknown,Unknown,0.0,0.0,Unknown,Unknown,Unknown,0,0,FIDLER LA,County,ROAD END,UNKNOWN,4833264442371325,20910,SILVER SPRING,82846.1568889,126320091.137,39.00190768010143,-77.03596497235911,24.3965,54.903748,0.0,0.0,0.0,9.6932955,285.06854,210906197035990019,2021-09-06 19:00:00,19,PM,249,0,Monday,0,9,September,2021,1,Labor Day
MCP291400BC,06B74927AA5E4114B066815C197DD1D1,False,POSSIBLE INJURY,UNKNOWN,NOT DISTRACTED,PASSENGER,STOPPED IN TRAFFIC LANE,North,DISABLING,35,False,False,2,7004010053981027,210035030,Montgomery County Police,Injury ,False,North,2,3,LEVEL,False,False,DRIVER,SAME DIR REAR END,UNKNOWN,DARK LIGHTS ON,TRAFFIC SIGNAL,INTERSECTION,FOUR-WAY INTERSECTION,STRAIGHT,NO DEFECTS,"TWO-WAY, NOT DIVIDED",39.00514645,-77.02309478,7228418003688286,3912318926152506,0,0,0,2021090623,7703596439001907,Honda,2017,Civic,Compact Cars,4.0,1.5,Manual 6,FWD,Regular Gasoline,30,39,COLESVILLE RD,US (State),DALE DR,County,3912318926152506,20910,SILVER SPRING,82846.1568889,126320091.137,39.00190768010143,-77.03596497235911,19.6965,73.12039,0.0,0.0,0.0,7.771331,283.39252,210906237035990019,2021-09-06 23:00:00,23,PM,249,0,Monday,0,9,September,2021,1,Labor Day
MCP291400BC,828A5651EAC642618817E397429B6348,True,NO APPARENT INJURY,ALCOHOL,NOT DISTRACTED,PASSENGER,MOVING CONSTANT SPEED,North,DISABLING,35,False,False,2,451369694474821,210035030,Montgomery County Police,Injury ,False,North,2,3,LEVEL,False,False,DRIVER,SAME DIR REAR END,UNKNOWN,DARK LIGHTS ON,TRAFFIC SIGNAL,INTERSECTION,FOUR-WAY INTERSECTION,STRAIGHT,NO DEFECTS,"TWO-WAY, NOT DIVIDED",39.00514645,-77.02309478,7228418003688286,3912318926152506,0,0,0,2021090623,7703596439001907,Hyundai,2006,Sonata,Large Cars,4.0,2.4,Automatic 4,FWD,Regular Gasoline,21,27,COLESVILLE RD,US (State),DALE DR,County,3912318926152506,20910,SILVER SPRING,82846.1568889,126320091.137,39.00190768010143,-77.03596497235911,19.6965,73.12039,0.0,0.0,0.0,7.771331,283.39252,210906237035990019,2021-09-06 23:00:00,23,PM,249,0,Monday,0,9,September,2021,1,Labor Day
MCP3127001S,DD3091CAF5294D4AB2EC8123316964A9,True,NO APPARENT INJURY,UNKNOWN,NOT DISTRACTED,PASSENGER,ACCELERATING,South,FUNCTIONAL,30,False,False,1,932320174390296,210035043,Montgomery County Police,Property Damage ,True,West,1,1,LEVEL,False,False,DRIVER,SINGLE VEHICLE,DRY,DARK LIGHTS ON,STOP SIGN,UNKNOWN,OTHER,STRAIGHT,NO DEFECTS,"TWO-WAY, NOT DIVIDED",38.9946442,-77.1163709,4102480102122202,1595669876409901,0,0,0,2021090703,7715220038996189,MINI,0,Unknown,Unknown,0.0,0.0,Unknown,Unknown,Unknown,0,0,ROOSEVELT ST,County,GARFIELD ST,County,1595669876409901,20817,BETHESDA,143234.920079,403664948.588,38.996189145680184,-77.15220044157795,18.093,82.90869,0.0,0.0,0.0,5.8048253,277.1249,210907037152289961,2021-09-07 03:00:00,3,AM,250,1,Tuesday,0,9,September,2021,0,Unknown
MCP30230048,2B10F97FF80A40958665639FC1938C88,False,NO APPARENT INJURY,NONE,NOT DISTRACTED,PASSENGER,STOPPED IN TRAFFIC LANE,West,SUPERFICIAL,25,False,False,2,7026902005199944,210035084,Montgomery County Police,Injury ,False,West,1,2,LEVEL,False,False,DRIVER,SAME DIR REAR END,DRY,DAYLIGHT,TRAFFIC SIGNAL,INTERSECTION,FOUR-WAY INTERSECTION,STRAIGHT,NO DEFECTS,"TWO-WAY, NOT DIVIDED",39.09195367,-77.07019933,2128650102927787,3786639377990067,0,0,0,2021090711,7705486039088590,Toyota,2020,RAV4,Small Sport Utility Vehicle 4WD,4.0,2.5,Automatic 8,AWD,Regular Gasoline,27,33,CONNECTICUT AVE,County,BEL PRE RD,County,3786639377990067,20906,SILVER SPRING,133207.174949,359110751.771,39.08859082555049,-77.05486091907257,25.082499,56.684795,0.0,0.0,0.0,6.924738,278.97253,210907117054890885,2021-09-07 11:00:00,11,AM,250,1,Tuesday,0,9,September,2021,0,Unknown
MCP30230048,E019003B8CD54BBF805296AA5D6D397D,True,POSSIBLE INJURY,NONE,NOT DISTRACTED,PASSENGER,STOPPED IN TRAFFIC LANE,West,DISABLING,25,False,False,2,1314430843980275,210035084,Montgomery County Police,Injury ,False,West,1,2,LEVEL,False,False,DRIVER,SAME DIR REAR END,DRY,DAYLIGHT,TRAFFIC SIGNAL,INTERSECTION,FOUR-WAY INTERSECTION,STRAIGHT,NO DEFECTS,"TWO-WAY, NOT DIVIDED",39.09195367,-77.07019933,2128650102927787,3786639377990067,0,0,0,2021090711,7705486039088590,Toyota,2008,Corolla,Compact Cars,4.0,1.8,Automatic 4,FWD,Regular Gasoline,26,35,CONNECTICUT AVE,County,BEL PRE RD,County,3786639377990067,20906,SILVER SPRING,133207.174949,359110751.771,39.08859082555049,-77.05486091907257,25.082499,56.684795,0.0,0.0,0.0,6.924738,278.97253,210907117054890885,2021-09-07 11:00:00,11,AM,250,1,Tuesday,0,9,September,2021,0,Unknown
MCP15340008,5A228868BE96497EA47BD073063B4889,True,NO APPARENT INJURY,NONE,LOOKED BUT DID NOT SEE,TRUCK,STARTING FROM LANE,West,FUNCTIONAL,15,False,False,1,2250767647570290,210035103,Montgomery County Police,Property Damage ,False,UNKNOWN,0,0,UNKNOWN,True,True,DRIVER,SINGLE VEHICLE,UNKNOWN,DAYLIGHT,NO CONTROLS,UNKNOWN,UNKNOWN,UNKNOWN,UNKNOWN,UNKNOWN,38.95127167,-77.12168333,7781945108562677,7781945108562677,0,0,0,2021090711,7711806238956479,Freightliner,0,Unknown,Unknown,0.0,0.0,Unknown,Unknown,Unknown,0,0,UNKNOWN,UNKNOWN,UNKNOWN,UNKNOWN,7781945108562677,20816,BETHESDA,58716.1248449,117565480.431,38.95647982277882,-77.11806249046538,25.4975,54.652073,0.0,0.0,0.0,5.154415,294.77512,210907117118089564,2021-09-07 11:00:00,11,AM,250,1,Tuesday,0,9,September,2021,0,Unknown
MCP3296000J,EF13022DE0134D7A81412CF27753A2C0,False,NO APPARENT INJURY,NONE,NOT DISTRACTED,PASSENGER,STOPPED IN TRAFFIC LANE,North,FUNCTIONAL,40,False,False,2,6502835457675201,210035199,Montgomery County Police,Property Damage ,True,North,2,5,LEVEL,False,False,DRIVER,SAME DIR REAR END,DRY,DARK LIGHTS ON,TRAFFIC SIGNAL,UNKNOWN,FOUR-WAY INTERSECTION,STRAIGHT,NO DEFECTS,"TWO-WAY, NOT DIVIDED",38.9913804,-77.0102105,7883959838840872,5005946941929880,0,0,0,2021090720,7703596439001907,Nissan,2014,Sentra,Midsize Cars,4.0,1.8,Automatic CVT,FWD,Regular Gasoline,30,38,PINEY BRANCH RD,Maryland (State),UNIVERSITY BLVD E,Maryland (State),5005946941929880,20910,SILVER SPRING,82846.1568889,126320091.137,39.00190768010143,-77.03596497235911,23.5465,59.669395,0.0,0.0,0.0,14.081478,184.39862,210907207035990019,2021-09-07 20:00:00,20,PM,250,1,Tuesday,0,9,September,2021,0,Unknown
MCP3296000J,B868DAB603BA4F228661386D8439D998,True,NO APPARENT INJURY,UNKNOWN,UNKNOWN,PASSENGER,MOVING CONSTANT SPEED,North,UNKNOWN,40,False,False,2,3063454694624351,210035199,Montgomery County Police,Property Damage ,True,North,2,5,LEVEL,False,False,DRIVER,SAME DIR REAR END,DRY,DARK LIGHTS ON,TRAFFIC SIGNAL,UNKNOWN,FOUR-WAY INTERSECTION,STRAIGHT,NO DEFECTS,"TWO-WAY, NOT DIVIDED",38.9913804,-77.0102105,7883959838840872,5005946941929880,0,0,0,2021090720,7703596439001907,Ford,2014,F150,Standard Pickup Trucks 4WD,6.0,3.5,Automatic 6,4WD,Regular Gasoline,15,21,PINEY BRANCH RD,Maryland (State),UNIVERSITY BLVD E,Maryland (State),5005946941929880,20910,SILVER SPRING,82846.1568889,126320091.137,39.00190768010143,-77.03596497235911,23.5465,59.669395,0.0,0.0,0.0,14.081478,184.39862,210907207035990019,2021-09-07 20:00:00,20,PM,250,1,Tuesday,0,9,September,2021,0,Unknown
MCP32840011,133FD3DD2E5940B692621AC37FA9FB15,False,NO APPARENT INJURY,NONE,NOT DISTRACTED,PASSENGER,MOVING CONSTANT SPEED,East,DISABLING,35,False,False,2,169882067601848,210035197,Montgomery County Police,Property Damage ,False,East,5,6,LEVEL,False,False,DRIVER,HEAD ON LEFT TURN,DRY,DARK LIGHTS ON,TRAFFIC SIGNAL,INTERSECTION,FOUR-WAY INTERSECTION,STRAIGHT,NO DEFECTS,"TWO-WAY, NOT DIVIDED",38.993563,-77.032242,2838165004721940,4570729910170239,0,0,0,2021090721,7703596439001907,Hyundai,2016,Sonata,Large Cars,4.0,2.0,Automatic 6,FWD,Regular Gasoline,25,36,COLESVILLE RD,Maryland (State),EAST WEST HWY,Maryland (State),4570729910170239,20910,SILVER SPRING,82846.1568889,126320091.137,39.00190768010143,-77.03596497235911,22.0965,69.89723,0.0,0.0,0.0,12.24,180.0,210907217035990019,2021-09-07 21:00:00,21,PM,250,1,Tuesday,0,9,September,2021,0,Unknown
MCP32840011,DB976BE7951C4CB2A416E51C1D84B6D1,True,NO APPARENT INJURY,NONE,LOOKED BUT DID NOT SEE,PASSENGER,MOVING CONSTANT SPEED,South,FUNCTIONAL,35,False,False,2,7942766279566066,210035197,Montgomery County Police,Property Damage ,False,East,5,6,LEVEL,False,False,DRIVER,HEAD ON LEFT TURN,DRY,DARK LIGHTS ON,TRAFFIC SIGNAL,INTERSECTION,FOUR-WAY INTERSECTION,STRAIGHT,NO DEFECTS,"TWO-WAY, NOT DIVIDED",38.993563,-77.032242,2838165004721940,4570729910170239,0,0,0,2021090721,7703596439001907,Toyota,2008,Prius,Midsize Cars,4.0,1.5,Automatic CVT,FWD,Regular Gasoline,48,45,COLESVILLE RD,Maryland (State),EAST WEST HWY,Maryland (State),4570729910170239,20910,SILVER SPRING,82846.1568889,126320091.137,39.00190768010143,-77.03596497235911,22.0965,69.89723,0.0,0.0,0.0,12.24,180.0,210907217035990019,2021-09-07 21:00:00,21,PM,250,1,Tuesday,0,9,September,2021,0,Unknown
DM8480000N,59FA920EAFAD4689BDA50AEDDC7C345C,True,NO APPARENT INJURY,NONE,UNKNOWN,PASSENGER,MAKING RIGHT TURN,South,NO DAMAGE,30,False,False,1,8525273505217250,210035247,Takoma Park Police Depart,Injury ,False,West,1,2,LEVEL,False,False,DRIVER,OTHER,DRY,DAYLIGHT,TRAFFIC SIGNAL,INTERSECTION,FOUR-WAY INTERSECTION,STRAIGHT,NO DEFECTS,"TWO-WAY, NOT DIVIDED",38.9876556,-77.0229949,5799511491379277,7883959838840872,1,1,0,2021090810,7703596439001907,Toyota,2009,Camry,Midsize Cars,4.0,2.4,Automatic 5,FWD,Regular Gasoline,21,31,PHILADELPHIA AVE,Maryland (State),PINEY BRANCH RD,Maryland (State),7883959838840872,20910,SILVER SPRING,82846.1568889,126320091.137,39.00190768010143,-77.03596497235911,23.7465,77.59174,0.0,0.0,0.0,10.495713,202.1664,210908107035990019,2021-09-08 10:00:00,10,AM,251,2,Wednesday,0,9,September,2021,0,Unknown
MCP3200003K,9F20825E48774890820A42884FA6143C,True,NO APPARENT INJURY,NONE,LOOKED BUT DID NOT SEE,PASSENGER,MAKING LEFT TURN,North,DISABLING,35,False,False,2,1032942965443017,210035243,Montgomery County Police,Property Damage ,False,South,2,3,LEVEL,False,False,DRIVER,HEAD ON LEFT TURN,DRY,DAYLIGHT,NO CONTROLS,INTERSECTION,FOUR-WAY INTERSECTION,STRAIGHT,NO DEFECTS,"TWO-WAY, DIVIDED, POSITIVE MEDIAN BARRIER",39.03377717,-77.07508733,1627793738140795,3407665962487858,0,0,0,2021090810,7707527239025656,Toyota,2015,Corolla,Midsize Cars,4.0,1.8,Automatic CVT,FWD,Regular Gasoline,28,36,CONNECTICUT AVE,Maryland (State),DECATUR AVE,County,3407665962487858,20895,KENSINGTON,70838.1492765,106180148.023,39.02565657266069,-77.07527294437958,23.845499,77.60647,0.0,0.0,0.0,9.504273,204.62355,210908107075290256,2021-09-08 10:00:00,10,AM,251,2,Wednesday,0,9,September,2021,0,Unknown
MCP3200003K,7CA3C65226034FADB7B4E0CF4F031D25,False,NO APPARENT INJURY,NONE,NOT DISTRACTED,PASSENGER,MOVING CONSTANT SPEED,South,DISABLING,35,False,False,2,169882084379467,210035243,Montgomery County Police,Property Damage ,False,South,2,3,LEVEL,False,False,DRIVER,HEAD ON LEFT TURN,DRY,DAYLIGHT,NO CONTROLS,INTERSECTION,FOUR-WAY INTERSECTION,STRAIGHT,NO DEFECTS,"TWO-WAY, DIVIDED, POSITIVE MEDIAN BARRIER",39.03377717,-77.07508733,1627793738140795,3407665962487858,0,0,0,2021090810,7707527239025656,Hyundai,2017,Sonata,Large Cars,4.0,2.0,Automatic 6,FWD,Regular Gasoline,25,36,CONNECTICUT AVE,Maryland (State),DECATUR AVE,County,3407665962487858,20895,KENSINGTON,70838.1492765,106180148.023,39.02565657266069,-77.07527294437958,23.845499,77.60647,0.0,0.0,0.0,9.504273,204.62355,210908107075290256,2021-09-08 10:00:00,10,AM,251,2,Wednesday,0,9,September,2021,0,Unknown
MCP2278003G,7D3B21E139BF4D6AA088B0E508F7EA00,True,NO APPARENT INJURY,UNKNOWN,UNKNOWN,UNKNOWN,PARKING,East,UNKNOWN,15,False,False,2,8168321465439775,210035087,Montgomery County Police,Property Damage ,True,UNKNOWN,0,0,UNKNOWN,True,True,DRIVER,OTHER,UNKNOWN,DAYLIGHT,NO CONTROLS,UNKNOWN,UNKNOWN,UNKNOWN,UNKNOWN,UNKNOWN,39.02669701,-77.1452273,7781945108562677,7781945108562677,0,0,0,2021090810,7715220038996189,Unknown,0,Unknown,Unknown,0.0,0.0,Unknown,Unknown,Unknown,0,0,UNKNOWN,UNKNOWN,UNKNOWN,UNKNOWN,7781945108562677,20817,BETHESDA,143234.920079,403664948.588,38.996189145680184,-77.15220044157795,24.343,74.61327,0.0,0.0,0.0,9.227524,200.55612,210908107152289961,2021-09-08 10:00:00,10,AM,251,2,Wednesday,0,9,September,2021,0,Unknown
MCP2278003G,46E61ECBB6454909B0EE3E68D2C5D903,False,NO APPARENT INJURY,NONE,NOT DISTRACTED,PASSENGER,PARKED,UNKNOWN,SUPERFICIAL,15,True,False,2,2815627384783423,210035087,Montgomery County Police,Property Damage ,True,UNKNOWN,0,0,UNKNOWN,True,True,DRIVER,OTHER,UNKNOWN,DAYLIGHT,NO CONTROLS,UNKNOWN,UNKNOWN,UNKNOWN,UNKNOWN,UNKNOWN,39.02669701,-77.1452273,7781945108562677,7781945108562677,0,0,0,2021090810,7715220038996189,Honda,2017,Accord,Midsize Cars,4.0,2.4,Automatic 6,FWD,Regular Gasoline,21,32,UNKNOWN,UNKNOWN,UNKNOWN,UNKNOWN,7781945108562677,20817,BETHESDA,143234.920079,403664948.588,38.996189145680184,-77.15220044157795,24.343,74.61327,0.0,0.0,0.0,9.227524,200.55612,210908107152289961,2021-09-08 10:00:00,10,AM,251,2,Wednesday,0,9,September,2021,0,Unknown
MCP295200BZ,0DF483EA15B04C83B153AE704816508C,False,NO APPARENT INJURY,NONE,NOT DISTRACTED,PASSENGER,MOVING CONSTANT SPEED,South,DISABLING,35,False,False,2,7285497949295904,210035248,Montgomery County Police,Property Damage ,False,South,2,3,LEVEL,False,False,DRIVER,OTHER,DRY,DAYLIGHT,NO CONTROLS,INTERSECTION RELATED,T-INTERSECTION,STRAIGHT,NO DEFECTS,"TWO-WAY, DIVIDED, POSITIVE MEDIAN BARRIER",38.99999667,-77.03130167,8554262040045692,7028044703065112,0,0,0,2021090811,7703596439001907,Honda,2009,Civic,Subcompact Cars,4.0,1.8,Automatic 5,FWD,Regular Gasoline,21,36,GEORGIA AVE,Maryland (State),FENWICK LA,County,7028044703065112,20910,SILVER SPRING,82846.1568889,126320091.137,39.00190768010143,-77.03596497235911,25.1965,72.253204,0.0,0.0,0.0,9.885262,190.49142,210908117035990019,2021-09-08 11:00:00,11,AM,251,2,Wednesday,0,9,September,2021,0,Unknown
MCP295200BZ,F9FA90BA1A744B61AD1675D0B8D4CB67,True,NO APPARENT INJURY,NONE,LOOKED BUT DID NOT SEE,PASSENGER,MAKING U TURN,North,DISABLING,35,False,False,2,1807340037845531,210035248,Montgomery County Police,Property Damage ,False,South,2,3,LEVEL,False,False,DRIVER,OTHER,DRY,DAYLIGHT,NO CONTROLS,INTERSECTION RELATED,T-INTERSECTION,STRAIGHT,NO DEFECTS,"TWO-WAY, DIVIDED, POSITIVE MEDIAN BARRIER",38.99999667,-77.03130167,8554262040045692,7028044703065112,0,0,0,2021090811,7703596439001907,Volvo,2000,S70,Midsize Cars,5.0,2.4,Automatic 4,FWD,Premium Gasoline,17,25,GEORGIA AVE,Maryland (State),FENWICK LA,County,7028044703065112,20910,SILVER SPRING,82846.1568889,126320091.137,39.00190768010143,-77.03596497235911,25.1965,72.253204,0.0,0.0,0.0,9.885262,190.49142,210908117035990019,2021-09-08 11:00:00,11,AM,251,2,Wednesday,0,9,September,2021,0,Unknown
MCP3306000F,80E43FCB8DD744AB83B0DA8010741912,True,NO APPARENT INJURY,UNKNOWN,LOOKED BUT DID NOT SEE,BUS,MAKING RIGHT TURN,South,SUPERFICIAL,25,False,False,1,6691677547236723,210035304,Montgomery County Police,Property Damage ,False,West,1,1,GRADE DOWNHILL,False,False,DRIVER,SAME DIRECTION RIGHT TURN,DRY,DAYLIGHT,UNKNOWN,UNKNOWN,UNKNOWN,STRAIGHT,NO DEFECTS,"TWO-WAY, NOT DIVIDED",39.00336667,-77.07338667,4452938462032043,3487720757048155,0,0,0,2021090815,7707842038983818,Thomas,0,Unknown,Unknown,0.0,0.0,Unknown,Unknown,Unknown,0,0,INVERNESS DR,Municipality,MONTGOMERY AVE,Municipality,3487720757048155,20815,CHEVY CHASE,78258.2702851,151813895.483,38.98381860627773,-77.07842006190148,29.4245,51.936104,0.0,0.0,0.0,15.328561,189.46225,210908157078489838,2021-09-08 15:00:00,15,PM,251,2,Wednesday,0,9,September,2021,0,Unknown
MCP3271001B,E8A6467A5E1B4BA9A6A3B2F2EDDAE1E1,True,NO APPARENT INJURY,NONE,NOT DISTRACTED,PASSENGER,MAKING LEFT TURN,East,FUNCTIONAL,35,False,False,2,2815627300895328,210035307,Montgomery County Police,Property Damage ,False,West,2,2,LEVEL,False,False,DRIVER,HEAD ON LEFT TURN,DRY,DAYLIGHT,TRAFFIC SIGNAL,INTERSECTION,FOUR-WAY INTERSECTION,STRAIGHT,NO DEFECTS,"TWO-WAY, NOT DIVIDED",38.9505457,-77.101728,7737340436593800,2052288921397402,0,0,0,2021090815,7711806238956479,Honda,2012,Accord,Compact Cars,4.0,2.4,Automatic 5,FWD,Regular Gasoline,22,33,MASSACHUSETTS AVE,Maryland (State),WESTBARD AVE,County,2052288921397402,20816,BETHESDA,58716.1248449,117565480.431,38.95647982277882,-77.11806249046538,30.2475,46.00008,0.0,0.0,0.0,13.849476,188.97255,210908157118089564,2021-09-08 15:00:00,15,PM,251,2,Wednesday,0,9,September,2021,0,Unknown
MCP3271001B,E13B4DD96AE94E87A1A8D23AADB8348D,False,NO APPARENT INJURY,NONE,NOT DISTRACTED,PASSENGER,MOVING CONSTANT SPEED,West,DISABLING,35,False,False,2,170151672322060,210035307,Montgomery County Police,Property Damage ,False,West,2,2,LEVEL,False,False,DRIVER,HEAD ON LEFT TURN,DRY,DAYLIGHT,TRAFFIC SIGNAL,INTERSECTION,FOUR-WAY INTERSECTION,STRAIGHT,NO DEFECTS,"TWO-WAY, NOT DIVIDED",38.9505457,-77.101728,7737340436593800,2052288921397402,0,0,0,2021090815,7711806238956479,Jeep,2018,Wrangler,Small Sport Utility Vehicle 4WD,6.0,3.6,Automatic 8,4WD,Regular Gasoline,17,21,MASSACHUSETTS AVE,Maryland (State),WESTBARD AVE,County,2052288921397402,20816,BETHESDA,58716.1248449,117565480.431,38.95647982277882,-77.11806249046538,30.2475,46.00008,0.0,0.0,0.0,13.849476,188.97255,210908157118089564,2021-09-08 15:00:00,15,PM,251,2,Wednesday,0,9,September,2021,0,Unknown