ReportNumber,VehicleCrashKey,DriverAtFault,DriverInjurySeverity,DriverSubstanceAbuse,DriverDistractedBy,VehicleType,VehicleMovement,VehicleGoingDir,VehicleDamageExtent,SpeedLimit,ParkedVehicle,SubstanceAbuseContributed,VehiclesCrashedTotal,VehicleKey,LocalCaseNumber,AgencyName,ACRSReportType,HitRun,LaneDirection,LaneNumber,NumberOfLanes,RoadGrade,NonTraffic,OffRoadIncident,AccidentAtFault,CollisionType,SurfaceCondition,Light,TrafficControl,Junction,IntersectionType,RoadAlignment,RoadCondition,RoadDivision,Latitude,Longitude,RoadKey_x,CrossStreetKey,NonMotoristTotal,NonMotoristInjury,NonMotoristFatal,DateHourKey,LocationAreaKey,Make,Year_x,BaseModel,BodyClass,Cylinders,Displacement,Transmission,Drivetrain,FuelType,CityMPG,HighwayMPG,RoadName_x,RouteType_x,RoadName_y,RouteType_y,RoadKey_y,Zipcode,MailCity,ShapeLength,ShapeArea,CentroidLatitude,CentroidLongitude,Temperature,Humidity,Precipitation,Rain,Snow,WindSpeed,WindDirection,WeatherKey,Datetime,Hour,TimeOfDay,DayNumber,WeekDayNumber,WeekDayName,WeekendFlag,MonthNumber,MonthName,Year_y,HolidayFlag,HolidayName
MCP3178002Y,54DA111C58E843DBBF89C6DD10B37C25,True,NO APPARENT INJURY,UNKNOWN,INATTENTIVE OR LOST IN THOUGHT,PASSENGER,MOVING CONSTANT SPEED,North,DISABLING,15,False,False,1,6967384124939271,210037581,Montgomery County Police,Property Damage ,True,West,0,1,LEVEL,False,False,DRIVER,OPPOSITE DIRECTION SIDESWIPE,UNKNOWN,DARK LIGHTS ON,NO CONTROLS,NON INTERSECTION,UNKNOWN,STRAIGHT,NO DEFECTS,"TWO-WAY, NOT DIVIDED",39.07383333,-77.04271333,887761460646997,418706926516350,0,0,0,2021092203,7705486039088590,Mitsubishi,2017,Lancer,Compact Cars,4.0,2.0,Automatic 6,FWD,Regular Gasoline,23,30,COACHLAMP LA,County,MIDDLEBRIDGE DR,County,418706926516350,20906,SILVER SPRING,133207.174949,359110751.771,39.08859082555049,-77.05486091907257,20.5325,98.468864,0.0,0.0,0.0,9.83268,113.749504,210922037054890885,2021-09-22 03:00:00,3,AM,265,2,Wednesday,0,9,September,2021,0,Unknown
MCP1323001G,250057305FD84DD5B1A29867AFD44BCF,True,POSSIBLE INJURY,NONE,UNKNOWN,PASSENGER,MOVING CONSTANT SPEED,North,DISABLING,35,False,False,2,9886165220477751,210037391,Montgomery County Police,Injury ,False,South,2,2,LEVEL,False,False,DRIVER,HEAD ON,WET,DAYLIGHT,NO CONTROLS,NON INTERSECTION,UNKNOWN,STRAIGHT,NO DEFECTS,"TWO-WAY, DIVIDED, UNPROTECTED PAINTED MIN 4 FEET",38.98591333,-77.026685,5660893524410086,1887291782005014,0,0,0,2021092208,7703596439001907,Toyota,2019,Tundra,Standard Pickup Trucks 4WD,8.0,5.7,Automatic 6,4WD,Regular Gasoline,13,17,GEORGIA AVE,US (State),KING ST,County,1887291782005014,20910,SILVER SPRING,82846.1568889,126320091.137,39.00190768010143,-77.03596497235911,21.9965,95.51702,0.1,0.1,0.0,16.039202,135.90929,210922087035990019,2021-09-22 08:00:00,8,AM,265,2,Wednesday,0,9,September,2021,0,Unknown
MCP1323001G,72B89AB2E8E04E9996E4B325E7455F87,False,SUSPECTED MINOR INJURY,NONE,NOT DISTRACTED,PASSENGER,MOVING CONSTANT SPEED,South,DISABLING,35,False,False,2,3097115263320681,210037391,Montgomery County Police,Injury ,False,South,2,2,LEVEL,False,False,DRIVER,HEAD ON,WET,DAYLIGHT,NO CONTROLS,NON INTERSECTION,UNKNOWN,STRAIGHT,NO DEFECTS,"TWO-WAY, DIVIDED, UNPROTECTED PAINTED MIN 4 FEET",38.98591333,-77.026685,5660893524410086,1887291782005014,0,0,0,2021092208,7703596439001907,Honda,2006,Accord,Midsize Cars,6.0,3.0,Automatic 5,FWD,Regular Gasoline,18,31,GEORGIA AVE,US (State),KING ST,County,1887291782005014,20910,SILVER SPRING,82846.1568889,126320091.137,39.00190768010143,-77.03596497235911,21.9965,95.51702,0.1,0.1,0.0,16.039202,135.90929,210922087035990019,2021-09-22 08:00:00,8,AM,265,2,Wednesday,0,9,September,2021,0,Unknown
MCP2358008S,5DC0F5DDA614497DB09E2582EA8D6F77,False,NO APPARENT INJURY,NONE,NOT DISTRACTED,PASSENGER,BACKING,West,DISABLING,35,False,False,2,1951057122249114,210037414,Montgomery County Police,Injury ,False,North,1,1,LEVEL,False,False,DRIVER,STRAIGHT MOVEMENT ANGLE,WET,DAYLIGHT,NO CONTROLS,NON INTERSECTION,UNKNOWN,STRAIGHT,NO DEFECTS,"TWO-WAY, NOT DIVIDED",39.00518,-77.15939,776419263324954,391413693497033,0,0,0,2021092210,7715220038996189,Jeep,2017,Patriot,Small Sport Utility Vehicle 2WD,4.0,2.4,Manual 5,FWD,Regular Gasoline,20,27,SEVEN LOCKS RD,County,ENGLISH WAY,County,391413693497033,20817,BETHESDA,143234.920079,403664948.588,38.996189145680184,-77.15220044157795,21.643,100.0,3.0,3.0,0.0,13.237038,135.0001,210922107152289961,2021-09-22 10:00:00,10,AM,265,2,Wednesday,0,9,September,2021,0,Unknown
MCP2358008S,7F01ADA938134AF281EFAA4F82CFB1DF,True,NO APPARENT INJURY,NONE,NOT DISTRACTED,PASSENGER,MOVING CONSTANT SPEED,South,DISABLING,35,False,False,2,3063454711401970,210037414,Montgomery County Police,Injury ,False,North,1,1,LEVEL,False,False,DRIVER,STRAIGHT MOVEMENT ANGLE,WET,DAYLIGHT,NO CONTROLS,NON INTERSECTION,UNKNOWN,STRAIGHT,NO DEFECTS,"TWO-WAY, NOT DIVIDED",39.00518,-77.15939,776419263324954,391413693497033,0,0,0,2021092210,7715220038996189,Ford,2017,F150,Standard Pickup Trucks 4WD,6.0,3.5,Automatic 6,4WD,Regular Gasoline,17,22,SEVEN LOCKS RD,County,ENGLISH WAY,County,391413693497033,20817,BETHESDA,143234.920079,403664948.588,38.996189145680184,-77.15220044157795,21.643,100.0,3.0,3.0,0.0,13.237038,135.0001,210922107152289961,2021-09-22 10:00:00,10,AM,265,2,Wednesday,0,9,September,2021,0,Unknown
MCP15340009,31CD744A05B44806B10CCE426FBEFDEC,True,NO APPARENT INJURY,NONE,UNKNOWN,TRUCK,MOVING CONSTANT SPEED,West,SUPERFICIAL,35,False,False,1,9755364676930633,210037462,Montgomery County Police,Property Damage ,True,West,0,3,HILL UPHILL,False,False,DRIVER,SINGLE VEHICLE,WET,DAYLIGHT,TRAFFIC SIGNAL,INTERSECTION RELATED,FOUR-WAY INTERSECTION,STRAIGHT,NO DEFECTS,"TWO-WAY, DIVIDED, UNPROTECTED PAINTED MIN 4 FEET",38.983475,-77.13735833,1363718650800826,2258501311527651,0,0,0,2021092212,7715220038996189,International,0,Unknown,Unknown,0.0,0.0,Unknown,Unknown,Unknown,0,0,RIVER RD,Maryland (State),WILSON LA,Maryland (State),2258501311527651,20817,BETHESDA,143234.920079,403664948.588,38.996189145680184,-77.15220044157795,22.143,100.0,4.2,4.2,0.0,17.974781,147.26479,210922127152289961,2021-09-22 12:00:00,12,PM,265,2,Wednesday,0,9,September,2021,0,Unknown
MCP32420013,FCC48BAD4C8E4B37B0F17B413ABAE775,True,NO APPARENT INJURY,NONE,NOT DISTRACTED,PASSENGER,STARTING FROM PARKED,East,SUPERFICIAL,0,False,False,1,2218989146364011,210037460,Montgomery County Police,Property Damage ,False,East,1,2,LEVEL,False,False,DRIVER,HEAD ON,WET,DAYLIGHT,NO CONTROLS,NON INTERSECTION,UNKNOWN,STRAIGHT,NO DEFECTS,"TWO-WAY, DIVIDED, UNPROTECTED PAINTED MIN 4 FEET",38.992006,-77.015447,887072325756327,9350669945485554,0,0,0,2021092213,7703596439001907,Ford,2021,F150,Standard Pickup Trucks 4WD,6.0,3.5,Automatic 10,4WD,Regular Gasoline,16,24,SILVER SPRING AVE,County,CARROLL LA,County,9350669945485554,20910,SILVER SPRING,82846.1568889,126320091.137,39.00190768010143,-77.03596497235911,22.8965,97.30672,0.5,0.5,0.0,15.30741,131.18582,210922137035990019,2021-09-22 13:00:00,13,PM,265,2,Wednesday,0,9,September,2021,0,Unknown
MCP2766006C,D26084C42BB74B68824F0A6E1FDAC5DD,True,NO APPARENT INJURY,NONE,LOOKED BUT DID NOT SEE,PASSENGER,MOVING CONSTANT SPEED,South,FUNCTIONAL,35,False,False,3,5271481992104993,210037495,Montgomery County Police,Injury ,False,South,3,3,GRADE DOWNHILL,False,False,DRIVER,STRAIGHT MOVEMENT ANGLE,WET,DAYLIGHT,NO CONTROLS,INTERSECTION,T-INTERSECTION,STRAIGHT,NO DEFECTS,"TWO-WAY, DIVIDED, POSITIVE MEDIAN BARRIER",39.07817167,-77.07186667,8554262040045692,1242379577104961,0,0,0,2021092216,7705486039088590,Chevrolet,2001,Silverado,Standard Pickup Trucks 2WD,8.0,4.3,Automatic 4,AWD,Regular Gasoline,14,16,GEORGIA AVE,Maryland (State),RALPH RD,County,1242379577104961,20906,SILVER SPRING,133207.174949,359110751.771,39.08859082555049,-77.05486091907257,22.082499,99.39222,1.5,1.5,0.0,17.974781,147.26479,210922167054890885,2021-09-22 16:00:00,16,PM,265,2,Wednesday,0,9,September,2021,0,Unknown
MCP2766006C,1F940FB42164495B98C34BDCE7EC930F,False,NO APPARENT INJURY,NONE,NOT DISTRACTED,PASSENGER,MAKING U TURN,South,DISABLING,35,False,False,3,9242760632388261,210037495,Montgomery County Police,Injury ,False,South,3,3,GRADE DOWNHILL,False,False,DRIVER,STRAIGHT MOVEMENT ANGLE,WET,DAYLIGHT,NO CONTROLS,INTERSECTION,T-INTERSECTION,STRAIGHT,NO DEFECTS,"TWO-WAY, DIVIDED, POSITIVE MEDIAN BARRIER",39.07817167,-77.07186667,8554262040045692,1242379577104961,0,0,0,2021092216,7705486039088590,Nissan,2010,Maxima,Midsize Cars,6.0,3.5,Automatic 6,FWD,Premium Gasoline,19,26,GEORGIA AVE,Maryland (State),RALPH RD,County,1242379577104961,20906,SILVER SPRING,133207.174949,359110751.771,39.08859082555049,-77.05486091907257,22.082499,99.39222,1.5,1.5,0.0,17.974781,147.26479,210922167054890885,2021-09-22 16:00:00,16,PM,265,2,Wednesday,0,9,September,2021,0,Unknown
MCP2766006C,38C1C410508F431CA0853CFE02058CE7,False,POSSIBLE INJURY,NONE,NOT DISTRACTED,PASSENGER,MAKING LEFT TURN,North,DISABLING,35,False,False,3,2156627441323004,210037495,Montgomery County Police,Injury ,False,South,3,3,GRADE DOWNHILL,False,False,DRIVER,STRAIGHT MOVEMENT ANGLE,WET,DAYLIGHT,NO CONTROLS,INTERSECTION,T-INTERSECTION,STRAIGHT,NO DEFECTS,"TWO-WAY, DIVIDED, POSITIVE MEDIAN BARRIER",39.07817167,-77.07186667,8554262040045692,1242379577104961,0,0,0,2021092216,7705486039088590,BMW,2011,X3,Sport Utility Vehicle - 4WD,6.0,3.0,Automatic 8,AWD,Premium Gasoline,19,25,GEORGIA AVE,Maryland (State),RALPH RD,County,1242379577104961,20906,SILVER SPRING,133207.174949,359110751.771,39.08859082555049,-77.05486091907257,22.082499,99.39222,1.5,1.5,0.0,17.974781,147.26479,210922167054890885,2021-09-22 16:00:00,16,PM,265,2,Wednesday,0,9,September,2021,0,Unknown
MCP242500H1,4CE930DA55FC47A4AB946AC2ABBCD60F,True,NO APPARENT INJURY,NONE,UNKNOWN,PASSENGER,SLOWING OR STOPPING,North,DISABLING,35,False,False,2,4223640546324938,210037499,Montgomery County Police,Property Damage ,False,North,0,3,GRADE DOWNHILL,False,False,DRIVER,SAME DIR REAR END,WET,DAYLIGHT,NO CONTROLS,INTERCHANGE RELATED,Y-INTERSECTION,STRAIGHT,UNKNOWN,"TWO-WAY, DIVIDED, POSITIVE MEDIAN BARRIER",39.00300333,-77.07719833,1627793738140795,8169557694483571,0,0,0,2021092216,7707842038983818,Nissan,2015,Versa,Compact Cars,4.0,1.6,Automatic 4,FWD,Regular Gasoline,26,35,CONNECTICUT AVE,Maryland (State),RAMP 4 FR MD 185 NB TO IS 495 EB,Ramp,8169557694483571,20815,CHEVY CHASE,78258.2702851,151813895.483,38.98381860627773,-77.07842006190148,22.9245,93.52992,1.6,1.6,0.0,19.694992,149.21593,210922167078489838,2021-09-22 16:00:00,16,PM,265,2,Wednesday,0,9,September,2021,0,Unknown
MCP242500H1,0093BAE6D00747EE88D8658B723984F9,False,NO APPARENT INJURY,NONE,NOT DISTRACTED,PASSENGER,SLOWING OR STOPPING,North,FUNCTIONAL,35,False,False,2,1588476190584809,210037499,Montgomery County Police,Property Damage ,False,North,0,3,GRADE DOWNHILL,False,False,DRIVER,SAME DIR REAR END,WET,DAYLIGHT,NO CONTROLS,INTERCHANGE RELATED,Y-INTERSECTION,STRAIGHT,UNKNOWN,"TWO-WAY, DIVIDED, POSITIVE MEDIAN BARRIER",39.00300333,-77.07719833,1627793738140795,8169557694483571,0,0,0,2021092216,7707842038983818,Tesla,2021,Model 3,Midsize Cars,0.0,0.0,Automatic 1,AWD,Electricity,118,107,CONNECTICUT AVE,Maryland (State),RAMP 4 FR MD 185 NB TO IS 495 EB,Ramp,8169557694483571,20815,CHEVY CHASE,78258.2702851,151813895.483,38.98381860627773,-77.07842006190148,22.9245,93.52992,1.6,1.6,0.0,19.694992,149.21593,210922167078489838,2021-09-22 16:00:00,16,PM,265,2,Wednesday,0,9,September,2021,0,Unknown
MCP2693003Z,356F81DF95714850A6C8861C1997397A,True,NO APPARENT INJURY,UNKNOWN,UNKNOWN,PASSENGER,STARTING FROM PARKED,UNKNOWN,UNKNOWN,15,False,False,1,8278686888605801,210036256,Montgomery County Police,Property Damage ,True,UNKNOWN,0,0,UNKNOWN,True,True,DRIVER,OTHER,UNKNOWN,DAYLIGHT,UNKNOWN,UNKNOWN,UNKNOWN,UNKNOWN,UNKNOWN,UNKNOWN,39.08144265,-77.07823299,7781945108562677,7781945108562677,0,0,0,2021092217,7705486039088590,Ram,0,Unknown,Unknown,0.0,0.0,Unknown,Unknown,Unknown,0,0,UNKNOWN,UNKNOWN,UNKNOWN,UNKNOWN,7781945108562677,20906,SILVER SPRING,133207.174949,359110751.771,39.08859082555049,-77.05486091907257,22.5325,95.53471,1.1,1.1,0.0,20.497883,149.38147,210922177054890885,2021-09-22 17:00:00,17,PM,265,2,Wednesday,0,9,September,2021,0,Unknown
MCP2671002W,1C912566CFC8441B87E794C363C7D153,False,NO APPARENT INJURY,NONE,NOT DISTRACTED,PASSENGER,MOVING CONSTANT SPEED,East,DISABLING,5,False,False,2,8243785660235230,210037513,Montgomery County Police,Property Damage ,False,UNKNOWN,0,0,UNKNOWN,True,True,DRIVER,ANGLE MEETS RIGHT TURN,UNKNOWN,DAYLIGHT,NO CONTROLS,UNKNOWN,UNKNOWN,UNKNOWN,UNKNOWN,UNKNOWN,38.99658974,-77.0240496,7781945108562677,7781945108562677,0,0,0,2021092217,7703596439001907,Toyota,2016,Camry,Midsize Cars,4.0,2.5,Automatic 6,FWD,Regular Gasoline,21,30,UNKNOWN,UNKNOWN,UNKNOWN,UNKNOWN,7781945108562677,20910,SILVER SPRING,82846.1568889,126320091.137,39.00190768010143,-77.03596497235911,22.9965,92.68055,0.7,0.7,0.0,19.376562,144.83348,210922177035990019,2021-09-22 17:00:00,17,PM,265,2,Wednesday,0,9,September,2021,0,Unknown
MCP2671002W,AF7C87FF6474411691641AECED078C63,True,NO APPARENT INJURY,NONE,LOOKED BUT DID NOT SEE,PASSENGER,STARTING FROM LANE,North,SUPERFICIAL,5,False,False,2,9233316870926247,210037513,Montgomery County Police,Property Damage ,False,UNKNOWN,0,0,UNKNOWN,True,True,DRIVER,ANGLE MEETS RIGHT TURN,UNKNOWN,DAYLIGHT,NO CONTROLS,UNKNOWN,UNKNOWN,UNKNOWN,UNKNOWN,UNKNOWN,38.99658974,-77.0240496,7781945108562677,7781945108562677,0,0,0,2021092217,7703596439001907,Honda,2017,Odyssey,Minivan - 2WD,6.0,3.5,Automatic 6,FWD,Regular Gasoline,19,27,UNKNOWN,UNKNOWN,UNKNOWN,UNKNOWN,7781945108562677,20910,SILVER SPRING,82846.1568889,126320091.137,39.00190768010143,-77.03596497235911,22.9965,92.68055,0.7,0.7,0.0,19.376562,144.83348,210922177035990019,2021-09-22 17:00:00,17,PM,265,2,Wednesday,0,9,September,2021,0,Unknown
MCP2772001P,A74B0F5DC8A845F4A8DD8884479C84DB,True,NO APPARENT INJURY,NONE,UNKNOWN,PASSENGER,MAKING RIGHT TURN,North,SUPERFICIAL,35,False,False,2,1014617304470495,210037546,Montgomery County Police,Injury ,False,North,0,3,GRADE DOWNHILL,False,False,DRIVER,STRAIGHT MOVEMENT ANGLE,WET,DARK LIGHTS ON,TRAFFIC SIGNAL,INTERSECTION,FOUR-WAY INTERSECTION,STRAIGHT,NO DEFECTS,"TWO-WAY, DIVIDED, POSITIVE MEDIAN BARRIER",38.9757635,-77.12597783,1363718650800826,3134929711281422,0,0,0,2021092220,7715220038996189,Jeep,2020,Wrangler,Small Sport Utility Vehicle 4WD,6.0,3.6,Automatic 8,4WD,Regular Gasoline,21,22,RIVER RD,Maryland (State),WHITTIER BLVD,County,3134929711281422,20817,BETHESDA,143234.920079,403664948.588,38.996189145680184,-77.15220044157795,21.692999,100.0,0.2,0.2,0.0,17.25373,156.64442,210922207152289961,2021-09-22 20:00:00,20,PM,265,2,Wednesday,0,9,September,2021,0,Unknown
MCP2772001P,91CFC72CD6974EE799C1B3E36AFB26C0,False,POSSIBLE INJURY,NONE,NOT DISTRACTED,PASSENGER,STOPPED IN TRAFFIC LANE,West,DISABLING,30,False,False,2,1261607808038994,210037546,Montgomery County Police,Injury ,False,North,0,3,GRADE DOWNHILL,False,False,DRIVER,STRAIGHT MOVEMENT ANGLE,WET,DARK LIGHTS ON,TRAFFIC SIGNAL,INTERSECTION,FOUR-WAY INTERSECTION,STRAIGHT,NO DEFECTS,"TWO-WAY, DIVIDED, POSITIVE MEDIAN BARRIER",38.9757635,-77.12597783,1363718650800826,3134929711281422,0,0,0,2021092220,7715220038996189,Toyota,2006,Matrix,Small Station Wagons,4.0,1.8,Automatic 4,FWD,Regular Gasoline,22,29,RIVER RD,Maryland (State),WHITTIER BLVD,County,3134929711281422,20817,BETHESDA,143234.920079,403664948.588,38.996189145680184,-77.15220044157795,21.692999,100.0,0.2,0.2,0.0,17.25373,156.64442,210922207152289961,2021-09-22 20:00:00,20,PM,265,2,Wednesday,0,9,September,2021,0,Unknown
MCP3124004P,85EBFED98F484C9FA978F69FCB2B678E,True,NO APPARENT INJURY,NONE,NOT DISTRACTED,PASSENGER,SLOWING OR STOPPING,East,DISABLING,40,False,False,1,7004010121091503,210037549,Montgomery County Police,Property Damage ,False,East,1,3,LEVEL,False,False,DRIVER,SINGLE VEHICLE,WET,DARK LIGHTS ON,UNKNOWN,NON INTERSECTION,UNKNOWN,STRAIGHT,NO DEFECTS,"TWO-WAY, DIVIDED, POSITIVE MEDIAN BARRIER",39.06668333,-77.03088667,8073720238398338,7128679915172456,0,0,0,2021092221,7705486039088590,Honda,2013,Civic,Compact Cars,4.0,1.8,Automatic 5,FWD,Regular Gasoline,28,31,RANDOLPH RD,County,KEMP MILL RD,County,7128679915172456,20906,SILVER SPRING,133207.174949,359110751.771,39.08859082555049,-77.05486091907257,21.932499,99.69537,7.0,7.0,0.0,18.171976,146.3099,210922217054890885,2021-09-22 21:00:00,21,PM,265,2,Wednesday,0,9,September,2021,0,Unknown
MCP31300040,EDB0A46FA5C44D2CAB4EE9A3F3350F9A,False,NO APPARENT INJURY,NONE,LOOKED BUT DID NOT SEE,PASSENGER,ACCELERATING,East,NO DAMAGE,35,False,False,1,3798729412130289,210037566,Montgomery County Police,Injury ,False,North,2,3,LEVEL,False,False,NONMOTORIST,SINGLE VEHICLE,WET,DAWN,TRAFFIC SIGNAL,INTERSECTION,FOUR-WAY INTERSECTION,STRAIGHT,NO DEFECTS,"TWO-WAY, DIVIDED, POSITIVE MEDIAN BARRIER",39.08033167,-77.08037,1627793738140795,4115245564239867,1,1,0,2021092307,7705486039088590,GMC,2007,Savana Cargo,"Vans, Cargo Type",8.0,5.3,Automatic 4,RWD,Regular Gasoline,13,17,CONNECTICUT AVE,Maryland (State),ASPEN HILL RD,County,4115245564239867,20906,SILVER SPRING,133207.174949,359110751.771,39.08859082555049,-77.05486091907257,18.7825,99.68799,6.9,6.9,0.0,14.799459,288.43503,210923077054890885,2021-09-23 07:00:00,7,AM,266,3,Thursday,0,9,September,2021,0,Unknown
MCP3296000P,C8C94DAB5BE54ADAB820E6E8EC83CECA,False,SUSPECTED MINOR INJURY,NONE,UNKNOWN,PASSENGER,SLOWING OR STOPPING,South,DISABLING,35,False,False,3,2408098594952899,210037600,Montgomery County Police,Injury ,False,South,2,3,LEVEL,False,False,DRIVER,SAME DIR REAR END,DRY,DAYLIGHT,TRAFFIC SIGNAL,NON INTERSECTION,UNKNOWN,STRAIGHT,NO DEFECTS,"TWO-WAY, DIVIDED, POSITIVE MEDIAN BARRIER",39.00056667,-77.03305667,8554262040045692,8356792977061148,0,0,0,2021092311,7703596439001907,Ford,2014,Focus,Compact Cars,4.0,2.0,Automatic 6,FWD,Regular Gasoline,26,36,GEORGIA AVE,Maryland (State),SPRING ST,County,8356792977061148,20910,SILVER SPRING,82846.1568889,126320091.137,39.00190768010143,-77.03596497235911,18.1965,83.45501,0.0,0.0,0.0,12.475961,316.16904,210923117035990019,2021-09-23 11:00:00,11,AM,266,3,Thursday,0,9,September,2021,0,Unknown
MCP3296000P,E70DF4F8D1DA4A598B1BF63B8595B47F,False,NO APPARENT INJURY,NONE,NOT DISTRACTED,PASSENGER,STARTING FROM LANE,South,FUNCTIONAL,35,False,False,3,3233063173565461,210037600,Montgomery County Police,Injury ,False,South,2,3,LEVEL,False,False,DRIVER,SAME DIR REAR END,DRY,DAYLIGHT,TRAFFIC SIGNAL,NON INTERSECTION,UNKNOWN,STRAIGHT,NO DEFECTS,"TWO-WAY, DIVIDED, POSITIVE MEDIAN BARRIER",39.00056667,-77.03305667,8554262040045692,8356792977061148,0,0,0,2021092311,7703596439001907,Toyota,0,Unknown,Unknown,0.0,0.0,Unknown,Unknown,Unknown,0,0,GEORGIA AVE,Maryland (State),SPRING ST,County,8356792977061148,20910,SILVER SPRING,82846.1568889,126320091.137,39.00190768010143,-77.03596497235911,18.1965,83.45501,0.0,0.0,0.0,12.475961,316.16904,210923117035990019,2021-09-23 11:00:00,11,AM,266,3,Thursday,0,9,September,2021,0,Unknown
MCP3296000P,3B0998D78D11495BA12237C0F366F9A1,True,NO APPARENT INJURY,NONE,INATTENTIVE OR LOST IN THOUGHT,PASSENGER,MOVING CONSTANT SPEED,South,DISABLING,35,False,False,3,2408098628508137,210037600,Montgomery County Police,Injury ,False,South,2,3,LEVEL,False,False,DRIVER,SAME DIR REAR END,DRY,DAYLIGHT,TRAFFIC SIGNAL,NON INTERSECTION,UNKNOWN,STRAIGHT,NO DEFECTS,"TWO-WAY, DIVIDED, POSITIVE MEDIAN BARRIER",39.00056667,-77.03305667,8554262040045692,8356792977061148,0,0,0,2021092311,7703596439001907,Ford,2016,Focus,Compact Cars,4.0,2.0,Automatic 6,FWD,Regular Gasoline,26,39,GEORGIA AVE,Maryland (State),SPRING ST,County,8356792977061148,20910,SILVER SPRING,82846.1568889,126320091.137,39.00190768010143,-77.03596497235911,18.1965,83.45501,0.0,0.0,0.0,12.475961,316.16904,210923117035990019,2021-09-23 11:00:00,11,AM,266,3,Thursday,0,9,September,2021,0,Unknown
MCP30380059,7E11D5D8E9954168A4F38D0B7DDAE341,True,NO APPARENT INJURY,NONE,LOOKED BUT DID NOT SEE,PASSENGER,SLOWING OR STOPPING,West,DISABLING,55,False,False,2,8771862990555967,210037318,Montgomery County Police,Property Damage ,False,West,1,4,LEVEL,False,False,DRIVER,SAME DIR REAR END,DRY,DAYLIGHT,NO CONTROLS,UNKNOWN,UNKNOWN,STRAIGHT,NO DEFECTS,"TWO-WAY, DIVIDED, POSITIVE MEDIAN BARRIER",39.01365151,-77.04712149,2262757322158515,5462079783001882,0,0,0,2021092315,7703596439001907,Genesis,0,Unknown,Unknown,0.0,0.0,Unknown,Unknown,Unknown,0,0,CAPITAL BELTWAY,Interstate (State),RAMP 8 FR MD 97 SB TO IS 495 WB,Ramp,5462079783001882,20910,SILVER SPRING,82846.1568889,126320091.137,39.00190768010143,-77.03596497235911,23.3965,49.224712,0.0,0.0,0.0,9.028754,246.50142,210923157035990019,2021-09-23 15:00:00,15,PM,266,3,Thursday,0,9,September,2021,0,Unknown
MCP30380059,A87BBC5286804630A325E907CDAE28DF,False,NO APPARENT INJURY,NONE,NOT DISTRACTED,PASSENGER,SLOWING OR STOPPING,West,FUNCTIONAL,55,False,False,2,5482037627609543,210037318,Montgomery County Police,Property Damage ,False,West,1,4,LEVEL,False,False,DRIVER,SAME DIR REAR END,DRY,DAYLIGHT,NO CONTROLS,UNKNOWN,UNKNOWN,STRAIGHT,NO DEFECTS,"TWO-WAY, DIVIDED, POSITIVE MEDIAN BARRIER",39.01365151,-77.04712149,2262757322158515,5462079783001882,0,0,0,2021092315,7703596439001907,Toyota,2021,Tacoma,Small Pickup Trucks 4WD,6.0,3.5,Automatic 6,4WD,Regular Gasoline,17,22,CAPITAL BELTWAY,Interstate (State),RAMP 8 FR MD 97 SB TO IS 495 WB,Ramp,5462079783001882,20910,SILVER SPRING,82846.1568889,126320091.137,39.00190768010143,-77.03596497235911,23.3965,49.224712,0.0,0.0,0.0,9.028754,246.50142,210923157035990019,2021-09-23 15:00:00,15,PM,266,3,Thursday,0,9,September,2021,0,Unknown
MCP289200B3,F9A7D7C4EFC049CFBEC9FAC7E46AECAE,True,POSSIBLE INJURY,NONE,NOT DISTRACTED,PASSENGER,MAKING LEFT TURN,South,DISABLING,35,False,False,2,6801964070250583,210037688,Montgomery County Police,Injury ,False,North,4,4,LEVEL,False,False,DRIVER,HEAD ON LEFT TURN,DRY,DAYLIGHT,NO CONTROLS,INTERSECTION,T-INTERSECTION,STRAIGHT,NO DEFECTS,"TWO-WAY, NOT DIVIDED",39.00016833,-77.02566833,7228418003688286,4638142522778982,0,0,0,2021092318,7703596439001907,Nissan,0,Unknown,Unknown,0.0,0.0,Unknown,Unknown,Unknown,0,0,COLESVILLE RD,US (State),NOYES DR,County,4638142522778982,20910,SILVER SPRING,82846.1568889,126320091.137,39.00190768010143,-77.03596497235911,22.7965,57.04087,0.0,0.0,0.0,3.671294,281.3099,210923187035990019,2021-09-23 18:00:00,18,PM,266,3,Thursday,0,9,September,2021,0,Unknown
MCP289200B3,DB2366216D794F60985926E02911E493,False,POSSIBLE INJURY,NONE,NOT DISTRACTED,PASSENGER,MOVING CONSTANT SPEED,North,DISABLING,35,False,False,2,8385899423333060,210037688,Montgomery County Police,Injury ,False,North,4,4,LEVEL,False,False,DRIVER,HEAD ON LEFT TURN,DRY,DAYLIGHT,NO CONTROLS,INTERSECTION,T-INTERSECTION,STRAIGHT,NO DEFECTS,"TWO-WAY, NOT DIVIDED",39.00016833,-77.02566833,7228418003688286,4638142522778982,0,0,0,2021092318,7703596439001907,Volkswagen,0,Unknown,Unknown,0.0,0.0,Unknown,Unknown,Unknown,0,0,COLESVILLE RD,US (State),NOYES DR,County,4638142522778982,20910,SILVER SPRING,82846.1568889,126320091.137,39.00190768010143,-77.03596497235911,22.7965,57.04087,0.0,0.0,0.0,3.671294,281.3099,210923187035990019,2021-09-23 18:00:00,18,PM,266,3,Thursday,0,9,September,2021,0,Unknown