ReportNumber,VehicleCrashKey,DriverAtFault,DriverInjurySeverity,DriverSubstanceAbuse,DriverDistractedBy,VehicleType,VehicleMovement,VehicleGoingDir,VehicleDamageExtent,SpeedLimit,ParkedVehicle,SubstanceAbuseContributed,VehiclesCrashedTotal,VehicleKey,LocalCaseNumber,AgencyName,ACRSReportType,HitRun,LaneDirection,LaneNumber,NumberOfLanes,RoadGrade,NonTraffic,OffRoadIncident,AccidentAtFault,CollisionType,SurfaceCondition,Light,TrafficControl,Junction,IntersectionType,RoadAlignment,RoadCondition,RoadDivision,Latitude,Longitude,RoadKey_x,CrossStreetKey,NonMotoristTotal,NonMotoristInjury,NonMotoristFatal,DateHourKey,LocationAreaKey,Make,Year_x,BaseModel,BodyClass,Cylinders,Displacement,Transmission,Drivetrain,FuelType,CityMPG,HighwayMPG,RoadName_x,RouteType_x,RoadName_y,RouteType_y,RoadKey_y,Zipcode,MailCity,ShapeLength,ShapeArea,CentroidLatitude,CentroidLongitude,Temperature,Humidity,Precipitation,Rain,Snow,WindSpeed,WindDirection,WeatherKey,Datetime,Hour,TimeOfDay,DayNumber,WeekDayNumber,WeekDayName,WeekendFlag,MonthNumber,MonthName,Year_y,HolidayFlag,HolidayName
MCP3163003Q,80CB3285589F4A3FA9F0D4DCF8D43867,True,NO APPARENT INJURY,NONE,LOOKED BUT DID NOT SEE,PASSENGER,MAKING LEFT TURN,North,FUNCTIONAL,35,False,False,2,7679050866365636,210038002,Montgomery County Police,Injury ,False,North,2,2,LEVEL,False,False,DRIVER,HEAD ON LEFT TURN,DRY,DARK LIGHTS ON,TRAFFIC SIGNAL,INTERSECTION,FOUR-WAY INTERSECTION,STRAIGHT,NO DEFECTS,"TWO-WAY, DIVIDED, UNPROTECTED PAINTED MIN 4 FEET",38.9444199,-77.11702333,8599911420118079,262975279829673,0,0,0,2021092519,7711806238956479,Saturn,0,Unknown,Unknown,0.0,0.0,Unknown,Unknown,Unknown,0,0,MACARTHUR BLVD,County,SANGAMORE RD,County,262975279829673,20816,BETHESDA,58716.1248449,117565480.431,38.95647982277882,-77.11806249046538,19.1475,75.664604,0.0,0.0,0.0,7.5942082,148.57048,210925197118089564,2021-09-25 19:00:00,19,PM,268,5,Saturday,1,9,September,2021,0,Unknown
MCP3163003Q,C1EC3132B2474F8597649EC31A44D981,False,NO APPARENT INJURY,NONE,NOT DISTRACTED,PASSENGER,MOVING CONSTANT SPEED,East,DISABLING,35,False,False,2,4595510051903263,210038002,Montgomery County Police,Injury ,False,North,2,2,LEVEL,False,False,DRIVER,HEAD ON LEFT TURN,DRY,DARK LIGHTS ON,TRAFFIC SIGNAL,INTERSECTION,FOUR-WAY INTERSECTION,STRAIGHT,NO DEFECTS,"TWO-WAY, DIVIDED, UNPROTECTED PAINTED MIN 4 FEET",38.9444199,-77.11702333,8599911420118079,262975279829673,0,0,0,2021092519,7711806238956479,Honda,0,Unknown,Unknown,0.0,0.0,Unknown,Unknown,Unknown,0,0,MACARTHUR BLVD,County,SANGAMORE RD,County,262975279829673,20816,BETHESDA,58716.1248449,117565480.431,38.95647982277882,-77.11806249046538,19.1475,75.664604,0.0,0.0,0.0,7.5942082,148.57048,210925197118089564,2021-09-25 19:00:00,19,PM,268,5,Saturday,1,9,September,2021,0,Unknown
MCP3030004D,E84360599E6B438492F6382151E3A522,True,NO APPARENT INJURY,UNKNOWN,LOOKED BUT DID NOT SEE,PASSENGER,MOVING CONSTANT SPEED,East,SUPERFICIAL,35,False,False,1,2404150018800698,210038005,Montgomery County Police,Injury ,False,East,1,1,LEVEL,False,False,DRIVER,SINGLE VEHICLE,DRY,DARK LIGHTS ON,TRAFFIC SIGNAL,INTERSECTION,FOUR-WAY INTERSECTION,STRAIGHT,NO DEFECTS,"TWO-WAY, DIVIDED, UNPROTECTED PAINTED MIN 4 FEET",38.9442785,-77.11691967,8599911420118079,262975279829673,1,1,0,2021092519,7711806238956479,Audi,0,Unknown,Unknown,0.0,0.0,Unknown,Unknown,Unknown,0,0,MACARTHUR BLVD,County,SANGAMORE RD,County,262975279829673,20816,BETHESDA,58716.1248449,117565480.431,38.95647982277882,-77.11806249046538,19.1475,75.664604,0.0,0.0,0.0,7.5942082,148.57048,210925197118089564,2021-09-25 19:00:00,19,PM,268,5,Saturday,1,9,September,2021,0,Unknown
MCP3197002K,87970ADF546D4B0995DB1FC37944E108,False,NO APPARENT INJURY,NONE,NOT DISTRACTED,PASSENGER,MOVING CONSTANT SPEED,South,FUNCTIONAL,35,False,False,3,9233316787038152,210038007,Montgomery County Police,Property Damage ,True,South,2,3,LEVEL,False,False,DRIVER,STRAIGHT MOVEMENT ANGLE,DRY,DARK LIGHTS ON,TRAFFIC SIGNAL,INTERSECTION RELATED,FOUR-WAY INTERSECTION,STRAIGHT,NO DEFECTS,"TWO-WAY, DIVIDED, POSITIVE MEDIAN BARRIER",39.06804733,-77.06124017,8554262040045692,342784259901357,0,0,0,2021092519,7705486039088590,Honda,2012,Odyssey,Minivan - 2WD,6.0,3.5,Automatic 5,FWD,Regular Gasoline,18,27,GEORGIA AVE,Maryland (State),HATHAWAY DR,County,342784259901357,20906,SILVER SPRING,133207.174949,359110751.771,39.08859082555049,-77.05486091907257,18.6325,74.85023,0.0,0.0,0.0,10.703569,132.27362,210925197054890885,2021-09-25 19:00:00,19,PM,268,5,Saturday,1,9,September,2021,0,Unknown
MCP3197002K,A488A5B04F974559937E40DBA2425F91,False,NO APPARENT INJURY,NONE,NOT DISTRACTED,PASSENGER,MOVING CONSTANT SPEED,South,DISABLING,35,False,False,3,5082261740017528,210038007,Montgomery County Police,Property Damage ,True,South,2,3,LEVEL,False,False,DRIVER,STRAIGHT MOVEMENT ANGLE,DRY,DARK LIGHTS ON,TRAFFIC SIGNAL,INTERSECTION RELATED,FOUR-WAY INTERSECTION,STRAIGHT,NO DEFECTS,"TWO-WAY, DIVIDED, POSITIVE MEDIAN BARRIER",39.06804733,-77.06124017,8554262040045692,342784259901357,0,0,0,2021092519,7705486039088590,Hyundai,2011,Elantra,Midsize Cars,4.0,1.8,Automatic 4,FWD,Regular Gasoline,23,30,GEORGIA AVE,Maryland (State),HATHAWAY DR,County,342784259901357,20906,SILVER SPRING,133207.174949,359110751.771,39.08859082555049,-77.05486091907257,18.6325,74.85023,0.0,0.0,0.0,10.703569,132.27362,210925197054890885,2021-09-25 19:00:00,19,PM,268,5,Saturday,1,9,September,2021,0,Unknown
MCP3197002K,D92FFDD14A42477ABB87EBB9B0717415,True,NO APPARENT INJURY,ALCOHOL,OTHER DISTRACTION,PASSENGER,MAKING LEFT TURN,North,FUNCTIONAL,35,False,True,3,2781967185194711,210038007,Montgomery County Police,Property Damage ,True,South,2,3,LEVEL,False,False,DRIVER,STRAIGHT MOVEMENT ANGLE,DRY,DARK LIGHTS ON,TRAFFIC SIGNAL,INTERSECTION RELATED,FOUR-WAY INTERSECTION,STRAIGHT,NO DEFECTS,"TWO-WAY, DIVIDED, POSITIVE MEDIAN BARRIER",39.06804733,-77.06124017,8554262040045692,342784259901357,0,0,0,2021092519,7705486039088590,Ford,2003,F150,Standard Pickup Trucks 2WD,8.0,5.4,Automatic 4,RWD,Regular Gasoline,13,17,GEORGIA AVE,Maryland (State),HATHAWAY DR,County,342784259901357,20906,SILVER SPRING,133207.174949,359110751.771,39.08859082555049,-77.05486091907257,18.6325,74.85023,0.0,0.0,0.0,10.703569,132.27362,210925197054890885,2021-09-25 19:00:00,19,PM,268,5,Saturday,1,9,September,2021,0,Unknown
DM85030006,D32D730B5B3D4971BAB704B09F7F1CFA,False,NO APPARENT INJURY,UNKNOWN,NOT DISTRACTED,PASSENGER,MOVING CONSTANT SPEED,South,DISABLING,30,False,False,2,1314430843980275,210038013,Takoma Park Police Depart,Property Damage ,False,North,1,1,LEVEL,False,False,DRIVER,STRAIGHT MOVEMENT ANGLE,DRY,DARK LIGHTS ON,TRAFFIC SIGNAL,INTERSECTION,FOUR-WAY INTERSECTION,STRAIGHT,UNKNOWN,"TWO-WAY, DIVIDED, UNPROTECTED PAINTED MIN 4 FEET",38.98324,-77.01548,5799511491379277,7883959838840872,0,0,0,2021092520,7700204038982546,Toyota,2008,Corolla,Compact Cars,4.0,1.8,Automatic 4,FWD,Regular Gasoline,26,35,PHILADELPHIA AVE,Maryland (State),PINEY BRANCH RD,Maryland (State),7883959838840872,20912,TAKOMA PARK,51232.0653417,65209197.2692,38.98254687160147,-77.00204079343348,18.198,71.675644,0.0,0.0,0.0,7.9932966,215.83774,210925207002089825,2021-09-25 20:00:00,20,PM,268,5,Saturday,1,9,September,2021,0,Unknown
DM85030006,E0C993CB3ECA4310A989A2134C6B446E,True,NO APPARENT INJURY,UNKNOWN,UNKNOWN,PASSENGER,MOVING CONSTANT SPEED,East,DISABLING,30,False,False,2,2556346046221429,210038013,Takoma Park Police Depart,Property Damage ,False,North,1,1,LEVEL,False,False,DRIVER,STRAIGHT MOVEMENT ANGLE,DRY,DARK LIGHTS ON,TRAFFIC SIGNAL,INTERSECTION,FOUR-WAY INTERSECTION,STRAIGHT,UNKNOWN,"TWO-WAY, DIVIDED, UNPROTECTED PAINTED MIN 4 FEET",38.98324,-77.01548,5799511491379277,7883959838840872,0,0,0,2021092520,7700204038982546,Ford,2016,Fusion,Midsize Cars,4.0,2.0,Automatic 6,FWD,Regular Gasoline,22,36,PHILADELPHIA AVE,Maryland (State),PINEY BRANCH RD,Maryland (State),7883959838840872,20912,TAKOMA PARK,51232.0653417,65209197.2692,38.98254687160147,-77.00204079343348,18.198,71.675644,0.0,0.0,0.0,7.9932966,215.83774,210925207002089825,2021-09-25 20:00:00,20,PM,268,5,Saturday,1,9,September,2021,0,Unknown
MCP2723005T,5F7791E05D0E40ECA663C371A173CFD8,False,NO APPARENT INJURY,NONE,UNKNOWN,PASSENGER,MAKING RIGHT TURN,North,FUNCTIONAL,45,False,False,2,7871367587015522,210038021,Montgomery County Police,Property Damage ,False,East,3,3,LEVEL,False,False,UNKNOWN,STRAIGHT MOVEMENT ANGLE,DRY,DARK LIGHTS ON,TRAFFIC SIGNAL,INTERSECTION,FOUR-WAY INTERSECTION,STRAIGHT,NO DEFECTS,"TWO-WAY, NOT DIVIDED",39.05588496,-77.08228425,8073720238398338,9290911226978796,0,0,0,2021092520,7705486039088590,Toyota,2017,RAV4,Small Sport Utility Vehicle 4WD,4.0,2.5,Automatic 6,AWD,Regular Gasoline,22,28,RANDOLPH RD,County,VEIRS MILL RD,Maryland (State),9290911226978796,20906,SILVER SPRING,133207.174949,359110751.771,39.08859082555049,-77.05486091907257,18.0325,71.87977,0.0,0.0,0.0,7.7043357,217.40543,210925207054890885,2021-09-25 20:00:00,20,PM,268,5,Saturday,1,9,September,2021,0,Unknown
MCP2723005T,4CBE0F42B608404DB60CD5B359743C51,False,NO APPARENT INJURY,NONE,UNKNOWN,PASSENGER,MOVING CONSTANT SPEED,East,DISABLING,45,False,False,2,1093417202524063,210038021,Montgomery County Police,Property Damage ,False,East,3,3,LEVEL,False,False,UNKNOWN,STRAIGHT MOVEMENT ANGLE,DRY,DARK LIGHTS ON,TRAFFIC SIGNAL,INTERSECTION,FOUR-WAY INTERSECTION,STRAIGHT,NO DEFECTS,"TWO-WAY, NOT DIVIDED",39.05588496,-77.08228425,8073720238398338,9290911226978796,0,0,0,2021092520,7705486039088590,Toyota,2013,Sienna,Minivan - 2WD,6.0,3.5,Automatic 6,FWD,Regular Gasoline,16,23,RANDOLPH RD,County,VEIRS MILL RD,Maryland (State),9290911226978796,20906,SILVER SPRING,133207.174949,359110751.771,39.08859082555049,-77.05486091907257,18.0325,71.87977,0.0,0.0,0.0,7.7043357,217.40543,210925207054890885,2021-09-25 20:00:00,20,PM,268,5,Saturday,1,9,September,2021,0,Unknown
MCP32570033,B100DB60F98948C8A7F382205CA1CA7D,True,SUSPECTED MINOR INJURY,NONE,UNKNOWN,PASSENGER,MOVING CONSTANT SPEED,South,DESTROYED,40,False,False,1,2408098695618613,210038030,Montgomery County Police,Injury ,False,South,2,3,HILL UPHILL,False,False,DRIVER,SINGLE VEHICLE,DRY,DARK LIGHTS ON,NO CONTROLS,NON INTERSECTION,UNKNOWN,STRAIGHT,NO DEFECTS,"TWO-WAY, DIVIDED, POSITIVE MEDIAN BARRIER",39.03933393,-77.07588853,1627793738140795,3977719113483138,0,0,0,2021092522,7707527239025656,Ford,2012,Focus,Compact Cars,4.0,2.0,Automatic 6,FWD,Regular Gasoline,27,35,CONNECTICUT AVE,Maryland (State),DENFELD AVE,County,3977719113483138,20895,KENSINGTON,70838.1492765,106180148.023,39.02565657266069,-77.07527294437958,16.2455,79.2464,0.0,0.0,0.0,7.5170207,253.30067,210925227075290256,2021-09-25 22:00:00,22,PM,268,5,Saturday,1,9,September,2021,0,Unknown
MCP27200069,E1365D8B08904020BB89D38B0632D516,True,NO APPARENT INJURY,ALCOHOL,NOT DISTRACTED,PASSENGER,MOVING CONSTANT SPEED,North,DISABLING,25,False,False,1,1014617287692876,210038041,Montgomery County Police,Property Damage ,False,North,1,1,HILL UPHILL,False,False,DRIVER,SAME DIR REAR END,DRY,DARK LIGHTS ON,NO CONTROLS,NON INTERSECTION,UNKNOWN,STRAIGHT,NO DEFECTS,"TWO-WAY, NOT DIVIDED",39.06321,-77.05877667,2621126212252104,6810999407365995,0,0,0,2021092600,7705486039088590,Jeep,2021,Wrangler,Small Sport Utility Vehicle 4WD,6.0,3.6,Automatic 8,4WD,Regular Gasoline,17,24,HOLDRIDGE RD,County,DENLEY RD,County,6810999407365995,20906,SILVER SPRING,133207.174949,359110751.771,39.08859082555049,-77.05486091907257,15.9825,74.155914,0.0,0.0,0.0,12.313893,285.25516,210926007054890885,2021-09-26 00:00:00,0,AM,269,6,Sunday,1,9,September,2021,0,Unknown
MCP32080022,4482325190A24D0DB0C4E0B8F4E663E4,False,NO APPARENT INJURY,UNKNOWN,UNKNOWN,PASSENGER,MOVING CONSTANT SPEED,North,DESTROYED,45,False,False,2,8892869415288246,210038053,Montgomery County Police,Injury ,False,North,1,3,LEVEL,False,False,DRIVER,ANGLE MEETS LEFT TURN,DRY,DARK LIGHTS ON,NO CONTROLS,INTERSECTION,FOUR-WAY INTERSECTION,STRAIGHT,NO DEFECTS,"TWO-WAY, DIVIDED, POSITIVE MEDIAN BARRIER",39.024545,-76.97948667,8901981419077344,6386169147853509,0,0,0,2021092603,7698354239018293,Land Rover,0,Unknown,Unknown,0.0,0.0,Unknown,Unknown,Unknown,0,0,NEW HAMPSHIRE AVE,Maryland (State),OVERLOOK DR,County,6386169147853509,20903,SILVER SPRING,50204.7192451,65972447.4483,39.01829365940637,-76.9835422251861,15.6345005,78.89844,0.0,0.0,0.0,16.179987,302.27563,210926036983590182,2021-09-26 03:00:00,3,AM,269,6,Sunday,1,9,September,2021,0,Unknown
MCP32080022,2EF4246D3D6B4B1F85281BC98632CEFE,True,SUSPECTED SERIOUS INJURY,UNKNOWN,UNKNOWN,PASSENGER,MAKING LEFT TURN,East,DESTROYED,40,False,False,2,1852659855875778,210038053,Montgomery County Police,Injury ,False,North,1,3,LEVEL,False,False,DRIVER,ANGLE MEETS LEFT TURN,DRY,DARK LIGHTS ON,NO CONTROLS,INTERSECTION,FOUR-WAY INTERSECTION,STRAIGHT,NO DEFECTS,"TWO-WAY, DIVIDED, POSITIVE MEDIAN BARRIER",39.024545,-76.97948667,8901981419077344,6386169147853509,0,0,0,2021092603,7698354239018293,Hyundai,2021,Tucson,Small Sport Utility Vehicle 2WD,4.0,2.0,Automatic 6,AWD,Regular Gasoline,22,28,NEW HAMPSHIRE AVE,Maryland (State),OVERLOOK DR,County,6386169147853509,20903,SILVER SPRING,50204.7192451,65972447.4483,39.01829365940637,-76.9835422251861,15.6345005,78.89844,0.0,0.0,0.0,16.179987,302.27563,210926036983590182,2021-09-26 03:00:00,3,AM,269,6,Sunday,1,9,September,2021,0,Unknown
MCP1048005Q,4D721836AAD244788623BA06F33BD9A6,True,NO APPARENT INJURY,UNKNOWN,UNKNOWN,PASSENGER,MOVING CONSTANT SPEED,South,FUNCTIONAL,55,False,False,2,1143200118883287,210038369,Montgomery County Police,Injury ,False,South,3,3,LEVEL,False,False,DRIVER,SAME DIR REAR END,DRY,DAYLIGHT,NO CONTROLS,NON INTERSECTION,UNKNOWN,STRAIGHT,NO DEFECTS,"TWO-WAY, DIVIDED, POSITIVE MEDIAN BARRIER",39.03066278,-77.12693877,1257986858156867,4494898042244063,0,0,0,2021092608,7715220038996189,Hyundai,0,Unknown,Unknown,0.0,0.0,Unknown,Unknown,Unknown,0,0,EISENHOWER MEMORIAL HWY,Interstate (State),OLD GEORGETOWN RD,Maryland (State),4494898042244063,20817,BETHESDA,143234.920079,403664948.588,38.996189145680184,-77.15220044157795,14.092999,88.91941,0.0,0.0,0.0,9.693296,291.80148,210926087152289961,2021-09-26 08:00:00,8,AM,269,6,Sunday,1,9,September,2021,0,Unknown
MCP1048005Q,0DAA7F81BD814653A3AC8B060D102D61,False,POSSIBLE INJURY,UNKNOWN,NOT DISTRACTED,PASSENGER,MOVING CONSTANT SPEED,South,FUNCTIONAL,55,False,False,2,2104491202713395,210038369,Montgomery County Police,Injury ,False,South,3,3,LEVEL,False,False,DRIVER,SAME DIR REAR END,DRY,DAYLIGHT,NO CONTROLS,NON INTERSECTION,UNKNOWN,STRAIGHT,NO DEFECTS,"TWO-WAY, DIVIDED, POSITIVE MEDIAN BARRIER",39.03066278,-77.12693877,1257986858156867,4494898042244063,0,0,0,2021092608,7715220038996189,Cadillac,2001,Seville,Midsize Cars,8.0,4.6,Automatic 4,FWD,Premium Gasoline,15,25,EISENHOWER MEMORIAL HWY,Interstate (State),OLD GEORGETOWN RD,Maryland (State),4494898042244063,20817,BETHESDA,143234.920079,403664948.588,38.996189145680184,-77.15220044157795,14.092999,88.91941,0.0,0.0,0.0,9.693296,291.80148,210926087152289961,2021-09-26 08:00:00,8,AM,269,6,Sunday,1,9,September,2021,0,Unknown
MCP1227001G,5241BB9094F1414A8CAB277A15B9B578,True,FATAL INJURY,NONE,UNKNOWN,MOTORCYCLE,MOVING CONSTANT SPEED,South,DESTROYED,40,False,False,2,8561479754374579,210038093,Montgomery County Police,Fatal ,False,South,2,3,LEVEL,False,False,DRIVER,HEAD ON LEFT TURN,DRY,DAYLIGHT,TRAFFIC SIGNAL,INTERSECTION,FOUR-WAY INTERSECTION,STRAIGHT,NO DEFECTS,"TWO-WAY, DIVIDED, POSITIVE MEDIAN BARRIER",39.00684919,-76.98033238,8901981419077344,8167083179141368,0,0,0,2021092614,7698354239018293,BMW,2015,7 Series,Large Cars,8.0,4.4,Automatic 8,RWD,Premium Gasoline,16,24,NEW HAMPSHIRE AVE,Maryland (State),MONTGOMERY CO/L,UNKNOWN,8167083179141368,20903,SILVER SPRING,50204.7192451,65972447.4483,39.01829365940637,-76.9835422251861,21.8345,39.46527,0.0,0.0,0.0,16.42247,296.0033,210926146983590182,2021-09-26 14:00:00,14,PM,269,6,Sunday,1,9,September,2021,0,Unknown
MCP1227001G,D74935FA2ABC41F2B4C16C14400A7884,False,SUSPECTED MINOR INJURY,NONE,UNKNOWN,PASSENGER,MAKING LEFT TURN,North,DISABLING,40,False,False,2,1314430827202656,210038093,Montgomery County Police,Fatal ,False,South,2,3,LEVEL,False,False,DRIVER,HEAD ON LEFT TURN,DRY,DAYLIGHT,TRAFFIC SIGNAL,INTERSECTION,FOUR-WAY INTERSECTION,STRAIGHT,NO DEFECTS,"TWO-WAY, DIVIDED, POSITIVE MEDIAN BARRIER",39.00684919,-76.98033238,8901981419077344,8167083179141368,0,0,0,2021092614,7698354239018293,Toyota,2009,Corolla,Compact Cars,4.0,1.8,Manual 5,FWD,Regular Gasoline,22,30,NEW HAMPSHIRE AVE,Maryland (State),MONTGOMERY CO/L,UNKNOWN,8167083179141368,20903,SILVER SPRING,50204.7192451,65972447.4483,39.01829365940637,-76.9835422251861,21.8345,39.46527,0.0,0.0,0.0,16.42247,296.0033,210926146983590182,2021-09-26 14:00:00,14,PM,269,6,Sunday,1,9,September,2021,0,Unknown
MCP15500031,212312ED30954258A797DF582A37C593,True,NO APPARENT INJURY,NONE,NOT DISTRACTED,PASSENGER,MAKING LEFT TURN,North,DISABLING,35,False,False,2,7956982482085323,210038095,Montgomery County Police,Property Damage ,False,East,1,2,LEVEL,False,False,DRIVER,STRAIGHT MOVEMENT ANGLE,DRY,DAYLIGHT,NO CONTROLS,NON INTERSECTION,UNKNOWN,STRAIGHT,NO DEFECTS,"TWO-WAY, NOT DIVIDED",38.992915,-77.09640333,3774978101447126,7307765282026999,0,0,0,2021092614,7710072538987731,Chevrolet,2021,Equinox,Small Sport Utility Vehicle 2WD,4.0,1.5,Automatic 6,AWD,Regular Gasoline,25,30,BATTERY LA,County,WISCONSIN AVE,Maryland (State),7307765282026999,20814,BETHESDA,46411.6876883,47837334.4314,38.98773167577017,-77.10072590539887,21.8985,39.214878,0.0,0.0,0.0,16.42247,296.0033,210926147100789877,2021-09-26 14:00:00,14,PM,269,6,Sunday,1,9,September,2021,0,Unknown
MCP15500031,1F6BD12228424DF48D48A5B6A59F5B05,False,NO APPARENT INJURY,NONE,NOT DISTRACTED,PASSENGER,MOVING CONSTANT SPEED,West,FUNCTIONAL,35,False,False,2,502837853329903,210038095,Montgomery County Police,Property Damage ,False,East,1,2,LEVEL,False,False,DRIVER,STRAIGHT MOVEMENT ANGLE,DRY,DAYLIGHT,NO CONTROLS,NON INTERSECTION,UNKNOWN,STRAIGHT,NO DEFECTS,"TWO-WAY, NOT DIVIDED",38.992915,-77.09640333,3774978101447126,7307765282026999,0,0,0,2021092614,7710072538987731,Chevrolet,2013,Impala,Large Cars,6.0,3.6,Automatic 6,FWD,Regular Gasoline,18,28,BATTERY LA,County,WISCONSIN AVE,Maryland (State),7307765282026999,20814,BETHESDA,46411.6876883,47837334.4314,38.98773167577017,-77.10072590539887,21.8985,39.214878,0.0,0.0,0.0,16.42247,296.0033,210926147100789877,2021-09-26 14:00:00,14,PM,269,6,Sunday,1,9,September,2021,0,Unknown
MCP3301000H,804E67D203E7473A957EA7A70DBD5341,True,NO APPARENT INJURY,UNKNOWN,NO DRIVER PRESENT,PASSENGER,PARKING,UNKNOWN,NO DAMAGE,5,False,False,2,660615385035114,210038110,Montgomery County Police,Property Damage ,True,UNKNOWN,0,0,UNKNOWN,True,True,DRIVER,OTHER,UNKNOWN,DAYLIGHT,NO CONTROLS,UNKNOWN,UNKNOWN,UNKNOWN,UNKNOWN,UNKNOWN,38.99732833,-76.992045,7781945108562677,7781945108562677,0,0,0,2021092615,7698354239018293,Ford,0,Unknown,Unknown,0.0,0.0,Unknown,Unknown,Unknown,0,0,UNKNOWN,UNKNOWN,UNKNOWN,UNKNOWN,7781945108562677,20903,SILVER SPRING,50204.7192451,65972447.4483,39.01829365940637,-76.9835422251861,22.4345,37.919136,0.0,0.0,0.0,14.934577,285.3763,210926156983590182,2021-09-26 15:00:00,15,PM,269,6,Sunday,1,9,September,2021,0,Unknown
MCP3301000H,BA99145E02F14DBFA713E6AFD8C98E95,False,NO APPARENT INJURY,NONE,NOT DISTRACTED,PASSENGER,PARKED,UNKNOWN,SUPERFICIAL,0,True,False,2,4595510051903263,210038110,Montgomery County Police,Property Damage ,True,UNKNOWN,0,0,UNKNOWN,True,True,DRIVER,OTHER,UNKNOWN,DAYLIGHT,NO CONTROLS,UNKNOWN,UNKNOWN,UNKNOWN,UNKNOWN,UNKNOWN,38.99732833,-76.992045,7781945108562677,7781945108562677,0,0,0,2021092615,7698354239018293,Honda,0,Unknown,Unknown,0.0,0.0,Unknown,Unknown,Unknown,0,0,UNKNOWN,UNKNOWN,UNKNOWN,UNKNOWN,7781945108562677,20903,SILVER SPRING,50204.7192451,65972447.4483,39.01829365940637,-76.9835422251861,22.4345,37.919136,0.0,0.0,0.0,14.934577,285.3763,210926156983590182,2021-09-26 15:00:00,15,PM,269,6,Sunday,1,9,September,2021,0,Unknown
MCP3223000Z,66D3BB4A0BEF4264AA2292EC88673D72,False,NO APPARENT INJURY,NONE,NOT DISTRACTED,PASSENGER,ACCELERATING,East,SUPERFICIAL,35,False,False,2,170151856875869,210038160,Montgomery County Police,Property Damage ,True,East,3,3,LEVEL,False,False,DRIVER,STRAIGHT MOVEMENT ANGLE,DRY,DARK LIGHTS ON,UNKNOWN,INTERSECTION,T-INTERSECTION,STRAIGHT,NO DEFECTS,"TWO-WAY, DIVIDED, POSITIVE MEDIAN BARRIER",38.99994435,-76.99072284,7883959838840872,4977678367391385,0,0,0,2021092700,7698354239018293,Jeep,2013,Wrangler,Small Sport Utility Vehicle 4WD,6.0,3.6,Automatic 5,4WD,Regular Gasoline,16,21,PINEY BRANCH RD,Maryland (State),CARROLL AVE,County,4977678367391385,20903,SILVER SPRING,50204.7192451,65972447.4483,39.01829365940637,-76.9835422251861,15.0345,67.36267,0.0,0.0,0.0,9.028754,265.42615,210927006983590182,2021-09-27 00:00:00,0,AM,270,0,Monday,0,9,September,2021,0,Unknown
MCP3223000Z,CBB782CCC30048058BA45E4AB545AD41,True,NO APPARENT INJURY,UNKNOWN,UNKNOWN,PASSENGER,PASSING,South,DISABLING,35,False,False,2,2815627334450566,210038160,Montgomery County Police,Property Damage ,True,East,3,3,LEVEL,False,False,DRIVER,STRAIGHT MOVEMENT ANGLE,DRY,DARK LIGHTS ON,UNKNOWN,INTERSECTION,T-INTERSECTION,STRAIGHT,NO DEFECTS,"TWO-WAY, DIVIDED, POSITIVE MEDIAN BARRIER",38.99994435,-76.99072284,7883959838840872,4977678367391385,0,0,0,2021092700,7698354239018293,Honda,2010,Accord,Compact Cars,4.0,2.4,Automatic 5,FWD,Regular Gasoline,19,31,PINEY BRANCH RD,Maryland (State),CARROLL AVE,County,4977678367391385,20903,SILVER SPRING,50204.7192451,65972447.4483,39.01829365940637,-76.9835422251861,15.0345,67.36267,0.0,0.0,0.0,9.028754,265.42615,210927006983590182,2021-09-27 00:00:00,0,AM,270,0,Monday,0,9,September,2021,0,Unknown
MCP3296000Q,A48D505180B94FBBA3C16A4F1A5A87AD,True,NO APPARENT INJURY,NONE,UNKNOWN,PASSENGER,MOVING CONSTANT SPEED,South,DESTROYED,35,False,False,4,9136040171915457,210038183,Montgomery County Police,Property Damage ,False,South,1,7,LEVEL,False,False,DRIVER,SAME DIRECTION RIGHT TURN,DRY,DAYLIGHT,OTHER,NON INTERSECTION,UNKNOWN,STRAIGHT,NO DEFECTS,"TWO-WAY, NOT DIVIDED",39.01022167,-77.04074667,8554262040045692,3141001782990517,0,0,0,2021092708,7703596439001907,BMW,2018,4 Series,Compact Cars,6.0,3.0,Automatic 8,RWD,Premium Gasoline,21,29,GEORGIA AVE,Maryland (State),WHITE OAK DR,County,3141001782990517,20910,SILVER SPRING,82846.1568889,126320091.137,39.00190768010143,-77.03596497235911,14.1965,76.615395,0.0,0.0,0.0,8.435069,309.8055,210927087035990019,2021-09-27 08:00:00,8,AM,270,0,Monday,0,9,September,2021,0,Unknown