ReportNumber,VehicleCrashKey,DriverAtFault,DriverInjurySeverity,DriverSubstanceAbuse,DriverDistractedBy,VehicleType,VehicleMovement,VehicleGoingDir,VehicleDamageExtent,SpeedLimit,ParkedVehicle,SubstanceAbuseContributed,VehiclesCrashedTotal,VehicleKey,LocalCaseNumber,AgencyName,ACRSReportType,HitRun,LaneDirection,LaneNumber,NumberOfLanes,RoadGrade,NonTraffic,OffRoadIncident,AccidentAtFault,CollisionType,SurfaceCondition,Light,TrafficControl,Junction,IntersectionType,RoadAlignment,RoadCondition,RoadDivision,Latitude,Longitude,RoadKey_x,CrossStreetKey,NonMotoristTotal,NonMotoristInjury,NonMotoristFatal,DateHourKey,LocationAreaKey,Make,Year_x,BaseModel,BodyClass,Cylinders,Displacement,Transmission,Drivetrain,FuelType,CityMPG,HighwayMPG,RoadName_x,RouteType_x,RoadName_y,RouteType_y,RoadKey_y,Zipcode,MailCity,ShapeLength,ShapeArea,CentroidLatitude,CentroidLongitude,Temperature,Humidity,Precipitation,Rain,Snow,WindSpeed,WindDirection,WeatherKey,Datetime,Hour,TimeOfDay,DayNumber,WeekDayNumber,WeekDayName,WeekendFlag,MonthNumber,MonthName,Year_y,HolidayFlag,HolidayName
MCP2039006Q,CD3113EDAF8C40C5B69ABF6BE0D9BB16,True,NO APPARENT INJURY,UNKNOWN,NOT DISTRACTED,PASSENGER,SLOWING OR STOPPING,West,DISABLING,35,False,False,3,6502835524785677,210038931,Montgomery County Police,Property Damage ,False,West,1,1,LEVEL,False,False,DRIVER,SAME DIR REAR END,DRY,DAYLIGHT,UNKNOWN,NON INTERSECTION,UNKNOWN,STRAIGHT,NO DEFECTS,"TWO-WAY, DIVIDED, UNPROTECTED PAINTED MIN 4 FEET",39.11246167,-77.06409833,418179445979580,170090271737160,0,0,0,2021100109,7705486039088590,Nissan,2010,Sentra,Midsize Cars,4.0,2.0,Manual 6,FWD,Regular Gasoline,24,28,NORBECK RD,Maryland (State),BAILEYS LA,County,170090271737160,20906,SILVER SPRING,133207.174949,359110751.771,39.08859082555049,-77.05486091907257,13.4325,69.82206,0.0,0.0,0.0,3.8268526,41.185837,211001097054890885,2021-10-01 09:00:00,9,AM,274,4,Friday,0,10,October,2021,0,Unknown
MCP2039006Q,0A03291461664A0EB776CFBA6725ABE5,False,NO APPARENT INJURY,UNKNOWN,NOT DISTRACTED,PASSENGER,SLOWING OR STOPPING,West,FUNCTIONAL,35,False,False,3,6326503041648931,210038931,Montgomery County Police,Property Damage ,False,West,1,1,LEVEL,False,False,DRIVER,SAME DIR REAR END,DRY,DAYLIGHT,UNKNOWN,NON INTERSECTION,UNKNOWN,STRAIGHT,NO DEFECTS,"TWO-WAY, DIVIDED, UNPROTECTED PAINTED MIN 4 FEET",39.11246167,-77.06409833,418179445979580,170090271737160,0,0,0,2021100109,7705486039088590,Toyota,2014,Tacoma,Small Pickup Trucks 2WD,4.0,2.7,Automatic 4,4WD,Regular Gasoline,16,21,NORBECK RD,Maryland (State),BAILEYS LA,County,170090271737160,20906,SILVER SPRING,133207.174949,359110751.771,39.08859082555049,-77.05486091907257,13.4325,69.82206,0.0,0.0,0.0,3.8268526,41.185837,211001097054890885,2021-10-01 09:00:00,9,AM,274,4,Friday,0,10,October,2021,0,Unknown
MCP2039006Q,A2E9F851F36A472CB042D4A81C18A2E4,False,NO APPARENT INJURY,UNKNOWN,NOT DISTRACTED,PASSENGER,SLOWING OR STOPPING,West,FUNCTIONAL,35,False,False,3,7004010104313884,210038931,Montgomery County Police,Property Damage ,False,West,1,1,LEVEL,False,False,DRIVER,SAME DIR REAR END,DRY,DAYLIGHT,UNKNOWN,NON INTERSECTION,UNKNOWN,STRAIGHT,NO DEFECTS,"TWO-WAY, DIVIDED, UNPROTECTED PAINTED MIN 4 FEET",39.11246167,-77.06409833,418179445979580,170090271737160,0,0,0,2021100109,7705486039088590,Honda,2012,Civic,Compact Cars,4.0,1.8,Automatic 5,FWD,Regular Gasoline,28,38,NORBECK RD,Maryland (State),BAILEYS LA,County,170090271737160,20906,SILVER SPRING,133207.174949,359110751.771,39.08859082555049,-77.05486091907257,13.4325,69.82206,0.0,0.0,0.0,3.8268526,41.185837,211001097054890885,2021-10-01 09:00:00,9,AM,274,4,Friday,0,10,October,2021,0,Unknown
MCP30630039,0CA99D985FDE4FBA902F33F87FEDAD6F,True,NO APPARENT INJURY,NONE,LOOKED BUT DID NOT SEE,PASSENGER,CHANGING LANES,South,DISABLING,35,False,False,2,8814876059084752,210038955,Montgomery County Police,Property Damage ,False,South,3,3,LEVEL,False,False,DRIVER,SAME DIRECTION SIDESWIPE,DRY,DAYLIGHT,NO CONTROLS,INTERSECTION,OTHER,STRAIGHT,NO DEFECTS,"TWO-WAY, DIVIDED, POSITIVE MEDIAN BARRIER",39.00227833,-77.03522833,8554262040045692,4638142522778982,0,0,0,2021100113,7703596439001907,Infiniti,2008,G35,Midsize Cars,6.0,3.5,Automatic 5,RWD,Premium Gasoline,17,23,GEORGIA AVE,Maryland (State),NOYES DR,County,4638142522778982,20910,SILVER SPRING,82846.1568889,126320091.137,39.00190768010143,-77.03596497235911,19.2465,50.607826,0.0,0.0,0.0,2.8799999,270.0,211001137035990019,2021-10-01 13:00:00,13,PM,274,4,Friday,0,10,October,2021,0,Unknown
MCP30630039,5B9303F99E104B4BBF8652B354D0E64F,False,NO APPARENT INJURY,NONE,NOT DISTRACTED,PASSENGER,MOVING CONSTANT SPEED,South,SUPERFICIAL,35,False,False,2,751452905815289,210038955,Montgomery County Police,Property Damage ,False,South,3,3,LEVEL,False,False,DRIVER,SAME DIRECTION SIDESWIPE,DRY,DAYLIGHT,NO CONTROLS,INTERSECTION,OTHER,STRAIGHT,NO DEFECTS,"TWO-WAY, DIVIDED, POSITIVE MEDIAN BARRIER",39.00227833,-77.03522833,8554262040045692,4638142522778982,0,0,0,2021100113,7703596439001907,Toyota,2020,Corolla,Compact Cars,4.0,2.0,Automatic 10,FWD,Regular Gasoline,29,38,GEORGIA AVE,Maryland (State),NOYES DR,County,4638142522778982,20910,SILVER SPRING,82846.1568889,126320091.137,39.00190768010143,-77.03596497235911,19.2465,50.607826,0.0,0.0,0.0,2.8799999,270.0,211001137035990019,2021-10-01 13:00:00,13,PM,274,4,Friday,0,10,October,2021,0,Unknown
MCP26120045,A3C9F1BDFD2E47F08B5AF17BCF2A8684,True,NO APPARENT INJURY,NONE,UNKNOWN,PASSENGER,SLOWING OR STOPPING,North,FUNCTIONAL,35,False,False,2,2556345945555715,210038958,Montgomery County Police,Injury ,False,North,0,6,LEVEL,False,False,DRIVER,SAME DIR REAR END,DRY,DAYLIGHT,TRAFFIC SIGNAL,INTERSECTION RELATED,FOUR-WAY INTERSECTION,STRAIGHT,NO DEFECTS,"TWO-WAY, DIVIDED, POSITIVE MEDIAN BARRIER",39.08003735,-77.08049077,1627793738140795,4115245564239867,0,0,0,2021100113,7705486039088590,Ford,2010,Fusion,Midsize Cars,4.0,2.5,Automatic 6,FWD,Regular Gasoline,22,27,CONNECTICUT AVE,Maryland (State),ASPEN HILL RD,County,4115245564239867,20906,SILVER SPRING,133207.174949,359110751.771,39.08859082555049,-77.05486091907257,19.3825,49.29318,0.0,0.0,0.0,4.379589,260.53775,211001137054890885,2021-10-01 13:00:00,13,PM,274,4,Friday,0,10,October,2021,0,Unknown
MCP26120045,69C20E056615400F88B53B4BE35296C3,False,POSSIBLE INJURY,NONE,NOT DISTRACTED,PASSENGER,STOPPED IN TRAFFIC LANE,North,FUNCTIONAL,35,False,False,2,5457129227402383,210038958,Montgomery County Police,Injury ,False,North,0,6,LEVEL,False,False,DRIVER,SAME DIR REAR END,DRY,DAYLIGHT,TRAFFIC SIGNAL,INTERSECTION RELATED,FOUR-WAY INTERSECTION,STRAIGHT,NO DEFECTS,"TWO-WAY, DIVIDED, POSITIVE MEDIAN BARRIER",39.08003735,-77.08049077,1627793738140795,4115245564239867,0,0,0,2021100113,7705486039088590,Lexus,2007,RX,Sport Utility Vehicle - 2WD,6.0,3.5,Automatic 5,AWD,Premium Gasoline,17,22,CONNECTICUT AVE,Maryland (State),ASPEN HILL RD,County,4115245564239867,20906,SILVER SPRING,133207.174949,359110751.771,39.08859082555049,-77.05486091907257,19.3825,49.29318,0.0,0.0,0.0,4.379589,260.53775,211001137054890885,2021-10-01 13:00:00,13,PM,274,4,Friday,0,10,October,2021,0,Unknown
MCP3129003C,A9A16AE3E80F439DA64C346DF6E4D0D8,True,NO APPARENT INJURY,UNKNOWN,LOOKED BUT DID NOT SEE,PASSENGER,MAKING LEFT TURN,West,NO DAMAGE,5,False,False,1,7026902005199944,210038993,Montgomery County Police,Property Damage ,True,UNKNOWN,0,0,UNKNOWN,True,True,DRIVER,SAME DIRECTION SIDESWIPE,UNKNOWN,DAYLIGHT,UNKNOWN,UNKNOWN,UNKNOWN,UNKNOWN,UNKNOWN,UNKNOWN,39.09080336,-77.04574115,7781945108562677,7781945108562677,0,0,0,2021100114,7705486039088590,Toyota,2020,RAV4,Small Sport Utility Vehicle 4WD,4.0,2.5,Automatic 8,AWD,Regular Gasoline,27,33,UNKNOWN,UNKNOWN,UNKNOWN,UNKNOWN,7781945108562677,20906,SILVER SPRING,133207.174949,359110751.771,39.08859082555049,-77.05486091907257,20.182499,47.707382,0.0,0.0,0.0,6.130579,266.6336,211001147054890885,2021-10-01 14:00:00,14,PM,274,4,Friday,0,10,October,2021,0,Unknown
MCP3200003V,F8700728DF8A4343A68DDFFCF2A16890,True,NO APPARENT INJURY,NONE,UNKNOWN,PASSENGER,MOVING CONSTANT SPEED,South,FUNCTIONAL,25,False,False,2,5509911616531726,210039001,Montgomery County Police,Property Damage ,False,South,1,1,LEVEL,False,False,DRIVER,STRAIGHT MOVEMENT ANGLE,DRY,DAYLIGHT,STOP SIGN,INTERSECTION,FOUR-WAY INTERSECTION,STRAIGHT,NO DEFECTS,"TWO-WAY, DIVIDED, POSITIVE MEDIAN BARRIER",39.0085995,-77.12648267,771314140730042,473831843966087,0,0,0,2021100115,7715220038996189,Kia,2022,Telluride,Small Sport Utility Vehicle 2WD,6.0,3.8,Automatic 8,AWD,Regular Gasoline,19,24,WILMETT RD,County,BULLS RUN PKWY,County,473831843966087,20817,BETHESDA,143234.920079,403664948.588,38.996189145680184,-77.15220044157795,21.043,46.670925,0.0,0.0,0.0,5.8048253,299.74478,211001157152289961,2021-10-01 15:00:00,15,PM,274,4,Friday,0,10,October,2021,0,Unknown
MCP3200003V,40AEE4534DD649E2B399D268941BB7E5,False,NO APPARENT INJURY,NONE,NOT DISTRACTED,PASSENGER,MOVING CONSTANT SPEED,West,DISABLING,25,False,False,2,7871367620570760,210039001,Montgomery County Police,Property Damage ,False,South,1,1,LEVEL,False,False,DRIVER,STRAIGHT MOVEMENT ANGLE,DRY,DAYLIGHT,STOP SIGN,INTERSECTION,FOUR-WAY INTERSECTION,STRAIGHT,NO DEFECTS,"TWO-WAY, DIVIDED, POSITIVE MEDIAN BARRIER",39.0085995,-77.12648267,771314140730042,473831843966087,0,0,0,2021100115,7715220038996189,Toyota,2019,RAV4,Small Sport Utility Vehicle 4WD,4.0,2.5,Automatic 8,AWD,Regular Gasoline,25,33,WILMETT RD,County,BULLS RUN PKWY,County,473831843966087,20817,BETHESDA,143234.920079,403664948.588,38.996189145680184,-77.15220044157795,21.043,46.670925,0.0,0.0,0.0,5.8048253,299.74478,211001157152289961,2021-10-01 15:00:00,15,PM,274,4,Friday,0,10,October,2021,0,Unknown
MCP1235003F,6A4AC4DF24AA41448DD225B74C6275B9,False,NO APPARENT INJURY,NONE,NOT DISTRACTED,PASSENGER,MOVING CONSTANT SPEED,North,SUPERFICIAL,40,False,False,2,8243785693790468,210038999,Montgomery County Police,Property Damage ,False,North,1,3,HILL CREST,False,False,DRIVER,SAME DIRECTION SIDESWIPE,DRY,DAYLIGHT,NO CONTROLS,NON INTERSECTION,UNKNOWN,STRAIGHT,NO DEFECTS,"TWO-WAY, DIVIDED, UNPROTECTED PAINTED MIN 4 FEET",39.01185,-76.97868667,8901981419077344,2997347885756929,0,0,0,2021100115,7698354239018293,Toyota,2010,Camry,Midsize Cars,4.0,2.5,Automatic 6,FWD,Regular Gasoline,22,28,NEW HAMPSHIRE AVE,Maryland (State),ADELPHI RD,County,2997347885756929,20903,SILVER SPRING,50204.7192451,65972447.4483,39.01829365940637,-76.9835422251861,20.7845,46.757034,0.0,0.0,0.0,6.2145634,280.0079,211001156983590182,2021-10-01 15:00:00,15,PM,274,4,Friday,0,10,October,2021,0,Unknown
MCP1235003F,151839A8389046BA8C19DBC1CDF52214,True,NO APPARENT INJURY,NONE,NOT DISTRACTED,PASSENGER,CHANGING LANES,North,SUPERFICIAL,40,False,False,2,7285498184182570,210038999,Montgomery County Police,Property Damage ,False,North,1,3,HILL CREST,False,False,DRIVER,SAME DIRECTION SIDESWIPE,DRY,DAYLIGHT,NO CONTROLS,NON INTERSECTION,UNKNOWN,STRAIGHT,NO DEFECTS,"TWO-WAY, DIVIDED, UNPROTECTED PAINTED MIN 4 FEET",39.01185,-76.97868667,8901981419077344,2997347885756929,0,0,0,2021100115,7698354239018293,Honda,2007,Civic,Subcompact Cars,4.0,1.8,Automatic 5,FWD,Regular Gasoline,20,36,NEW HAMPSHIRE AVE,Maryland (State),ADELPHI RD,County,2997347885756929,20903,SILVER SPRING,50204.7192451,65972447.4483,39.01829365940637,-76.9835422251861,20.7845,46.757034,0.0,0.0,0.0,6.2145634,280.0079,211001156983590182,2021-10-01 15:00:00,15,PM,274,4,Friday,0,10,October,2021,0,Unknown
MCP2601000X,31ED68BC482B459F8EC3B2FA9B7C57A9,True,NO APPARENT INJURY,UNKNOWN,UNKNOWN,PASSENGER,MOVING CONSTANT SPEED,South,DISABLING,40,False,False,2,7004010037203408,210039028,Montgomery County Police,Property Damage ,True,South,3,3,LEVEL,False,False,DRIVER,SAME DIR REAR END,DRY,UNKNOWN,NO CONTROLS,NON INTERSECTION,UNKNOWN,STRAIGHT,NO DEFECTS,"TWO-WAY, DIVIDED, POSITIVE MEDIAN BARRIER",39.03581667,-76.98880667,8901981419077344,1843891028405792,0,0,0,2021100118,7698354239018293,Honda,2016,Civic,Compact Cars,4.0,2.0,Automatic CVT,FWD,Regular Gasoline,30,37,NEW HAMPSHIRE AVE,Maryland (State),MCCENEY AVE,County,1843891028405792,20903,SILVER SPRING,50204.7192451,65972447.4483,39.01829365940637,-76.9835422251861,19.1845,67.76962,0.0,0.0,0.0,3.0547013,315.0001,211001186983590182,2021-10-01 18:00:00,18,PM,274,4,Friday,0,10,October,2021,0,Unknown
MCP2601000X,D886120104814A3F8BC4B7F2B69681AF,False,NO APPARENT INJURY,UNKNOWN,NOT DISTRACTED,PASSENGER,SLOWING OR STOPPING,South,FUNCTIONAL,40,False,False,2,8640615994727924,210039028,Montgomery County Police,Property Damage ,True,South,3,3,LEVEL,False,False,DRIVER,SAME DIR REAR END,DRY,UNKNOWN,NO CONTROLS,NON INTERSECTION,UNKNOWN,STRAIGHT,NO DEFECTS,"TWO-WAY, DIVIDED, POSITIVE MEDIAN BARRIER",39.03581667,-76.98880667,8901981419077344,1843891028405792,0,0,0,2021100118,7698354239018293,Dodge,2008,Durango,Sport Utility Vehicle - 2WD,8.0,4.7,Automatic 5,RWD,Regular Gasoline,13,19,NEW HAMPSHIRE AVE,Maryland (State),MCCENEY AVE,County,1843891028405792,20903,SILVER SPRING,50204.7192451,65972447.4483,39.01829365940637,-76.9835422251861,19.1845,67.76962,0.0,0.0,0.0,3.0547013,315.0001,211001186983590182,2021-10-01 18:00:00,18,PM,274,4,Friday,0,10,October,2021,0,Unknown
MCP3275000Z,D8ED9639DDA647F7B85469506B3B952F,False,NO APPARENT INJURY,NONE,NOT DISTRACTED,PASSENGER,MOVING CONSTANT SPEED,North,SUPERFICIAL,35,False,False,2,846658578915828,210039065,Montgomery County Police,Property Damage ,True,North,1,3,LEVEL,False,False,UNKNOWN,SAME DIRECTION LEFT TURN,DRY,DARK LIGHTS ON,NO CONTROLS,INTERSECTION RELATED,FOUR-WAY INTERSECTION,STRAIGHT,NO DEFECTS,"TWO-WAY, DIVIDED, POSITIVE MEDIAN BARRIER",38.97670047,-77.07751449,1627793738140795,5391224867493716,0,0,0,2021100119,7707842038983818,Subaru,2010,Forester,Sport Utility Vehicle - 4WD,4.0,2.5,Automatic 4,AWD,Regular Gasoline,20,24,CONNECTICUT AVE,Maryland (State),BRADLEY LA,Municipality,5391224867493716,20815,CHEVY CHASE,78258.2702851,151813895.483,38.98381860627773,-77.07842006190148,17.0245,73.12405,0.0,0.0,0.0,6.12,28.072395,211001197078489838,2021-10-01 19:00:00,19,PM,274,4,Friday,0,10,October,2021,0,Unknown
MCP3275000Z,9BB16C5089724A70AC4DFA38C5B16EBD,False,NO APPARENT INJURY,UNKNOWN,UNKNOWN,OTHER,CHANGING LANES,North,NO DAMAGE,35,False,False,2,538750871661668,210039065,Montgomery County Police,Property Damage ,True,North,1,3,LEVEL,False,False,UNKNOWN,SAME DIRECTION LEFT TURN,DRY,DARK LIGHTS ON,NO CONTROLS,INTERSECTION RELATED,FOUR-WAY INTERSECTION,STRAIGHT,NO DEFECTS,"TWO-WAY, DIVIDED, POSITIVE MEDIAN BARRIER",38.97670047,-77.07751449,1627793738140795,5391224867493716,0,0,0,2021100119,7707842038983818,Lexus,2013,ES,Midsize Cars,4.0,2.5,Automatic 6,FWD,Regular Gasoline,21,30,CONNECTICUT AVE,Maryland (State),BRADLEY LA,Municipality,5391224867493716,20815,CHEVY CHASE,78258.2702851,151813895.483,38.98381860627773,-77.07842006190148,17.0245,73.12405,0.0,0.0,0.0,6.12,28.072395,211001197078489838,2021-10-01 19:00:00,19,PM,274,4,Friday,0,10,October,2021,0,Unknown
MCP28550048,2C8033828B854E3187D83E00C68E9221,True,NO APPARENT INJURY,NONE,LOOKED BUT DID NOT SEE,PASSENGER,CHANGING LANES,South,FUNCTIONAL,35,False,False,3,8243785559569516,210039042,Montgomery County Police,Property Damage ,True,South,2,3,LEVEL,False,False,DRIVER,SAME DIRECTION SIDESWIPE,DRY,DARK LIGHTS ON,TRAFFIC SIGNAL,INTERSECTION,FOUR-WAY INTERSECTION,STRAIGHT,NO DEFECTS,"TWO-WAY, DIVIDED, UNPROTECTED PAINTED MIN 4 FEET",38.99680167,-77.02780767,2838165004721940,8554262040045692,0,0,0,2021100119,7703596439001907,Toyota,2018,Camry,Midsize Cars,4.0,2.5,Automatic 8,FWD,Regular Gasoline,22,39,COLESVILLE RD,Maryland (State),GEORGIA AVE,Maryland (State),8554262040045692,20910,SILVER SPRING,82846.1568889,126320091.137,39.00190768010143,-77.03596497235911,16.9465,73.110176,0.0,0.0,0.0,6.12,28.072395,211001197035990019,2021-10-01 19:00:00,19,PM,274,4,Friday,0,10,October,2021,0,Unknown
MCP28550048,F66844B4AEAF42129629111F568564A4,True,NO APPARENT INJURY,UNKNOWN,UNKNOWN,UNKNOWN,ACCELERATING,South,UNKNOWN,35,False,False,3,8168321465439775,210039042,Montgomery County Police,Property Damage ,True,South,2,3,LEVEL,False,False,DRIVER,SAME DIRECTION SIDESWIPE,DRY,DARK LIGHTS ON,TRAFFIC SIGNAL,INTERSECTION,FOUR-WAY INTERSECTION,STRAIGHT,NO DEFECTS,"TWO-WAY, DIVIDED, UNPROTECTED PAINTED MIN 4 FEET",38.99680167,-77.02780767,2838165004721940,8554262040045692,0,0,0,2021100119,7703596439001907,Unknown,0,Unknown,Unknown,0.0,0.0,Unknown,Unknown,Unknown,0,0,COLESVILLE RD,Maryland (State),GEORGIA AVE,Maryland (State),8554262040045692,20910,SILVER SPRING,82846.1568889,126320091.137,39.00190768010143,-77.03596497235911,16.9465,73.110176,0.0,0.0,0.0,6.12,28.072395,211001197035990019,2021-10-01 19:00:00,19,PM,274,4,Friday,0,10,October,2021,0,Unknown
MCP28550048,5BBC54C5E548475BB4FB65BC52E68185,False,NO APPARENT INJURY,NONE,NOT DISTRACTED,PASSENGER,MOVING CONSTANT SPEED,South,FUNCTIONAL,35,False,False,3,4026219477484965,210039042,Montgomery County Police,Property Damage ,True,South,2,3,LEVEL,False,False,DRIVER,SAME DIRECTION SIDESWIPE,DRY,DARK LIGHTS ON,TRAFFIC SIGNAL,INTERSECTION,FOUR-WAY INTERSECTION,STRAIGHT,NO DEFECTS,"TWO-WAY, DIVIDED, UNPROTECTED PAINTED MIN 4 FEET",38.99680167,-77.02780767,2838165004721940,8554262040045692,0,0,0,2021100119,7703596439001907,Toyota,2019,C-HR,Compact Cars,4.0,2.0,Automatic 7,FWD,Regular Gasoline,27,31,COLESVILLE RD,Maryland (State),GEORGIA AVE,Maryland (State),8554262040045692,20910,SILVER SPRING,82846.1568889,126320091.137,39.00190768010143,-77.03596497235911,16.9465,73.110176,0.0,0.0,0.0,6.12,28.072395,211001197035990019,2021-10-01 19:00:00,19,PM,274,4,Friday,0,10,October,2021,0,Unknown
MCP3280001F,E1CD50CCE31B4BBFA94837059C743C31,True,NO APPARENT INJURY,ALCOHOL,INATTENTIVE OR LOST IN THOUGHT,PASSENGER,MOVING CONSTANT SPEED,South,DISABLING,25,False,False,1,4004012499529310,210039105,Montgomery County Police,Property Damage ,True,North,1,2,LEVEL,False,False,DRIVER,HEAD ON,DRY,DARK -- UNKNOWN LIGHTING,NO CONTROLS,NON INTERSECTION,UNKNOWN,STRAIGHT,NO DEFECTS,"TWO-WAY, NOT DIVIDED",39.029275,-76.98957,7793864548463294,8865548530191134,0,0,0,2021100204,7698354239018293,Lexus,2019,IS,Compact Cars,6.0,3.5,Automatic 6,AWD,Premium Gasoline,19,26,SCHINDLER DR,County,RUPPERT RD,County,8865548530191134,20903,SILVER SPRING,50204.7192451,65972447.4483,39.01829365940637,-76.9835422251861,13.0345,93.65238,0.0,0.0,0.0,5.4833565,203.19862,211002046983590182,2021-10-02 04:00:00,4,AM,275,5,Saturday,1,10,October,2021,0,Unknown
MCP32740011,BC402E283C914F3C8164C623A2929DFF,True,SUSPECTED MINOR INJURY,NONE,OTHER DISTRACTION,PASSENGER,MOVING CONSTANT SPEED,South,DISABLING,35,False,False,1,2464557911212163,210039096,Montgomery County Police,Injury ,False,South,1,1,LEVEL,False,False,DRIVER,SINGLE VEHICLE,DRY,DARK LIGHTS ON,NO CONTROLS,UNKNOWN,UNKNOWN,CURVE LEFT,NO DEFECTS,ONE-WAY TRAFFICWAY,38.97056833,-77.147385,9254684682423465,5755741923731534,0,0,0,2021100204,7714293738966626,Scion,2005,tC,Subcompact Cars,4.0,2.4,Automatic 4,FWD,Regular Gasoline,19,27,CLARA BARTON PKWY (OUT OF SIGHT LANE),Government,CLARA BARTON PKWY,Government,5755741923731534,20812,GLEN ECHO,14504.5065128,9810937.0741,38.966626952792325,-77.14293743494022,13.907,95.860146,0.0,0.0,0.0,7.172949,197.52567,211002047142989666,2021-10-02 04:00:00,4,AM,275,5,Saturday,1,10,October,2021,0,Unknown
MCP3280001D,AE04267D1B6340019961F78A11D4BAB2,True,POSSIBLE INJURY,NONE,UNKNOWN,PASSENGER,UNKNOWN,South,DISABLING,30,False,False,1,784325933198589,210039099,Montgomery County Police,Injury ,False,South,2,5,HILL UPHILL,False,False,DRIVER,SINGLE VEHICLE,DRY,DAYLIGHT,NO CONTROLS,RESIDENTIAL DRIVEWAY,UNKNOWN,CURVE LEFT,NO DEFECTS,"TWO-WAY, NOT DIVIDED WITH A CONTINUOUS LEFT TURN",39.00120833,-76.98589,7883959838840872,5089337550561535,0,0,0,2021100207,7698354239018293,Chevrolet,2006,Impala,Large Cars,6.0,3.9,Automatic 4,FWD,Regular Gasoline,17,23,PINEY BRANCH RD,Maryland (State),PRINCE GEORGES CO/L,UNKNOWN,5089337550561535,20903,SILVER SPRING,50204.7192451,65972447.4483,39.01829365940637,-76.9835422251861,12.3345,97.724236,0.0,0.0,0.0,5.937272,194.03627,211002076983590182,2021-10-02 07:00:00,7,AM,275,5,Saturday,1,10,October,2021,0,Unknown
MCP31110046,E0111199720949E480E8F3572BABFE25,True,NO APPARENT INJURY,NONE,LOOKED BUT DID NOT SEE,PASSENGER,MAKING RIGHT TURN,West,SUPERFICIAL,30,False,False,1,6326503242980359,210039107,Montgomery County Police,Injury ,False,North,1,1,LEVEL,False,False,DRIVER,SINGLE VEHICLE,DRY,DAYLIGHT,NO CONTROLS,COMMERCIAL DRIVEWAY,UNKNOWN,STRAIGHT,NO DEFECTS,"TWO-WAY, NOT DIVIDED",38.97496403,-77.16327455,8599911420118079,5184661279552727,1,1,0,2021100209,7716110538973139,Toyota,2018,Tacoma,Small Pickup Trucks 4WD,6.0,3.5,Automatic 6,4WD,Regular Gasoline,17,22,MACARTHUR BLVD,County,79TH ST,County,5184661279552727,20818,CABIN JOHN,31103.2351564,35996828.3577,38.973139992753595,-77.1611053215196,15.814,85.374535,0.0,0.0,0.0,6.193674,215.53777,211002097161189731,2021-10-02 09:00:00,9,AM,275,5,Saturday,1,10,October,2021,0,Unknown
MCP3153002X,C6C18E452B5D4C5497C6EFEEAD61FDC9,True,NO APPARENT INJURY,NONE,INATTENTIVE OR LOST IN THOUGHT,PASSENGER,CHANGING LANES,West,DISABLING,45,False,False,2,5651757887089033,210039123,Montgomery County Police,Property Damage ,False,West,2,2,GRADE DOWNHILL,False,False,DRIVER,SAME DIR REAR END,DRY,DAYLIGHT,TRAFFIC SIGNAL,INTERSECTION RELATED,T-INTERSECTION,STRAIGHT,NO DEFECTS,"TWO-WAY, DIVIDED, POSITIVE MEDIAN BARRIER",39.05975,-77.08879,9290911226978796,9425066222700658,0,0,0,2021100211,7705486039088590,Subaru,2016,WRX,Compact Cars,4.0,2.0,Manual 6,AWD,Premium Gasoline,17,23,VEIRS MILL RD,Maryland (State),TURKEY BRANCH PKWY,County,9425066222700658,20906,SILVER SPRING,133207.174949,359110751.771,39.08859082555049,-77.05486091907257,19.682499,70.3374,0.0,0.0,0.0,7.386582,226.97493,211002117054890885,2021-10-02 11:00:00,11,AM,275,5,Saturday,1,10,October,2021,0,Unknown
MCP3153002X,2B06517F973C466E84C9F426B82AD438,False,NO APPARENT INJURY,NONE,NOT DISTRACTED,PASSENGER,STOPPED IN TRAFFIC LANE,West,DISABLING,45,False,False,2,776190528463450,210039123,Montgomery County Police,Property Damage ,False,West,2,2,GRADE DOWNHILL,False,False,DRIVER,SAME DIR REAR END,DRY,DAYLIGHT,TRAFFIC SIGNAL,INTERSECTION RELATED,T-INTERSECTION,STRAIGHT,NO DEFECTS,"TWO-WAY, DIVIDED, POSITIVE MEDIAN BARRIER",39.05975,-77.08879,9290911226978796,9425066222700658,0,0,0,2021100211,7705486039088590,BMW,2016,Z4,Two Seaters,4.0,2.0,Automatic 7,RWD,Premium Gasoline,17,23,VEIRS MILL RD,Maryland (State),TURKEY BRANCH PKWY,County,9425066222700658,20906,SILVER SPRING,133207.174949,359110751.771,39.08859082555049,-77.05486091907257,19.682499,70.3374,0.0,0.0,0.0,7.386582,226.97493,211002117054890885,2021-10-02 11:00:00,11,AM,275,5,Saturday,1,10,October,2021,0,Unknown
MCP2182002T,0A239E84C5564645ABD583892A5A28FA,True,NO APPARENT INJURY,NONE,NOT DISTRACTED,PASSENGER,MOVING CONSTANT SPEED,East,DISABLING,25,False,False,1,6221347545582705,210039130,Montgomery County Police,Property Damage ,False,East,1,2,GRADE DOWNHILL,False,False,DRIVER,SAME DIRECTION SIDESWIPE,DRY,DAYLIGHT,UNKNOWN,UNKNOWN,UNKNOWN,STRAIGHT,NO DEFECTS,"TWO-WAY, NOT DIVIDED",39.06818824,-77.06616711,388377803167212,4302505377088240,0,0,0,2021100212,7705486039088590,Nissan,2007,Sentra,Midsize Cars,4.0,2.0,Automatic CVT,FWD,Regular Gasoline,24,29,KAYSON ST,County,MATEY RD,County,4302505377088240,20906,SILVER SPRING,133207.174949,359110751.771,39.08859082555049,-77.05486091907257,21.5325,62.962086,0.0,0.0,0.0,6.989936,235.49141,211002127054890885,2021-10-02 12:00:00,12,PM,275,5,Saturday,1,10,October,2021,0,Unknown