ReportNumber,VehicleCrashKey,DriverAtFault,DriverInjurySeverity,DriverSubstanceAbuse,DriverDistractedBy,VehicleType,VehicleMovement,VehicleGoingDir,VehicleDamageExtent,SpeedLimit,ParkedVehicle,SubstanceAbuseContributed,VehiclesCrashedTotal,VehicleKey,LocalCaseNumber,AgencyName,ACRSReportType,HitRun,LaneDirection,LaneNumber,NumberOfLanes,RoadGrade,NonTraffic,OffRoadIncident,AccidentAtFault,CollisionType,SurfaceCondition,Light,TrafficControl,Junction,IntersectionType,RoadAlignment,RoadCondition,RoadDivision,Latitude,Longitude,RoadKey_x,CrossStreetKey,NonMotoristTotal,NonMotoristInjury,NonMotoristFatal,DateHourKey,LocationAreaKey,Make,Year_x,BaseModel,BodyClass,Cylinders,Displacement,Transmission,Drivetrain,FuelType,CityMPG,HighwayMPG,RoadName_x,RouteType_x,RoadName_y,RouteType_y,RoadKey_y,Zipcode,MailCity,ShapeLength,ShapeArea,CentroidLatitude,CentroidLongitude,Temperature,Humidity,Precipitation,Rain,Snow,WindSpeed,WindDirection,WeatherKey,Datetime,Hour,TimeOfDay,DayNumber,WeekDayNumber,WeekDayName,WeekendFlag,MonthNumber,MonthName,Year_y,HolidayFlag,HolidayName
MCP3112005H,E2C2FD55DD8446D3A3139643B537F710,True,NO APPARENT INJURY,NONE,LOOKED BUT DID NOT SEE,PASSENGER,STARTING FROM PARKED,North,DISABLING,25,False,False,2,1032942915110160,210039627,Montgomery County Police,Property Damage ,False,North,3,3,LEVEL,False,False,DRIVER,SAME DIRECTION SIDESWIPE,DRY,DAYLIGHT,NO CONTROLS,NON INTERSECTION,UNKNOWN,STRAIGHT,NO DEFECTS,"TWO-WAY, DIVIDED, POSITIVE MEDIAN BARRIER",38.979602,-77.09176933,7307765282026999,2392029496895096,0,0,0,2021100512,7707842038983818,Toyota,2016,Corolla,Midsize Cars,4.0,1.8,Automatic CVT,FWD,Regular Gasoline,28,36,WISCONSIN AVE,Maryland (State),WALSH ST,County,2392029496895096,20815,CHEVY CHASE,78258.2702851,151813895.483,38.98381860627773,-77.07842006190148,23.5245,82.00898,0.1,0.1,0.0,4.3498964,65.55606,211005127078489838,2021-10-05 12:00:00,12,PM,278,1,Tuesday,0,10,October,2021,0,Unknown
MCP27390047,F6CAABFF639644A4AC85C8E5B55C6255,False,NO APPARENT INJURY,NONE,NOT DISTRACTED,PASSENGER,SLOWING OR STOPPING,North,FUNCTIONAL,35,False,False,2,751452905815289,210045141,Montgomery County Police,Property Damage ,True,North,1,3,LEVEL,False,False,DRIVER,SAME DIRECTION SIDESWIPE,UNKNOWN,DAYLIGHT,NO CONTROLS,NON INTERSECTION,UNKNOWN,STRAIGHT,NO DEFECTS,"TWO-WAY, DIVIDED, POSITIVE MEDIAN BARRIER",39.01305839,-77.04178528,8554262040045692,6642601588594235,0,0,0,2021100514,7703596439001907,Toyota,2020,Corolla,Compact Cars,4.0,2.0,Automatic 10,FWD,Regular Gasoline,29,38,GEORGIA AVE,Maryland (State),RAMP 4 FR MD 97 NB TO IS 495 EB,Ramp,6642601588594235,20910,SILVER SPRING,82846.1568889,126320091.137,39.00190768010143,-77.03596497235911,23.9965,80.56342,0.1,0.1,0.0,6.439876,63.435013,211005147035990019,2021-10-05 14:00:00,14,PM,278,1,Tuesday,0,10,October,2021,0,Unknown
MCP27390047,097C9A9A11E0422AB5DC46209610FB08,True,NO APPARENT INJURY,UNKNOWN,UNKNOWN,PASSENGER,UNKNOWN,North,UNKNOWN,35,False,False,2,9512053712509329,210045141,Montgomery County Police,Property Damage ,True,North,1,3,LEVEL,False,False,DRIVER,SAME DIRECTION SIDESWIPE,UNKNOWN,DAYLIGHT,NO CONTROLS,NON INTERSECTION,UNKNOWN,STRAIGHT,NO DEFECTS,"TWO-WAY, DIVIDED, POSITIVE MEDIAN BARRIER",39.01305839,-77.04178528,8554262040045692,6642601588594235,0,0,0,2021100514,7703596439001907,Nissan,2012,Juke,Small Station Wagons,4.0,1.6,Automatic 6,FWD,Premium Gasoline,25,29,GEORGIA AVE,Maryland (State),RAMP 4 FR MD 97 NB TO IS 495 EB,Ramp,6642601588594235,20910,SILVER SPRING,82846.1568889,126320091.137,39.00190768010143,-77.03596497235911,23.9965,80.56342,0.1,0.1,0.0,6.439876,63.435013,211005147035990019,2021-10-05 14:00:00,14,PM,278,1,Tuesday,0,10,October,2021,0,Unknown
DM84790011,5E4EC97A43874A1496CC1C545273FF4B,False,NO APPARENT INJURY,NONE,UNKNOWN,PASSENGER,ACCELERATING,North,SUPERFICIAL,30,False,False,2,7871367587015522,210039668,Takoma Park Police Depart,Property Damage ,False,North,1,3,LEVEL,False,False,DRIVER,SAME DIRECTION SIDESWIPE,DRY,DAYLIGHT,TRAFFIC SIGNAL,INTERSECTION,FOUR-WAY INTERSECTION,STRAIGHT,NO DEFECTS,"TWO-WAY, DIVIDED, POSITIVE MEDIAN BARRIER",38.97539415,-76.9940211,8901981419077344,8581221189109699,0,0,0,2021100515,7700204038982546,Toyota,2017,RAV4,Small Sport Utility Vehicle 4WD,4.0,2.5,Automatic 6,AWD,Regular Gasoline,22,28,NEW HAMPSHIRE AVE,Maryland (State),ETHAN ALLEN AVE,Maryland (State),8581221189109699,20912,TAKOMA PARK,51232.0653417,65209197.2692,38.98254687160147,-77.00204079343348,24.498,79.64321,0.0,0.0,0.0,5.1544156,77.90526,211005157002089825,2021-10-05 15:00:00,15,PM,278,1,Tuesday,0,10,October,2021,0,Unknown
DM84790011,AAD9F729A81A4856B252555317C36921,True,NO APPARENT INJURY,NONE,UNKNOWN,PASSENGER,ACCELERATING,North,SUPERFICIAL,35,False,False,2,1938537439266639,210039668,Takoma Park Police Depart,Property Damage ,False,North,1,3,LEVEL,False,False,DRIVER,SAME DIRECTION SIDESWIPE,DRY,DAYLIGHT,TRAFFIC SIGNAL,INTERSECTION,FOUR-WAY INTERSECTION,STRAIGHT,NO DEFECTS,"TWO-WAY, DIVIDED, POSITIVE MEDIAN BARRIER",38.97539415,-76.9940211,8901981419077344,8581221189109699,0,0,0,2021100515,7700204038982546,Volkswagen,2009,Jetta,Compact Cars,4.0,2.0,Automatic 6,FWD,Diesel,21,29,NEW HAMPSHIRE AVE,Maryland (State),ETHAN ALLEN AVE,Maryland (State),8581221189109699,20912,TAKOMA PARK,51232.0653417,65209197.2692,38.98254687160147,-77.00204079343348,24.498,79.64321,0.0,0.0,0.0,5.1544156,77.90526,211005157002089825,2021-10-05 15:00:00,15,PM,278,1,Tuesday,0,10,October,2021,0,Unknown
MCP9386008V,F07437FDD25342119CDAEB3B671369FF,False,NO APPARENT INJURY,UNKNOWN,NOT DISTRACTED,PASSENGER,STOPPED IN TRAFFIC LANE,East,SUPERFICIAL,35,False,False,4,2390807476664271,210039689,Montgomery County Police,Property Damage ,True,East,1,4,GRADE DOWNHILL,False,False,DRIVER,SAME DIR REAR END,DRY,DAYLIGHT,STOP SIGN,NON INTERSECTION,UNKNOWN,CURVE LEFT,NO DEFECTS,"TWO-WAY, NOT DIVIDED",38.99321067,-77.065008,4570729910170239,5435571908130387,0,0,0,2021100516,7707842038983818,Acura,2018,MDX,Small Sport Utility Vehicle 4WD,6.0,3.5,Automatic 9,AWD,Premium Gasoline,19,27,EAST WEST HWY,Maryland (State),TWIN FORKS LA,County,5435571908130387,20815,CHEVY CHASE,78258.2702851,151813895.483,38.98381860627773,-77.07842006190148,24.224499,80.34544,0.0,0.0,0.0,8.12197,77.19574,211005167078489838,2021-10-05 16:00:00,16,PM,278,1,Tuesday,0,10,October,2021,0,Unknown
MCP9386008V,37B98AF275D94446AFA147CC1CFFB024,True,NO APPARENT INJURY,UNKNOWN,OTHER DISTRACTION,EMERGENCY,MOVING CONSTANT SPEED,East,DESTROYED,35,False,False,4,8544963821862765,210039689,Montgomery County Police,Property Damage ,True,East,1,4,GRADE DOWNHILL,False,False,DRIVER,SAME DIR REAR END,DRY,DAYLIGHT,STOP SIGN,NON INTERSECTION,UNKNOWN,CURVE LEFT,NO DEFECTS,"TWO-WAY, NOT DIVIDED",38.99321067,-77.065008,4570729910170239,5435571908130387,0,0,0,2021100516,7707842038983818,Chevrolet,2010,Camaro,Compact Cars,6.0,3.6,Automatic 6,RWD,Regular Gasoline,16,29,EAST WEST HWY,Maryland (State),TWIN FORKS LA,County,5435571908130387,20815,CHEVY CHASE,78258.2702851,151813895.483,38.98381860627773,-77.07842006190148,24.224499,80.34544,0.0,0.0,0.0,8.12197,77.19574,211005167078489838,2021-10-05 16:00:00,16,PM,278,1,Tuesday,0,10,October,2021,0,Unknown
MCP9386008V,D990FA71D0844F5896FEC32657241F24,False,NO APPARENT INJURY,NONE,NOT DISTRACTED,PASSENGER,STOPPED IN TRAFFIC LANE,East,FUNCTIONAL,35,False,False,4,5889671040051326,210039689,Montgomery County Police,Property Damage ,True,East,1,4,GRADE DOWNHILL,False,False,DRIVER,SAME DIR REAR END,DRY,DAYLIGHT,STOP SIGN,NON INTERSECTION,UNKNOWN,CURVE LEFT,NO DEFECTS,"TWO-WAY, NOT DIVIDED",38.99321067,-77.065008,4570729910170239,5435571908130387,0,0,0,2021100516,7707842038983818,Dodge,2002,Stratus,Compact Cars,6.0,3.0,Automatic 4,FWD,Regular Gasoline,18,26,EAST WEST HWY,Maryland (State),TWIN FORKS LA,County,5435571908130387,20815,CHEVY CHASE,78258.2702851,151813895.483,38.98381860627773,-77.07842006190148,24.224499,80.34544,0.0,0.0,0.0,8.12197,77.19574,211005167078489838,2021-10-05 16:00:00,16,PM,278,1,Tuesday,0,10,October,2021,0,Unknown
MCP9386008V,E314D805ADE0416888F3FEF2FA86F065,False,NO APPARENT INJURY,NONE,NOT DISTRACTED,PASSENGER,ACCELERATING,West,FUNCTIONAL,35,False,False,4,1093417202524063,210039689,Montgomery County Police,Property Damage ,True,East,1,4,GRADE DOWNHILL,False,False,DRIVER,SAME DIR REAR END,DRY,DAYLIGHT,STOP SIGN,NON INTERSECTION,UNKNOWN,CURVE LEFT,NO DEFECTS,"TWO-WAY, NOT DIVIDED",38.99321067,-77.065008,4570729910170239,5435571908130387,0,0,0,2021100516,7707842038983818,Toyota,2013,Sienna,Minivan - 2WD,6.0,3.5,Automatic 6,FWD,Regular Gasoline,16,23,EAST WEST HWY,Maryland (State),TWIN FORKS LA,County,5435571908130387,20815,CHEVY CHASE,78258.2702851,151813895.483,38.98381860627773,-77.07842006190148,24.224499,80.34544,0.0,0.0,0.0,8.12197,77.19574,211005167078489838,2021-10-05 16:00:00,16,PM,278,1,Tuesday,0,10,October,2021,0,Unknown
MCP211600DW,66EA066844D44EADAEE127CC7DF4E273,True,NO APPARENT INJURY,UNKNOWN,DISTRACTED BY OUTSIDE PERSON OBJECT OR EVENT,PASSENGER,ACCELERATING,East,DESTROYED,35,False,False,1,8544963821862765,210039691,Montgomery County Police,Property Damage ,False,East,2,2,GRADE DOWNHILL,False,False,DRIVER,SINGLE VEHICLE,DRY,DAYLIGHT,NO CONTROLS,NON INTERSECTION,UNKNOWN,CURVE RIGHT,NO DEFECTS,"TWO-WAY, DIVIDED, POSITIVE MEDIAN BARRIER",38.99508167,-77.04943667,4570729910170239,9346950265587240,0,0,0,2021100516,7703596439001907,Chevrolet,2010,Camaro,Compact Cars,6.0,3.6,Automatic 6,RWD,Regular Gasoline,16,29,EAST WEST HWY,Maryland (State),GRUBB RD,County,9346950265587240,20910,SILVER SPRING,82846.1568889,126320091.137,39.00190768010143,-77.03596497235911,24.1465,80.335106,0.0,0.0,0.0,8.12197,77.19574,211005167035990019,2021-10-05 16:00:00,16,PM,278,1,Tuesday,0,10,October,2021,0,Unknown
MCP137800YN,3AA423767CA34C678B14A6508760DBDF,False,POSSIBLE INJURY,NONE,NOT DISTRACTED,PASSENGER,SLOWING OR STOPPING,East,FUNCTIONAL,30,False,False,3,8224256087529509,210039688,Montgomery County Police,Injury ,True,East,2,2,HILL UPHILL,False,False,DRIVER,SAME DIRECTION SIDESWIPE,DRY,DAYLIGHT,NO CONTROLS,NON INTERSECTION,UNKNOWN,STRAIGHT,NO DEFECTS,"TWO-WAY, DIVIDED, POSITIVE MEDIAN BARRIER",38.99358931,-77.05221156,4570729910170239,9346950265587240,0,0,0,2021100517,7707842038983818,Toyota,2016,Prius,Midsize Cars,4.0,1.8,Automatic CVT,FWD,Regular Gasoline,54,50,EAST WEST HWY,Maryland (State),GRUBB RD,County,9346950265587240,20815,CHEVY CHASE,78258.2702851,151813895.483,38.98381860627773,-77.07842006190148,22.374498,89.28976,1.0,1.0,0.0,9.114471,80.909805,211005177078489838,2021-10-05 17:00:00,17,PM,278,1,Tuesday,0,10,October,2021,0,Unknown
MCP137800YN,1B756733D0FF4E6097D3C7981E30B99C,False,NO APPARENT INJURY,NONE,NOT DISTRACTED,TRUCK,SLOWING OR STOPPING,East,SUPERFICIAL,30,False,False,3,5732885275419109,210039688,Montgomery County Police,Injury ,True,East,2,2,HILL UPHILL,False,False,DRIVER,SAME DIRECTION SIDESWIPE,DRY,DAYLIGHT,NO CONTROLS,NON INTERSECTION,UNKNOWN,STRAIGHT,NO DEFECTS,"TWO-WAY, DIVIDED, POSITIVE MEDIAN BARRIER",38.99358931,-77.05221156,4570729910170239,9346950265587240,0,0,0,2021100517,7707842038983818,Chevrolet,2017,Bolt EV,Small Station Wagons,0.0,0.0,Automatic 1,FWD,Electricity,128,110,EAST WEST HWY,Maryland (State),GRUBB RD,County,9346950265587240,20815,CHEVY CHASE,78258.2702851,151813895.483,38.98381860627773,-77.07842006190148,22.374498,89.28976,1.0,1.0,0.0,9.114471,80.909805,211005177078489838,2021-10-05 17:00:00,17,PM,278,1,Tuesday,0,10,October,2021,0,Unknown
MCP137800YN,CB730A8BD5AA4EB5B4612C7B0330ECA1,True,NO APPARENT INJURY,UNKNOWN,UNKNOWN,PASSENGER,CHANGING LANES,East,FUNCTIONAL,30,False,False,3,8544963821862765,210039688,Montgomery County Police,Injury ,True,East,2,2,HILL UPHILL,False,False,DRIVER,SAME DIRECTION SIDESWIPE,DRY,DAYLIGHT,NO CONTROLS,NON INTERSECTION,UNKNOWN,STRAIGHT,NO DEFECTS,"TWO-WAY, DIVIDED, POSITIVE MEDIAN BARRIER",38.99358931,-77.05221156,4570729910170239,9346950265587240,0,0,0,2021100517,7707842038983818,Chevrolet,2010,Camaro,Compact Cars,6.0,3.6,Automatic 6,RWD,Regular Gasoline,16,29,EAST WEST HWY,Maryland (State),GRUBB RD,County,9346950265587240,20815,CHEVY CHASE,78258.2702851,151813895.483,38.98381860627773,-77.07842006190148,22.374498,89.28976,1.0,1.0,0.0,9.114471,80.909805,211005177078489838,2021-10-05 17:00:00,17,PM,278,1,Tuesday,0,10,October,2021,0,Unknown
DM8403000M,6942BB9F30474D18AE752952D988C2DC,True,NO APPARENT INJURY,COMBINATION,UNKNOWN,PASSENGER,MAKING LEFT TURN,West,FUNCTIONAL,35,False,False,2,2271652395419606,210039717,Takoma Park Police Depart,Injury ,True,West,1,3,LEVEL,False,False,DRIVER,HEAD ON LEFT TURN,DRY,DARK LIGHTS ON,NO CONTROLS,INTERSECTION RELATED,T-INTERSECTION,STRAIGHT,NO DEFECTS,"TWO-WAY, DIVIDED, POSITIVE MEDIAN BARRIER",38.97645198,-76.99306936,8901981419077344,724739175705483,0,0,0,2021100521,7700204038982546,BMW,2006,X5,Sport Utility Vehicle - 4WD,6.0,3.0,Automatic 6,AWD,Premium Gasoline,14,20,NEW HAMPSHIRE AVE,Maryland (State),DEVONSHIRE RD,Municipality,724739175705483,20912,TAKOMA PARK,51232.0653417,65209197.2692,38.98254687160147,-77.00204079343348,19.748,96.038704,0.1,0.1,0.0,11.090103,54.246033,211005217002089825,2021-10-05 21:00:00,21,PM,278,1,Tuesday,0,10,October,2021,0,Unknown
DM8403000M,64EED408E3024396AA14827AAE853E52,False,SUSPECTED SERIOUS INJURY,UNKNOWN,NOT DISTRACTED,MOTORCYCLE,MOVING CONSTANT SPEED,North,DESTROYED,35,False,False,2,7679050866365636,210039717,Takoma Park Police Depart,Injury ,True,West,1,3,LEVEL,False,False,DRIVER,HEAD ON LEFT TURN,DRY,DARK LIGHTS ON,NO CONTROLS,INTERSECTION RELATED,T-INTERSECTION,STRAIGHT,NO DEFECTS,"TWO-WAY, DIVIDED, POSITIVE MEDIAN BARRIER",38.97645198,-76.99306936,8901981419077344,724739175705483,0,0,0,2021100521,7700204038982546,Saturn,0,Unknown,Unknown,0.0,0.0,Unknown,Unknown,Unknown,0,0,NEW HAMPSHIRE AVE,Maryland (State),DEVONSHIRE RD,Municipality,724739175705483,20912,TAKOMA PARK,51232.0653417,65209197.2692,38.98254687160147,-77.00204079343348,19.748,96.038704,0.1,0.1,0.0,11.090103,54.246033,211005217002089825,2021-10-05 21:00:00,21,PM,278,1,Tuesday,0,10,October,2021,0,Unknown
MCP3304000G,97FA3C2B5CD447289F2DD7937C73A9BD,False,SUSPECTED MINOR INJURY,NONE,NOT DISTRACTED,PASSENGER,MOVING CONSTANT SPEED,South,DESTROYED,35,False,False,2,2528170676785383,210039745,Montgomery County Police,Injury ,False,East,0,2,LEVEL,False,False,DRIVER,STRAIGHT MOVEMENT ANGLE,WET,DARK LIGHTS ON,FLASHING TRAFFIC SIGNAL,INTERSECTION,FOUR-WAY INTERSECTION,STRAIGHT,NO DEFECTS,"TWO-WAY, DIVIDED, POSITIVE MEDIAN BARRIER",38.97346333,-77.12156167,4534450561785329,1363718650800826,0,0,0,2021100604,7715220038996189,Ford,2020,Transit Connect,Special Purpose Vehicle 2WD,4.0,2.0,Automatic 8,FWD,Regular Gasoline,24,27,GOLDSBORO RD,Maryland (State),RIVER RD,Maryland (State),1363718650800826,20817,BETHESDA,143234.920079,403664948.588,38.996189145680184,-77.15220044157795,18.942999,97.836464,0.0,0.0,0.0,9.028754,85.42616,211006047152289961,2021-10-06 04:00:00,4,AM,279,2,Wednesday,0,10,October,2021,0,Unknown
MCP3304000G,1D774F30D41E42A0A402D5A0759A5BAD,True,SUSPECTED MINOR INJURY,NONE,NOT DISTRACTED,PASSENGER,MOVING CONSTANT SPEED,East,DISABLING,35,False,False,2,8262635102771860,210039745,Montgomery County Police,Injury ,False,East,0,2,LEVEL,False,False,DRIVER,STRAIGHT MOVEMENT ANGLE,WET,DARK LIGHTS ON,FLASHING TRAFFIC SIGNAL,INTERSECTION,FOUR-WAY INTERSECTION,STRAIGHT,NO DEFECTS,"TWO-WAY, DIVIDED, POSITIVE MEDIAN BARRIER",38.97346333,-77.12156167,4534450561785329,1363718650800826,0,0,0,2021100604,7715220038996189,Hyundai,2007,Entourage,Minivan - 2WD,6.0,3.8,Automatic 5,FWD,Regular Gasoline,16,23,GOLDSBORO RD,Maryland (State),RIVER RD,Maryland (State),1363718650800826,20817,BETHESDA,143234.920079,403664948.588,38.996189145680184,-77.15220044157795,18.942999,97.836464,0.0,0.0,0.0,9.028754,85.42616,211006047152289961,2021-10-06 04:00:00,4,AM,279,2,Wednesday,0,10,October,2021,0,Unknown
MCP31990039,6DB4F3D06CFC4AC089571B1108E1EA8C,False,NO APPARENT INJURY,NONE,LOOKED BUT DID NOT SEE,PASSENGER,STARTING FROM LANE,East,DISABLING,30,False,False,2,2164620646237366,210039751,Montgomery County Police,Property Damage ,False,East,0,1,LEVEL,False,False,UNKNOWN,STRAIGHT MOVEMENT ANGLE,WET,DARK LIGHTS ON,TRAFFIC SIGNAL,INTERSECTION,FOUR-WAY INTERSECTION,STRAIGHT,NO DEFECTS,"TWO-WAY, DIVIDED, UNPROTECTED PAINTED MIN 4 FEET",39.0631516,-77.05027436,1498137660831595,670409629174736,0,0,0,2021100606,7705486039088590,Mazda,2021,CX-5,Small Sport Utility Vehicle 2WD,4.0,2.5,Automatic 6,4WD,Regular Gasoline,22,27,LAYHILL RD,Maryland (State),GLENALLAN AVE,County,670409629174736,20906,SILVER SPRING,133207.174949,359110751.771,39.08859082555049,-77.05486091907257,18.2825,97.51837,0.0,0.0,0.0,9.360001,67.3801,211006067054890885,2021-10-06 06:00:00,6,AM,279,2,Wednesday,0,10,October,2021,0,Unknown
MCP31990039,F860C71296584EBFB1778D267971985B,False,NO APPARENT INJURY,NONE,NOT DISTRACTED,EMERGENCY,MOVING CONSTANT SPEED,South,SUPERFICIAL,30,False,False,2,8336304044174087,210039751,Montgomery County Police,Property Damage ,False,East,0,1,LEVEL,False,False,UNKNOWN,STRAIGHT MOVEMENT ANGLE,WET,DARK LIGHTS ON,TRAFFIC SIGNAL,INTERSECTION,FOUR-WAY INTERSECTION,STRAIGHT,NO DEFECTS,"TWO-WAY, DIVIDED, UNPROTECTED PAINTED MIN 4 FEET",39.0631516,-77.05027436,1498137660831595,670409629174736,0,0,0,2021100606,7705486039088590,Chevrolet,2021,Spark,Subcompact Cars,4.0,1.4,Automatic CVT,FWD,Regular Gasoline,29,37,LAYHILL RD,Maryland (State),GLENALLAN AVE,County,670409629174736,20906,SILVER SPRING,133207.174949,359110751.771,39.08859082555049,-77.05486091907257,18.2825,97.51837,0.0,0.0,0.0,9.360001,67.3801,211006067054890885,2021-10-06 06:00:00,6,AM,279,2,Wednesday,0,10,October,2021,0,Unknown
MCP3109005S,BC9DD33E9FA240259A871887BB9631FF,False,NO APPARENT INJURY,NONE,UNKNOWN,TRUCK,ACCELERATING,North,NO DAMAGE,35,False,False,2,7312029569347000,210039802,Montgomery County Police,Property Damage ,False,North,3,3,LEVEL,False,False,UNKNOWN,SAME DIRECTION SIDESWIPE,DRY,DAYLIGHT,NO CONTROLS,INTERSECTION RELATED,FOUR-WAY INTERSECTION,STRAIGHT,NO DEFECTS,"TWO-WAY, DIVIDED, POSITIVE MEDIAN BARRIER",38.99470767,-77.02761867,5660893524410086,8825017167010994,0,0,0,2021100612,7703596439001907,Dodge,2011,Nitro,Sport Utility Vehicle - 2WD,6.0,3.7,Automatic 4,4WD,Regular Gasoline,16,21,GEORGIA AVE,US (State),WAYNE AVE,County,8825017167010994,20910,SILVER SPRING,82846.1568889,126320091.137,39.00190768010143,-77.03596497235911,19.6965,88.80205,0.1,0.1,0.0,12.015589,81.38444,211006127035990019,2021-10-06 12:00:00,12,PM,279,2,Wednesday,0,10,October,2021,0,Unknown
MCP3109005S,696E7C1F45A6419C842679A38ADF96A1,False,NO APPARENT INJURY,NONE,UNKNOWN,PASSENGER,ACCELERATING,North,SUPERFICIAL,35,False,False,2,451902138230863,210039802,Montgomery County Police,Property Damage ,False,North,3,3,LEVEL,False,False,UNKNOWN,SAME DIRECTION SIDESWIPE,DRY,DAYLIGHT,NO CONTROLS,INTERSECTION RELATED,FOUR-WAY INTERSECTION,STRAIGHT,NO DEFECTS,"TWO-WAY, DIVIDED, POSITIVE MEDIAN BARRIER",38.99470767,-77.02761867,5660893524410086,8825017167010994,0,0,0,2021100612,7703596439001907,Volvo,2005,S40,Compact Cars,5.0,2.5,Automatic 5,FWD,Premium Gasoline,19,27,GEORGIA AVE,US (State),WAYNE AVE,County,8825017167010994,20910,SILVER SPRING,82846.1568889,126320091.137,39.00190768010143,-77.03596497235911,19.6965,88.80205,0.1,0.1,0.0,12.015589,81.38444,211006127035990019,2021-10-06 12:00:00,12,PM,279,2,Wednesday,0,10,October,2021,0,Unknown
MCP33050010,35C5EA15A44A4D389FA8DB9D87EAA042,True,NO APPARENT INJURY,NONE,LOOKED BUT DID NOT SEE,PASSENGER,MAKING RIGHT TURN,East,SUPERFICIAL,35,False,False,1,5826783019741363,210039823,Montgomery County Police,Injury ,False,North,3,3,LEVEL,False,False,DRIVER,SAME DIRECTION RIGHT TURN,DRY,DAYLIGHT,TRAFFIC SIGNAL,INTERSECTION,FOUR-WAY INTERSECTION,STRAIGHT,NO DEFECTS,"TWO-WAY, DIVIDED, POSITIVE MEDIAN BARRIER",38.9976706,-77.02961255,8554262040045692,1432883968843542,1,1,0,2021100613,7703596439001907,BMW,0,Unknown,Unknown,0.0,0.0,Unknown,Unknown,Unknown,0,0,GEORGIA AVE,Maryland (State),CAMERON ST,County,1432883968843542,20910,SILVER SPRING,82846.1568889,126320091.137,39.00190768010143,-77.03596497235911,20.4965,85.047615,0.0,0.0,0.0,11.901798,86.531845,211006137035990019,2021-10-06 13:00:00,13,PM,279,2,Wednesday,0,10,October,2021,0,Unknown
MCP3039005N,55B91C25871B4202B8964EE1ACF3AC6D,False,NO APPARENT INJURY,NONE,NOT DISTRACTED,BUS,MOVING CONSTANT SPEED,South,SUPERFICIAL,35,False,False,3,240722642832247,210038631,Montgomery County Police,Property Damage ,False,South,3,3,LEVEL,False,False,DRIVER,SAME DIRECTION SIDESWIPE,DRY,DAYLIGHT,NO CONTROLS,UNKNOWN,UNKNOWN,STRAIGHT,NO DEFECTS,"TWO-WAY, DIVIDED, POSITIVE MEDIAN BARRIER",38.995211,-77.02734851,5660893524410086,8825017167010994,0,0,0,2021100614,7703596439001907,Gillig,0,Unknown,Unknown,0.0,0.0,Unknown,Unknown,Unknown,0,0,GEORGIA AVE,US (State),WAYNE AVE,County,8825017167010994,20910,SILVER SPRING,82846.1568889,126320091.137,39.00190768010143,-77.03596497235911,20.3965,85.57398,0.0,0.0,0.0,11.525623,88.21013,211006147035990019,2021-10-06 14:00:00,14,PM,279,2,Wednesday,0,10,October,2021,0,Unknown
MCP3039005N,373EAA0EDC664E4CA649637A68FD95A6,True,NO APPARENT INJURY,NONE,NOT DISTRACTED,PASSENGER,MOVING CONSTANT SPEED,South,FUNCTIONAL,35,False,False,3,1057905436958461,210038631,Montgomery County Police,Property Damage ,False,South,3,3,LEVEL,False,False,DRIVER,SAME DIRECTION SIDESWIPE,DRY,DAYLIGHT,NO CONTROLS,UNKNOWN,UNKNOWN,STRAIGHT,NO DEFECTS,"TWO-WAY, DIVIDED, POSITIVE MEDIAN BARRIER",38.995211,-77.02734851,5660893524410086,8825017167010994,0,0,0,2021100614,7703596439001907,Ford,2017,Transit T150 Wagon,"Vans, Passenger Type",6.0,3.5,Automatic 6,RWD,Regular Gasoline,14,18,GEORGIA AVE,US (State),WAYNE AVE,County,8825017167010994,20910,SILVER SPRING,82846.1568889,126320091.137,39.00190768010143,-77.03596497235911,20.3965,85.57398,0.0,0.0,0.0,11.525623,88.21013,211006147035990019,2021-10-06 14:00:00,14,PM,279,2,Wednesday,0,10,October,2021,0,Unknown
MCP3039005N,5778514F8D974E4EB55447BFEF9C9B21,False,NO APPARENT INJURY,NONE,NOT DISTRACTED,PASSENGER,MOVING CONSTANT SPEED,South,SUPERFICIAL,35,False,False,3,8243785710568087,210038631,Montgomery County Police,Property Damage ,False,South,3,3,LEVEL,False,False,DRIVER,SAME DIRECTION SIDESWIPE,DRY,DAYLIGHT,NO CONTROLS,UNKNOWN,UNKNOWN,STRAIGHT,NO DEFECTS,"TWO-WAY, DIVIDED, POSITIVE MEDIAN BARRIER",38.995211,-77.02734851,5660893524410086,8825017167010994,0,0,0,2021100614,7703596439001907,Toyota,2011,Camry,Midsize Cars,4.0,2.5,Automatic 6,FWD,Regular Gasoline,22,29,GEORGIA AVE,US (State),WAYNE AVE,County,8825017167010994,20910,SILVER SPRING,82846.1568889,126320091.137,39.00190768010143,-77.03596497235911,20.3965,85.57398,0.0,0.0,0.0,11.525623,88.21013,211006147035990019,2021-10-06 14:00:00,14,PM,279,2,Wednesday,0,10,October,2021,0,Unknown
MCP3299000S,5F858A72B4E34C0AACDCC90F5FEB6143,True,SUSPECTED MINOR INJURY,NONE,NOT DISTRACTED,PASSENGER,MOVING CONSTANT SPEED,North,DISABLING,20,False,False,1,8160280964123434,210039852,Montgomery County Police,Injury ,False,North,1,1,LEVEL,False,False,DRIVER,SINGLE VEHICLE,DRY,DAYLIGHT,NO CONTROLS,UNKNOWN,UNKNOWN,STRAIGHT,NO DEFECTS,"TWO-WAY, NOT DIVIDED",39.0635165,-77.06774833,6539115144846498,8024748013325399,0,0,0,2021100615,7705486039088590,Toyota,1990,Corolla,Subcompact Cars,4.0,1.6,Manual 5,FWD,Regular Gasoline,19,26,DEAN RD,County,HARRELL ST,County,8024748013325399,20906,SILVER SPRING,133207.174949,359110751.771,39.08859082555049,-77.05486091907257,21.2325,80.70239,0.0,0.0,0.0,9.9571085,102.5288,211006157054890885,2021-10-06 15:00:00,15,PM,279,2,Wednesday,0,10,October,2021,0,Unknown