ReportNumber,VehicleCrashKey,DriverAtFault,DriverInjurySeverity,DriverSubstanceAbuse,DriverDistractedBy,VehicleType,VehicleMovement,VehicleGoingDir,VehicleDamageExtent,SpeedLimit,ParkedVehicle,SubstanceAbuseContributed,VehiclesCrashedTotal,VehicleKey,LocalCaseNumber,AgencyName,ACRSReportType,HitRun,LaneDirection,LaneNumber,NumberOfLanes,RoadGrade,NonTraffic,OffRoadIncident,AccidentAtFault,CollisionType,SurfaceCondition,Light,TrafficControl,Junction,IntersectionType,RoadAlignment,RoadCondition,RoadDivision,Latitude,Longitude,RoadKey_x,CrossStreetKey,NonMotoristTotal,NonMotoristInjury,NonMotoristFatal,DateHourKey,LocationAreaKey,Make,Year_x,BaseModel,BodyClass,Cylinders,Displacement,Transmission,Drivetrain,FuelType,CityMPG,HighwayMPG,RoadName_x,RouteType_x,RoadName_y,RouteType_y,RoadKey_y,Zipcode,MailCity,ShapeLength,ShapeArea,CentroidLatitude,CentroidLongitude,Temperature,Humidity,Precipitation,Rain,Snow,WindSpeed,WindDirection,WeatherKey,Datetime,Hour,TimeOfDay,DayNumber,WeekDayNumber,WeekDayName,WeekendFlag,MonthNumber,MonthName,Year_y,HolidayFlag,HolidayName
MCP2954009P,B14097B3BF8848AC8481FD4C43CF6445,False,POSSIBLE INJURY,UNKNOWN,NOT DISTRACTED,PASSENGER,MOVING CONSTANT SPEED,South,FUNCTIONAL,35,False,False,2,5867016750737526,210040656,Montgomery County Police,Injury ,False,South,2,2,HILL UPHILL,False,False,DRIVER,STRAIGHT MOVEMENT ANGLE,DRY,DAYLIGHT,STOP SIGN,INTERSECTION,T-INTERSECTION,CURVE LEFT,NO DEFECTS,"TWO-WAY, DIVIDED, UNPROTECTED PAINTED MIN 4 FEET",39.002165,-76.98533,7883959838840872,1852279896319342,0,0,0,2021101115,7698354239018293,Honda,2016,CR-V,Small Sport Utility Vehicle 2WD,4.0,2.4,Automatic CVT,AWD,Regular Gasoline,25,31,PINEY BRANCH RD,Maryland (State),NO NAME,Other Public Roadway,1852279896319342,20903,SILVER SPRING,50204.7192451,65972447.4483,39.01829365940637,-76.9835422251861,22.0345,65.97854,0.0,0.0,0.0,10.630672,28.30066,211011156983590182,2021-10-11 15:00:00,15,PM,284,0,Monday,0,10,October,2021,1,Columbus Day
MCP2954009P,BB3EBFBB81F84895A610670B736E7C04,True,NO APPARENT INJURY,NONE,LOOKED BUT DID NOT SEE,PASSENGER,STARTING FROM PARKED,East,FUNCTIONAL,35,False,False,2,790072547072356,210040656,Montgomery County Police,Injury ,False,South,2,2,HILL UPHILL,False,False,DRIVER,STRAIGHT MOVEMENT ANGLE,DRY,DAYLIGHT,STOP SIGN,INTERSECTION,T-INTERSECTION,CURVE LEFT,NO DEFECTS,"TWO-WAY, DIVIDED, UNPROTECTED PAINTED MIN 4 FEET",39.002165,-76.98533,7883959838840872,1852279896319342,0,0,0,2021101115,7698354239018293,Mitsubishi,2020,Outlander,Small Sport Utility Vehicle 4WD,4.0,2.4,Automatic 6,4WD,Regular Gasoline,23,29,PINEY BRANCH RD,Maryland (State),NO NAME,Other Public Roadway,1852279896319342,20903,SILVER SPRING,50204.7192451,65972447.4483,39.01829365940637,-76.9835422251861,22.0345,65.97854,0.0,0.0,0.0,10.630672,28.30066,211011156983590182,2021-10-11 15:00:00,15,PM,284,0,Monday,0,10,October,2021,1,Columbus Day
MCP2954009Q,AF93300C3806451BB0421603C9D2FA78,True,NO APPARENT INJURY,UNKNOWN,UNKNOWN,PASSENGER,BACKING,South,SUPERFICIAL,35,False,False,1,3063454761734827,210040726,Montgomery County Police,Property Damage ,True,South,1,1,LEVEL,False,False,DRIVER,STRAIGHT MOVEMENT ANGLE,DRY,DARK -- UNKNOWN LIGHTING,NO CONTROLS,UNKNOWN,UNKNOWN,STRAIGHT,NO DEFECTS,"TWO-WAY, NOT DIVIDED",38.99505167,-77.00025333,7785262912598795,7001767800461379,0,0,0,2021101122,7700204038982546,Ford,2018,F150,Standard Pickup Trucks 4WD,6.0,5.0,Automatic 10,4WD,Regular Gasoline,16,25,GLENVIEW AVE,County,DOMER AVE,County,7001767800461379,20912,TAKOMA PARK,51232.0653417,65209197.2692,38.98254687160147,-77.00204079343348,18.398,87.296394,0.0,0.0,0.0,4.6938257,327.52884,211011227002089825,2021-10-11 22:00:00,22,PM,284,0,Monday,0,10,October,2021,1,Columbus Day
MCP2358008W,A83AA165E6DA4161ADBFEB83D119635C,True,NO APPARENT INJURY,NONE,NOT DISTRACTED,PASSENGER,MOVING CONSTANT SPEED,North,DISABLING,35,False,False,1,8168321465439775,210040797,Montgomery County Police,Property Damage ,False,South,1,1,LEVEL,False,False,DRIVER,OTHER,WET,DAYLIGHT,NO CONTROLS,NON INTERSECTION,UNKNOWN,STRAIGHT,NO DEFECTS,"TWO-WAY, NOT DIVIDED",38.97684862,-77.12496843,3134929711281422,4022960910924632,0,0,0,2021101212,7715220038996189,Unknown,0,Unknown,Unknown,0.0,0.0,Unknown,Unknown,Unknown,0,0,WHITTIER BLVD,County,CLEARWOOD RD,County,4022960910924632,20817,BETHESDA,143234.920079,403664948.588,38.996189145680184,-77.15220044157795,19.293,82.524185,0.0,0.0,0.0,4.1046314,52.124958,211012127152289961,2021-10-12 12:00:00,12,PM,285,1,Tuesday,0,10,October,2021,0,Unknown
MCP3063003B,A14BF01ED82D4A97BB9277C4C7E35971,False,NO APPARENT INJURY,NONE,NOT DISTRACTED,PASSENGER,STOPPED IN TRAFFIC LANE,South,SUPERFICIAL,30,False,False,2,3233063173565461,210040179,Montgomery County Police,Property Damage ,True,East,1,1,LEVEL,False,False,DRIVER,OTHER,DRY,DAYLIGHT,TRAFFIC SIGNAL,INTERSECTION,FOUR-WAY INTERSECTION,OTHER,NO DEFECTS,"TWO-WAY, DIVIDED, UNPROTECTED PAINTED MIN 4 FEET",39.00908449,-77.04393266,424439313025704,2648584259858213,0,0,0,2021101212,7703596439001907,Toyota,0,Unknown,Unknown,0.0,0.0,Unknown,Unknown,Unknown,0,0,SEMINARY RD,County,LINDEN LA,County,2648584259858213,20910,SILVER SPRING,82846.1568889,126320091.137,39.00190768010143,-77.03596497235911,18.8965,83.536064,0.0,0.0,0.0,4.6938257,57.528828,211012127035990019,2021-10-12 12:00:00,12,PM,285,1,Tuesday,0,10,October,2021,0,Unknown
MCP3063003B,08A139270FA94E4B8FF306ADBF9385BA,True,NO APPARENT INJURY,UNKNOWN,UNKNOWN,UNKNOWN,MAKING RIGHT TURN,West,SUPERFICIAL,30,False,False,2,8168321465439775,210040179,Montgomery County Police,Property Damage ,True,East,1,1,LEVEL,False,False,DRIVER,OTHER,DRY,DAYLIGHT,TRAFFIC SIGNAL,INTERSECTION,FOUR-WAY INTERSECTION,OTHER,NO DEFECTS,"TWO-WAY, DIVIDED, UNPROTECTED PAINTED MIN 4 FEET",39.00908449,-77.04393266,424439313025704,2648584259858213,0,0,0,2021101212,7703596439001907,Unknown,0,Unknown,Unknown,0.0,0.0,Unknown,Unknown,Unknown,0,0,SEMINARY RD,County,LINDEN LA,County,2648584259858213,20910,SILVER SPRING,82846.1568889,126320091.137,39.00190768010143,-77.03596497235911,18.8965,83.536064,0.0,0.0,0.0,4.6938257,57.528828,211012127035990019,2021-10-12 12:00:00,12,PM,285,1,Tuesday,0,10,October,2021,0,Unknown
MCP2358008X,ED98E52683EB4534A139FE5AA136E2F9,False,NO APPARENT INJURY,NONE,NOT DISTRACTED,PASSENGER,SLOWING OR STOPPING,North,FUNCTIONAL,35,False,False,2,7731083865396304,210040828,Montgomery County Police,Property Damage ,False,North,1,1,LEVEL,False,False,DRIVER,SAME DIR REAR END,DRY,DAYLIGHT,NO CONTROLS,INTERSECTION,FOUR-WAY INTERSECTION,STRAIGHT,NO DEFECTS,"TWO-WAY, NOT DIVIDED",39.00958,-77.13327,2341166317758158,1949146194606196,0,0,0,2021101214,7715220038996189,Toyota,2016,Highlander,Standard Sport Utility Vehicle 4WD,6.0,3.5,Automatic 6,AWD,Regular Gasoline,18,25,FERNWOOD RD,County,MARYWOOD RD,County,1949146194606196,20817,BETHESDA,143234.920079,403664948.588,38.996189145680184,-77.15220044157795,19.843,81.548615,0.0,0.0,0.0,4.3349743,85.23644,211012147152289961,2021-10-12 14:00:00,14,PM,285,1,Tuesday,0,10,October,2021,0,Unknown
MCP2358008X,FA03F4670654485498568D46EF79C1E6,True,NO APPARENT INJURY,NONE,NOT DISTRACTED,PASSENGER,MOVING CONSTANT SPEED,North,DISABLING,35,False,False,2,2408098628508137,210040828,Montgomery County Police,Property Damage ,False,North,1,1,LEVEL,False,False,DRIVER,SAME DIR REAR END,DRY,DAYLIGHT,NO CONTROLS,INTERSECTION,FOUR-WAY INTERSECTION,STRAIGHT,NO DEFECTS,"TWO-WAY, NOT DIVIDED",39.00958,-77.13327,2341166317758158,1949146194606196,0,0,0,2021101214,7715220038996189,Ford,2016,Focus,Compact Cars,4.0,2.0,Automatic 6,FWD,Regular Gasoline,26,39,FERNWOOD RD,County,MARYWOOD RD,County,1949146194606196,20817,BETHESDA,143234.920079,403664948.588,38.996189145680184,-77.15220044157795,19.843,81.548615,0.0,0.0,0.0,4.3349743,85.23644,211012147152289961,2021-10-12 14:00:00,14,PM,285,1,Tuesday,0,10,October,2021,0,Unknown
MCP32640022,382A65F7792E4587BD453E86C4733154,True,POSSIBLE INJURY,NONE,LOOKED BUT DID NOT SEE,PASSENGER,MOVING CONSTANT SPEED,East,DISABLING,25,False,False,1,2815627317672947,210040833,Montgomery County Police,Injury ,False,East,1,1,LEVEL,False,False,DRIVER,SAME DIR REAR END,DRY,DAYLIGHT,NO CONTROLS,NON INTERSECTION,UNKNOWN,STRAIGHT,NO DEFECTS,"TWO-WAY, NOT DIVIDED",38.99098333,-77.01538667,8368871616036332,9350669945485554,0,0,0,2021101215,7703596439001907,Honda,2013,Accord,Midsize Cars,4.0,2.4,Automatic 6,FWD,Regular Gasoline,21,34,SLIGO AVE,County,CARROLL LA,County,9350669945485554,20910,SILVER SPRING,82846.1568889,126320091.137,39.00190768010143,-77.03596497235911,20.2965,78.807144,0.0,0.0,0.0,6.638072,102.5288,211012157035990019,2021-10-12 15:00:00,15,PM,285,1,Tuesday,0,10,October,2021,0,Unknown
MCP3197002N,3286383C6FE548189A96F7998F218CB0,True,NO APPARENT INJURY,NONE,LOOKED BUT DID NOT SEE,PASSENGER,MOVING CONSTANT SPEED,North,DISABLING,35,False,False,2,3097115414319252,210040843,Montgomery County Police,Property Damage ,False,South,2,2,LEVEL,False,False,DRIVER,STRAIGHT MOVEMENT ANGLE,DRY,DAYLIGHT,NO CONTROLS,INTERSECTION,T-INTERSECTION,STRAIGHT,UNKNOWN,"TWO-WAY, DIVIDED, POSITIVE MEDIAN BARRIER",39.07471367,-77.04579967,1498137660831595,342784259901357,0,0,0,2021101215,7705486039088590,Honda,2009,Accord,Compact Cars,4.0,2.4,Automatic 5,FWD,Regular Gasoline,19,30,LAYHILL RD,Maryland (State),HATHAWAY DR,County,342784259901357,20906,SILVER SPRING,133207.174949,359110751.771,39.08859082555049,-77.05486091907257,20.3825,79.07028,0.0,0.0,0.0,6.9247384,117.89718,211012157054890885,2021-10-12 15:00:00,15,PM,285,1,Tuesday,0,10,October,2021,0,Unknown
MCP3197002N,2FFCE18A3A4F4D72B7A44064EE07AE3C,False,NO APPARENT INJURY,NONE,NOT DISTRACTED,PASSENGER,MOVING CONSTANT SPEED,South,FUNCTIONAL,35,False,False,2,3642656644509459,210040843,Montgomery County Police,Property Damage ,False,South,2,2,LEVEL,False,False,DRIVER,STRAIGHT MOVEMENT ANGLE,DRY,DAYLIGHT,NO CONTROLS,INTERSECTION,T-INTERSECTION,STRAIGHT,UNKNOWN,"TWO-WAY, DIVIDED, POSITIVE MEDIAN BARRIER",39.07471367,-77.04579967,1498137660831595,342784259901357,0,0,0,2021101215,7705486039088590,Acura,2017,RDX,Small Sport Utility Vehicle 2WD,6.0,3.5,Automatic 6,AWD,Premium Gasoline,19,27,LAYHILL RD,Maryland (State),HATHAWAY DR,County,342784259901357,20906,SILVER SPRING,133207.174949,359110751.771,39.08859082555049,-77.05486091907257,20.3825,79.07028,0.0,0.0,0.0,6.9247384,117.89718,211012157054890885,2021-10-12 15:00:00,15,PM,285,1,Tuesday,0,10,October,2021,0,Unknown
MCP32090031,9EF8D5B85CEF47FC99954161DB277CBB,True,SUSPECTED MINOR INJURY,NONE,INATTENTIVE OR LOST IN THOUGHT,PASSENGER,MOVING CONSTANT SPEED,North,DISABLING,25,False,False,1,5115928289713628,210040877,Montgomery County Police,Injury ,False,North,1,1,LEVEL,False,False,DRIVER,OTHER,DRY,DAYLIGHT,NO CONTROLS,NON INTERSECTION,UNKNOWN,STRAIGHT,NO DEFECTS,"TWO-WAY, NOT DIVIDED",38.99827,-77.02453,8034483918736540,2529254307338988,0,0,0,2021101217,7703596439001907,Honda,2009,Pilot,Sport Utility Vehicle - 2WD,6.0,3.5,Automatic 5,AWD,Regular Gasoline,16,22,ELLSWORTH DR,County,CEDAR ST,County,2529254307338988,20910,SILVER SPRING,82846.1568889,126320091.137,39.00190768010143,-77.03596497235911,20.8465,76.90983,0.0,0.0,0.0,4.6102495,128.65984,211012177035990019,2021-10-12 17:00:00,17,PM,285,1,Tuesday,0,10,October,2021,0,Unknown
MCP3212002Z,EB6BE5B5D0A844DDB217EABFA06FE73A,True,NO APPARENT INJURY,NONE,LOOKED BUT DID NOT SEE,PASSENGER,MOVING CONSTANT SPEED,West,NO DAMAGE,25,False,False,1,9886165103034418,210040886,Montgomery County Police,Injury ,False,West,1,2,GRADE DOWNHILL,False,False,DRIVER,OTHER,WET,DARK LIGHTS ON,OTHER,INTERSECTION,T-INTERSECTION,STRAIGHT,NO DEFECTS,"TWO-WAY, NOT DIVIDED",39.01590772,-77.03767848,6348574661209490,8584750101644239,1,1,0,2021101218,7703596439001907,Toyota,2012,Tundra,Standard Pickup Trucks 2WD,8.0,5.7,Automatic 6,4WD,Regular Gasoline,13,18,FOREST GLEN RD,County,ADMIRALTY DR,County,8584750101644239,20910,SILVER SPRING,82846.1568889,126320091.137,39.00190768010143,-77.03596497235911,20.2965,80.578445,0.0,0.0,0.0,2.8116899,140.19447,211012187035990019,2021-10-12 18:00:00,18,PM,285,1,Tuesday,0,10,October,2021,0,Unknown
MCP2919008P,805C771E4EA3473BAF3DDFB689E77EC7,True,NO APPARENT INJURY,NONE,NOT DISTRACTED,PASSENGER,MOVING CONSTANT SPEED,North,FUNCTIONAL,40,False,False,2,5457129311290478,210040897,Montgomery County Police,Injury ,False,North,2,3,HILL UPHILL,False,False,DRIVER,SAME DIR REAR END,WET,DARK LIGHTS ON,UNKNOWN,UNKNOWN,UNKNOWN,STRAIGHT,NO DEFECTS,"TWO-WAY, DIVIDED, POSITIVE MEDIAN BARRIER",39.01308,-76.97861,8901981419077344,2997347885756929,0,0,0,2021101219,7698354239018293,Lexus,2008,RX,Sport Utility Vehicle - 2WD,6.0,3.5,Automatic 5,AWD,Premium Gasoline,17,22,NEW HAMPSHIRE AVE,Maryland (State),ADELPHI RD,County,2997347885756929,20903,SILVER SPRING,50204.7192451,65972447.4483,39.01829365940637,-76.9835422251861,19.7845,85.51156,0.0,0.0,0.0,2.7416782,156.80138,211012196983590182,2021-10-12 19:00:00,19,PM,285,1,Tuesday,0,10,October,2021,0,Unknown
MCP2919008P,1CE1859442B14E018040EFDB6976C42D,False,POSSIBLE INJURY,NONE,NOT DISTRACTED,PASSENGER,STOPPED IN TRAFFIC LANE,North,FUNCTIONAL,40,False,False,2,3063454744957208,210040897,Montgomery County Police,Injury ,False,North,2,3,HILL UPHILL,False,False,DRIVER,SAME DIR REAR END,WET,DARK LIGHTS ON,UNKNOWN,UNKNOWN,UNKNOWN,STRAIGHT,NO DEFECTS,"TWO-WAY, DIVIDED, POSITIVE MEDIAN BARRIER",39.01308,-76.97861,8901981419077344,2997347885756929,0,0,0,2021101219,7698354239018293,Ford,2019,F150,Standard Pickup Trucks 4WD,6.0,3.5,Automatic 10,4WD,Regular Gasoline,17,25,NEW HAMPSHIRE AVE,Maryland (State),ADELPHI RD,County,2997347885756929,20903,SILVER SPRING,50204.7192451,65972447.4483,39.01829365940637,-76.9835422251861,19.7845,85.51156,0.0,0.0,0.0,2.7416782,156.80138,211012196983590182,2021-10-12 19:00:00,19,PM,285,1,Tuesday,0,10,October,2021,0,Unknown
DM84790012,D56BA844123545F4ADD3E3A78FDA56DD,True,NO APPARENT INJURY,NONE,NOT DISTRACTED,PASSENGER,ACCELERATING,South,SUPERFICIAL,15,False,False,1,2781967151639473,210040969,Takoma Park Police Depart,Property Damage ,False,North,0,1,LEVEL,False,False,DRIVER,SAME DIR REAR END,DRY,DAYLIGHT,NO CONTROLS,NON INTERSECTION,UNKNOWN,STRAIGHT,NO DEFECTS,"TWO-WAY, NOT DIVIDED",38.97637579,-76.99486758,2819926906053499,6661651656906602,0,0,0,2021101308,7700204038982546,Ford,2005,F150,Standard Pickup Trucks 2WD,8.0,4.2,Automatic 4,RWD,Regular Gasoline,13,17,AUBURN AVE,Municipality,ELM AVE,Municipality,6661651656906602,20912,TAKOMA PARK,51232.0653417,65209197.2692,38.98254687160147,-77.00204079343348,16.648,99.36659,0.0,0.0,0.0,2.968636,284.03625,211013087002089825,2021-10-13 08:00:00,8,AM,286,2,Wednesday,0,10,October,2021,0,Unknown
MCP30260071,F091054178284987A3B1371F042D09F6,False,NO APPARENT INJURY,NONE,NOT DISTRACTED,BUS,STOPPED IN TRAFFIC LANE,North,SUPERFICIAL,35,False,False,2,1836878414157334,210040980,Montgomery County Police,Property Damage ,True,North,1,3,LEVEL,False,False,DRIVER,SAME DIRECTION SIDESWIPE,DRY,DAYLIGHT,NO CONTROLS,INTERSECTION,OTHER,STRAIGHT,NO DEFECTS,"TWO-WAY, DIVIDED, POSITIVE MEDIAN BARRIER",38.98104333,-77.07705,1627793738140795,9724345653840472,0,0,0,2021101312,7707842038983818,Peterbilt,0,Unknown,Unknown,0.0,0.0,Unknown,Unknown,Unknown,0,0,CONNECTICUT AVE,Maryland (State),TAYLOR ST,Municipality,9724345653840472,20815,CHEVY CHASE,78258.2702851,151813895.483,38.98381860627773,-77.07842006190148,22.0745,74.94208,0.0,0.0,0.0,5.1165614,219.28938,211013127078489838,2021-10-13 12:00:00,12,PM,286,2,Wednesday,0,10,October,2021,0,Unknown
MCP30260071,BB0E313937DC4A09A0B8465CB69A4FAF,True,NO APPARENT INJURY,UNKNOWN,UNKNOWN,UNKNOWN,MOVING CONSTANT SPEED,North,UNKNOWN,35,False,False,2,8168321465439775,210040980,Montgomery County Police,Property Damage ,True,North,1,3,LEVEL,False,False,DRIVER,SAME DIRECTION SIDESWIPE,DRY,DAYLIGHT,NO CONTROLS,INTERSECTION,OTHER,STRAIGHT,NO DEFECTS,"TWO-WAY, DIVIDED, POSITIVE MEDIAN BARRIER",38.98104333,-77.07705,1627793738140795,9724345653840472,0,0,0,2021101312,7707842038983818,Unknown,0,Unknown,Unknown,0.0,0.0,Unknown,Unknown,Unknown,0,0,CONNECTICUT AVE,Maryland (State),TAYLOR ST,Municipality,9724345653840472,20815,CHEVY CHASE,78258.2702851,151813895.483,38.98381860627773,-77.07842006190148,22.0745,74.94208,0.0,0.0,0.0,5.1165614,219.28938,211013127078489838,2021-10-13 12:00:00,12,PM,286,2,Wednesday,0,10,October,2021,0,Unknown
MCP32700017,30291DB51E1B4792B467FF5F546BBBB3,False,NO APPARENT INJURY,NONE,NOT DISTRACTED,BUS,STOPPED IN TRAFFIC LANE,South,SUPERFICIAL,35,False,False,2,6259949909495943,210041019,Montgomery County Police,Property Damage ,False,South,3,3,LEVEL,False,False,DRIVER,SAME DIRECTION SIDESWIPE,DRY,DAYLIGHT,NO CONTROLS,NON INTERSECTION,UNKNOWN,STRAIGHT,NO DEFECTS,"TWO-WAY, NOT DIVIDED",38.998455,-77.02664,7228418003688286,8356792977061148,0,0,0,2021101315,7703596439001907,New Flyer,0,Unknown,Unknown,0.0,0.0,Unknown,Unknown,Unknown,0,0,COLESVILLE RD,US (State),SPRING ST,County,8356792977061148,20910,SILVER SPRING,82846.1568889,126320091.137,39.00190768010143,-77.03596497235911,24.1965,65.59437,0.1,0.1,0.0,4.6938257,212.47118,211013157035990019,2021-10-13 15:00:00,15,PM,286,2,Wednesday,0,10,October,2021,0,Unknown
MCP32700017,707E2A40B8E542C2B17EAA2AFFF4E869,True,NO APPARENT INJURY,NONE,LOOKED BUT DID NOT SEE,BUS,ACCELERATING,South,SUPERFICIAL,35,False,False,2,1306665488576693,210041019,Montgomery County Police,Property Damage ,False,South,3,3,LEVEL,False,False,DRIVER,SAME DIRECTION SIDESWIPE,DRY,DAYLIGHT,NO CONTROLS,NON INTERSECTION,UNKNOWN,STRAIGHT,NO DEFECTS,"TWO-WAY, NOT DIVIDED",38.998455,-77.02664,7228418003688286,8356792977061148,0,0,0,2021101315,7703596439001907,Nova,0,Unknown,Unknown,0.0,0.0,Unknown,Unknown,Unknown,0,0,COLESVILLE RD,US (State),SPRING ST,County,8356792977061148,20910,SILVER SPRING,82846.1568889,126320091.137,39.00190768010143,-77.03596497235911,24.1965,65.59437,0.1,0.1,0.0,4.6938257,212.47118,211013157035990019,2021-10-13 15:00:00,15,PM,286,2,Wednesday,0,10,October,2021,0,Unknown
MCP2934004C,02F9B459CB3840A0AD364C1D53AD883C,False,NO APPARENT INJURY,NONE,NOT DISTRACTED,PASSENGER,PARKED,UNKNOWN,SUPERFICIAL,0,True,False,2,4516563820016876,210041043,Montgomery County Police,Property Damage ,True,UNKNOWN,0,0,UNKNOWN,True,True,DRIVER,HEAD ON,UNKNOWN,DAYLIGHT,NO CONTROLS,UNKNOWN,UNKNOWN,UNKNOWN,UNKNOWN,UNKNOWN,39.02588333,-77.14028833,7781945108562677,7781945108562677,0,0,0,2021101317,7715220038996189,Hyundai,2013,Equus,Large Cars,8.0,5.0,Automatic 8,RWD,Premium Gasoline,15,23,UNKNOWN,UNKNOWN,UNKNOWN,UNKNOWN,7781945108562677,20817,BETHESDA,143234.920079,403664948.588,38.996189145680184,-77.15220044157795,24.643,62.253883,0.0,0.0,0.0,3.563818,224.9999,211013177152289961,2021-10-13 17:00:00,17,PM,286,2,Wednesday,0,10,October,2021,0,Unknown
MCP2934004C,5D29AD5F1AB64E82A809432B30FD233E,True,NO APPARENT INJURY,UNKNOWN,UNKNOWN,PASSENGER,SLOWING OR STOPPING,UNKNOWN,UNKNOWN,0,False,False,2,169882067601848,210041043,Montgomery County Police,Property Damage ,True,UNKNOWN,0,0,UNKNOWN,True,True,DRIVER,HEAD ON,UNKNOWN,DAYLIGHT,NO CONTROLS,UNKNOWN,UNKNOWN,UNKNOWN,UNKNOWN,UNKNOWN,39.02588333,-77.14028833,7781945108562677,7781945108562677,0,0,0,2021101317,7715220038996189,Hyundai,2016,Sonata,Large Cars,4.0,2.0,Automatic 6,FWD,Regular Gasoline,25,36,UNKNOWN,UNKNOWN,UNKNOWN,UNKNOWN,7781945108562677,20817,BETHESDA,143234.920079,403664948.588,38.996189145680184,-77.15220044157795,24.643,62.253883,0.0,0.0,0.0,3.563818,224.9999,211013177152289961,2021-10-13 17:00:00,17,PM,286,2,Wednesday,0,10,October,2021,0,Unknown
MCP32090032,F335C99995384C5CA4BB69ABAFB89E65,False,NO APPARENT INJURY,NONE,NOT DISTRACTED,PASSENGER,SLOWING OR STOPPING,South,DISABLING,35,False,False,2,8892869415288246,210041061,Montgomery County Police,Property Damage ,False,South,2,3,LEVEL,False,False,DRIVER,SAME DIR REAR END,DRY,DUSK,TRAFFIC SIGNAL,NON INTERSECTION,UNKNOWN,STRAIGHT,NO DEFECTS,"TWO-WAY, DIVIDED, POSITIVE MEDIAN BARRIER",39.00030833,-77.0328,8554262040045692,8356792977061148,0,0,0,2021101318,7703596439001907,Land Rover,0,Unknown,Unknown,0.0,0.0,Unknown,Unknown,Unknown,0,0,GEORGIA AVE,Maryland (State),SPRING ST,County,8356792977061148,20910,SILVER SPRING,82846.1568889,126320091.137,39.00190768010143,-77.03596497235911,22.9465,71.17448,0.0,0.0,0.0,5.5887027,165.06853,211013187035990019,2021-10-13 18:00:00,18,PM,286,2,Wednesday,0,10,October,2021,0,Unknown
MCP32090032,B11E0B7EFDCD4ED592E39F39379254F8,True,NO APPARENT INJURY,NONE,LOOKED BUT DID NOT SEE,PASSENGER,MOVING CONSTANT SPEED,South,DISABLING,35,False,False,2,3997983137684857,210041061,Montgomery County Police,Property Damage ,False,South,2,3,LEVEL,False,False,DRIVER,SAME DIR REAR END,DRY,DUSK,TRAFFIC SIGNAL,NON INTERSECTION,UNKNOWN,STRAIGHT,NO DEFECTS,"TWO-WAY, DIVIDED, POSITIVE MEDIAN BARRIER",39.00030833,-77.0328,8554262040045692,8356792977061148,0,0,0,2021101318,7703596439001907,Chevrolet,2016,Colorado,Small Pickup Trucks 2WD,4.0,2.5,Automatic 6,RWD,Regular Gasoline,19,24,GEORGIA AVE,Maryland (State),SPRING ST,County,8356792977061148,20910,SILVER SPRING,82846.1568889,126320091.137,39.00190768010143,-77.03596497235911,22.9465,71.17448,0.0,0.0,0.0,5.5887027,165.06853,211013187035990019,2021-10-13 18:00:00,18,PM,286,2,Wednesday,0,10,October,2021,0,Unknown
MCP30310042,D837B19124234593AAEC9D085CC2652D,False,NO APPARENT INJURY,NONE,NOT DISTRACTED,PASSENGER,MOVING CONSTANT SPEED,South,DISABLING,35,False,False,2,4223640512769700,210041102,Montgomery County Police,Property Damage ,False,South,2,2,LEVEL,False,False,DRIVER,STRAIGHT MOVEMENT ANGLE,DRY,DARK LIGHTS ON,TRAFFIC SIGNAL,INTERSECTION,FOUR-WAY INTERSECTION,STRAIGHT,NO DEFECTS,"TWO-WAY, DIVIDED, POSITIVE MEDIAN BARRIER",39.09036667,-77.04477,1498137660831595,3786639377990067,0,0,0,2021101402,7705486039088590,Nissan,2017,Versa,Compact Cars,4.0,1.6,Automatic 4,FWD,Regular Gasoline,26,35,LAYHILL RD,Maryland (State),BEL PRE RD,County,3786639377990067,20906,SILVER SPRING,133207.174949,359110751.771,39.08859082555049,-77.05486091907257,17.0325,99.36844,0.0,0.0,0.0,8.373386,244.5367,211014027054890885,2021-10-14 02:00:00,2,AM,287,3,Thursday,0,10,October,2021,0,Unknown
MCP30310042,975BBB5DA81E4184A0A34B5B850EE049,True,NO APPARENT INJURY,NONE,NOT DISTRACTED,PASSENGER,MOVING CONSTANT SPEED,East,FUNCTIONAL,35,False,False,2,4595510051903263,210041102,Montgomery County Police,Property Damage ,False,South,2,2,LEVEL,False,False,DRIVER,STRAIGHT MOVEMENT ANGLE,DRY,DARK LIGHTS ON,TRAFFIC SIGNAL,INTERSECTION,FOUR-WAY INTERSECTION,STRAIGHT,NO DEFECTS,"TWO-WAY, DIVIDED, POSITIVE MEDIAN BARRIER",39.09036667,-77.04477,1498137660831595,3786639377990067,0,0,0,2021101402,7705486039088590,Honda,0,Unknown,Unknown,0.0,0.0,Unknown,Unknown,Unknown,0,0,LAYHILL RD,Maryland (State),BEL PRE RD,County,3786639377990067,20906,SILVER SPRING,133207.174949,359110751.771,39.08859082555049,-77.05486091907257,17.0325,99.36844,0.0,0.0,0.0,8.373386,244.5367,211014027054890885,2021-10-14 02:00:00,2,AM,287,3,Thursday,0,10,October,2021,0,Unknown