ReportNumber,VehicleCrashKey,DriverAtFault,DriverInjurySeverity,DriverSubstanceAbuse,DriverDistractedBy,VehicleType,VehicleMovement,VehicleGoingDir,VehicleDamageExtent,SpeedLimit,ParkedVehicle,SubstanceAbuseContributed,VehiclesCrashedTotal,VehicleKey,LocalCaseNumber,AgencyName,ACRSReportType,HitRun,LaneDirection,LaneNumber,NumberOfLanes,RoadGrade,NonTraffic,OffRoadIncident,AccidentAtFault,CollisionType,SurfaceCondition,Light,TrafficControl,Junction,IntersectionType,RoadAlignment,RoadCondition,RoadDivision,Latitude,Longitude,RoadKey_x,CrossStreetKey,NonMotoristTotal,NonMotoristInjury,NonMotoristFatal,DateHourKey,LocationAreaKey,Make,Year_x,BaseModel,BodyClass,Cylinders,Displacement,Transmission,Drivetrain,FuelType,CityMPG,HighwayMPG,RoadName_x,RouteType_x,RoadName_y,RouteType_y,RoadKey_y,Zipcode,MailCity,ShapeLength,ShapeArea,CentroidLatitude,CentroidLongitude,Temperature,Humidity,Precipitation,Rain,Snow,WindSpeed,WindDirection,WeatherKey,Datetime,Hour,TimeOfDay,DayNumber,WeekDayNumber,WeekDayName,WeekendFlag,MonthNumber,MonthName,Year_y,HolidayFlag,HolidayName
DM8499000M,800D65A89D994F578D8F2768F1DB30DE,False,NO APPARENT INJURY,UNKNOWN,NOT DISTRACTED,PASSENGER,SLOWING OR STOPPING,North,FUNCTIONAL,25,False,False,3,7004010087536265,210041310,Takoma Park Police Depart,Property Damage ,False,North,1,1,LEVEL,False,False,DRIVER,SAME DIR REAR END,DRY,DAYLIGHT,UNKNOWN,UNKNOWN,UNKNOWN,STRAIGHT,NO DEFECTS,"TWO-WAY, NOT DIVIDED",38.97889493,-77.00540601,8859724431699981,4323499834606588,1,0,0,2021101509,7700204038982546,Honda,2015,Civic,Compact Cars,4.0,1.8,Automatic CVT,FWD,Regular Gasoline,29,37,CARROLL AVE,Maryland (State),LEE AVE,Municipality,4323499834606588,20912,TAKOMA PARK,51232.0653417,65209197.2692,38.98254687160147,-77.00204079343348,18.948,83.54201,0.0,0.0,0.0,1.8,180.0,211015097002089825,2021-10-15 09:00:00,9,AM,288,4,Friday,0,10,October,2021,0,Unknown
MCP3118003Q,DD7DEF6780144C338084585FA88A1CD7,False,NO APPARENT INJURY,NONE,NOT DISTRACTED,PASSENGER,STOPPED IN TRAFFIC LANE,North,FUNCTIONAL,40,False,False,3,8865406105832333,210041366,Montgomery County Police,Property Damage ,False,North,1,1,HILL CREST,False,False,DRIVER,SAME DIR REAR END,DRY,DAYLIGHT,NO CONTROLS,INTERSECTION,T-INTERSECTION,STRAIGHT,NO DEFECTS,"TWO-WAY, DIVIDED, UNPROTECTED PAINTED MIN 4 FEET",39.10934,-77.03761333,1498137660831595,8662577860899914,0,0,0,2021101514,7705486039088590,Toyota,2011,Yaris,Subcompact Cars,4.0,1.5,Automatic 4,FWD,Regular Gasoline,29,34,LAYHILL RD,Maryland (State),GAYFIELDS DR,County,8662577860899914,20906,SILVER SPRING,133207.174949,359110751.771,39.08859082555049,-77.05486091907257,27.0325,63.965168,0.0,0.0,0.0,8.311245,175.03035,211015147054890885,2021-10-15 14:00:00,14,PM,288,4,Friday,0,10,October,2021,0,Unknown
MCP3118003Q,681B8EFBCE40460D99A9FCBB2B370381,False,NO APPARENT INJURY,NONE,NOT DISTRACTED,PASSENGER,STOPPED IN TRAFFIC LANE,North,SUPERFICIAL,40,False,False,3,3233063173565461,210041366,Montgomery County Police,Property Damage ,False,North,1,1,HILL CREST,False,False,DRIVER,SAME DIR REAR END,DRY,DAYLIGHT,NO CONTROLS,INTERSECTION,T-INTERSECTION,STRAIGHT,NO DEFECTS,"TWO-WAY, DIVIDED, UNPROTECTED PAINTED MIN 4 FEET",39.10934,-77.03761333,1498137660831595,8662577860899914,0,0,0,2021101514,7705486039088590,Toyota,0,Unknown,Unknown,0.0,0.0,Unknown,Unknown,Unknown,0,0,LAYHILL RD,Maryland (State),GAYFIELDS DR,County,8662577860899914,20906,SILVER SPRING,133207.174949,359110751.771,39.08859082555049,-77.05486091907257,27.0325,63.965168,0.0,0.0,0.0,8.311245,175.03035,211015147054890885,2021-10-15 14:00:00,14,PM,288,4,Friday,0,10,October,2021,0,Unknown
MCP3118003Q,3CABFBDEFC9F415285480E76BD88EB5E,True,NO APPARENT INJURY,NONE,NOT DISTRACTED,PASSENGER,SLOWING OR STOPPING,North,SUPERFICIAL,40,False,False,3,8319853372005277,210041366,Montgomery County Police,Property Damage ,False,North,1,1,HILL CREST,False,False,DRIVER,SAME DIR REAR END,DRY,DAYLIGHT,NO CONTROLS,INTERSECTION,T-INTERSECTION,STRAIGHT,NO DEFECTS,"TWO-WAY, DIVIDED, UNPROTECTED PAINTED MIN 4 FEET",39.10934,-77.03761333,1498137660831595,8662577860899914,0,0,0,2021101514,7705486039088590,Chevrolet,2007,Van 1500,"Vans, Cargo Type",8.0,5.3,Automatic 4,AWD,Regular Gasoline,13,16,LAYHILL RD,Maryland (State),GAYFIELDS DR,County,8662577860899914,20906,SILVER SPRING,133207.174949,359110751.771,39.08859082555049,-77.05486091907257,27.0325,63.965168,0.0,0.0,0.0,8.311245,175.03035,211015147054890885,2021-10-15 14:00:00,14,PM,288,4,Friday,0,10,October,2021,0,Unknown
MCP3263001G,B7F0766A25F34FA191AC30B26C5ECFC2,True,NO APPARENT INJURY,NONE,LOOKED BUT DID NOT SEE,EMERGENCY,CHANGING LANES,East,SUPERFICIAL,35,False,False,2,6855109286669430,210041379,Montgomery County Police,Property Damage ,False,North,0,2,GRADE DOWNHILL,False,False,DRIVER,SAME DIR REND LEFT TURN,DRY,DAYLIGHT,NO CONTROLS,INTERSECTION,T-INTERSECTION,CURVE LEFT,NO DEFECTS,"TWO-WAY, DIVIDED, POSITIVE MEDIAN BARRIER",38.97060833,-77.116435,1363718650800826,807010729639139,0,0,0,2021101515,7711806238956479,Jaguar,2001,S-Type,Midsize Cars,6.0,3.0,Automatic 5,RWD,Premium Gasoline,15,22,RIVER RD,Maryland (State),OGDEN RD,County,807010729639139,20816,BETHESDA,58716.1248449,117565480.431,38.95647982277882,-77.11806249046538,27.7975,59.902245,0.0,0.0,0.0,10.661107,168.31065,211015157118089564,2021-10-15 15:00:00,15,PM,288,4,Friday,0,10,October,2021,0,Unknown
MCP3263001G,3580CBEE59F0422F832FA876D0376473,False,NO APPARENT INJURY,NONE,NOT DISTRACTED,PASSENGER,STOPPED IN TRAFFIC LANE,East,DISABLING,35,False,False,2,8024082002821739,210041379,Montgomery County Police,Property Damage ,False,North,0,2,GRADE DOWNHILL,False,False,DRIVER,SAME DIR REND LEFT TURN,DRY,DAYLIGHT,NO CONTROLS,INTERSECTION,T-INTERSECTION,CURVE LEFT,NO DEFECTS,"TWO-WAY, DIVIDED, POSITIVE MEDIAN BARRIER",38.97060833,-77.116435,1363718650800826,807010729639139,0,0,0,2021101515,7711806238956479,Genesis,2020,G90,Large Cars,6.0,3.3,Automatic 8,AWD,Premium Gasoline,17,25,RIVER RD,Maryland (State),OGDEN RD,County,807010729639139,20816,BETHESDA,58716.1248449,117565480.431,38.95647982277882,-77.11806249046538,27.7975,59.902245,0.0,0.0,0.0,10.661107,168.31065,211015157118089564,2021-10-15 15:00:00,15,PM,288,4,Friday,0,10,October,2021,0,Unknown
MCP2671002X,B9A66B5C37F6457D990A88E3359DAEF8,True,NO APPARENT INJURY,NONE,INATTENTIVE OR LOST IN THOUGHT,PASSENGER,SLOWING OR STOPPING,North,DISABLING,35,False,False,2,4837378962832310,210041394,Montgomery County Police,Injury ,False,North,1,1,HILL UPHILL,False,False,DRIVER,SAME DIR REAR END,DRY,DAYLIGHT,NO CONTROLS,NON INTERSECTION,UNKNOWN,STRAIGHT,NO DEFECTS,"TWO-WAY, NOT DIVIDED",38.99261333,-77.00984,7883959838840872,887072325756327,0,0,0,2021101516,7703596439001907,Kia,2006,Rio,Compact Cars,4.0,1.6,Automatic 4,FWD,Regular Gasoline,25,32,PINEY BRANCH RD,Maryland (State),SILVER SPRING AVE,County,887072325756327,20910,SILVER SPRING,82846.1568889,126320091.137,39.00190768010143,-77.03596497235911,26.8965,61.016087,0.0,0.0,0.0,12.24,180.0,211015167035990019,2021-10-15 16:00:00,16,PM,288,4,Friday,0,10,October,2021,0,Unknown
MCP2671002X,BDD0C0A0EE72496C91B5B90361A15F19,False,SUSPECTED MINOR INJURY,NONE,NOT DISTRACTED,PASSENGER,MOVING CONSTANT SPEED,North,FUNCTIONAL,35,False,False,2,7871367519905046,210041394,Montgomery County Police,Injury ,False,North,1,1,HILL UPHILL,False,False,DRIVER,SAME DIR REAR END,DRY,DAYLIGHT,NO CONTROLS,NON INTERSECTION,UNKNOWN,STRAIGHT,NO DEFECTS,"TWO-WAY, NOT DIVIDED",38.99261333,-77.00984,7883959838840872,887072325756327,0,0,0,2021101516,7703596439001907,Toyota,2013,RAV4,Small Sport Utility Vehicle 2WD,4.0,2.5,Automatic 6,AWD,Regular Gasoline,22,28,PINEY BRANCH RD,Maryland (State),SILVER SPRING AVE,County,887072325756327,20910,SILVER SPRING,82846.1568889,126320091.137,39.00190768010143,-77.03596497235911,26.8965,61.016087,0.0,0.0,0.0,12.24,180.0,211015167035990019,2021-10-15 16:00:00,16,PM,288,4,Friday,0,10,October,2021,0,Unknown
MCP32220016,1AFD35B6A27145B5A414AE0A885DB522,True,NO APPARENT INJURY,NONE,LOOKED BUT DID NOT SEE,PASSENGER,ACCELERATING,East,SUPERFICIAL,35,False,False,3,2311894309811732,210041401,Montgomery County Police,Property Damage ,False,North,2,4,LEVEL,False,False,DRIVER,SAME DIRECTION RIGHT TURN,DRY,DAYLIGHT,NO CONTROLS,NON INTERSECTION,UNKNOWN,STRAIGHT,NO DEFECTS,"TWO-WAY, DIVIDED, POSITIVE MEDIAN BARRIER",38.97280067,-77.12140683,4534450561785329,1363718650800826,0,0,0,2021101517,7711806238956479,Chevrolet,2015,Cruze,Midsize Cars,4.0,1.4,Automatic 6,FWD,Regular Gasoline,26,37,GOLDSBORO RD,Maryland (State),RIVER RD,Maryland (State),1363718650800826,20816,BETHESDA,58716.1248449,117565480.431,38.95647982277882,-77.11806249046538,26.5975,61.716045,0.0,0.0,0.0,11.212135,174.47255,211015177118089564,2021-10-15 17:00:00,17,PM,288,4,Friday,0,10,October,2021,0,Unknown
MCP32220016,53DB8EF588994485B5F2AFE7A645EA19,False,NO APPARENT INJURY,NONE,NOT DISTRACTED,PASSENGER,MOVING CONSTANT SPEED,East,NO DAMAGE,35,False,False,3,2527430148783350,210041401,Montgomery County Police,Property Damage ,False,North,2,4,LEVEL,False,False,DRIVER,SAME DIRECTION RIGHT TURN,DRY,DAYLIGHT,NO CONTROLS,NON INTERSECTION,UNKNOWN,STRAIGHT,NO DEFECTS,"TWO-WAY, DIVIDED, POSITIVE MEDIAN BARRIER",38.97280067,-77.12140683,4534450561785329,1363718650800826,0,0,0,2021101517,7711806238956479,Ford,2015,C-MAX,Large Cars,4.0,2.0,Automatic CVT,FWD,Regular Gasoline,40,36,GOLDSBORO RD,Maryland (State),RIVER RD,Maryland (State),1363718650800826,20816,BETHESDA,58716.1248449,117565480.431,38.95647982277882,-77.11806249046538,26.5975,61.716045,0.0,0.0,0.0,11.212135,174.47255,211015177118089564,2021-10-15 17:00:00,17,PM,288,4,Friday,0,10,October,2021,0,Unknown
MCP32220016,F4C9299BB97D42C6A8A934C8546EFFA7,False,NO APPARENT INJURY,NONE,NOT DISTRACTED,PASSENGER,MOVING CONSTANT SPEED,East,DISABLING,35,False,False,3,3097115263320681,210041401,Montgomery County Police,Property Damage ,False,North,2,4,LEVEL,False,False,DRIVER,SAME DIRECTION RIGHT TURN,DRY,DAYLIGHT,NO CONTROLS,NON INTERSECTION,UNKNOWN,STRAIGHT,NO DEFECTS,"TWO-WAY, DIVIDED, POSITIVE MEDIAN BARRIER",38.97280067,-77.12140683,4534450561785329,1363718650800826,0,0,0,2021101517,7711806238956479,Honda,2006,Accord,Midsize Cars,6.0,3.0,Automatic 5,FWD,Regular Gasoline,18,31,GOLDSBORO RD,Maryland (State),RIVER RD,Maryland (State),1363718650800826,20816,BETHESDA,58716.1248449,117565480.431,38.95647982277882,-77.11806249046538,26.5975,61.716045,0.0,0.0,0.0,11.212135,174.47255,211015177118089564,2021-10-15 17:00:00,17,PM,288,4,Friday,0,10,October,2021,0,Unknown
MCP2917008F,CE5C9A13931A42FDB93C3C92C2324B18,False,POSSIBLE INJURY,NONE,NOT DISTRACTED,PASSENGER,STOPPED IN TRAFFIC LANE,South,FUNCTIONAL,40,False,False,2,4595510051903263,210041414,Montgomery County Police,Injury ,False,South,3,3,LEVEL,False,False,DRIVER,SAME DIR REAR END,DRY,DARK NO LIGHTS,TRAFFIC SIGNAL,INTERSECTION,FOUR-WAY INTERSECTION,STRAIGHT,NO DEFECTS,"TWO-WAY, DIVIDED, POSITIVE MEDIAN BARRIER",39.08793333,-77.07975667,8554262040045692,1684887375913352,0,0,0,2021101518,7705486039088590,Honda,0,Unknown,Unknown,0.0,0.0,Unknown,Unknown,Unknown,0,0,GEORGIA AVE,Maryland (State),HEATHFIELD RD,County,1684887375913352,20906,SILVER SPRING,133207.174949,359110751.771,39.08859082555049,-77.05486091907257,24.432499,71.66926,0.0,0.0,0.0,7.2359104,185.7105,211015187054890885,2021-10-15 18:00:00,18,PM,288,4,Friday,0,10,October,2021,0,Unknown
MCP2917008F,17E55F977F2E4CE992916AE4B9EA8751,True,NO APPARENT INJURY,NONE,UNKNOWN,PASSENGER,SLOWING OR STOPPING,South,FUNCTIONAL,40,False,False,2,2390807526997128,210041414,Montgomery County Police,Injury ,False,South,3,3,LEVEL,False,False,DRIVER,SAME DIR REAR END,DRY,DARK NO LIGHTS,TRAFFIC SIGNAL,INTERSECTION,FOUR-WAY INTERSECTION,STRAIGHT,NO DEFECTS,"TWO-WAY, DIVIDED, POSITIVE MEDIAN BARRIER",39.08793333,-77.07975667,8554262040045692,1684887375913352,0,0,0,2021101518,7705486039088590,Acura,2015,MDX,Small Sport Utility Vehicle 2WD,6.0,3.5,Automatic 6,AWD,Premium Gasoline,18,27,GEORGIA AVE,Maryland (State),HEATHFIELD RD,County,1684887375913352,20906,SILVER SPRING,133207.174949,359110751.771,39.08859082555049,-77.05486091907257,24.432499,71.66926,0.0,0.0,0.0,7.2359104,185.7105,211015187054890885,2021-10-15 18:00:00,18,PM,288,4,Friday,0,10,October,2021,0,Unknown
MCP3038005C,AAFC663B63BB41D49E8ED3A5AB5EF2BB,True,NO APPARENT INJURY,NONE,LOOKED BUT DID NOT SEE,BUS,MAKING LEFT TURN,East,SUPERFICIAL,30,False,False,2,240722642832247,210041432,Montgomery County Police,Property Damage ,False,North,3,3,LEVEL,False,False,DRIVER,HEAD ON LEFT TURN,DRY,DARK LIGHTS ON,TRAFFIC SIGNAL,INTERSECTION,T-INTERSECTION,STRAIGHT,NO DEFECTS,"TWO-WAY, DIVIDED, POSITIVE MEDIAN BARRIER",38.9943622,-77.03096083,2838165004721940,2700734676403787,0,0,0,2021101519,7703596439001907,Gillig,0,Unknown,Unknown,0.0,0.0,Unknown,Unknown,Unknown,0,0,COLESVILLE RD,Maryland (State),R/R CSX & METRO - STRUC OVERHEAD,UNKNOWN,2700734676403787,20910,SILVER SPRING,82846.1568889,126320091.137,39.00190768010143,-77.03596497235911,23.3465,72.37671,0.0,0.0,0.0,10.028439,158.96242,211015197035990019,2021-10-15 19:00:00,19,PM,288,4,Friday,0,10,October,2021,0,Unknown
MCP3038005C,2F235B9B6A7D4CA7819260CFD9E916AF,False,NO APPARENT INJURY,NONE,NOT DISTRACTED,PASSENGER,STARTING FROM LANE,North,SUPERFICIAL,30,False,False,2,7004010087536265,210041432,Montgomery County Police,Property Damage ,False,North,3,3,LEVEL,False,False,DRIVER,HEAD ON LEFT TURN,DRY,DARK LIGHTS ON,TRAFFIC SIGNAL,INTERSECTION,T-INTERSECTION,STRAIGHT,NO DEFECTS,"TWO-WAY, DIVIDED, POSITIVE MEDIAN BARRIER",38.9943622,-77.03096083,2838165004721940,2700734676403787,0,0,0,2021101519,7703596439001907,Honda,2015,Civic,Compact Cars,4.0,1.8,Automatic CVT,FWD,Regular Gasoline,29,37,COLESVILLE RD,Maryland (State),R/R CSX & METRO - STRUC OVERHEAD,UNKNOWN,2700734676403787,20910,SILVER SPRING,82846.1568889,126320091.137,39.00190768010143,-77.03596497235911,23.3465,72.37671,0.0,0.0,0.0,10.028439,158.96242,211015197035990019,2021-10-15 19:00:00,19,PM,288,4,Friday,0,10,October,2021,0,Unknown
MCP32080026,05F3E2A539374655B6EDF7505556F06E,True,NO APPARENT INJURY,UNKNOWN,NOT DISTRACTED,PASSENGER,MAKING LEFT TURN,West,DISABLING,40,False,False,2,170151772987774,210041455,Montgomery County Police,Injury ,False,South,3,3,LEVEL,False,False,DRIVER,HEAD ON LEFT TURN,DRY,DARK LIGHTS ON,NO CONTROLS,INTERSECTION,FOUR-WAY INTERSECTION,STRAIGHT,NO DEFECTS,"TWO-WAY, DIVIDED, POSITIVE MEDIAN BARRIER",39.02444349,-76.97954008,8901981419077344,6386169147853509,0,0,0,2021101522,7698354239018293,Jeep,2016,Wrangler,Small Sport Utility Vehicle 4WD,6.0,3.6,Automatic 5,4WD,Regular Gasoline,16,21,NEW HAMPSHIRE AVE,Maryland (State),OVERLOOK DR,County,6386169147853509,20903,SILVER SPRING,50204.7192451,65972447.4483,39.01829365940637,-76.9835422251861,20.8345,82.19075,0.0,0.0,0.0,11.542478,183.57626,211015226983590182,2021-10-15 22:00:00,22,PM,288,4,Friday,0,10,October,2021,0,Unknown
MCP32080026,4EC6666519B643298C25BCA767EDBC07,True,SUSPECTED MINOR INJURY,UNKNOWN,NOT DISTRACTED,PASSENGER,MOVING CONSTANT SPEED,South,DISABLING,40,False,False,2,3706795429459167,210041455,Montgomery County Police,Injury ,False,South,3,3,LEVEL,False,False,DRIVER,HEAD ON LEFT TURN,DRY,DARK LIGHTS ON,NO CONTROLS,INTERSECTION,FOUR-WAY INTERSECTION,STRAIGHT,NO DEFECTS,"TWO-WAY, DIVIDED, POSITIVE MEDIAN BARRIER",39.02444349,-76.97954008,8901981419077344,6386169147853509,0,0,0,2021101522,7698354239018293,Mercedes-Benz,0,Unknown,Unknown,0.0,0.0,Unknown,Unknown,Unknown,0,0,NEW HAMPSHIRE AVE,Maryland (State),OVERLOOK DR,County,6386169147853509,20903,SILVER SPRING,50204.7192451,65972447.4483,39.01829365940637,-76.9835422251861,20.8345,82.19075,0.0,0.0,0.0,11.542478,183.57626,211015226983590182,2021-10-15 22:00:00,22,PM,288,4,Friday,0,10,October,2021,0,Unknown
MCP30600033,893764D5DBDE42E58787873F7F4D3EF7,True,NO APPARENT INJURY,ALCOHOL,INATTENTIVE OR LOST IN THOUGHT,PASSENGER,MOVING CONSTANT SPEED,East,DISABLING,35,False,True,1,6784325097862454,210041473,Montgomery County Police,Property Damage ,False,East,2,2,LEVEL,False,False,DRIVER,SINGLE VEHICLE,DRY,DARK LIGHTS ON,NO CONTROLS,NON INTERSECTION,UNKNOWN,CURVE RIGHT,NO DEFECTS,"TWO-WAY, DIVIDED, POSITIVE MEDIAN BARRIER",38.99852833,-77.08857167,8313298178840333,3963050903205061,0,0,0,2021101602,7710072538987731,Nissan,2020,Sentra,Midsize Cars,4.0,2.0,Automatic CVT,FWD,Regular Gasoline,28,37,JONES BRIDGE RD,County,LANCASTER DR,County,3963050903205061,20814,BETHESDA,46411.6876883,47837334.4314,38.98773167577017,-77.10072590539887,19.2985,87.93249,0.0,0.0,0.0,11.525623,181.78987,211016027100789877,2021-10-16 02:00:00,2,AM,289,5,Saturday,1,10,October,2021,0,Unknown
DM8501000H,59E9BE285BF5471E85202922E1F26184,False,NO APPARENT INJURY,NONE,UNKNOWN,PASSENGER,MOVING CONSTANT SPEED,South,DISABLING,35,False,False,2,7293974350974356,210041477,Takoma Park Police Depart,Property Damage ,True,South,2,3,OTHER,False,False,DRIVER,OTHER,DRY,DARK LIGHTS ON,FLASHING TRAFFIC SIGNAL,INTERSECTION RELATED,OTHER,STRAIGHT,NO DEFECTS,OTHER,38.98737,-76.98794833,8901981419077344,3065693472279380,0,0,0,2021101603,7700204038982546,BMW,2016,5 Series,Midsize Cars,6.0,3.0,Automatic 8,RWD,Premium Gasoline,20,30,NEW HAMPSHIRE AVE,Maryland (State),UNIVERSITY BLVD,Maryland (State),3065693472279380,20912,TAKOMA PARK,51232.0653417,65209197.2692,38.98254687160147,-77.00204079343348,19.198,88.202354,0.0,0.0,0.0,11.885453,181.73567,211016037002089825,2021-10-16 03:00:00,3,AM,289,5,Saturday,1,10,October,2021,0,Unknown
DM8501000H,18E323F4B4DB435DA61A7B67D491AD19,True,NO APPARENT INJURY,UNKNOWN,UNKNOWN,UNKNOWN,MAKING U TURN,North,UNKNOWN,35,False,False,2,8168321465439775,210041477,Takoma Park Police Depart,Property Damage ,True,South,2,3,OTHER,False,False,DRIVER,OTHER,DRY,DARK LIGHTS ON,FLASHING TRAFFIC SIGNAL,INTERSECTION RELATED,OTHER,STRAIGHT,NO DEFECTS,OTHER,38.98737,-76.98794833,8901981419077344,3065693472279380,0,0,0,2021101603,7700204038982546,Unknown,0,Unknown,Unknown,0.0,0.0,Unknown,Unknown,Unknown,0,0,NEW HAMPSHIRE AVE,Maryland (State),UNIVERSITY BLVD,Maryland (State),3065693472279380,20912,TAKOMA PARK,51232.0653417,65209197.2692,38.98254687160147,-77.00204079343348,19.198,88.202354,0.0,0.0,0.0,11.885453,181.73567,211016037002089825,2021-10-16 03:00:00,3,AM,289,5,Saturday,1,10,October,2021,0,Unknown
MCP32750010,88120F1E2C514E6BA7F2BFEC33F82873,True,NO APPARENT INJURY,UNKNOWN,OTHER DISTRACTION,UNKNOWN,MOVING CONSTANT SPEED,South,NO DAMAGE,10,False,False,2,8168321465439775,210041482,Montgomery County Police,Property Damage ,True,West,1,1,LEVEL,False,False,DRIVER,OTHER,DRY,DARK -- UNKNOWN LIGHTING,NO CONTROLS,NON INTERSECTION,UNKNOWN,STRAIGHT,NO DEFECTS,"TWO-WAY, NOT DIVIDED",38.99302,-77.02540995,4545188728761907,3285914424412593,0,0,0,2021101604,7703596439001907,Unknown,0,Unknown,Unknown,0.0,0.0,Unknown,Unknown,Unknown,0,0,THAYER AVE,County,MAYOR LA,County,3285914424412593,20910,SILVER SPRING,82846.1568889,126320091.137,39.00190768010143,-77.03596497235911,18.7965,88.168236,0.0,0.0,0.0,13.039754,186.3401,211016047035990019,2021-10-16 04:00:00,4,AM,289,5,Saturday,1,10,October,2021,0,Unknown
MCP32750010,F564E03931904DE6A881B042273A7830,False,NO APPARENT INJURY,NONE,NOT DISTRACTED,PASSENGER,STARTING FROM PARKED,West,SUPERFICIAL,10,False,False,2,8243785576347135,210041482,Montgomery County Police,Property Damage ,True,West,1,1,LEVEL,False,False,DRIVER,OTHER,DRY,DARK -- UNKNOWN LIGHTING,NO CONTROLS,NON INTERSECTION,UNKNOWN,STRAIGHT,NO DEFECTS,"TWO-WAY, NOT DIVIDED",38.99302,-77.02540995,4545188728761907,3285914424412593,0,0,0,2021101604,7703596439001907,Toyota,2019,Camry,Midsize Cars,4.0,2.5,Automatic 8,FWD,Regular Gasoline,22,39,THAYER AVE,County,MAYOR LA,County,3285914424412593,20910,SILVER SPRING,82846.1568889,126320091.137,39.00190768010143,-77.03596497235911,18.7965,88.168236,0.0,0.0,0.0,13.039754,186.3401,211016047035990019,2021-10-16 04:00:00,4,AM,289,5,Saturday,1,10,October,2021,0,Unknown
MCP3169004P,D721A310B0E7419AB1D22084BA3AC787,False,NO APPARENT INJURY,UNKNOWN,NOT DISTRACTED,PASSENGER,MOVING CONSTANT SPEED,South,DISABLING,35,False,False,1,5867016733959907,210041531,Montgomery County Police,Property Damage ,False,South,2,2,LEVEL,False,False,UNKNOWN,SINGLE VEHICLE,DRY,DAYLIGHT,UNKNOWN,UNKNOWN,UNKNOWN,CURVE RIGHT,NO DEFECTS,"TWO-WAY, DIVIDED, UNPROTECTED PAINTED MIN 4 FEET",39.001025,-76.98532333,7883959838840872,4977678367391385,0,0,0,2021101613,7698354239018293,Honda,2015,CR-V,Small Sport Utility Vehicle 2WD,4.0,2.4,Automatic CVT,AWD,Regular Gasoline,26,32,PINEY BRANCH RD,Maryland (State),CARROLL AVE,County,4977678367391385,20903,SILVER SPRING,50204.7192451,65972447.4483,39.01829365940637,-76.9835422251861,26.3345,62.434177,0.0,0.0,0.0,19.995398,203.33406,211016136983590182,2021-10-16 13:00:00,13,PM,289,5,Saturday,1,10,October,2021,0,Unknown
MCP3230002G,F1728057726B4F9290426F37581FE80C,True,SUSPECTED MINOR INJURY,NONE,NOT DISTRACTED,PASSENGER,MOVING CONSTANT SPEED,North,DISABLING,35,False,False,1,8640615843729353,210041549,Montgomery County Police,Injury ,False,North,1,2,LEVEL,False,False,DRIVER,SINGLE VEHICLE,WET,DAYLIGHT,NO CONTROLS,NON INTERSECTION,UNKNOWN,CURVE LEFT,NO DEFECTS,"TWO-WAY, NOT DIVIDED",39.085121,-77.07514733,2128650102927787,3930092392648356,0,0,0,2021101616,7705486039088590,Dodge,2007,Durango,Sport Utility Vehicle - 2WD,8.0,4.7,Automatic 5,RWD,Regular Gasoline,13,17,CONNECTICUT AVE,County,GRAND PRE RD,County,3930092392648356,20906,SILVER SPRING,133207.174949,359110751.771,39.08859082555049,-77.05486091907257,18.432499,90.4055,0.5,0.5,0.0,23.565569,304.41843,211016167054890885,2021-10-16 16:00:00,16,PM,289,5,Saturday,1,10,October,2021,0,Unknown
MCP289200B9,243D7F94519D4EB5AA06138D65357C29,True,NO APPARENT INJURY,NONE,NOT DISTRACTED,PASSENGER,SKIDDING,South,SUPERFICIAL,25,False,False,2,9961740804288758,210041559,Montgomery County Police,Property Damage ,False,South,1,1,GRADE DOWNHILL,False,False,DRIVER,HEAD ON,WET,DAYLIGHT,NO CONTROLS,UNKNOWN,UNKNOWN,CURVE LEFT,NO DEFECTS,"TWO-WAY, NOT DIVIDED",39.00886333,-77.03792833,5267462721107280,3620474411399952,0,0,0,2021101617,7703596439001907,Maserati,2015,Ghibli,Midsize Cars,6.0,3.0,Automatic 8,AWD,Premium Gasoline,15,24,COLUMBIA BLVD,County,CORWIN DR,County,3620474411399952,20910,SILVER SPRING,82846.1568889,126320091.137,39.00190768010143,-77.03596497235911,17.1965,84.42212,0.5,0.5,0.0,21.986542,309.6854,211016177035990019,2021-10-16 17:00:00,17,PM,289,5,Saturday,1,10,October,2021,0,Unknown
MCP289200B9,9C2DA366692C46348C1E9225D54BDFB6,False,NO APPARENT INJURY,NONE,NOT DISTRACTED,PASSENGER,MOVING CONSTANT SPEED,North,SUPERFICIAL,25,False,False,2,1143200118883287,210041559,Montgomery County Police,Property Damage ,False,South,1,1,GRADE DOWNHILL,False,False,DRIVER,HEAD ON,WET,DAYLIGHT,NO CONTROLS,UNKNOWN,UNKNOWN,CURVE LEFT,NO DEFECTS,"TWO-WAY, NOT DIVIDED",39.00886333,-77.03792833,5267462721107280,3620474411399952,0,0,0,2021101617,7703596439001907,Hyundai,0,Unknown,Unknown,0.0,0.0,Unknown,Unknown,Unknown,0,0,COLUMBIA BLVD,County,CORWIN DR,County,3620474411399952,20910,SILVER SPRING,82846.1568889,126320091.137,39.00190768010143,-77.03596497235911,17.1965,84.42212,0.5,0.5,0.0,21.986542,309.6854,211016177035990019,2021-10-16 17:00:00,17,PM,289,5,Saturday,1,10,October,2021,0,Unknown