ReportNumber,VehicleCrashKey,DriverAtFault,DriverInjurySeverity,DriverSubstanceAbuse,DriverDistractedBy,VehicleType,VehicleMovement,VehicleGoingDir,VehicleDamageExtent,SpeedLimit,ParkedVehicle,SubstanceAbuseContributed,VehiclesCrashedTotal,VehicleKey,LocalCaseNumber,AgencyName,ACRSReportType,HitRun,LaneDirection,LaneNumber,NumberOfLanes,RoadGrade,NonTraffic,OffRoadIncident,AccidentAtFault,CollisionType,SurfaceCondition,Light,TrafficControl,Junction,IntersectionType,RoadAlignment,RoadCondition,RoadDivision,Latitude,Longitude,RoadKey_x,CrossStreetKey,NonMotoristTotal,NonMotoristInjury,NonMotoristFatal,DateHourKey,LocationAreaKey,Make,Year_x,BaseModel,BodyClass,Cylinders,Displacement,Transmission,Drivetrain,FuelType,CityMPG,HighwayMPG,RoadName_x,RouteType_x,RoadName_y,RouteType_y,RoadKey_y,Zipcode,MailCity,ShapeLength,ShapeArea,CentroidLatitude,CentroidLongitude,Temperature,Humidity,Precipitation,Rain,Snow,WindSpeed,WindDirection,WeatherKey,Datetime,Hour,TimeOfDay,DayNumber,WeekDayNumber,WeekDayName,WeekendFlag,MonthNumber,MonthName,Year_y,HolidayFlag,HolidayName
MCP30600034,CB6F03D1A9EF48E881E72BBCB9BC0A54,False,NO APPARENT INJURY,UNKNOWN,UNKNOWN,PASSENGER,MOVING CONSTANT SPEED,South,DISABLING,30,False,False,1,6045013133019774,210041563,Montgomery County Police,Injury ,False,South,1,1,LEVEL,False,False,UNKNOWN,SINGLE VEHICLE,WET,DAYLIGHT,NO CONTROLS,UNKNOWN,UNKNOWN,CURVE LEFT,NO DEFECTS,"TWO-WAY, DIVIDED, UNPROTECTED PAINTED MIN 4 FEET",38.94895333,-77.12528667,8599911420118079,2772662958313268,0,0,0,2021101617,7711806238956479,Toyota,2008,Tacoma,Small Pickup Trucks 2WD,6.0,4.0,Automatic 5,RWD,Regular Gasoline,15,20,MACARTHUR BLVD,County,MARYLAND AVE,County,2772662958313268,20816,BETHESDA,58716.1248449,117565480.431,38.95647982277882,-77.11806249046538,16.7475,91.160515,1.0,1.0,0.0,21.385939,306.09836,211016177118089564,2021-10-16 17:00:00,17,PM,289,5,Saturday,1,10,October,2021,0,Unknown
MCP28610052,7AFA8E0ACF994AE0BECCD18CEA038CD5,False,NO APPARENT INJURY,NONE,NOT DISTRACTED,PASSENGER,MAKING LEFT TURN,East,DISABLING,25,False,False,1,660615385035114,210041569,Montgomery County Police,Property Damage ,False,UNKNOWN,0,0,UNKNOWN,True,True,UNKNOWN,SINGLE VEHICLE,UNKNOWN,OTHER,NO CONTROLS,UNKNOWN,UNKNOWN,UNKNOWN,UNKNOWN,UNKNOWN,39.02683,-77.13895667,7781945108562677,7781945108562677,0,0,0,2021101618,7715220038996189,Ford,0,Unknown,Unknown,0.0,0.0,Unknown,Unknown,Unknown,0,0,UNKNOWN,UNKNOWN,UNKNOWN,UNKNOWN,7781945108562677,20817,BETHESDA,143234.920079,403664948.588,38.996189145680184,-77.15220044157795,15.643,90.793724,0.4,0.4,0.0,20.746122,308.65982,211016187152289961,2021-10-16 18:00:00,18,PM,289,5,Saturday,1,10,October,2021,0,Unknown
MCP3230002H,14ADA848589A4C76B298280EE8461A6B,False,NO APPARENT INJURY,NONE,NOT DISTRACTED,PASSENGER,MOVING CONSTANT SPEED,North,DISABLING,35,False,False,2,4940576652100874,210041572,Montgomery County Police,Property Damage ,False,North,2,3,LEVEL,False,False,DRIVER,STRAIGHT MOVEMENT ANGLE,WET,DARK LIGHTS ON,STOP SIGN,INTERSECTION RELATED,FOUR-WAY INTERSECTION,STRAIGHT,NO DEFECTS,"TWO-WAY, NOT DIVIDED",39.07819717,-77.080717,1627793738140795,425337737457912,0,0,0,2021101619,7705486039088590,Chevrolet,2016,Malibu,Midsize Cars,4.0,1.5,Automatic 6,FWD,Regular Gasoline,22,32,CONNECTICUT AVE,Maryland (State),ENT TO ASPEN HILLS SHOPPING CTR,UNKNOWN,425337737457912,20906,SILVER SPRING,133207.174949,359110751.771,39.08859082555049,-77.05486091907257,14.632501,87.805824,0.0,0.0,0.0,16.548256,314.11868,211016197054890885,2021-10-16 19:00:00,19,PM,289,5,Saturday,1,10,October,2021,0,Unknown
MCP3230002H,5F07F78D95164576B58FF0C142C2DEFA,True,NO APPARENT INJURY,NONE,NOT DISTRACTED,PASSENGER,CHANGING LANES,West,DISABLING,35,False,False,2,6000445241002772,210041572,Montgomery County Police,Property Damage ,False,North,2,3,LEVEL,False,False,DRIVER,STRAIGHT MOVEMENT ANGLE,WET,DARK LIGHTS ON,STOP SIGN,INTERSECTION RELATED,FOUR-WAY INTERSECTION,STRAIGHT,NO DEFECTS,"TWO-WAY, NOT DIVIDED",39.07819717,-77.080717,1627793738140795,425337737457912,0,0,0,2021101619,7705486039088590,Saturn,2003,L300,Midsize Cars,6.0,3.0,Automatic 4,FWD,Regular Gasoline,18,26,CONNECTICUT AVE,Maryland (State),ENT TO ASPEN HILLS SHOPPING CTR,UNKNOWN,425337737457912,20906,SILVER SPRING,133207.174949,359110751.771,39.08859082555049,-77.05486091907257,14.632501,87.805824,0.0,0.0,0.0,16.548256,314.11868,211016197054890885,2021-10-16 19:00:00,19,PM,289,5,Saturday,1,10,October,2021,0,Unknown
MCP32080027,5BFA0174F836432FA5E42E3D545075BA,False,NO APPARENT INJURY,UNKNOWN,UNKNOWN,EMERGENCY,MOVING CONSTANT SPEED,South,SUPERFICIAL,40,False,False,2,2250767647570290,210041591,Montgomery County Police,Property Damage ,False,South,1,3,LEVEL,False,False,UNKNOWN,SAME DIRECTION SIDESWIPE,DRY,DARK LIGHTS ON,UNKNOWN,NON INTERSECTION,UNKNOWN,STRAIGHT,NO DEFECTS,"TWO-WAY, DIVIDED, POSITIVE MEDIAN BARRIER",39.03326951,-76.9859559,8901981419077344,7793864548463294,0,0,0,2021101621,7698354239018293,Freightliner,0,Unknown,Unknown,0.0,0.0,Unknown,Unknown,Unknown,0,0,NEW HAMPSHIRE AVE,Maryland (State),SCHINDLER DR,County,7793864548463294,20903,SILVER SPRING,50204.7192451,65972447.4483,39.01829365940637,-76.9835422251861,14.0845,80.25848,0.0,0.0,0.0,13.324863,308.4181,211016216983590182,2021-10-16 21:00:00,21,PM,289,5,Saturday,1,10,October,2021,0,Unknown
MCP32080027,2B2A52B23F52478A936CF1E7693ACCCB,False,NO APPARENT INJURY,UNKNOWN,UNKNOWN,PASSENGER,MOVING CONSTANT SPEED,South,FUNCTIONAL,40,False,False,2,2781967118084235,210041591,Montgomery County Police,Property Damage ,False,South,1,3,LEVEL,False,False,UNKNOWN,SAME DIRECTION SIDESWIPE,DRY,DARK LIGHTS ON,UNKNOWN,NON INTERSECTION,UNKNOWN,STRAIGHT,NO DEFECTS,"TWO-WAY, DIVIDED, POSITIVE MEDIAN BARRIER",39.03326951,-76.9859559,8901981419077344,7793864548463294,0,0,0,2021101621,7698354239018293,Ford,2007,F150,Standard Pickup Trucks 2WD,8.0,5.4,Automatic 4,RWD,Regular Gasoline,13,18,NEW HAMPSHIRE AVE,Maryland (State),SCHINDLER DR,County,7793864548463294,20903,SILVER SPRING,50204.7192451,65972447.4483,39.01829365940637,-76.9835422251861,14.0845,80.25848,0.0,0.0,0.0,13.324863,308.4181,211016216983590182,2021-10-16 21:00:00,21,PM,289,5,Saturday,1,10,October,2021,0,Unknown
DM84980009,FC48595C1C6C474CB4DB69A7329C76EE,False,NO APPARENT INJURY,NONE,UNKNOWN,PASSENGER,CHANGING LANES,West,DISABLING,15,False,False,2,8525273538772488,210041603,Takoma Park Police Depart,Property Damage ,False,West,1,2,LEVEL,False,False,UNKNOWN,SAME DIRECTION RIGHT TURN,DRY,DARK LIGHTS ON,NO CONTROLS,UNKNOWN,UNKNOWN,STRAIGHT,NO DEFECTS,"TWO-WAY, NOT DIVIDED",38.98797806,-76.98643813,5963249679537482,2843299409940101,0,0,0,2021101700,7700204038982546,Toyota,2007,Camry,Compact Cars,4.0,2.4,Automatic 5,FWD,Regular Gasoline,21,31,UNIVERSITY BLVD W,Maryland (State),ENT TO BUSINESS,UNKNOWN,2843299409940101,20912,TAKOMA PARK,51232.0653417,65209197.2692,38.98254687160147,-77.00204079343348,12.548,80.856476,0.0,0.0,0.0,12.397806,295.82092,211017007002089825,2021-10-17 00:00:00,0,AM,290,6,Sunday,1,10,October,2021,0,Unknown
DM84980009,4ED79AA522E541218D78189A2AEC8761,False,NO APPARENT INJURY,NONE,NOT DISTRACTED,PASSENGER,MOVING CONSTANT SPEED,West,DISABLING,15,False,False,2,2815627368005804,210041603,Takoma Park Police Depart,Property Damage ,False,West,1,2,LEVEL,False,False,UNKNOWN,SAME DIRECTION RIGHT TURN,DRY,DARK LIGHTS ON,NO CONTROLS,UNKNOWN,UNKNOWN,STRAIGHT,NO DEFECTS,"TWO-WAY, NOT DIVIDED",38.98797806,-76.98643813,5963249679537482,2843299409940101,0,0,0,2021101700,7700204038982546,Honda,2016,Accord,Midsize Cars,4.0,2.4,Automatic 6,FWD,Regular Gasoline,21,33,UNIVERSITY BLVD W,Maryland (State),ENT TO BUSINESS,UNKNOWN,2843299409940101,20912,TAKOMA PARK,51232.0653417,65209197.2692,38.98254687160147,-77.00204079343348,12.548,80.856476,0.0,0.0,0.0,12.397806,295.82092,211017007002089825,2021-10-17 00:00:00,0,AM,290,6,Sunday,1,10,October,2021,0,Unknown
MCP2536003V,3D3AB4D036A343898B9248924F1A6BED,True,NO APPARENT INJURY,UNKNOWN,NOT DISTRACTED,PASSENGER,MOVING CONSTANT SPEED,West,DISABLING,30,False,False,1,5826783019741363,210041605,Montgomery County Police,Property Damage ,False,West,1,1,LEVEL,False,False,DRIVER,SAME DIR REAR END,DRY,DARK LIGHTS ON,NO CONTROLS,NON INTERSECTION,UNKNOWN,STRAIGHT,NO DEFECTS,"TWO-WAY, NOT DIVIDED",39.07676807,-77.07878767,6653866210450982,7397660917017595,0,0,0,2021101700,7705486039088590,BMW,0,Unknown,Unknown,0.0,0.0,Unknown,Unknown,Unknown,0,0,WENDY LA,County,PALMIRA LA,County,7397660917017595,20906,SILVER SPRING,133207.174949,359110751.771,39.08859082555049,-77.05486091907257,11.882501,82.14136,0.0,0.0,0.0,12.43434,292.1095,211017007054890885,2021-10-17 00:00:00,0,AM,290,6,Sunday,1,10,October,2021,0,Unknown
DM8499000J,3554A58467E444EF9FD46399B3B343BA,False,NO APPARENT INJURY,NONE,UNKNOWN,PASSENGER,MOVING CONSTANT SPEED,South,FUNCTIONAL,35,False,False,2,7379790505713931,210041631,Takoma Park Police Depart,Property Damage ,True,South,3,3,LEVEL,False,False,DRIVER,SAME DIR REAR END,DRY,DAYLIGHT,NO CONTROLS,NON INTERSECTION,UNKNOWN,STRAIGHT,NO DEFECTS,"TWO-WAY, DIVIDED, UNPROTECTED PAINTED MIN 4 FEET",38.98757723,-76.98798171,8901981419077344,1461872631554201,0,0,0,2021101709,7700204038982546,Toyota,2021,Prius,Midsize Cars,4.0,1.8,Automatic CVT,FWD,Regular Gasoline,51,47,NEW HAMPSHIRE AVE,Maryland (State),HOLTON LA,Municipality,1461872631554201,20912,TAKOMA PARK,51232.0653417,65209197.2692,38.98254687160147,-77.00204079343348,12.198,62.51424,0.0,0.0,0.0,18.03237,296.05344,211017097002089825,2021-10-17 09:00:00,9,AM,290,6,Sunday,1,10,October,2021,0,Unknown
DM8499000J,AEF7C0E6B1A642F39EB330A82B75631C,True,NO APPARENT INJURY,UNKNOWN,UNKNOWN,UNKNOWN,UNKNOWN,UNKNOWN,UNKNOWN,35,False,False,2,8168321465439775,210041631,Takoma Park Police Depart,Property Damage ,True,South,3,3,LEVEL,False,False,DRIVER,SAME DIR REAR END,DRY,DAYLIGHT,NO CONTROLS,NON INTERSECTION,UNKNOWN,STRAIGHT,NO DEFECTS,"TWO-WAY, DIVIDED, UNPROTECTED PAINTED MIN 4 FEET",38.98757723,-76.98798171,8901981419077344,1461872631554201,0,0,0,2021101709,7700204038982546,Unknown,0,Unknown,Unknown,0.0,0.0,Unknown,Unknown,Unknown,0,0,NEW HAMPSHIRE AVE,Maryland (State),HOLTON LA,Municipality,1461872631554201,20912,TAKOMA PARK,51232.0653417,65209197.2692,38.98254687160147,-77.00204079343348,12.198,62.51424,0.0,0.0,0.0,18.03237,296.05344,211017097002089825,2021-10-17 09:00:00,9,AM,290,6,Sunday,1,10,October,2021,0,Unknown
DM8499000L,5506589590A9450B9FEA62E11B1D9E43,False,NO APPARENT INJURY,NONE,UNKNOWN,PASSENGER,MOVING CONSTANT SPEED,East,FUNCTIONAL,35,False,False,2,6148504880939069,210041658,Takoma Park Police Depart,Property Damage ,False,East,2,2,LEVEL,False,False,DRIVER,STRAIGHT MOVEMENT ANGLE,DRY,DAYLIGHT,TRAFFIC SIGNAL,UNKNOWN,FOUR-WAY INTERSECTION,STRAIGHT,NO DEFECTS,"TWO-WAY, DIVIDED, UNPROTECTED PAINTED MIN 4 FEET",38.98831578,-76.9870074,5005946941929880,5750743819847308,0,0,0,2021101713,7700204038982546,Honda,2008,CR-V,Sport Utility Vehicle - 2WD,4.0,2.4,Automatic 5,AWD,Regular Gasoline,20,26,UNIVERSITY BLVD E,Maryland (State),ALLEY,County,5750743819847308,20912,TAKOMA PARK,51232.0653417,65209197.2692,38.98254687160147,-77.00204079343348,16.348,44.261295,0.0,0.0,0.0,25.41763,307.5192,211017137002089825,2021-10-17 13:00:00,13,PM,290,6,Sunday,1,10,October,2021,0,Unknown
DM8499000L,1AAA4FDCD86F4CC6B96B6F4C4ADA0ED3,True,NO APPARENT INJURY,NONE,UNKNOWN,PASSENGER,MOVING CONSTANT SPEED,North,SUPERFICIAL,35,False,False,2,8563751426815644,210041658,Takoma Park Police Depart,Property Damage ,False,East,2,2,LEVEL,False,False,DRIVER,STRAIGHT MOVEMENT ANGLE,DRY,DAYLIGHT,TRAFFIC SIGNAL,UNKNOWN,FOUR-WAY INTERSECTION,STRAIGHT,NO DEFECTS,"TWO-WAY, DIVIDED, UNPROTECTED PAINTED MIN 4 FEET",38.98831578,-76.9870074,5005946941929880,5750743819847308,0,0,0,2021101713,7700204038982546,Toyota,1995,Celica,Subcompact Cars,4.0,2.2,Automatic 4,FWD,Regular Gasoline,19,26,UNIVERSITY BLVD E,Maryland (State),ALLEY,County,5750743819847308,20912,TAKOMA PARK,51232.0653417,65209197.2692,38.98254687160147,-77.00204079343348,16.348,44.261295,0.0,0.0,0.0,25.41763,307.5192,211017137002089825,2021-10-17 13:00:00,13,PM,290,6,Sunday,1,10,October,2021,0,Unknown
MCP3148003F,9D309253AF7C471398E64DE55FF55125,False,NO APPARENT INJURY,NONE,UNKNOWN,PASSENGER,MAKING RIGHT TURN,West,DISABLING,25,False,False,2,5867016817848002,210041660,Montgomery County Police,Property Damage ,False,North,1,1,LEVEL,False,False,UNKNOWN,ANGLE MEETS RIGHT TURN,DRY,DAYLIGHT,STOP SIGN,INTERSECTION,FOUR-WAY INTERSECTION,STRAIGHT,NO DEFECTS,"TWO-WAY, DIVIDED, UNPROTECTED PAINTED MIN 4 FEET",39.02761833,-77.07216833,8840809600344108,5973410232224665,0,0,0,2021101713,7707527239025656,Honda,2012,CR-V,Sport Utility Vehicle - 2WD,4.0,2.4,Automatic 5,AWD,Regular Gasoline,22,29,METROPOLITAN AVE,Maryland (State),ST PAUL ST,Municipality,5973410232224665,20895,KENSINGTON,70838.1492765,106180148.023,39.02565657266069,-77.07527294437958,16.095499,44.813995,0.0,0.0,0.0,24.985659,306.20953,211017137075290256,2021-10-17 13:00:00,13,PM,290,6,Sunday,1,10,October,2021,0,Unknown
MCP3148003F,D0F5941C17604E2AA2986B2A092D5C26,False,NO APPARENT INJURY,NONE,UNKNOWN,PASSENGER,ACCELERATING,North,FUNCTIONAL,25,False,False,2,1314431078866941,210041660,Montgomery County Police,Property Damage ,False,North,1,1,LEVEL,False,False,UNKNOWN,ANGLE MEETS RIGHT TURN,DRY,DAYLIGHT,STOP SIGN,INTERSECTION,FOUR-WAY INTERSECTION,STRAIGHT,NO DEFECTS,"TWO-WAY, DIVIDED, UNPROTECTED PAINTED MIN 4 FEET",39.02761833,-77.07216833,8840809600344108,5973410232224665,0,0,0,2021101713,7707527239025656,Toyota,2006,Corolla,Compact Cars,4.0,1.8,Automatic 4,FWD,Regular Gasoline,22,31,METROPOLITAN AVE,Maryland (State),ST PAUL ST,Municipality,5973410232224665,20895,KENSINGTON,70838.1492765,106180148.023,39.02565657266069,-77.07527294437958,16.095499,44.813995,0.0,0.0,0.0,24.985659,306.20953,211017137075290256,2021-10-17 13:00:00,13,PM,290,6,Sunday,1,10,October,2021,0,Unknown
MCP2917008H,0032F369252443BF9FE24FD693D37472,True,POSSIBLE INJURY,NONE,LOOKED BUT DID NOT SEE,PASSENGER,MAKING LEFT TURN,East,DISABLING,35,False,False,2,8224255970086176,210041685,Montgomery County Police,Injury ,False,South,2,3,LEVEL,False,False,DRIVER,STRAIGHT MOVEMENT ANGLE,DRY,DAYLIGHT,STOP SIGN,INTERSECTION,T-INTERSECTION,STRAIGHT,NO DEFECTS,"TWO-WAY, DIVIDED, POSITIVE MEDIAN BARRIER",39.06710754,-77.07505498,1627793738140795,15643436862997,0,0,0,2021101716,7705486039088590,Toyota,2011,Prius,Midsize Cars,4.0,1.8,Automatic CVT,FWD,Regular Gasoline,49,46,CONNECTICUT AVE,Maryland (State),ATHERTON DR,County,15643436862997,20906,SILVER SPRING,133207.174949,359110751.771,39.08859082555049,-77.05486091907257,16.4825,37.38459,0.0,0.0,0.0,23.023117,296.96564,211017167054890885,2021-10-17 16:00:00,16,PM,290,6,Sunday,1,10,October,2021,0,Unknown
MCP2917008H,A43B510E00FD4D9A98537F668DFB4B7B,False,POSSIBLE INJURY,NONE,NOT DISTRACTED,PASSENGER,MOVING CONSTANT SPEED,South,FUNCTIONAL,35,False,False,2,7449593856101433,210041685,Montgomery County Police,Injury ,False,South,2,3,LEVEL,False,False,DRIVER,STRAIGHT MOVEMENT ANGLE,DRY,DAYLIGHT,STOP SIGN,INTERSECTION,T-INTERSECTION,STRAIGHT,NO DEFECTS,"TWO-WAY, DIVIDED, POSITIVE MEDIAN BARRIER",39.06710754,-77.07505498,1627793738140795,15643436862997,0,0,0,2021101716,7705486039088590,Toyota,2020,Highlander,Small Sport Utility Vehicle 2WD,4.0,2.5,Automatic 6,AWD,Regular Gasoline,20,35,CONNECTICUT AVE,Maryland (State),ATHERTON DR,County,15643436862997,20906,SILVER SPRING,133207.174949,359110751.771,39.08859082555049,-77.05486091907257,16.4825,37.38459,0.0,0.0,0.0,23.023117,296.96564,211017167054890885,2021-10-17 16:00:00,16,PM,290,6,Sunday,1,10,October,2021,0,Unknown
MCP3127001W,F7EB815CD4904ED3B932E96BF3093499,False,POSSIBLE INJURY,NONE,NOT DISTRACTED,PASSENGER,MOVING CONSTANT SPEED,North,DISABLING,55,False,False,5,7868426092859000,210041715,Montgomery County Police,Injury ,False,North,3,3,LEVEL,False,False,DRIVER,SAME DIR REAR END,DRY,DARK LIGHTS ON,NO CONTROLS,NON INTERSECTION,UNKNOWN,STRAIGHT,NO DEFECTS,"TWO-WAY, DIVIDED, POSITIVE MEDIAN BARRIER",39.0226006,-77.1062737,1257986858156867,552436108565544,0,0,0,2021101720,7710519939016894,Toyota,1998,Camry,Midsize Cars,4.0,2.2,Automatic 4,FWD,Regular Gasoline,17,25,EISENHOWER MEMORIAL HWY,Interstate (State),RAMP 1 FR MD 355 NB TO IS 270 WB,Ramp,552436108565544,20814,BETHESDA,58373.8630538,68540697.609,39.016894075883464,-77.10519990449882,12.4845,54.226112,0.0,0.0,0.0,11.090103,283.13403,211017207105190168,2021-10-17 20:00:00,20,PM,290,6,Sunday,1,10,October,2021,0,Unknown
MCP3127001W,E745F74C26D64F558C037FBEC15AB163,False,SUSPECTED MINOR INJURY,NONE,NOT DISTRACTED,PASSENGER,SLOWING OR STOPPING,North,DISABLING,55,False,False,5,2831961240754048,210041715,Montgomery County Police,Injury ,False,North,3,3,LEVEL,False,False,DRIVER,SAME DIR REAR END,DRY,DARK LIGHTS ON,NO CONTROLS,NON INTERSECTION,UNKNOWN,STRAIGHT,NO DEFECTS,"TWO-WAY, DIVIDED, POSITIVE MEDIAN BARRIER",39.0226006,-77.1062737,1257986858156867,552436108565544,0,0,0,2021101720,7710519939016894,Dodge,2005,Magnum,Sport Utility Vehicle - 2WD,6.0,3.5,Automatic 5,RWD,Regular Gasoline,15,22,EISENHOWER MEMORIAL HWY,Interstate (State),RAMP 1 FR MD 355 NB TO IS 270 WB,Ramp,552436108565544,20814,BETHESDA,58373.8630538,68540697.609,39.016894075883464,-77.10519990449882,12.4845,54.226112,0.0,0.0,0.0,11.090103,283.13403,211017207105190168,2021-10-17 20:00:00,20,PM,290,6,Sunday,1,10,October,2021,0,Unknown
MCP3127001W,330E4C444ED94F40AA3E1B3EE32570C6,False,NO APPARENT INJURY,UNKNOWN,NOT DISTRACTED,PASSENGER,MOVING CONSTANT SPEED,North,SUPERFICIAL,55,False,False,5,4019962602609108,210041715,Montgomery County Police,Injury ,False,North,3,3,LEVEL,False,False,DRIVER,SAME DIR REAR END,DRY,DARK LIGHTS ON,NO CONTROLS,NON INTERSECTION,UNKNOWN,STRAIGHT,NO DEFECTS,"TWO-WAY, DIVIDED, POSITIVE MEDIAN BARRIER",39.0226006,-77.1062737,1257986858156867,552436108565544,0,0,0,2021101720,7710519939016894,Toyota,2017,Prius v,Midsize Station Wagons,4.0,1.8,Automatic CVT,FWD,Regular Gasoline,43,39,EISENHOWER MEMORIAL HWY,Interstate (State),RAMP 1 FR MD 355 NB TO IS 270 WB,Ramp,552436108565544,20814,BETHESDA,58373.8630538,68540697.609,39.016894075883464,-77.10519990449882,12.4845,54.226112,0.0,0.0,0.0,11.090103,283.13403,211017207105190168,2021-10-17 20:00:00,20,PM,290,6,Sunday,1,10,October,2021,0,Unknown
MCP3127001W,BB1D6EFEEBDC4B799F269976A977A7EB,True,SUSPECTED MINOR INJURY,NONE,NOT DISTRACTED,PASSENGER,ACCELERATING,North,DISABLING,55,False,False,5,7589880044030644,210041715,Montgomery County Police,Injury ,False,North,3,3,LEVEL,False,False,DRIVER,SAME DIR REAR END,DRY,DARK LIGHTS ON,NO CONTROLS,NON INTERSECTION,UNKNOWN,STRAIGHT,NO DEFECTS,"TWO-WAY, DIVIDED, POSITIVE MEDIAN BARRIER",39.0226006,-77.1062737,1257986858156867,552436108565544,0,0,0,2021101720,7710519939016894,Toyota,2002,RAV4,Sport Utility Vehicle - 2WD,4.0,2.0,Automatic 4,AWD,Regular Gasoline,20,25,EISENHOWER MEMORIAL HWY,Interstate (State),RAMP 1 FR MD 355 NB TO IS 270 WB,Ramp,552436108565544,20814,BETHESDA,58373.8630538,68540697.609,39.016894075883464,-77.10519990449882,12.4845,54.226112,0.0,0.0,0.0,11.090103,283.13403,211017207105190168,2021-10-17 20:00:00,20,PM,290,6,Sunday,1,10,October,2021,0,Unknown
MCP3127001W,F50F1269C1CC487F9BEE1C3453F0C335,False,NO APPARENT INJURY,UNKNOWN,NOT DISTRACTED,PASSENGER,SLOWING OR STOPPING,North,SUPERFICIAL,55,False,False,5,8961481787963722,210041715,Montgomery County Police,Injury ,False,North,3,3,LEVEL,False,False,DRIVER,SAME DIR REAR END,DRY,DARK LIGHTS ON,NO CONTROLS,NON INTERSECTION,UNKNOWN,STRAIGHT,NO DEFECTS,"TWO-WAY, DIVIDED, POSITIVE MEDIAN BARRIER",39.0226006,-77.1062737,1257986858156867,552436108565544,0,0,0,2021101720,7710519939016894,Mazda,0,Unknown,Unknown,0.0,0.0,Unknown,Unknown,Unknown,0,0,EISENHOWER MEMORIAL HWY,Interstate (State),RAMP 1 FR MD 355 NB TO IS 270 WB,Ramp,552436108565544,20814,BETHESDA,58373.8630538,68540697.609,39.016894075883464,-77.10519990449882,12.4845,54.226112,0.0,0.0,0.0,11.090103,283.13403,211017207105190168,2021-10-17 20:00:00,20,PM,290,6,Sunday,1,10,October,2021,0,Unknown
MCP3148003G,53890863AC5648F8BCC751192B975DDD,True,NO APPARENT INJURY,NONE,LOOKED BUT DID NOT SEE,PASSENGER,SLOWING OR STOPPING,West,DISABLING,55,False,False,2,7285498184182570,210041718,Montgomery County Police,Property Damage ,False,West,4,4,LEVEL,False,False,DRIVER,SAME DIR REAR END,DRY,DARK LIGHTS ON,UNKNOWN,UNKNOWN,UNKNOWN,STRAIGHT,NO DEFECTS,"TWO-WAY, DIVIDED, POSITIVE MEDIAN BARRIER",39.01862667,-77.1024,2262757322158515,1034406591474203,0,0,0,2021101720,7710519939016894,Honda,2007,Civic,Subcompact Cars,4.0,1.8,Automatic 5,FWD,Regular Gasoline,20,36,CAPITAL BELTWAY,Interstate (State),EXIT #35,UNKNOWN,1034406591474203,20814,BETHESDA,58373.8630538,68540697.609,39.016894075883464,-77.10519990449882,12.4845,54.226112,0.0,0.0,0.0,11.090103,283.13403,211017207105190168,2021-10-17 20:00:00,20,PM,290,6,Sunday,1,10,October,2021,0,Unknown
MCP3148003G,314B0A7C89944FC298A9C54BB086CE89,False,NO APPARENT INJURY,NONE,NOT DISTRACTED,PASSENGER,STOPPED IN TRAFFIC LANE,West,SUPERFICIAL,55,False,False,2,844630782427758,210041718,Montgomery County Police,Property Damage ,False,West,4,4,LEVEL,False,False,DRIVER,SAME DIR REAR END,DRY,DARK LIGHTS ON,UNKNOWN,UNKNOWN,UNKNOWN,STRAIGHT,NO DEFECTS,"TWO-WAY, DIVIDED, POSITIVE MEDIAN BARRIER",39.01862667,-77.1024,2262757322158515,1034406591474203,0,0,0,2021101720,7710519939016894,Audi,2013,Q7,Standard Sport Utility Vehicle 4WD,6.0,3.0,Automatic 8,AWD,Diesel,16,21,CAPITAL BELTWAY,Interstate (State),EXIT #35,UNKNOWN,1034406591474203,20814,BETHESDA,58373.8630538,68540697.609,39.016894075883464,-77.10519990449882,12.4845,54.226112,0.0,0.0,0.0,11.090103,283.13403,211017207105190168,2021-10-17 20:00:00,20,PM,290,6,Sunday,1,10,October,2021,0,Unknown
MCP26120048,83D27F183F7F4B009921B8BD4E1A6DC9,False,NO APPARENT INJURY,NONE,NOT DISTRACTED,PASSENGER,MAKING RIGHT TURN,North,SUPERFICIAL,25,False,False,1,6502835524785677,210041716,Montgomery County Police,Injury ,False,North,1,2,LEVEL,False,False,NONMOTORIST,OTHER,DRY,DARK LIGHTS ON,STOP SIGN,INTERSECTION,T-INTERSECTION,STRAIGHT,NO DEFECTS,"TWO-WAY, NOT DIVIDED",39.090145,-77.05401167,2528857722379129,3786639377990067,1,1,0,2021101720,7705486039088590,Nissan,2010,Sentra,Midsize Cars,4.0,2.0,Manual 6,FWD,Regular Gasoline,24,28,RIPPLING BROOK DR,County,BEL PRE RD,County,3786639377990067,20906,SILVER SPRING,133207.174949,359110751.771,39.08859082555049,-77.05486091907257,12.382501,52.688763,0.0,0.0,0.0,11.874544,284.03625,211017207054890885,2021-10-17 20:00:00,20,PM,290,6,Sunday,1,10,October,2021,0,Unknown