ReportNumber,VehicleCrashKey,DriverAtFault,DriverInjurySeverity,DriverSubstanceAbuse,DriverDistractedBy,VehicleType,VehicleMovement,VehicleGoingDir,VehicleDamageExtent,SpeedLimit,ParkedVehicle,SubstanceAbuseContributed,VehiclesCrashedTotal,VehicleKey,LocalCaseNumber,AgencyName,ACRSReportType,HitRun,LaneDirection,LaneNumber,NumberOfLanes,RoadGrade,NonTraffic,OffRoadIncident,AccidentAtFault,CollisionType,SurfaceCondition,Light,TrafficControl,Junction,IntersectionType,RoadAlignment,RoadCondition,RoadDivision,Latitude,Longitude,RoadKey_x,CrossStreetKey,NonMotoristTotal,NonMotoristInjury,NonMotoristFatal,DateHourKey,LocationAreaKey,Make,Year_x,BaseModel,BodyClass,Cylinders,Displacement,Transmission,Drivetrain,FuelType,CityMPG,HighwayMPG,RoadName_x,RouteType_x,RoadName_y,RouteType_y,RoadKey_y,Zipcode,MailCity,ShapeLength,ShapeArea,CentroidLatitude,CentroidLongitude,Temperature,Humidity,Precipitation,Rain,Snow,WindSpeed,WindDirection,WeatherKey,Datetime,Hour,TimeOfDay,DayNumber,WeekDayNumber,WeekDayName,WeekendFlag,MonthNumber,MonthName,Year_y,HolidayFlag,HolidayName
MCP106400BZ,9D82159BCBBB46CEA05480F442CD0A03,False,NO APPARENT INJURY,UNKNOWN,NOT DISTRACTED,BUS,STOPPED IN TRAFFIC LANE,West,SUPERFICIAL,25,False,False,2,240722642832247,210041747,Montgomery County Police,Property Damage ,False,West,1,1,GRADE DOWNHILL,False,False,DRIVER,SAME DIRECTION SIDESWIPE,DRY,DAYLIGHT,UNKNOWN,NON INTERSECTION,UNKNOWN,STRAIGHT,NO DEFECTS,"TWO-WAY, NOT DIVIDED",39.07852667,-77.06957667,2242153826664605,8554262040045692,0,0,0,2021101807,7705486039088590,Gillig,0,Unknown,Unknown,0.0,0.0,Unknown,Unknown,Unknown,0,0,HEWITT AVE,County,GEORGIA AVE,Maryland (State),8554262040045692,20906,SILVER SPRING,133207.174949,359110751.771,39.08859082555049,-77.05486091907257,9.1825,66.10978,0.0,0.0,0.0,14.404499,271.43207,211018077054890885,2021-10-18 07:00:00,7,AM,291,0,Monday,0,10,October,2021,0,Unknown
MCP106400BZ,0DE7F9F19C7C4F559AA4FFBCFCC2410F,True,NO APPARENT INJURY,UNKNOWN,NOT DISTRACTED,PASSENGER,PASSING,West,SUPERFICIAL,25,False,False,2,1032942915110160,210041747,Montgomery County Police,Property Damage ,False,West,1,1,GRADE DOWNHILL,False,False,DRIVER,SAME DIRECTION SIDESWIPE,DRY,DAYLIGHT,UNKNOWN,NON INTERSECTION,UNKNOWN,STRAIGHT,NO DEFECTS,"TWO-WAY, NOT DIVIDED",39.07852667,-77.06957667,2242153826664605,8554262040045692,0,0,0,2021101807,7705486039088590,Toyota,2016,Corolla,Midsize Cars,4.0,1.8,Automatic CVT,FWD,Regular Gasoline,28,36,HEWITT AVE,County,GEORGIA AVE,Maryland (State),8554262040045692,20906,SILVER SPRING,133207.174949,359110751.771,39.08859082555049,-77.05486091907257,9.1825,66.10978,0.0,0.0,0.0,14.404499,271.43207,211018077054890885,2021-10-18 07:00:00,7,AM,291,0,Monday,0,10,October,2021,0,Unknown
MCP32150027,9A43ABBDE8CB4AFDB97E64F2A0C90335,True,NO APPARENT INJURY,NONE,UNKNOWN,PASSENGER,MAKING LEFT TURN,West,FUNCTIONAL,25,False,False,3,7004010037203408,210041790,Montgomery County Police,Injury ,False,North,1,3,LEVEL,False,False,DRIVER,ANGLE MEETS LEFT HEAD ON,DRY,DAYLIGHT,TRAFFIC SIGNAL,INTERSECTION RELATED,FOUR-WAY INTERSECTION,STRAIGHT,NO DEFECTS,"TWO-WAY, DIVIDED, POSITIVE MEDIAN BARRIER",38.97704325,-77.09071307,7307765282026999,7806589269723106,0,0,0,2021101811,7707842038983818,Honda,2016,Civic,Compact Cars,4.0,2.0,Automatic CVT,FWD,Regular Gasoline,30,37,WISCONSIN AVE,Maryland (State),BRADLEY LA,Maryland (State),7806589269723106,20815,CHEVY CHASE,78258.2702851,151813895.483,38.98381860627773,-77.07842006190148,15.3245,49.026592,0.0,0.0,0.0,18.511143,283.49576,211018117078489838,2021-10-18 11:00:00,11,AM,291,0,Monday,0,10,October,2021,0,Unknown
MCP32150027,48510A46486440A7AC9A19A6A5371AF2,False,NO APPARENT INJURY,NONE,NOT DISTRACTED,PASSENGER,STOPPED IN TRAFFIC LANE,North,FUNCTIONAL,25,False,False,3,819104244733174,210041790,Montgomery County Police,Injury ,False,North,1,3,LEVEL,False,False,DRIVER,ANGLE MEETS LEFT HEAD ON,DRY,DAYLIGHT,TRAFFIC SIGNAL,INTERSECTION RELATED,FOUR-WAY INTERSECTION,STRAIGHT,NO DEFECTS,"TWO-WAY, DIVIDED, POSITIVE MEDIAN BARRIER",38.97704325,-77.09071307,7307765282026999,7806589269723106,0,0,0,2021101811,7707842038983818,Nissan,2014,Altima,Midsize Cars,4.0,2.5,Automatic 7,FWD,Regular Gasoline,22,31,WISCONSIN AVE,Maryland (State),BRADLEY LA,Maryland (State),7806589269723106,20815,CHEVY CHASE,78258.2702851,151813895.483,38.98381860627773,-77.07842006190148,15.3245,49.026592,0.0,0.0,0.0,18.511143,283.49576,211018117078489838,2021-10-18 11:00:00,11,AM,291,0,Monday,0,10,October,2021,0,Unknown
MCP32150027,4C60D618A3F04771B2BE234CBFF7A2DB,False,NO APPARENT INJURY,NONE,NOT DISTRACTED,PASSENGER,STOPPED IN TRAFFIC LANE,North,DISABLING,25,False,False,3,9565689090786746,210041790,Montgomery County Police,Injury ,False,North,1,3,LEVEL,False,False,DRIVER,ANGLE MEETS LEFT HEAD ON,DRY,DAYLIGHT,TRAFFIC SIGNAL,INTERSECTION RELATED,FOUR-WAY INTERSECTION,STRAIGHT,NO DEFECTS,"TWO-WAY, DIVIDED, POSITIVE MEDIAN BARRIER",38.97704325,-77.09071307,7307765282026999,7806589269723106,0,0,0,2021101811,7707842038983818,Jeep,2014,Grand Cherokee,Standard Sport Utility Vehicle 4WD,6.0,3.0,Automatic 8,4WD,Diesel,14,19,WISCONSIN AVE,Maryland (State),BRADLEY LA,Maryland (State),7806589269723106,20815,CHEVY CHASE,78258.2702851,151813895.483,38.98381860627773,-77.07842006190148,15.3245,49.026592,0.0,0.0,0.0,18.511143,283.49576,211018117078489838,2021-10-18 11:00:00,11,AM,291,0,Monday,0,10,October,2021,0,Unknown
MCP3133002Q,2182EDE8FDC249DF882D93B2E30C0204,True,NO APPARENT INJURY,NONE,NOT DISTRACTED,PASSENGER,PARKING,North,SUPERFICIAL,5,False,False,1,1374907396372743,210041809,Montgomery County Police,Property Damage ,False,UNKNOWN,0,0,UNKNOWN,True,True,DRIVER,SAME DIRECTION SIDESWIPE,UNKNOWN,DAYLIGHT,NO CONTROLS,UNKNOWN,UNKNOWN,UNKNOWN,UNKNOWN,UNKNOWN,39.080325,-77.07172167,7781945108562677,7781945108562677,0,0,0,2021101813,7705486039088590,Toyota,2004,Sienna,Minivan - 2WD,6.0,3.3,Automatic 5,AWD,Regular Gasoline,16,22,UNKNOWN,UNKNOWN,UNKNOWN,UNKNOWN,7781945108562677,20906,SILVER SPRING,133207.174949,359110751.771,39.08859082555049,-77.05486091907257,16.682499,39.633175,0.0,0.0,0.0,23.185787,306.15826,211018137054890885,2021-10-18 13:00:00,13,PM,291,0,Monday,0,10,October,2021,0,Unknown
MCP3051004M,ACE0972AD5B44B5B940D3B37DF93C71D,False,POSSIBLE INJURY,NONE,NOT DISTRACTED,PASSENGER,SLOWING OR STOPPING,North,FUNCTIONAL,35,False,False,3,9233316854148628,210041834,Montgomery County Police,Injury ,False,North,3,3,LEVEL,False,False,DRIVER,SAME DIR REAR END,DRY,DAYLIGHT,TRAFFIC SIGNAL,INTERSECTION RELATED,UNKNOWN,STRAIGHT,NO DEFECTS,"TWO-WAY, DIVIDED, POSITIVE MEDIAN BARRIER",38.99929833,-77.09679833,5925405510732472,8467184696040290,0,0,0,2021101815,7709047139001824,Honda,2016,Odyssey,Minivan - 2WD,6.0,3.5,Automatic 6,FWD,Regular Gasoline,19,27,ROCKVILLE PIKE,Maryland (State),SOUTH DR,Government,8467184696040290,20889,BETHESDA,13519.8810592,10781552.967,39.00182400847492,-77.09047126593259,18.328499,32.092373,0.0,0.0,0.0,23.557316,308.79657,211018157090490018,2021-10-18 15:00:00,15,PM,291,0,Monday,0,10,October,2021,0,Unknown
MCP3051004M,D72063BD406648F785EBDCFF8358DF3F,False,POSSIBLE INJURY,NONE,NOT DISTRACTED,PASSENGER,SLOWING OR STOPPING,North,FUNCTIONAL,35,False,False,3,4834438347529233,210041834,Montgomery County Police,Injury ,False,North,3,3,LEVEL,False,False,DRIVER,SAME DIR REAR END,DRY,DAYLIGHT,TRAFFIC SIGNAL,INTERSECTION RELATED,UNKNOWN,STRAIGHT,NO DEFECTS,"TWO-WAY, DIVIDED, POSITIVE MEDIAN BARRIER",38.99929833,-77.09679833,5925405510732472,8467184696040290,0,0,0,2021101815,7709047139001824,Honda,2011,Pilot,Sport Utility Vehicle - 2WD,6.0,3.5,Automatic 5,AWD,Regular Gasoline,16,22,ROCKVILLE PIKE,Maryland (State),SOUTH DR,Government,8467184696040290,20889,BETHESDA,13519.8810592,10781552.967,39.00182400847492,-77.09047126593259,18.328499,32.092373,0.0,0.0,0.0,23.557316,308.79657,211018157090490018,2021-10-18 15:00:00,15,PM,291,0,Monday,0,10,October,2021,0,Unknown
MCP3051004M,BD50C22F8AF149C09F4B7E1DEEBB8AE1,True,NO APPARENT INJURY,NONE,OTHER DISTRACTION,PASSENGER,MOVING CONSTANT SPEED,North,SUPERFICIAL,35,False,False,3,7731083865396304,210041834,Montgomery County Police,Injury ,False,North,3,3,LEVEL,False,False,DRIVER,SAME DIR REAR END,DRY,DAYLIGHT,TRAFFIC SIGNAL,INTERSECTION RELATED,UNKNOWN,STRAIGHT,NO DEFECTS,"TWO-WAY, DIVIDED, POSITIVE MEDIAN BARRIER",38.99929833,-77.09679833,5925405510732472,8467184696040290,0,0,0,2021101815,7709047139001824,Toyota,2016,Highlander,Standard Sport Utility Vehicle 4WD,6.0,3.5,Automatic 6,AWD,Regular Gasoline,18,25,ROCKVILLE PIKE,Maryland (State),SOUTH DR,Government,8467184696040290,20889,BETHESDA,13519.8810592,10781552.967,39.00182400847492,-77.09047126593259,18.328499,32.092373,0.0,0.0,0.0,23.557316,308.79657,211018157090490018,2021-10-18 15:00:00,15,PM,291,0,Monday,0,10,October,2021,0,Unknown
MCP9118002W,C7E5478220D4408D82E25648AA553BFA,False,SUSPECTED SERIOUS INJURY,NONE,UNKNOWN,PASSENGER,MOVING CONSTANT SPEED,South,DISABLING,35,False,False,3,2311894360144589,210041917,Montgomery County Police,Injury ,False,South,2,3,LEVEL,False,False,DRIVER,HEAD ON,DRY,DARK -- UNKNOWN LIGHTING,TRAFFIC SIGNAL,INTERSECTION,FOUR-WAY INTERSECTION,STRAIGHT,NO DEFECTS,"TWO-WAY, DIVIDED, POSITIVE MEDIAN BARRIER",39.05190475,-77.07499939,1627793738140795,9290911226978796,0,0,0,2021101905,7705486039088590,Chevrolet,2016,Cruze,Midsize Cars,4.0,1.4,Automatic 6,FWD,Regular Gasoline,26,40,CONNECTICUT AVE,Maryland (State),VEIRS MILL RD,Maryland (State),9290911226978796,20906,SILVER SPRING,133207.174949,359110751.771,39.08859082555049,-77.05486091907257,8.0825,71.97374,0.0,0.0,0.0,11.113451,294.90472,211019057054890885,2021-10-19 05:00:00,5,AM,292,1,Tuesday,0,10,October,2021,0,Unknown
MCP9118002W,5A2EF7E215A54E58A8F14939E3FFC921,True,SUSPECTED MINOR INJURY,NONE,UNKNOWN,PASSENGER,MAKING LEFT TURN,North,DISABLING,35,False,False,3,7731084117060589,210041917,Montgomery County Police,Injury ,False,South,2,3,LEVEL,False,False,DRIVER,HEAD ON,DRY,DARK -- UNKNOWN LIGHTING,TRAFFIC SIGNAL,INTERSECTION,FOUR-WAY INTERSECTION,STRAIGHT,NO DEFECTS,"TWO-WAY, DIVIDED, POSITIVE MEDIAN BARRIER",39.05190475,-77.07499939,1627793738140795,9290911226978796,0,0,0,2021101905,7705486039088590,Toyota,2019,Highlander,Standard Sport Utility Vehicle 4WD,6.0,3.5,Automatic 8,AWD,Regular Gasoline,20,27,CONNECTICUT AVE,Maryland (State),VEIRS MILL RD,Maryland (State),9290911226978796,20906,SILVER SPRING,133207.174949,359110751.771,39.08859082555049,-77.05486091907257,8.0825,71.97374,0.0,0.0,0.0,11.113451,294.90472,211019057054890885,2021-10-19 05:00:00,5,AM,292,1,Tuesday,0,10,October,2021,0,Unknown
MCP9118002W,104204BDD03F4D9FA26AF578C674BBC4,False,POSSIBLE INJURY,NONE,UNKNOWN,PASSENGER,MOVING CONSTANT SPEED,South,DISABLING,35,False,False,3,1314431011756465,210041917,Montgomery County Police,Injury ,False,South,2,3,LEVEL,False,False,DRIVER,HEAD ON,DRY,DARK -- UNKNOWN LIGHTING,TRAFFIC SIGNAL,INTERSECTION,FOUR-WAY INTERSECTION,STRAIGHT,NO DEFECTS,"TWO-WAY, DIVIDED, POSITIVE MEDIAN BARRIER",39.05190475,-77.07499939,1627793738140795,9290911226978796,0,0,0,2021101905,7705486039088590,Toyota,2002,Corolla,Compact Cars,4.0,1.8,Automatic 3,FWD,Regular Gasoline,25,30,CONNECTICUT AVE,Maryland (State),VEIRS MILL RD,Maryland (State),9290911226978796,20906,SILVER SPRING,133207.174949,359110751.771,39.08859082555049,-77.05486091907257,8.0825,71.97374,0.0,0.0,0.0,11.113451,294.90472,211019057054890885,2021-10-19 05:00:00,5,AM,292,1,Tuesday,0,10,October,2021,0,Unknown
MCP3112005L,2A9E81C2FCF34F6FA7C7EC55403A2E35,False,SUSPECTED MINOR INJURY,NONE,UNKNOWN,PASSENGER,MAKING LEFT TURN,East,DESTROYED,25,False,False,2,9233316837371009,210041919,Montgomery County Police,Injury ,False,North,2,3,LEVEL,False,False,UNKNOWN,HEAD ON LEFT TURN,DRY,DAWN,TRAFFIC SIGNAL,INTERSECTION,FOUR-WAY INTERSECTION,STRAIGHT,NO DEFECTS,"TWO-WAY, DIVIDED, POSITIVE MEDIAN BARRIER",38.99686434,-77.09652652,5925405510732472,8313298178840333,0,0,0,2021101906,7710072538987731,Honda,2011,Odyssey,Minivan - 2WD,6.0,3.5,Automatic 5,FWD,Regular Gasoline,18,27,ROCKVILLE PIKE,Maryland (State),JONES BRIDGE RD,County,8313298178840333,20814,BETHESDA,46411.6876883,47837334.4314,38.98773167577017,-77.10072590539887,8.2985,72.52373,0.0,0.0,0.0,11.304229,307.23492,211019067100789877,2021-10-19 06:00:00,6,AM,292,1,Tuesday,0,10,October,2021,0,Unknown
MCP3112005L,32A96381E97D4159A0DEAC96B999ED84,False,SUSPECTED MINOR INJURY,NONE,UNKNOWN,PASSENGER,MOVING CONSTANT SPEED,North,DESTROYED,25,False,False,2,9530107367341165,210041919,Montgomery County Police,Injury ,False,North,2,3,LEVEL,False,False,UNKNOWN,HEAD ON LEFT TURN,DRY,DAWN,TRAFFIC SIGNAL,INTERSECTION,FOUR-WAY INTERSECTION,STRAIGHT,NO DEFECTS,"TWO-WAY, DIVIDED, POSITIVE MEDIAN BARRIER",38.99686434,-77.09652652,5925405510732472,8313298178840333,0,0,0,2021101906,7710072538987731,Nissan,2011,Rogue,Sport Utility Vehicle - 2WD,4.0,2.5,Automatic CVT,AWD,Regular Gasoline,22,26,ROCKVILLE PIKE,Maryland (State),JONES BRIDGE RD,County,8313298178840333,20814,BETHESDA,46411.6876883,47837334.4314,38.98773167577017,-77.10072590539887,8.2985,72.52373,0.0,0.0,0.0,11.304229,307.23492,211019067100789877,2021-10-19 06:00:00,6,AM,292,1,Tuesday,0,10,October,2021,0,Unknown
MCP1119009D,FD4FCF24DA18431C8E6E73B09DDC395C,True,NO APPARENT INJURY,NONE,NOT DISTRACTED,BUS,MOVING CONSTANT SPEED,South,SUPERFICIAL,25,False,False,1,6691677547236723,210041920,Montgomery County Police,Property Damage ,False,South,1,1,LEVEL,False,False,DRIVER,OTHER,DRY,DAWN,NO CONTROLS,NON INTERSECTION,UNKNOWN,STRAIGHT,NO DEFECTS,"TWO-WAY, NOT DIVIDED",39.09073667,-77.07640667,3930092392648356,3786639377990067,0,0,0,2021101907,7705486039088590,Thomas,0,Unknown,Unknown,0.0,0.0,Unknown,Unknown,Unknown,0,0,GRAND PRE RD,County,BEL PRE RD,County,3786639377990067,20906,SILVER SPRING,133207.174949,359110751.771,39.08859082555049,-77.05486091907257,8.132501,73.52094,0.0,0.0,0.0,11.090103,305.75397,211019077054890885,2021-10-19 07:00:00,7,AM,292,1,Tuesday,0,10,October,2021,0,Unknown
MCP3112005M,16B65C0367C1492EB1DBBDF7BF750530,True,NO APPARENT INJURY,NONE,UNKNOWN,PASSENGER,MOVING CONSTANT SPEED,North,DISABLING,25,False,False,2,196173954961135,210041951,Montgomery County Police,Injury ,False,North,1,3,LEVEL,False,False,DRIVER,STRAIGHT MOVEMENT ANGLE,DRY,DAYLIGHT,TRAFFIC SIGNAL,INTERSECTION,T-INTERSECTION,STRAIGHT,NO DEFECTS,"TWO-WAY, DIVIDED, POSITIVE MEDIAN BARRIER",38.9836367,-77.09374907,7307765282026999,3417052041120541,0,0,0,2021101911,7710072538987731,Toyota,2002,4Runner,Sport Utility Vehicle - 2WD,6.0,3.4,Automatic 4,AWD,Regular Gasoline,15,18,WISCONSIN AVE,Maryland (State),MONTGOMERY AVE,Maryland (State),3417052041120541,20814,BETHESDA,46411.6876883,47837334.4314,38.98773167577017,-77.10072590539887,16.0485,52.387177,0.0,0.0,0.0,10.805999,268.09088,211019117100789877,2021-10-19 11:00:00,11,AM,292,1,Tuesday,0,10,October,2021,0,Unknown
MCP3112005M,0BEC1D1B41B7408F86E9E4EFB51B9372,False,POSSIBLE INJURY,NONE,NOT DISTRACTED,PASSENGER,ACCELERATING,East,DISABLING,25,False,False,2,7871367570237903,210041951,Montgomery County Police,Injury ,False,North,1,3,LEVEL,False,False,DRIVER,STRAIGHT MOVEMENT ANGLE,DRY,DAYLIGHT,TRAFFIC SIGNAL,INTERSECTION,T-INTERSECTION,STRAIGHT,NO DEFECTS,"TWO-WAY, DIVIDED, POSITIVE MEDIAN BARRIER",38.9836367,-77.09374907,7307765282026999,3417052041120541,0,0,0,2021101911,7710072538987731,Toyota,2014,RAV4,Small Sport Utility Vehicle 2WD,4.0,2.5,Automatic 6,AWD,Regular Gasoline,22,28,WISCONSIN AVE,Maryland (State),MONTGOMERY AVE,Maryland (State),3417052041120541,20814,BETHESDA,46411.6876883,47837334.4314,38.98773167577017,-77.10072590539887,16.0485,52.387177,0.0,0.0,0.0,10.805999,268.09088,211019117100789877,2021-10-19 11:00:00,11,AM,292,1,Tuesday,0,10,October,2021,0,Unknown
MCP2832006M,1D168A7F6FEF4BC9A38997B699D48E47,True,NO APPARENT INJURY,NONE,LOOKED BUT DID NOT SEE,PASSENGER,MOVING CONSTANT SPEED,South,FUNCTIONAL,30,False,False,2,8660920329914278,210041970,Montgomery County Police,Property Damage ,False,South,3,3,LEVEL,False,False,DRIVER,SAME DIR REAR END,DRY,DAYLIGHT,TRAFFIC SIGNAL,INTERSECTION,FOUR-WAY INTERSECTION,STRAIGHT,NO DEFECTS,"TWO-WAY, DIVIDED, POSITIVE MEDIAN BARRIER",38.97690333,-77.07727167,1627793738140795,7806589269723106,0,0,0,2021101912,7707842038983818,Mitsubishi,2004,Endeavor,Sport Utility Vehicle - 2WD,6.0,3.8,Automatic 4,AWD,Premium Gasoline,15,20,CONNECTICUT AVE,Maryland (State),BRADLEY LA,Maryland (State),7806589269723106,20815,CHEVY CHASE,78258.2702851,151813895.483,38.98381860627773,-77.07842006190148,18.0245,47.76322,0.0,0.0,0.0,11.879999,270.0,211019127078489838,2021-10-19 12:00:00,12,PM,292,1,Tuesday,0,10,October,2021,0,Unknown
MCP2832006M,4492229E03664FFA96BF2DD17710245E,False,NO APPARENT INJURY,NONE,NOT DISTRACTED,PASSENGER,MAKING RIGHT TURN,South,FUNCTIONAL,30,False,False,2,2815627368005804,210041970,Montgomery County Police,Property Damage ,False,South,3,3,LEVEL,False,False,DRIVER,SAME DIR REAR END,DRY,DAYLIGHT,TRAFFIC SIGNAL,INTERSECTION,FOUR-WAY INTERSECTION,STRAIGHT,NO DEFECTS,"TWO-WAY, DIVIDED, POSITIVE MEDIAN BARRIER",38.97690333,-77.07727167,1627793738140795,7806589269723106,0,0,0,2021101912,7707842038983818,Honda,2016,Accord,Midsize Cars,4.0,2.4,Automatic 6,FWD,Regular Gasoline,21,33,CONNECTICUT AVE,Maryland (State),BRADLEY LA,Maryland (State),7806589269723106,20815,CHEVY CHASE,78258.2702851,151813895.483,38.98381860627773,-77.07842006190148,18.0245,47.76322,0.0,0.0,0.0,11.879999,270.0,211019127078489838,2021-10-19 12:00:00,12,PM,292,1,Tuesday,0,10,October,2021,0,Unknown
MCP32440011,37C63D0CD7874A3394722D81C9EEE3D0,True,NO APPARENT INJURY,UNKNOWN,UNKNOWN,PASSENGER,BACKING,East,SUPERFICIAL,25,False,False,2,3824654283461453,210042108,Montgomery County Police,Property Damage ,True,UNKNOWN,0,0,UNKNOWN,True,True,DRIVER,OTHER,UNKNOWN,DAYLIGHT,UNKNOWN,UNKNOWN,UNKNOWN,UNKNOWN,UNKNOWN,UNKNOWN,38.99506064,-77.03029136,7781945108562677,7781945108562677,0,0,0,2021102009,7703596439001907,Buick,2006,Lacrosse/Allure,Midsize Cars,6.0,3.6,Automatic 4,FWD,Regular Gasoline,17,25,UNKNOWN,UNKNOWN,UNKNOWN,UNKNOWN,7781945108562677,20910,SILVER SPRING,82846.1568889,126320091.137,39.00190768010143,-77.03596497235911,14.8465,69.86467,0.0,0.0,0.0,12.015589,278.61557,211020097035990019,2021-10-20 09:00:00,9,AM,293,2,Wednesday,0,10,October,2021,0,Unknown
MCP32440011,E58BB54A53D0481A88B6A60C4D292293,False,NO APPARENT INJURY,NONE,NOT DISTRACTED,PASSENGER,PARKED,UNKNOWN,SUPERFICIAL,25,True,False,2,5115928457489818,210042108,Montgomery County Police,Property Damage ,True,UNKNOWN,0,0,UNKNOWN,True,True,DRIVER,OTHER,UNKNOWN,DAYLIGHT,UNKNOWN,UNKNOWN,UNKNOWN,UNKNOWN,UNKNOWN,UNKNOWN,38.99506064,-77.03029136,7781945108562677,7781945108562677,0,0,0,2021102009,7703596439001907,Honda,2003,Pilot,Sport Utility Vehicle - 4WD,6.0,3.5,Automatic 5,AWD,Regular Gasoline,15,21,UNKNOWN,UNKNOWN,UNKNOWN,UNKNOWN,7781945108562677,20910,SILVER SPRING,82846.1568889,126320091.137,39.00190768010143,-77.03596497235911,14.8465,69.86467,0.0,0.0,0.0,12.015589,278.61557,211020097035990019,2021-10-20 09:00:00,9,AM,293,2,Wednesday,0,10,October,2021,0,Unknown
MCP3149002S,3A819BD65A484DDB8A638B29FF8ABF58,True,NO APPARENT INJURY,NONE,UNKNOWN,PASSENGER,MOVING CONSTANT SPEED,South,DISABLING,40,False,False,2,1875139629896222,210042120,Montgomery County Police,Property Damage ,False,South,0,4,LEVEL,False,False,DRIVER,SAME DIR REAR END,DRY,DAYLIGHT,TRAFFIC SIGNAL,NON INTERSECTION,UNKNOWN,STRAIGHT,NO DEFECTS,"TWO-WAY, DIVIDED, POSITIVE MEDIAN BARRIER",39.022755,-76.97808,8901981419077344,2567472143707400,0,0,0,2021102010,7698354239018293,BMW,2008,X3,Sport Utility Vehicle - 4WD,6.0,3.0,Automatic 6,AWD,Premium Gasoline,16,23,NEW HAMPSHIRE AVE,Maryland (State),POWDER MILL RD,County,2567472143707400,20903,SILVER SPRING,50204.7192451,65972447.4483,39.01829365940637,-76.9835422251861,17.134499,62.170395,0.0,0.0,0.0,11.304229,279.16226,211020106983590182,2021-10-20 10:00:00,10,AM,293,2,Wednesday,0,10,October,2021,0,Unknown
MCP3149002S,FF56540BCA1345F4B0959BC0CED91E26,False,NO APPARENT INJURY,NONE,NOT DISTRACTED,PASSENGER,STOPPED IN TRAFFIC LANE,South,FUNCTIONAL,40,False,False,2,1557048830016600,210042120,Montgomery County Police,Property Damage ,False,South,0,4,LEVEL,False,False,DRIVER,SAME DIR REAR END,DRY,DAYLIGHT,TRAFFIC SIGNAL,NON INTERSECTION,UNKNOWN,STRAIGHT,NO DEFECTS,"TWO-WAY, DIVIDED, POSITIVE MEDIAN BARRIER",39.022755,-76.97808,8901981419077344,2567472143707400,0,0,0,2021102010,7698354239018293,Kia,2010,Soul,Small Station Wagons,4.0,1.6,Automatic 4,FWD,Regular Gasoline,24,30,NEW HAMPSHIRE AVE,Maryland (State),POWDER MILL RD,County,2567472143707400,20903,SILVER SPRING,50204.7192451,65972447.4483,39.01829365940637,-76.9835422251861,17.134499,62.170395,0.0,0.0,0.0,11.304229,279.16226,211020106983590182,2021-10-20 10:00:00,10,AM,293,2,Wednesday,0,10,October,2021,0,Unknown
MCP30840056,41812B2D82554D34BC38DBC437CEB4C2,True,NO APPARENT INJURY,NONE,LOOKED BUT DID NOT SEE,PASSENGER,PARKING,South,FUNCTIONAL,25,False,False,1,3122000132979227,210042322,Montgomery County Police,Property Damage ,True,South,1,1,LEVEL,False,False,DRIVER,SAME DIR REAR END,DRY,DAYLIGHT,NO CONTROLS,NON INTERSECTION,UNKNOWN,STRAIGHT,NO DEFECTS,"TWO-WAY, NOT DIVIDED",39.03034,-77.07503833,5143716252758787,4467548522871846,0,0,0,2021102012,7707527239025656,Saab,2008,9-3,Compact Cars,6.0,2.8,Manual 6,FWD,Premium Gasoline,15,24,CONCORD ST,Municipality,PLYERS MILL RD,Municipality,4467548522871846,20895,KENSINGTON,70838.1492765,106180148.023,39.02565657266069,-77.07527294437958,20.9455,50.891266,0.0,0.0,0.0,12.324414,276.70975,211020127075290256,2021-10-20 12:00:00,12,PM,293,2,Wednesday,0,10,October,2021,0,Unknown
MCP3093003D,34A3D282B0944D88B7D9D8ACD9FBAC7F,True,NO APPARENT INJURY,UNKNOWN,UNKNOWN,PASSENGER,STARTING FROM PARKED,UNKNOWN,UNKNOWN,0,False,False,1,8544963737974670,210042210,Montgomery County Police,Property Damage ,True,UNKNOWN,0,0,UNKNOWN,True,True,DRIVER,UNKNOWN,UNKNOWN,DARK LIGHTS ON,UNKNOWN,UNKNOWN,UNKNOWN,UNKNOWN,UNKNOWN,UNKNOWN,38.99835167,-77.04119833,7781945108562677,7781945108562677,0,0,0,2021102018,7703596439001907,Chevrolet,2015,Camaro,Compact Cars,8.0,6.2,Automatic 6,RWD,Premium Gasoline,12,19,UNKNOWN,UNKNOWN,UNKNOWN,UNKNOWN,7781945108562677,20910,SILVER SPRING,82846.1568889,126320091.137,39.00190768010143,-77.03596497235911,19.8465,60.360584,0.0,0.0,0.0,5.2416787,254.05453,211020187035990019,2021-10-20 18:00:00,18,PM,293,2,Wednesday,0,10,October,2021,0,Unknown
MCP32700018,8E784DC411654C49BD4FBF06E99FF384,True,NO APPARENT INJURY,NONE,INATTENTIVE OR LOST IN THOUGHT,PASSENGER,MAKING LEFT TURN,East,DISABLING,35,False,False,2,2556346062999048,210042230,Montgomery County Police,Property Damage ,False,West,1,1,LEVEL,False,False,DRIVER,HEAD ON LEFT TURN,DRY,DARK LIGHTS ON,TRAFFIC SIGNAL,INTERSECTION,FOUR-WAY INTERSECTION,STRAIGHT,NO DEFECTS,"TWO-WAY, NOT DIVIDED",38.99561167,-77.02418167,8825017167010994,6732058886739677,0,0,0,2021102020,7703596439001907,Ford,2019,Fusion,Midsize Cars,4.0,2.0,Automatic 6,FWD,Regular Gasoline,43,40,WAYNE AVE,County,FENTON ST,County,6732058886739677,20910,SILVER SPRING,82846.1568889,126320091.137,39.00190768010143,-77.03596497235911,16.2465,68.9807,0.0,0.0,0.0,8.161764,221.42357,211020207035990019,2021-10-20 20:00:00,20,PM,293,2,Wednesday,0,10,October,2021,0,Unknown