ReportNumber,VehicleCrashKey,DriverAtFault,DriverInjurySeverity,DriverSubstanceAbuse,DriverDistractedBy,VehicleType,VehicleMovement,VehicleGoingDir,VehicleDamageExtent,SpeedLimit,ParkedVehicle,SubstanceAbuseContributed,VehiclesCrashedTotal,VehicleKey,LocalCaseNumber,AgencyName,ACRSReportType,HitRun,LaneDirection,LaneNumber,NumberOfLanes,RoadGrade,NonTraffic,OffRoadIncident,AccidentAtFault,CollisionType,SurfaceCondition,Light,TrafficControl,Junction,IntersectionType,RoadAlignment,RoadCondition,RoadDivision,Latitude,Longitude,RoadKey_x,CrossStreetKey,NonMotoristTotal,NonMotoristInjury,NonMotoristFatal,DateHourKey,LocationAreaKey,Make,Year_x,BaseModel,BodyClass,Cylinders,Displacement,Transmission,Drivetrain,FuelType,CityMPG,HighwayMPG,RoadName_x,RouteType_x,RoadName_y,RouteType_y,RoadKey_y,Zipcode,MailCity,ShapeLength,ShapeArea,CentroidLatitude,CentroidLongitude,Temperature,Humidity,Precipitation,Rain,Snow,WindSpeed,WindDirection,WeatherKey,Datetime,Hour,TimeOfDay,DayNumber,WeekDayNumber,WeekDayName,WeekendFlag,MonthNumber,MonthName,Year_y,HolidayFlag,HolidayName
MCP243600DM,483F86F184C244F1B103507176A7695B,True,NO APPARENT INJURY,UNKNOWN,UNKNOWN,UNKNOWN,PASSING,East,SUPERFICIAL,25,False,False,2,8168321465439775,210042448,Montgomery County Police,Property Damage ,True,East,1,1,LEVEL,False,False,DRIVER,SAME DIRECTION SIDESWIPE,DRY,DAYLIGHT,NO CONTROLS,UNKNOWN,UNKNOWN,STRAIGHT,NO DEFECTS,"TWO-WAY, NOT DIVIDED",38.99342178,-76.99719995,452677113527059,4748369296977743,0,0,0,2021102208,7700204038982546,Unknown,0,Unknown,Unknown,0.0,0.0,Unknown,Unknown,Unknown,0,0,FORSTON DR,County,BARRON ST,County,4748369296977743,20912,TAKOMA PARK,51232.0653417,65209197.2692,38.98254687160147,-77.00204079343348,14.298,68.58802,0.0,0.0,0.0,14.113652,307.74686,211022087002089825,2021-10-22 08:00:00,8,AM,295,4,Friday,0,10,October,2021,0,Unknown
MCP3200003Z,CA62544EC05A48338AD52427FB9D4A2C,True,POSSIBLE INJURY,NONE,UNKNOWN,PASSENGER,MOVING CONSTANT SPEED,East,DISABLING,25,False,False,2,8522085122289723,210042451,Montgomery County Police,Injury ,False,South,1,2,LEVEL,False,False,DRIVER,STRAIGHT MOVEMENT ANGLE,DRY,DAYLIGHT,STOP SIGN,INTERSECTION,FOUR-WAY INTERSECTION,STRAIGHT,NO DEFECTS,"TWO-WAY, NOT DIVIDED",38.96295567,-77.12132083,262975279829673,416041484875041,0,0,0,2021102208,7711806238956479,Audi,2016,A5,Subcompact Cars,4.0,2.0,Automatic 8,AWD,Premium Gasoline,21,29,SANGAMORE RD,County,WALHONDING RD,County,416041484875041,20816,BETHESDA,58716.1248449,117565480.431,38.95647982277882,-77.11806249046538,14.1475,69.49164,0.0,0.0,0.0,13.684735,305.36255,211022087118089564,2021-10-22 08:00:00,8,AM,295,4,Friday,0,10,October,2021,0,Unknown
MCP3200003Z,BD1E37B0D0A6410782B1598B5D13E4E9,False,SUSPECTED MINOR INJURY,NONE,NOT DISTRACTED,PASSENGER,MOVING CONSTANT SPEED,South,DISABLING,25,False,False,2,827994038895958,210042451,Montgomery County Police,Injury ,False,South,1,2,LEVEL,False,False,DRIVER,STRAIGHT MOVEMENT ANGLE,DRY,DAYLIGHT,STOP SIGN,INTERSECTION,FOUR-WAY INTERSECTION,STRAIGHT,NO DEFECTS,"TWO-WAY, NOT DIVIDED",38.96295567,-77.12132083,262975279829673,416041484875041,0,0,0,2021102208,7711806238956479,Volkswagen,2014,Touareg,Standard Sport Utility Vehicle 4WD,6.0,3.0,Automatic 8,AWD,Premium Gasoline,20,23,SANGAMORE RD,County,WALHONDING RD,County,416041484875041,20816,BETHESDA,58716.1248449,117565480.431,38.95647982277882,-77.11806249046538,14.1475,69.49164,0.0,0.0,0.0,13.684735,305.36255,211022087118089564,2021-10-22 08:00:00,8,AM,295,4,Friday,0,10,October,2021,0,Unknown
MCP33050011,61ADB12EBF5145F2B8CA8D17C50C85E7,False,NO APPARENT INJURY,NONE,NOT DISTRACTED,BUS,STOPPED IN TRAFFIC LANE,East,SUPERFICIAL,30,False,False,2,240722642832247,210042478,Montgomery County Police,Property Damage ,True,East,2,2,HILL UPHILL,False,False,DRIVER,SAME DIRECTION SIDESWIPE,DRY,DAYLIGHT,NO CONTROLS,NON INTERSECTION,UNKNOWN,STRAIGHT,NO DEFECTS,"TWO-WAY, NOT DIVIDED",38.99662833,-77.02494333,6732058886739677,8034483918736540,0,0,0,2021102212,7703596439001907,Gillig,0,Unknown,Unknown,0.0,0.0,Unknown,Unknown,Unknown,0,0,FENTON ST,County,ELLSWORTH DR,County,8034483918736540,20910,SILVER SPRING,82846.1568889,126320091.137,39.00190768010143,-77.03596497235911,18.0965,54.198284,0.0,0.0,0.0,8.654987,315.0001,211022127035990019,2021-10-22 12:00:00,12,PM,295,4,Friday,0,10,October,2021,0,Unknown
MCP33050011,6FDCCC63F1354A9581E8AFA9EC8B9B50,True,NO APPARENT INJURY,UNKNOWN,UNKNOWN,UNKNOWN,MOVING CONSTANT SPEED,East,UNKNOWN,30,False,False,2,8168321465439775,210042478,Montgomery County Police,Property Damage ,True,East,2,2,HILL UPHILL,False,False,DRIVER,SAME DIRECTION SIDESWIPE,DRY,DAYLIGHT,NO CONTROLS,NON INTERSECTION,UNKNOWN,STRAIGHT,NO DEFECTS,"TWO-WAY, NOT DIVIDED",38.99662833,-77.02494333,6732058886739677,8034483918736540,0,0,0,2021102212,7703596439001907,Unknown,0,Unknown,Unknown,0.0,0.0,Unknown,Unknown,Unknown,0,0,FENTON ST,County,ELLSWORTH DR,County,8034483918736540,20910,SILVER SPRING,82846.1568889,126320091.137,39.00190768010143,-77.03596497235911,18.0965,54.198284,0.0,0.0,0.0,8.654987,315.0001,211022127035990019,2021-10-22 12:00:00,12,PM,295,4,Friday,0,10,October,2021,0,Unknown
MCP32000040,D66276F912754CE2AEB38C950E9B915D,True,POSSIBLE INJURY,NONE,UNKNOWN,PASSENGER,MAKING LEFT TURN,South,FUNCTIONAL,35,False,False,2,3429855101518718,210042494,Montgomery County Police,Injury ,False,East,0,2,LEVEL,False,False,DRIVER,STRAIGHT MOVEMENT ANGLE,DRY,DAYLIGHT,NO CONTROLS,INTERSECTION RELATED,T-INTERSECTION,STRAIGHT,NO DEFECTS,"TWO-WAY, NOT DIVIDED",38.96349283,-77.101994,1363718650800826,9807198006945019,0,0,0,2021102213,7711806238956479,Chevrolet,2004,Tahoe,Sport Utility Vehicle - 4WD,8.0,5.3,Automatic 4,AWD,Regular Gasoline,13,17,RIVER RD,Maryland (State),LITTLE FALLS PKWY,Government,9807198006945019,20816,BETHESDA,58716.1248449,117565480.431,38.95647982277882,-77.11806249046538,19.7975,47.44054,0.0,0.0,0.0,5.634891,296.56497,211022137118089564,2021-10-22 13:00:00,13,PM,295,4,Friday,0,10,October,2021,0,Unknown
MCP32000040,719972D19AEF4E62A49A58E8D60B55F8,False,NO APPARENT INJURY,NONE,NOT DISTRACTED,PASSENGER,MOVING CONSTANT SPEED,East,FUNCTIONAL,35,False,False,2,4231424009270268,210042494,Montgomery County Police,Injury ,False,East,0,2,LEVEL,False,False,DRIVER,STRAIGHT MOVEMENT ANGLE,DRY,DAYLIGHT,NO CONTROLS,INTERSECTION RELATED,T-INTERSECTION,STRAIGHT,NO DEFECTS,"TWO-WAY, NOT DIVIDED",38.96349283,-77.101994,1363718650800826,9807198006945019,0,0,0,2021102213,7711806238956479,Lexus,0,Unknown,Unknown,0.0,0.0,Unknown,Unknown,Unknown,0,0,RIVER RD,Maryland (State),LITTLE FALLS PKWY,Government,9807198006945019,20816,BETHESDA,58716.1248449,117565480.431,38.95647982277882,-77.11806249046538,19.7975,47.44054,0.0,0.0,0.0,5.634891,296.56497,211022137118089564,2021-10-22 13:00:00,13,PM,295,4,Friday,0,10,October,2021,0,Unknown
MCP3271001G,9E3D58CCE9DA415DA476D055BBEDF92D,True,NO APPARENT INJURY,NONE,NOT DISTRACTED,PASSENGER,MAKING LEFT TURN,North,SUPERFICIAL,25,False,False,1,451371439071561,210042535,Montgomery County Police,Injury ,True,North,1,3,LEVEL,False,False,DRIVER,SINGLE VEHICLE,DRY,DAYLIGHT,TRAFFIC SIGNAL,INTERSECTION,T-INTERSECTION,STRAIGHT,NO DEFECTS,"TWO-WAY, DIVIDED, POSITIVE MEDIAN BARRIER",38.99102878,-77.09559958,7307765282026999,9011314214305799,1,1,0,2021102216,7710072538987731,Chevrolet,2019,Traverse,Standard Sport Utility Vehicle 2WD,6.0,3.6,Automatic 9,FWD,Regular Gasoline,17,25,WISCONSIN AVE,Maryland (State),CORDELL AVE,County,9011314214305799,20814,BETHESDA,46411.6876883,47837334.4314,38.98773167577017,-77.10072590539887,19.3485,47.639713,0.0,0.0,0.0,17.10284,319.26797,211022167100789877,2021-10-22 16:00:00,16,PM,295,4,Friday,0,10,October,2021,0,Unknown
MCP3263001H,A3C07729E5AB476DB70FA12B80580FE8,True,NO APPARENT INJURY,NONE,LOOKED BUT DID NOT SEE,PASSENGER,MAKING LEFT TURN,West,NO DAMAGE,25,False,False,1,9979155837567933,210042562,Montgomery County Police,Injury ,False,West,1,1,LEVEL,False,False,DRIVER,OTHER,DRY,DARK LIGHTS ON,STOP SIGN,INTERSECTION,FOUR-WAY INTERSECTION,STRAIGHT,NO DEFECTS,"TWO-WAY, NOT DIVIDED",38.99110833,-77.09392833,7519884327239623,593950883007142,1,1,0,2021102217,7710072538987731,Ford,2019,Ranger,Special Purpose Vehicle 2WD,4.0,2.3,Automatic 10,RWD,Regular Gasoline,19,18,HIGHLAND AVE,County,TILBURY ST,County,593950883007142,20814,BETHESDA,46411.6876883,47837334.4314,38.98773167577017,-77.10072590539887,18.8485,50.67233,0.0,0.0,0.0,13.324863,321.5819,211022177100789877,2021-10-22 17:00:00,17,PM,295,4,Friday,0,10,October,2021,0,Unknown
MCP3074004V,211C7A662D06413A94C98DACBA8C1E3A,True,NO APPARENT INJURY,ALCOHOL,OTHER DISTRACTION,PASSENGER,MOVING CONSTANT SPEED,North,SUPERFICIAL,35,False,False,2,5926379312530993,210042557,Montgomery County Police,Property Damage ,False,North,2,3,LEVEL,False,False,DRIVER,SAME DIR REAR END,DRY,DAYLIGHT,TRAFFIC SIGNAL,INTERCHANGE RELATED,OTHER,STRAIGHT,NO DEFECTS,"TWO-WAY, NOT DIVIDED",39.01107883,-77.04107037,8554262040045692,6039257623692149,0,0,0,2021102217,7703596439001907,Volvo,2012,S60,Compact Cars,5.0,2.5,Automatic 6,AWD,Regular Gasoline,18,26,GEORGIA AVE,Maryland (State),CHRIST LUTHERAN CHURCH OF THE DEAF,UNKNOWN,6039257623692149,20910,SILVER SPRING,82846.1568889,126320091.137,39.00190768010143,-77.03596497235911,18.7965,50.658363,0.0,0.0,0.0,13.324863,321.5819,211022177035990019,2021-10-22 17:00:00,17,PM,295,4,Friday,0,10,October,2021,0,Unknown
MCP3074004V,76B3DA5615274FC8A0401FDF5B3FB45B,False,NO APPARENT INJURY,UNKNOWN,NOT DISTRACTED,PASSENGER,ACCELERATING,North,SUPERFICIAL,35,False,False,2,5738617105939641,210042557,Montgomery County Police,Property Damage ,False,North,2,3,LEVEL,False,False,DRIVER,SAME DIR REAR END,DRY,DAYLIGHT,TRAFFIC SIGNAL,INTERCHANGE RELATED,OTHER,STRAIGHT,NO DEFECTS,"TWO-WAY, NOT DIVIDED",39.01107883,-77.04107037,8554262040045692,6039257623692149,0,0,0,2021102217,7703596439001907,Lexus,2016,RX,Small Sport Utility Vehicle 2WD,6.0,3.5,Automatic 6,AWD,Premium Gasoline,19,26,GEORGIA AVE,Maryland (State),CHRIST LUTHERAN CHURCH OF THE DEAF,UNKNOWN,6039257623692149,20910,SILVER SPRING,82846.1568889,126320091.137,39.00190768010143,-77.03596497235911,18.7965,50.658363,0.0,0.0,0.0,13.324863,321.5819,211022177035990019,2021-10-22 17:00:00,17,PM,295,4,Friday,0,10,October,2021,0,Unknown
MCP3161003B,2D2B52285D4840968444B27E2DB06AB8,False,NO APPARENT INJURY,NONE,UNKNOWN,PASSENGER,MAKING LEFT TURN,North,FUNCTIONAL,30,False,False,2,3233063173565461,210042579,Montgomery County Police,Injury ,False,South,2,3,LEVEL,False,False,UNKNOWN,HEAD ON LEFT TURN,DRY,DARK LIGHTS ON,TRAFFIC SIGNAL,INTERSECTION RELATED,FOUR-WAY INTERSECTION,STRAIGHT,NO DEFECTS,"TWO-WAY, DIVIDED, POSITIVE MEDIAN BARRIER",38.97729667,-77.09079667,7307765282026999,7806589269723106,0,0,0,2021102221,7707842038983818,Toyota,0,Unknown,Unknown,0.0,0.0,Unknown,Unknown,Unknown,0,0,WISCONSIN AVE,Maryland (State),BRADLEY LA,Maryland (State),7806589269723106,20815,CHEVY CHASE,78258.2702851,151813895.483,38.98381860627773,-77.07842006190148,15.3245,69.49124,0.0,0.0,0.0,8.557102,337.75092,211022217078489838,2021-10-22 21:00:00,21,PM,295,4,Friday,0,10,October,2021,0,Unknown
MCP3161003B,B57B1E8B2D59433FAC9106F4E3475442,False,NO APPARENT INJURY,NONE,UNKNOWN,PASSENGER,MOVING CONSTANT SPEED,South,SUPERFICIAL,30,False,False,2,7871367486349808,210042579,Montgomery County Police,Injury ,False,South,2,3,LEVEL,False,False,UNKNOWN,HEAD ON LEFT TURN,DRY,DARK LIGHTS ON,TRAFFIC SIGNAL,INTERSECTION RELATED,FOUR-WAY INTERSECTION,STRAIGHT,NO DEFECTS,"TWO-WAY, DIVIDED, POSITIVE MEDIAN BARRIER",38.97729667,-77.09079667,7307765282026999,7806589269723106,0,0,0,2021102221,7707842038983818,Toyota,2011,RAV4,Sport Utility Vehicle - 2WD,4.0,2.5,Automatic 4,AWD,Regular Gasoline,19,25,WISCONSIN AVE,Maryland (State),BRADLEY LA,Maryland (State),7806589269723106,20815,CHEVY CHASE,78258.2702851,151813895.483,38.98381860627773,-77.07842006190148,15.3245,69.49124,0.0,0.0,0.0,8.557102,337.75092,211022217078489838,2021-10-22 21:00:00,21,PM,295,4,Friday,0,10,October,2021,0,Unknown
MCP3230002K,B8FCA547945D47D98A6E2FF90268132A,True,NO APPARENT INJURY,NONE,NOT DISTRACTED,PASSENGER,MOVING CONSTANT SPEED,North,DISABLING,35,False,False,2,6722519994353299,210042580,Montgomery County Police,Property Damage ,False,North,2,3,LEVEL,False,False,DRIVER,SAME DIR REAR END,DRY,DARK LIGHTS ON,NO CONTROLS,NON INTERSECTION,UNKNOWN,STRAIGHT,NO DEFECTS,"TWO-WAY, DIVIDED, UNPROTECTED PAINTED MIN 4 FEET",39.07043317,-77.07606917,1627793738140795,6539115144846498,0,0,0,2021102221,7705486039088590,Honda,2022,Civic,Large Cars,4.0,1.5,Automatic 7,FWD,Regular Gasoline,30,37,CONNECTICUT AVE,Maryland (State),DEAN RD,County,6539115144846498,20906,SILVER SPRING,133207.174949,359110751.771,39.08859082555049,-77.05486091907257,14.7825,71.27406,0.0,0.0,0.0,7.968939,341.56494,211022217054890885,2021-10-22 21:00:00,21,PM,295,4,Friday,0,10,October,2021,0,Unknown
MCP3230002K,872650326C7C40F7877F25760766CBA9,False,NO APPARENT INJURY,NONE,NOT DISTRACTED,PASSENGER,MOVING CONSTANT SPEED,North,DISABLING,35,False,False,2,7868426092859000,210042580,Montgomery County Police,Property Damage ,False,North,2,3,LEVEL,False,False,DRIVER,SAME DIR REAR END,DRY,DARK LIGHTS ON,NO CONTROLS,NON INTERSECTION,UNKNOWN,STRAIGHT,NO DEFECTS,"TWO-WAY, DIVIDED, UNPROTECTED PAINTED MIN 4 FEET",39.07043317,-77.07606917,1627793738140795,6539115144846498,0,0,0,2021102221,7705486039088590,Toyota,1998,Camry,Midsize Cars,4.0,2.2,Automatic 4,FWD,Regular Gasoline,17,25,CONNECTICUT AVE,Maryland (State),DEAN RD,County,6539115144846498,20906,SILVER SPRING,133207.174949,359110751.771,39.08859082555049,-77.05486091907257,14.7825,71.27406,0.0,0.0,0.0,7.968939,341.56494,211022217054890885,2021-10-22 21:00:00,21,PM,295,4,Friday,0,10,October,2021,0,Unknown
MCP2930001Z,516C76874CA04BBE9F0CC3E7B70C5C15,True,NO APPARENT INJURY,NONE,UNKNOWN,PASSENGER,UNKNOWN,West,DISABLING,30,False,False,1,4595510051903263,210042589,Montgomery County Police,Property Damage ,False,West,1,2,LEVEL,False,False,DRIVER,SINGLE VEHICLE,DRY,DARK LIGHTS ON,NO CONTROLS,UNKNOWN,UNKNOWN,STRAIGHT,NO DEFECTS,"TWO-WAY, DIVIDED, POSITIVE MEDIAN BARRIER",39.10901,-77.06718,8731099788819274,8004275747244070,0,0,0,2021102223,7705486039088590,Honda,0,Unknown,Unknown,0.0,0.0,Unknown,Unknown,Unknown,0,0,NORTH LEISURE WORLD BLVD,UNKNOWN,PRINCE FREDERICK WAY,UNKNOWN,8004275747244070,20906,SILVER SPRING,133207.174949,359110751.771,39.08859082555049,-77.05486091907257,14.3325,72.639694,0.0,0.0,0.0,9.19939,329.42084,211022237054890885,2021-10-22 23:00:00,23,PM,295,4,Friday,0,10,October,2021,0,Unknown
DM8494001G,BF73D47E76A941B7AF03594F77AEE0A3,False,NO APPARENT INJURY,UNKNOWN,NOT DISTRACTED,PASSENGER,STOPPED IN TRAFFIC LANE,North,FUNCTIONAL,35,False,False,2,2815627351228185,210042601,Takoma Park Police Depart,Property Damage ,False,North,2,3,LEVEL,False,False,DRIVER,SAME DIR REAR END,DRY,DARK LIGHTS ON,TRAFFIC SIGNAL,INTERSECTION,FOUR-WAY INTERSECTION,STRAIGHT,NO DEFECTS,"TWO-WAY, DIVIDED, POSITIVE MEDIAN BARRIER",38.98124667,-76.9889725,8901981419077344,543796607472533,0,0,0,2021102301,7700204038982546,Honda,2011,Accord,Compact Cars,4.0,2.4,Automatic 5,FWD,Regular Gasoline,22,32,NEW HAMPSHIRE AVE,Maryland (State),GLENSIDE DR,Municipality,543796607472533,20912,TAKOMA PARK,51232.0653417,65209197.2692,38.98254687160147,-77.00204079343348,12.698,79.26149,0.0,0.0,0.0,9.107359,341.56494,211023017002089825,2021-10-23 01:00:00,1,AM,296,5,Saturday,1,10,October,2021,0,Unknown
DM8494001G,49324C8F644E4224A6B33AD0E6ED11A8,True,NO APPARENT INJURY,UNKNOWN,UNKNOWN,PASSENGER,MOVING CONSTANT SPEED,North,DISABLING,25,False,False,2,5785042049362643,210042601,Takoma Park Police Depart,Property Damage ,False,North,2,3,LEVEL,False,False,DRIVER,SAME DIR REAR END,DRY,DARK LIGHTS ON,TRAFFIC SIGNAL,INTERSECTION,FOUR-WAY INTERSECTION,STRAIGHT,NO DEFECTS,"TWO-WAY, DIVIDED, POSITIVE MEDIAN BARRIER",38.98124667,-76.9889725,8901981419077344,543796607472533,0,0,0,2021102301,7700204038982546,Chevrolet,2020,Malibu,Midsize Cars,4.0,1.5,Automatic 9,FWD,Premium Gasoline,22,32,NEW HAMPSHIRE AVE,Maryland (State),GLENSIDE DR,Municipality,543796607472533,20912,TAKOMA PARK,51232.0653417,65209197.2692,38.98254687160147,-77.00204079343348,12.698,79.26149,0.0,0.0,0.0,9.107359,341.56494,211023017002089825,2021-10-23 01:00:00,1,AM,296,5,Saturday,1,10,October,2021,0,Unknown
MCP3279000W,147A288C778842EFB0942B3CCDB560CD,True,NO APPARENT INJURY,OTHER,INATTENTIVE OR LOST IN THOUGHT,PASSENGER,MOVING CONSTANT SPEED,South,DISABLING,40,False,False,1,4058961238708423,210042608,Montgomery County Police,Property Damage ,False,South,3,3,LEVEL,False,False,DRIVER,SINGLE VEHICLE,UNKNOWN,DARK LIGHTS ON,UNKNOWN,NON INTERSECTION,UNKNOWN,STRAIGHT,NO DEFECTS,"TWO-WAY, DIVIDED, POSITIVE MEDIAN BARRIER",39.04403223,-77.07628373,1627793738140795,3598064012334404,0,0,0,2021102303,7707527239025656,Ford,2006,Explorer,Sport Utility Vehicle - 2WD,6.0,4.0,Automatic 5,AWD,Regular Gasoline,13,19,CONNECTICUT AVE,Maryland (State),ADAMS DR,County,3598064012334404,20895,KENSINGTON,70838.1492765,106180148.023,39.02565657266069,-77.07527294437958,11.5955,85.784355,0.0,0.0,0.0,6.989936,325.4914,211023037075290256,2021-10-23 03:00:00,3,AM,296,5,Saturday,1,10,October,2021,0,Unknown
MCP1174004Y,645B1C93A6D4482B9D1A23E9C4E1C870,True,NO APPARENT INJURY,NONE,UNKNOWN,PASSENGER,MOVING CONSTANT SPEED,South,DISABLING,25,False,False,1,8416511696713199,210042612,Montgomery County Police,Property Damage ,False,South,2,2,LEVEL,False,False,DRIVER,SINGLE VEHICLE,DRY,DARK LIGHTS ON,NO CONTROLS,NON INTERSECTION,UNKNOWN,STRAIGHT,NO DEFECTS,"TWO-WAY, DIVIDED, POSITIVE MEDIAN BARRIER",38.97926387,-77.0918244,7307765282026999,9898167731106492,0,0,0,2021102305,7707842038983818,Land Rover,2011,Range Rover,Sport Utility Vehicle - 4WD,8.0,5.0,Automatic 6,4WD,Premium Gasoline,12,18,WISCONSIN AVE,Maryland (State),STANFORD ST,County,9898167731106492,20815,CHEVY CHASE,78258.2702851,151813895.483,38.98381860627773,-77.07842006190148,12.7745,80.34572,0.0,0.0,0.0,8.161764,318.57642,211023057078489838,2021-10-23 05:00:00,5,AM,296,5,Saturday,1,10,October,2021,0,Unknown
MCP29400056,F0167B66E0B647F1855F7887943D649B,False,POSSIBLE INJURY,NONE,NOT DISTRACTED,PASSENGER,MOVING CONSTANT SPEED,North,DISABLING,35,False,False,2,9565689107564365,210042615,Montgomery County Police,Injury ,False,North,1,1,LEVEL,False,False,DRIVER,STRAIGHT MOVEMENT ANGLE,DRY,DAYLIGHT,STOP SIGN,INTERSECTION,FOUR-WAY INTERSECTION,STRAIGHT,NO DEFECTS,"TWO-WAY, DIVIDED, UNPROTECTED PAINTED MIN 4 FEET",39.01972067,-77.13432617,2341166317758158,4831398036568876,0,0,0,2021102308,7715220038996189,Jeep,2015,Grand Cherokee,Standard Sport Utility Vehicle 4WD,6.0,3.0,Automatic 8,4WD,Diesel,14,19,FERNWOOD RD,County,LONE OAK DR,County,4831398036568876,20817,BETHESDA,143234.920079,403664948.588,38.996189145680184,-77.15220044157795,13.342999,82.05208,0.0,0.0,0.0,5.4477882,352.40543,211023087152289961,2021-10-23 08:00:00,8,AM,296,5,Saturday,1,10,October,2021,0,Unknown
MCP29400056,194BC27BFA634581B8F1497D353DAD50,True,POSSIBLE INJURY,NONE,NOT DISTRACTED,PASSENGER,STARTING FROM LANE,West,DISABLING,35,False,False,2,1611843989251952,210042615,Montgomery County Police,Injury ,False,North,1,1,LEVEL,False,False,DRIVER,STRAIGHT MOVEMENT ANGLE,DRY,DAYLIGHT,STOP SIGN,INTERSECTION,FOUR-WAY INTERSECTION,STRAIGHT,NO DEFECTS,"TWO-WAY, DIVIDED, UNPROTECTED PAINTED MIN 4 FEET",39.01972067,-77.13432617,2341166317758158,4831398036568876,0,0,0,2021102308,7715220038996189,Mazda,2012,CX-9,Sport Utility Vehicle - 2WD,6.0,3.7,Automatic 6,4WD,Regular Gasoline,16,22,FERNWOOD RD,County,LONE OAK DR,County,4831398036568876,20817,BETHESDA,143234.920079,403664948.588,38.996189145680184,-77.15220044157795,13.342999,82.05208,0.0,0.0,0.0,5.4477882,352.40543,211023087152289961,2021-10-23 08:00:00,8,AM,296,5,Saturday,1,10,October,2021,0,Unknown
MCP12330040,4CC7CC15BDA6423DB3A3E2B18BEC5178,True,NO APPARENT INJURY,NONE,NOT DISTRACTED,PASSENGER,ACCELERATING,East,FUNCTIONAL,35,False,False,2,8224256003641414,210042668,Montgomery County Police,Injury ,False,North,2,3,HILL UPHILL,False,False,DRIVER,STRAIGHT MOVEMENT ANGLE,DRY,DAYLIGHT,NO CONTROLS,INTERSECTION,FOUR-WAY INTERSECTION,STRAIGHT,NO DEFECTS,"TWO-WAY, DIVIDED, POSITIVE MEDIAN BARRIER",39.03376333,-77.07487,1627793738140795,3407665962487858,0,0,0,2021102315,7707527239025656,Toyota,2013,Prius,Midsize Cars,4.0,1.8,Automatic CVT,FWD,Regular Gasoline,49,46,CONNECTICUT AVE,Maryland (State),DECATUR AVE,County,3407665962487858,20895,KENSINGTON,70838.1492765,106180148.023,39.02565657266069,-77.07527294437958,17.4455,58.399536,0.2,0.2,0.0,11.753877,242.6502,211023157075290256,2021-10-23 15:00:00,15,PM,296,5,Saturday,1,10,October,2021,0,Unknown
MCP12330040,1C0E97127A684DA295A6100EB1D6997A,False,SUSPECTED MINOR INJURY,NONE,NOT DISTRACTED,PASSENGER,MOVING CONSTANT SPEED,North,FUNCTIONAL,35,False,False,2,5738617089162022,210042668,Montgomery County Police,Injury ,False,North,2,3,HILL UPHILL,False,False,DRIVER,STRAIGHT MOVEMENT ANGLE,DRY,DAYLIGHT,NO CONTROLS,INTERSECTION,FOUR-WAY INTERSECTION,STRAIGHT,NO DEFECTS,"TWO-WAY, DIVIDED, POSITIVE MEDIAN BARRIER",39.03376333,-77.07487,1627793738140795,3407665962487858,0,0,0,2021102315,7707527239025656,Lexus,2017,RX,Small Sport Utility Vehicle 2WD,6.0,3.5,Automatic 8,AWD,Regular Gasoline,19,26,CONNECTICUT AVE,Maryland (State),DECATUR AVE,County,3407665962487858,20895,KENSINGTON,70838.1492765,106180148.023,39.02565657266069,-77.07527294437958,17.4455,58.399536,0.2,0.2,0.0,11.753877,242.6502,211023157075290256,2021-10-23 15:00:00,15,PM,296,5,Saturday,1,10,October,2021,0,Unknown
MCP2671002Y,7BA69D27B0264B78A1317DBF127E90F4,True,NO APPARENT INJURY,UNKNOWN,LOOKED BUT DID NOT SEE,PASSENGER,CHANGING LANES,North,UNKNOWN,35,False,False,2,869295622334414,210042568,Montgomery County Police,Property Damage ,True,North,2,3,LEVEL,False,False,DRIVER,SAME DIRECTION SIDESWIPE,DRY,DARK LIGHTS ON,UNKNOWN,NON INTERSECTION,UNKNOWN,STRAIGHT,NO DEFECTS,"TWO-WAY, NOT DIVIDED",38.99812533,-77.02685176,7228418003688286,8356792977061148,0,0,0,2021102318,7703596439001907,Dodge,0,Unknown,Unknown,0.0,0.0,Unknown,Unknown,Unknown,0,0,COLESVILLE RD,US (State),SPRING ST,County,8356792977061148,20910,SILVER SPRING,82846.1568889,126320091.137,39.00190768010143,-77.03596497235911,14.9965,71.55368,0.0,0.0,0.0,4.68,360.0,211023187035990019,2021-10-23 18:00:00,18,PM,296,5,Saturday,1,10,October,2021,0,Unknown
MCP2671002Y,D16C871E7F7D4E9283091E379CDE0D02,False,NO APPARENT INJURY,NONE,NOT DISTRACTED,PASSENGER,MOVING CONSTANT SPEED,North,SUPERFICIAL,35,False,False,2,8561479855040293,210042568,Montgomery County Police,Property Damage ,True,North,2,3,LEVEL,False,False,DRIVER,SAME DIRECTION SIDESWIPE,DRY,DARK LIGHTS ON,UNKNOWN,NON INTERSECTION,UNKNOWN,STRAIGHT,NO DEFECTS,"TWO-WAY, NOT DIVIDED",38.99812533,-77.02685176,7228418003688286,8356792977061148,0,0,0,2021102318,7703596439001907,BMW,2013,7 Series,Large Cars,8.0,4.4,Automatic 8,RWD,Premium Gasoline,16,24,COLESVILLE RD,US (State),SPRING ST,County,8356792977061148,20910,SILVER SPRING,82846.1568889,126320091.137,39.00190768010143,-77.03596497235911,14.9965,71.55368,0.0,0.0,0.0,4.68,360.0,211023187035990019,2021-10-23 18:00:00,18,PM,296,5,Saturday,1,10,October,2021,0,Unknown