ReportNumber,VehicleCrashKey,DriverAtFault,DriverInjurySeverity,DriverSubstanceAbuse,DriverDistractedBy,VehicleType,VehicleMovement,VehicleGoingDir,VehicleDamageExtent,SpeedLimit,ParkedVehicle,SubstanceAbuseContributed,VehiclesCrashedTotal,VehicleKey,LocalCaseNumber,AgencyName,ACRSReportType,HitRun,LaneDirection,LaneNumber,NumberOfLanes,RoadGrade,NonTraffic,OffRoadIncident,AccidentAtFault,CollisionType,SurfaceCondition,Light,TrafficControl,Junction,IntersectionType,RoadAlignment,RoadCondition,RoadDivision,Latitude,Longitude,RoadKey_x,CrossStreetKey,NonMotoristTotal,NonMotoristInjury,NonMotoristFatal,DateHourKey,LocationAreaKey,Make,Year_x,BaseModel,BodyClass,Cylinders,Displacement,Transmission,Drivetrain,FuelType,CityMPG,HighwayMPG,RoadName_x,RouteType_x,RoadName_y,RouteType_y,RoadKey_y,Zipcode,MailCity,ShapeLength,ShapeArea,CentroidLatitude,CentroidLongitude,Temperature,Humidity,Precipitation,Rain,Snow,WindSpeed,WindDirection,WeatherKey,Datetime,Hour,TimeOfDay,DayNumber,WeekDayNumber,WeekDayName,WeekendFlag,MonthNumber,MonthName,Year_y,HolidayFlag,HolidayName
MCP2766006H,EAA099315DC645BA9E668DCC2D8D2ADB,False,POSSIBLE INJURY,NONE,NOT DISTRACTED,PASSENGER,STOPPED IN TRAFFIC LANE,East,DISABLING,35,False,False,2,5375782853056867,210042698,Montgomery County Police,Injury ,False,East,1,2,LEVEL,False,False,DRIVER,SAME DIR REAR END,DRY,DARK LIGHTS ON,TRAFFIC SIGNAL,INTERSECTION RELATED,FOUR-WAY INTERSECTION,STRAIGHT,NO DEFECTS,"TWO-WAY, NOT DIVIDED WITH A CONTINUOUS LEFT TURN",39.09063333,-77.04625833,3786639377990067,1498137660831595,0,0,0,2021102319,7705486039088590,Volvo,2001,V70,Midsize Station Wagons,5.0,2.4,Automatic 5,FWD,Premium Gasoline,18,25,BEL PRE RD,County,LAYHILL RD,Maryland (State),1498137660831595,20906,SILVER SPRING,133207.174949,359110751.771,39.08859082555049,-77.05486091907257,13.3325,67.69474,0.0,0.0,0.0,10.514218,321.9529,211023197054890885,2021-10-23 19:00:00,19,PM,296,5,Saturday,1,10,October,2021,0,Unknown
MCP2766006H,B17C8B88837145EAADD5710A0D3B0960,True,NO APPARENT INJURY,NONE,TEXTING FROM A CELLULAR PHONE,PASSENGER,MOVING CONSTANT SPEED,East,DESTROYED,35,False,False,2,8865405988389000,210042698,Montgomery County Police,Injury ,False,East,1,2,LEVEL,False,False,DRIVER,SAME DIR REAR END,DRY,DARK LIGHTS ON,TRAFFIC SIGNAL,INTERSECTION RELATED,FOUR-WAY INTERSECTION,STRAIGHT,NO DEFECTS,"TWO-WAY, NOT DIVIDED WITH A CONTINUOUS LEFT TURN",39.09063333,-77.04625833,3786639377990067,1498137660831595,0,0,0,2021102319,7705486039088590,Toyota,2016,Yaris,Compact Cars,4.0,1.5,Automatic 4,FWD,Regular Gasoline,30,35,BEL PRE RD,County,LAYHILL RD,Maryland (State),1498137660831595,20906,SILVER SPRING,133207.174949,359110751.771,39.08859082555049,-77.05486091907257,13.3325,67.69474,0.0,0.0,0.0,10.514218,321.9529,211023197054890885,2021-10-23 19:00:00,19,PM,296,5,Saturday,1,10,October,2021,0,Unknown
MCP27640020,54EA778E73EE4D87984EC5AE39C2D5B7,True,NO APPARENT INJURY,UNKNOWN,LOOKED BUT DID NOT SEE,PASSENGER,MOVING CONSTANT SPEED,South,FUNCTIONAL,30,False,False,1,9248617240602961,210042701,Montgomery County Police,Property Damage ,False,South,3,3,LEVEL,False,False,DRIVER,SAME DIR REAR END,DRY,DARK LIGHTS ON,NO CONTROLS,NON INTERSECTION,UNKNOWN,STRAIGHT,NO DEFECTS,"TWO-WAY, DIVIDED, POSITIVE MEDIAN BARRIER",39.04031333,-77.06054667,8554262040045692,9835187273570463,0,0,0,2021102319,7707527239025656,Nissan,2020,Rogue,Small Sport Utility Vehicle 2WD,4.0,2.5,Automatic CVT,AWD,Regular Gasoline,25,32,GEORGIA AVE,Maryland (State),ENNALLS AVE,County,9835187273570463,20895,KENSINGTON,70838.1492765,106180148.023,39.02565657266069,-77.07527294437958,13.7955,67.33146,0.0,0.0,0.0,11.792404,328.73633,211023197075290256,2021-10-23 19:00:00,19,PM,296,5,Saturday,1,10,October,2021,0,Unknown
MCP32900010,1ACB1949614541C28D5442999F0CD335,True,NO APPARENT INJURY,UNKNOWN,UNKNOWN,PASSENGER,UNKNOWN,East,UNKNOWN,25,False,False,1,8265619077070731,210042717,Montgomery County Police,Property Damage ,True,UNKNOWN,0,0,UNKNOWN,True,True,DRIVER,OTHER,UNKNOWN,DARK LIGHTS ON,NO CONTROLS,UNKNOWN,UNKNOWN,UNKNOWN,UNKNOWN,UNKNOWN,39.00054561,-76.98657901,7781945108562677,7781945108562677,0,0,0,2021102322,7698354239018293,Ford,2011,Expedition,Sport Utility Vehicle - 2WD,8.0,5.4,Automatic 6,RWD,Regular Gasoline,11,16,UNKNOWN,UNKNOWN,UNKNOWN,UNKNOWN,7781945108562677,20903,SILVER SPRING,50204.7192451,65972447.4483,39.01829365940637,-76.9835422251861,12.3845005,73.02465,0.0,0.0,0.0,9.290511,324.46225,211023226983590182,2021-10-23 22:00:00,22,PM,296,5,Saturday,1,10,October,2021,0,Unknown
MCP3144001V,C5987F7F2D3B41E7928EA8B383564D06,True,NO APPARENT INJURY,NONE,NOT DISTRACTED,PASSENGER,MOVING CONSTANT SPEED,South,DISABLING,35,False,False,1,7004010154646741,210042740,Montgomery County Police,Property Damage ,False,South,1,4,LEVEL,False,False,DRIVER,SINGLE VEHICLE,WET,DARK LIGHTS ON,NO CONTROLS,INTERSECTION,T-INTERSECTION,CURVE RIGHT,NO DEFECTS,"TWO-WAY, DIVIDED, POSITIVE MEDIAN BARRIER",39.00930343,-77.08092977,1627793738140795,4858751646412300,0,0,0,2021102404,7707527239025656,Honda,2011,Civic,Subcompact Cars,4.0,1.8,Automatic 5,FWD,Regular Gasoline,21,29,CONNECTICUT AVE,Maryland (State),CULVER ST,County,4858751646412300,20895,KENSINGTON,70838.1492765,106180148.023,39.02565657266069,-77.07527294437958,11.2455,77.44856,0.1,0.1,0.0,2.5455842,44.999897,211024047075290256,2021-10-24 04:00:00,4,AM,297,6,Sunday,1,10,October,2021,0,Unknown
MCP3038005D,A252B7CF06C246AEB9EA937465D2EAB4,True,NO APPARENT INJURY,UNKNOWN,LOOKED BUT DID NOT SEE,PASSENGER,PARKED,UNKNOWN,UNKNOWN,35,True,False,2,8243785576347135,210042709,Montgomery County Police,Property Damage ,True,North,3,3,HILL UPHILL,False,False,DRIVER,OTHER,DRY,DARK LIGHTS ON,TRAFFIC SIGNAL,NON INTERSECTION,UNKNOWN,STRAIGHT,NO DEFECTS,"TWO-WAY, DIVIDED, POSITIVE MEDIAN BARRIER",38.99413899,-77.03613782,118399697147806,4570729910170239,0,0,0,2021102419,7703596439001907,Toyota,2019,Camry,Midsize Cars,4.0,2.5,Automatic 8,FWD,Regular Gasoline,22,39,16TH ST,Maryland (State),EAST WEST HWY,Maryland (State),4570729910170239,20910,SILVER SPRING,82846.1568889,126320091.137,39.00190768010143,-77.03596497235911,16.7965,70.94485,0.0,0.0,0.0,12.313894,142.12495,211024197035990019,2021-10-24 19:00:00,19,PM,297,6,Sunday,1,10,October,2021,0,Unknown
MCP3038005D,E78393C72DF147A09E7259CC02874387,False,NO APPARENT INJURY,NONE,NOT DISTRACTED,PASSENGER,MOVING CONSTANT SPEED,North,SUPERFICIAL,35,False,False,2,6722520011130918,210042709,Montgomery County Police,Property Damage ,True,North,3,3,HILL UPHILL,False,False,DRIVER,OTHER,DRY,DARK LIGHTS ON,TRAFFIC SIGNAL,NON INTERSECTION,UNKNOWN,STRAIGHT,NO DEFECTS,"TWO-WAY, DIVIDED, POSITIVE MEDIAN BARRIER",38.99413899,-77.03613782,118399697147806,4570729910170239,0,0,0,2021102419,7703596439001907,Honda,2021,Civic,Large Cars,4.0,1.5,Automatic 7,FWD,Regular Gasoline,29,37,16TH ST,Maryland (State),EAST WEST HWY,Maryland (State),4570729910170239,20910,SILVER SPRING,82846.1568889,126320091.137,39.00190768010143,-77.03596497235911,16.7965,70.94485,0.0,0.0,0.0,12.313894,142.12495,211024197035990019,2021-10-24 19:00:00,19,PM,297,6,Sunday,1,10,October,2021,0,Unknown
MCP3074004X,6655E9F9666E4921B1F34225062D9087,False,NO APPARENT INJURY,UNKNOWN,NOT DISTRACTED,PASSENGER,STOPPED IN TRAFFIC LANE,North,SUPERFICIAL,35,False,False,3,8243785576347135,210042856,Montgomery County Police,Property Damage ,True,North,2,2,LEVEL,False,False,DRIVER,SAME DIR REAR END,DRY,DARK LIGHTS ON,TRAFFIC SIGNAL,INTERSECTION,FOUR-WAY INTERSECTION,STRAIGHT,SHOULDER DEFECT,"TWO-WAY, NOT DIVIDED",39.00496369,-77.0230191,7228418003688286,3912318926152506,0,0,0,2021102421,7703596439001907,Toyota,2019,Camry,Midsize Cars,4.0,2.5,Automatic 8,FWD,Regular Gasoline,22,39,COLESVILLE RD,US (State),DALE DR,County,3912318926152506,20910,SILVER SPRING,82846.1568889,126320091.137,39.00190768010143,-77.03596497235911,15.6965,85.3622,0.0,0.0,0.0,12.768586,158.4985,211024217035990019,2021-10-24 21:00:00,21,PM,297,6,Sunday,1,10,October,2021,0,Unknown
MCP3074004X,1C7FE0112AF6405EA84CF42864FE5853,False,NO APPARENT INJURY,UNKNOWN,NOT DISTRACTED,PASSENGER,STOPPED IN TRAFFIC LANE,North,SUPERFICIAL,35,False,False,3,5082261840683242,210042856,Montgomery County Police,Property Damage ,True,North,2,2,LEVEL,False,False,DRIVER,SAME DIR REAR END,DRY,DARK LIGHTS ON,TRAFFIC SIGNAL,INTERSECTION,FOUR-WAY INTERSECTION,STRAIGHT,SHOULDER DEFECT,"TWO-WAY, NOT DIVIDED",39.00496369,-77.0230191,7228418003688286,3912318926152506,0,0,0,2021102421,7703596439001907,Hyundai,2017,Elantra,Midsize Cars,4.0,2.0,Automatic 6,FWD,Regular Gasoline,24,32,COLESVILLE RD,US (State),DALE DR,County,3912318926152506,20910,SILVER SPRING,82846.1568889,126320091.137,39.00190768010143,-77.03596497235911,15.6965,85.3622,0.0,0.0,0.0,12.768586,158.4985,211024217035990019,2021-10-24 21:00:00,21,PM,297,6,Sunday,1,10,October,2021,0,Unknown
MCP3074004X,85656DAFDC35472B9C2AE2DFF59E5706,True,NO APPARENT INJURY,UNKNOWN,UNKNOWN,PASSENGER,MOVING CONSTANT SPEED,North,UNKNOWN,35,False,False,3,4909102112133355,210042856,Montgomery County Police,Property Damage ,True,North,2,2,LEVEL,False,False,DRIVER,SAME DIR REAR END,DRY,DARK LIGHTS ON,TRAFFIC SIGNAL,INTERSECTION,FOUR-WAY INTERSECTION,STRAIGHT,SHOULDER DEFECT,"TWO-WAY, NOT DIVIDED",39.00496369,-77.0230191,7228418003688286,3912318926152506,0,0,0,2021102421,7703596439001907,Jeep,0,Unknown,Unknown,0.0,0.0,Unknown,Unknown,Unknown,0,0,COLESVILLE RD,US (State),DALE DR,County,3912318926152506,20910,SILVER SPRING,82846.1568889,126320091.137,39.00190768010143,-77.03596497235911,15.6965,85.3622,0.0,0.0,0.0,12.768586,158.4985,211024217035990019,2021-10-24 21:00:00,21,PM,297,6,Sunday,1,10,October,2021,0,Unknown
MCP24640027,01CD4029511C4FFEB16CD09C37CDF373,True,NO APPARENT INJURY,UNKNOWN,UNKNOWN,PASSENGER,MOVING CONSTANT SPEED,East,DESTROYED,30,False,False,1,8265619077070731,210042732,Montgomery County Police,Property Damage ,True,East,1,2,LEVEL,False,False,DRIVER,SAME DIR REAR END,DRY,DARK NO LIGHTS,NO CONTROLS,NON INTERSECTION,UNKNOWN,STRAIGHT,NO DEFECTS,"TWO-WAY, NOT DIVIDED",38.99848393,-76.98866909,4980464717509852,7724459984860056,0,0,0,2021102422,7698354239018293,Ford,2011,Expedition,Sport Utility Vehicle - 2WD,8.0,5.4,Automatic 6,RWD,Regular Gasoline,11,16,QUEBEC ST,County,11TH AVE,County,7724459984860056,20903,SILVER SPRING,50204.7192451,65972447.4483,39.01829365940637,-76.9835422251861,15.8845005,82.91188,0.0,0.0,0.0,13.493999,170.78905,211024226983590182,2021-10-24 22:00:00,22,PM,297,6,Sunday,1,10,October,2021,0,Unknown
MCP32000041,A71EC66F28B94D6CBDD25220BC42BF24,True,SUSPECTED MINOR INJURY,NONE,UNKNOWN,PASSENGER,MOVING CONSTANT SPEED,West,DISABLING,25,False,False,3,451369711252440,210042899,Montgomery County Police,Injury ,False,West,1,1,LEVEL,False,False,DRIVER,OTHER,DRY,DAYLIGHT,NO CONTROLS,INTERSECTION RELATED,T-INTERSECTION,STRAIGHT,NO DEFECTS,"TWO-WAY, NOT DIVIDED",39.00313617,-77.13144167,4574047290405965,3025923775080186,0,0,0,2021102509,7715220038996189,Hyundai,2009,Sonata,Large Cars,4.0,2.4,Automatic 5,FWD,Regular Gasoline,19,32,GREENTREE RD,County,DRUMALDRY DR,County,3025923775080186,20817,BETHESDA,143234.920079,403664948.588,38.996189145680184,-77.15220044157795,17.942999,84.23344,0.0,0.0,0.0,11.966953,186.91113,211025097152289961,2021-10-25 09:00:00,9,AM,298,0,Monday,0,10,October,2021,0,Unknown
MCP32000041,DCFF93D2D4E94E0BB16C2D4702D32686,False,NO APPARENT INJURY,NONE,NOT DISTRACTED,PASSENGER,STOPPED IN TRAFFIC LANE,West,DISABLING,25,False,False,3,1261607841594232,210042899,Montgomery County Police,Injury ,False,West,1,1,LEVEL,False,False,DRIVER,OTHER,DRY,DAYLIGHT,NO CONTROLS,INTERSECTION RELATED,T-INTERSECTION,STRAIGHT,NO DEFECTS,"TWO-WAY, NOT DIVIDED",39.00313617,-77.13144167,4574047290405965,3025923775080186,0,0,0,2021102509,7715220038996189,Toyota,2008,Matrix,Small Station Wagons,4.0,1.8,Automatic 4,FWD,Regular Gasoline,25,31,GREENTREE RD,County,DRUMALDRY DR,County,3025923775080186,20817,BETHESDA,143234.920079,403664948.588,38.996189145680184,-77.15220044157795,17.942999,84.23344,0.0,0.0,0.0,11.966953,186.91113,211025097152289961,2021-10-25 09:00:00,9,AM,298,0,Monday,0,10,October,2021,0,Unknown
MCP32000041,FFF89CE9AEC044EA93CB2A698A94F1CD,False,NO APPARENT INJURY,NONE,NOT DISTRACTED,PASSENGER,MAKING LEFT TURN,West,FUNCTIONAL,25,False,False,3,4584394309731965,210042899,Montgomery County Police,Injury ,False,West,1,1,LEVEL,False,False,DRIVER,OTHER,DRY,DAYLIGHT,NO CONTROLS,INTERSECTION RELATED,T-INTERSECTION,STRAIGHT,NO DEFECTS,"TWO-WAY, NOT DIVIDED",39.00313617,-77.13144167,4574047290405965,3025923775080186,0,0,0,2021102509,7715220038996189,Hyundai,2017,Santa Fe,Small Sport Utility Vehicle 2WD,4.0,2.0,Automatic 6,AWD,Regular Gasoline,20,24,GREENTREE RD,County,DRUMALDRY DR,County,3025923775080186,20817,BETHESDA,143234.920079,403664948.588,38.996189145680184,-77.15220044157795,17.942999,84.23344,0.0,0.0,0.0,11.966953,186.91113,211025097152289961,2021-10-25 09:00:00,9,AM,298,0,Monday,0,10,October,2021,0,Unknown
MCP32000042,CBED46F991F24AACA46BC1C2394E4518,False,SUSPECTED MINOR INJURY,NONE,NOT DISTRACTED,PASSENGER,MOVING CONSTANT SPEED,West,DISABLING,35,False,False,3,4800773777592175,210042932,Montgomery County Police,Injury ,False,West,2,2,LEVEL,False,False,DRIVER,OTHER,DRY,DAYLIGHT,STOP SIGN,INTERSECTION,T-INTERSECTION,STRAIGHT,NO DEFECTS,"TWO-WAY, DIVIDED, POSITIVE MEDIAN BARRIER",38.96259067,-77.09971367,1363718650800826,4160154704802219,0,0,0,2021102512,7707842038983818,Hyundai,2003,Elantra,Compact Cars,4.0,2.0,Automatic 4,FWD,Regular Gasoline,21,30,RIVER RD,Maryland (State),GREYSTONE ST,Municipality,4160154704802219,20815,CHEVY CHASE,78258.2702851,151813895.483,38.98381860627773,-77.07842006190148,22.724499,66.33403,0.0,0.0,0.0,18.448023,185.59924,211025127078489838,2021-10-25 12:00:00,12,PM,298,0,Monday,0,10,October,2021,0,Unknown
MCP32000042,D96EDC6AAEE7404F935D6437812CDCEB,True,NO APPARENT INJURY,NONE,UNKNOWN,PASSENGER,MAKING RIGHT TURN,South,FUNCTIONAL,25,False,False,3,7026902021977563,210042932,Montgomery County Police,Injury ,False,West,2,2,LEVEL,False,False,DRIVER,OTHER,DRY,DAYLIGHT,STOP SIGN,INTERSECTION,T-INTERSECTION,STRAIGHT,NO DEFECTS,"TWO-WAY, DIVIDED, POSITIVE MEDIAN BARRIER",38.96259067,-77.09971367,1363718650800826,4160154704802219,0,0,0,2021102512,7707842038983818,Toyota,2021,RAV4,Small Sport Utility Vehicle 4WD,4.0,2.5,Automatic 8,AWD,Regular Gasoline,27,33,RIVER RD,Maryland (State),GREYSTONE ST,Municipality,4160154704802219,20815,CHEVY CHASE,78258.2702851,151813895.483,38.98381860627773,-77.07842006190148,22.724499,66.33403,0.0,0.0,0.0,18.448023,185.59924,211025127078489838,2021-10-25 12:00:00,12,PM,298,0,Monday,0,10,October,2021,0,Unknown
MCP32000042,E7032A2E43FC44118E2DED4C257FC521,False,POSSIBLE INJURY,NONE,NOT DISTRACTED,PASSENGER,MOVING CONSTANT SPEED,West,DISABLING,35,False,False,3,502837819774665,210042932,Montgomery County Police,Injury ,False,West,2,2,LEVEL,False,False,DRIVER,OTHER,DRY,DAYLIGHT,STOP SIGN,INTERSECTION,T-INTERSECTION,STRAIGHT,NO DEFECTS,"TWO-WAY, DIVIDED, POSITIVE MEDIAN BARRIER",38.96259067,-77.09971367,1363718650800826,4160154704802219,0,0,0,2021102512,7707842038983818,Chevrolet,2015,Impala,Large Cars,6.0,3.6,Automatic 6,FWD,Regular Gasoline,18,28,RIVER RD,Maryland (State),GREYSTONE ST,Municipality,4160154704802219,20815,CHEVY CHASE,78258.2702851,151813895.483,38.98381860627773,-77.07842006190148,22.724499,66.33403,0.0,0.0,0.0,18.448023,185.59924,211025127078489838,2021-10-25 12:00:00,12,PM,298,0,Monday,0,10,October,2021,0,Unknown
MCP2260002M,100B273DE3704001B3FE021CEF70E33E,True,NO APPARENT INJURY,UNKNOWN,NOT DISTRACTED,PASSENGER,PARKING,North,SUPERFICIAL,5,False,False,1,7871367637348379,210042933,Montgomery County Police,Property Damage ,False,UNKNOWN,0,0,UNKNOWN,True,True,DRIVER,OTHER,UNKNOWN,DAYLIGHT,UNKNOWN,UNKNOWN,UNKNOWN,UNKNOWN,UNKNOWN,UNKNOWN,39.10162167,-77.07585333,7781945108562677,7781945108562677,1,0,0,2021102513,7705486039088590,Toyota,2018,RAV4,Small Sport Utility Vehicle 4WD,4.0,2.5,Automatic 6,AWD,Regular Gasoline,22,28,UNKNOWN,UNKNOWN,UNKNOWN,UNKNOWN,7781945108562677,20906,SILVER SPRING,133207.174949,359110751.771,39.08859082555049,-77.05486091907257,23.832499,59.736492,0.0,0.0,0.0,17.727943,192.90741,211025137054890885,2021-10-25 13:00:00,13,PM,298,0,Monday,0,10,October,2021,0,Unknown
MCP3161003C,57426DDE9FA54B79BAFF0993A6229375,False,NO APPARENT INJURY,NONE,NOT DISTRACTED,PASSENGER,SLOWING OR STOPPING,North,FUNCTIONAL,35,False,False,1,1314430843980275,210042969,Montgomery County Police,Injury ,False,North,2,3,LEVEL,False,False,NONMOTORIST,SINGLE VEHICLE,DRY,DAYLIGHT,NO CONTROLS,UNKNOWN,UNKNOWN,STRAIGHT,NO DEFECTS,"TWO-WAY, DIVIDED, POSITIVE MEDIAN BARRIER",38.99746667,-77.10965833,5925405510732472,5777913950568264,1,1,0,2021102515,7715220038996189,Toyota,2008,Corolla,Compact Cars,4.0,1.8,Automatic 4,FWD,Regular Gasoline,26,35,ROCKVILLE PIKE,Maryland (State),CEDAR LA,County,5777913950568264,20817,BETHESDA,143234.920079,403664948.588,38.996189145680184,-77.15220044157795,25.643,51.45518,0.0,0.0,0.0,20.633371,186.00891,211025157152289961,2021-10-25 15:00:00,15,PM,298,0,Monday,0,10,October,2021,0,Unknown
MCP2608002V,63FBFD08E19448548BC3E143F3D55F79,True,NO APPARENT INJURY,NONE,NOT DISTRACTED,PASSENGER,MOVING CONSTANT SPEED,North,DISABLING,35,False,False,1,5082261773572766,210042988,Montgomery County Police,Property Damage ,False,North,3,3,LEVEL,False,False,DRIVER,SINGLE VEHICLE,DRY,DAYLIGHT,TRAFFIC SIGNAL,INTERSECTION,T-INTERSECTION,STRAIGHT,NO DEFECTS,"TWO-WAY, DIVIDED, POSITIVE MEDIAN BARRIER",39.02966667,-76.98343833,8901981419077344,3113819201201051,0,0,0,2021102516,7698354239018293,Hyundai,2013,Elantra,Midsize Cars,4.0,1.8,Automatic 6,FWD,Regular Gasoline,28,38,NEW HAMPSHIRE AVE,Maryland (State),CHALMERS RD,County,3113819201201051,20903,SILVER SPRING,50204.7192451,65972447.4483,39.01829365940637,-76.9835422251861,25.134499,52.15817,0.0,0.0,0.0,16.263872,185.07951,211025166983590182,2021-10-25 16:00:00,16,PM,298,0,Monday,0,10,October,2021,0,Unknown
MCP2782003Q,39ABE319809B4A4BAEE7588A3B3F50CF,True,POSSIBLE INJURY,NONE,NOT DISTRACTED,PASSENGER,SLOWING OR STOPPING,South,FUNCTIONAL,40,False,False,2,8224256070751890,210042997,Montgomery County Police,Injury ,False,South,2,2,HILL UPHILL,False,False,DRIVER,SAME DIR REAR END,WET,DARK LIGHTS ON,TRAFFIC SIGNAL,INTERSECTION RELATED,OTHER,STRAIGHT,NO DEFECTS,"TWO-WAY, DIVIDED, UNPROTECTED PAINTED MIN 4 FEET",39.10113158,-77.04096847,1498137660831595,7576478116500516,0,0,0,2021102517,7705486039088590,Toyota,2017,Prius,Midsize Cars,4.0,1.8,Automatic CVT,FWD,Regular Gasoline,54,50,LAYHILL RD,Maryland (State),PARK VISTA DR,County,7576478116500516,20906,SILVER SPRING,133207.174949,359110751.771,39.08859082555049,-77.05486091907257,23.0325,65.97658,0.0,0.0,0.0,15.893093,166.9081,211025177054890885,2021-10-25 17:00:00,17,PM,298,0,Monday,0,10,October,2021,0,Unknown
MCP2782003Q,852E246F17ED45C9A9819B96B4798645,False,POSSIBLE INJURY,NONE,NOT DISTRACTED,PASSENGER,STOPPED IN TRAFFIC LANE,South,FUNCTIONAL,40,False,False,2,751452889037670,210042997,Montgomery County Police,Injury ,False,South,2,2,HILL UPHILL,False,False,DRIVER,SAME DIR REAR END,WET,DARK LIGHTS ON,TRAFFIC SIGNAL,INTERSECTION RELATED,OTHER,STRAIGHT,NO DEFECTS,"TWO-WAY, DIVIDED, UNPROTECTED PAINTED MIN 4 FEET",39.10113158,-77.04096847,1498137660831595,7576478116500516,0,0,0,2021102517,7705486039088590,Toyota,2021,Corolla,Compact Cars,4.0,2.0,Automatic 10,FWD,Regular Gasoline,29,38,LAYHILL RD,Maryland (State),PARK VISTA DR,County,7576478116500516,20906,SILVER SPRING,133207.174949,359110751.771,39.08859082555049,-77.05486091907257,23.0325,65.97658,0.0,0.0,0.0,15.893093,166.9081,211025177054890885,2021-10-25 17:00:00,17,PM,298,0,Monday,0,10,October,2021,0,Unknown
MCP2782003P,EA7A819E45094084B4D460C5A61A0D9F,True,NO APPARENT INJURY,NONE,LOOKED BUT DID NOT SEE,PASSENGER,MAKING LEFT TURN,South,DISABLING,35,False,False,2,8224255986863795,210043010,Montgomery County Police,Property Damage ,False,West,3,3,LEVEL,False,False,DRIVER,HEAD ON LEFT TURN,WET,DARK LIGHTS ON,TRAFFIC SIGNAL,INTERSECTION,FOUR-WAY INTERSECTION,STRAIGHT,NO DEFECTS,"TWO-WAY, DIVIDED, POSITIVE MEDIAN BARRIER",39.05631617,-77.08272733,8073720238398338,9290911226978796,0,0,0,2021102519,7705486039088590,Toyota,2010,Prius,Midsize Cars,4.0,1.8,Automatic CVT,FWD,Regular Gasoline,51,48,RANDOLPH RD,County,VEIRS MILL RD,Maryland (State),9290911226978796,20906,SILVER SPRING,133207.174949,359110751.771,39.08859082555049,-77.05486091907257,18.6325,99.06548,5.5,5.5,0.0,10.703569,199.65392,211025197054890885,2021-10-25 19:00:00,19,PM,298,0,Monday,0,10,October,2021,0,Unknown
MCP2782003P,AB5D975B6FA14FFB8A478E301FC7FB1B,False,NO APPARENT INJURY,NONE,NOT DISTRACTED,BUS,MOVING CONSTANT SPEED,West,SUPERFICIAL,35,False,False,2,240722642832247,210043010,Montgomery County Police,Property Damage ,False,West,3,3,LEVEL,False,False,DRIVER,HEAD ON LEFT TURN,WET,DARK LIGHTS ON,TRAFFIC SIGNAL,INTERSECTION,FOUR-WAY INTERSECTION,STRAIGHT,NO DEFECTS,"TWO-WAY, DIVIDED, POSITIVE MEDIAN BARRIER",39.05631617,-77.08272733,8073720238398338,9290911226978796,0,0,0,2021102519,7705486039088590,Gillig,0,Unknown,Unknown,0.0,0.0,Unknown,Unknown,Unknown,0,0,RANDOLPH RD,County,VEIRS MILL RD,Maryland (State),9290911226978796,20906,SILVER SPRING,133207.174949,359110751.771,39.08859082555049,-77.05486091907257,18.6325,99.06548,5.5,5.5,0.0,10.703569,199.65392,211025197054890885,2021-10-25 19:00:00,19,PM,298,0,Monday,0,10,October,2021,0,Unknown
MCP3235001K,54E1E4EB4FB44A189712F5D4698FABC9,True,NO APPARENT INJURY,UNKNOWN,UNKNOWN,PASSENGER,PARKING,North,SUPERFICIAL,10,False,False,1,6148504679607641,210043024,Montgomery County Police,Property Damage ,True,UNKNOWN,0,0,UNKNOWN,True,True,DRIVER,UNKNOWN,UNKNOWN,DARK LIGHTS ON,NO CONTROLS,UNKNOWN,UNKNOWN,UNKNOWN,UNKNOWN,UNKNOWN,39.0086835,-76.98416013,7781945108562677,7781945108562677,0,0,0,2021102523,7698354239018293,Honda,2004,CR-V,Sport Utility Vehicle - 4WD,4.0,2.4,Automatic 4,AWD,Regular Gasoline,19,23,UNKNOWN,UNKNOWN,UNKNOWN,UNKNOWN,7781945108562677,20903,SILVER SPRING,50204.7192451,65972447.4483,39.01829365940637,-76.9835422251861,16.9345,99.68354,5.5,5.5,0.0,3.319036,167.4712,211025236983590182,2021-10-25 23:00:00,23,PM,298,0,Monday,0,10,October,2021,0,Unknown
MCP3133002R,A1BE174CF827470FBF1D31063508C1DB,True,NO APPARENT INJURY,NONE,UNKNOWN,UNKNOWN,MOVING CONSTANT SPEED,East,UNKNOWN,35,False,False,2,8168321465439775,210043039,Montgomery County Police,Property Damage ,True,East,3,3,LEVEL,False,False,DRIVER,SAME DIR REAR END,WET,DARK LIGHTS ON,TRAFFIC SIGNAL,INTERSECTION,FOUR-WAY INTERSECTION,STRAIGHT,NO DEFECTS,"TWO-WAY, DIVIDED, POSITIVE MEDIAN BARRIER",39.05627667,-77.08226833,8073720238398338,9290911226978796,0,0,0,2021102606,7705486039088590,Unknown,0,Unknown,Unknown,0.0,0.0,Unknown,Unknown,Unknown,0,0,RANDOLPH RD,County,VEIRS MILL RD,Maryland (State),9290911226978796,20906,SILVER SPRING,133207.174949,359110751.771,39.08859082555049,-77.05486091907257,14.4825,97.4455,0.0,0.0,0.0,11.631956,291.80148,211026067054890885,2021-10-26 06:00:00,6,AM,299,1,Tuesday,0,10,October,2021,0,Unknown