ReportNumber,VehicleCrashKey,DriverAtFault,DriverInjurySeverity,DriverSubstanceAbuse,DriverDistractedBy,VehicleType,VehicleMovement,VehicleGoingDir,VehicleDamageExtent,SpeedLimit,ParkedVehicle,SubstanceAbuseContributed,VehiclesCrashedTotal,VehicleKey,LocalCaseNumber,AgencyName,ACRSReportType,HitRun,LaneDirection,LaneNumber,NumberOfLanes,RoadGrade,NonTraffic,OffRoadIncident,AccidentAtFault,CollisionType,SurfaceCondition,Light,TrafficControl,Junction,IntersectionType,RoadAlignment,RoadCondition,RoadDivision,Latitude,Longitude,RoadKey_x,CrossStreetKey,NonMotoristTotal,NonMotoristInjury,NonMotoristFatal,DateHourKey,LocationAreaKey,Make,Year_x,BaseModel,BodyClass,Cylinders,Displacement,Transmission,Drivetrain,FuelType,CityMPG,HighwayMPG,RoadName_x,RouteType_x,RoadName_y,RouteType_y,RoadKey_y,Zipcode,MailCity,ShapeLength,ShapeArea,CentroidLatitude,CentroidLongitude,Temperature,Humidity,Precipitation,Rain,Snow,WindSpeed,WindDirection,WeatherKey,Datetime,Hour,TimeOfDay,DayNumber,WeekDayNumber,WeekDayName,WeekendFlag,MonthNumber,MonthName,Year_y,HolidayFlag,HolidayName
MCP3133002R,1C23B2C0A2A44D3EB7531FE371260B00,False,NO APPARENT INJURY,NONE,NOT DISTRACTED,BUS,STOPPED IN TRAFFIC LANE,East,SUPERFICIAL,35,False,False,2,240722642832247,210043039,Montgomery County Police,Property Damage ,True,East,3,3,LEVEL,False,False,DRIVER,SAME DIR REAR END,WET,DARK LIGHTS ON,TRAFFIC SIGNAL,INTERSECTION,FOUR-WAY INTERSECTION,STRAIGHT,NO DEFECTS,"TWO-WAY, DIVIDED, POSITIVE MEDIAN BARRIER",39.05627667,-77.08226833,8073720238398338,9290911226978796,0,0,0,2021102606,7705486039088590,Gillig,0,Unknown,Unknown,0.0,0.0,Unknown,Unknown,Unknown,0,0,RANDOLPH RD,County,VEIRS MILL RD,Maryland (State),9290911226978796,20906,SILVER SPRING,133207.174949,359110751.771,39.08859082555049,-77.05486091907257,14.4825,97.4455,0.0,0.0,0.0,11.631956,291.80148,211026067054890885,2021-10-26 06:00:00,6,AM,299,1,Tuesday,0,10,October,2021,0,Unknown
MCP23580090,3D69EE2E9DD74C58AA9274FC6DEFCC82,True,NO APPARENT INJURY,NONE,NOT DISTRACTED,PASSENGER,SLOWING OR STOPPING,South,DISABLING,35,False,False,2,1032942915110160,210043050,Montgomery County Police,Injury ,False,South,1,1,GRADE DOWNHILL,False,False,DRIVER,SAME DIR REAR END,WET,DAYLIGHT,NO CONTROLS,NON INTERSECTION,UNKNOWN,CURVE LEFT,NO DEFECTS,"TWO-WAY, NOT DIVIDED",38.97259433,-77.14869333,5249777599148989,5755741923731534,0,0,0,2021102607,7716110538973139,Toyota,2016,Corolla,Midsize Cars,4.0,1.8,Automatic CVT,FWD,Regular Gasoline,28,36,CABIN JOHN PKWY,Interstate (State),CLARA BARTON PKWY,Government,5755741923731534,20818,CABIN JOHN,31103.2351564,35996828.3577,38.973139992753595,-77.1611053215196,14.114,96.492615,0.0,0.0,0.0,16.676977,302.6609,211026077161189731,2021-10-26 07:00:00,7,AM,299,1,Tuesday,0,10,October,2021,0,Unknown
MCP23580090,F9E08AABC06F44AEBA8ABC6A345D8567,False,POSSIBLE INJURY,NONE,NOT DISTRACTED,PASSENGER,SLOWING OR STOPPING,South,DISABLING,35,False,False,2,7731083898951542,210043050,Montgomery County Police,Injury ,False,South,1,1,GRADE DOWNHILL,False,False,DRIVER,SAME DIR REAR END,WET,DAYLIGHT,NO CONTROLS,NON INTERSECTION,UNKNOWN,CURVE LEFT,NO DEFECTS,"TWO-WAY, NOT DIVIDED",38.97259433,-77.14869333,5249777599148989,5755741923731534,0,0,0,2021102607,7716110538973139,Toyota,2014,Highlander,Standard Sport Utility Vehicle 4WD,6.0,3.5,Automatic 6,AWD,Regular Gasoline,18,25,CABIN JOHN PKWY,Interstate (State),CLARA BARTON PKWY,Government,5755741923731534,20818,CABIN JOHN,31103.2351564,35996828.3577,38.973139992753595,-77.1611053215196,14.114,96.492615,0.0,0.0,0.0,16.676977,302.6609,211026077161189731,2021-10-26 07:00:00,7,AM,299,1,Tuesday,0,10,October,2021,0,Unknown
MCP3190002Y,33E7CCA3BEA34488860033EB46602DD0,True,SUSPECTED MINOR INJURY,NONE,LOOKED BUT DID NOT SEE,PASSENGER,MAKING LEFT TURN,East,DISABLING,35,False,False,2,3291189881588579,210043045,Montgomery County Police,Injury ,False,North,2,3,HILL UPHILL,False,False,DRIVER,STRAIGHT MOVEMENT ANGLE,DRY,DAYLIGHT,TRAFFIC SIGNAL,INTERSECTION,FOUR-WAY INTERSECTION,STRAIGHT,NO DEFECTS,OTHER,39.08780833,-77.07951833,8554262040045692,7873128350123939,0,0,0,2021102607,7705486039088590,Acura,0,Unknown,Unknown,0.0,0.0,Unknown,Unknown,Unknown,0,0,GEORGIA AVE,Maryland (State),CHESTERWOOD DR,Other Public Roadway,7873128350123939,20906,SILVER SPRING,133207.174949,359110751.771,39.08859082555049,-77.05486091907257,13.7825,97.43174,0.0,0.0,0.0,16.45007,293.1986,211026077054890885,2021-10-26 07:00:00,7,AM,299,1,Tuesday,0,10,October,2021,0,Unknown
MCP3190002Y,7EF041E772E946ECA6523558FCBCD445,False,SUSPECTED MINOR INJURY,NONE,NOT DISTRACTED,PASSENGER,MOVING CONSTANT SPEED,North,DISABLING,35,False,False,2,9823650920925407,210043045,Montgomery County Police,Injury ,False,North,2,3,HILL UPHILL,False,False,DRIVER,STRAIGHT MOVEMENT ANGLE,DRY,DAYLIGHT,TRAFFIC SIGNAL,INTERSECTION,FOUR-WAY INTERSECTION,STRAIGHT,NO DEFECTS,OTHER,39.08780833,-77.07951833,8554262040045692,7873128350123939,0,0,0,2021102607,7705486039088590,Chevrolet,2006,TrailBlazer,Sport Utility Vehicle - 2WD,8.0,4.2,Automatic 4,AWD,Regular Gasoline,14,19,GEORGIA AVE,Maryland (State),CHESTERWOOD DR,Other Public Roadway,7873128350123939,20906,SILVER SPRING,133207.174949,359110751.771,39.08859082555049,-77.05486091907257,13.7825,97.43174,0.0,0.0,0.0,16.45007,293.1986,211026077054890885,2021-10-26 07:00:00,7,AM,299,1,Tuesday,0,10,October,2021,0,Unknown
DM8352000H,5B0B1F4CC7C9494C97528EACD91E9370,False,NO APPARENT INJURY,UNKNOWN,NOT DISTRACTED,EMERGENCY,MOVING CONSTANT SPEED,West,SUPERFICIAL,25,False,False,1,8893048183257139,210043049,Takoma Park Police Depart,Property Damage ,False,West,0,1,HILL UPHILL,False,False,UNKNOWN,SINGLE VEHICLE,WET,DAWN,NO CONTROLS,NON INTERSECTION,UNKNOWN,CURVE LEFT,UNKNOWN,UNKNOWN,38.98300167,-77.01721167,7438226705422979,5799511491379277,0,0,0,2021102608,7700204038982546,Ford,2019,Flex,Standard Sport Utility Vehicle 4WD,6.0,3.5,Automatic 6,AWD,Regular Gasoline,16,21,BALTIMORE AVE,Municipality,PHILADELPHIA AVE,Maryland (State),5799511491379277,20912,TAKOMA PARK,51232.0653417,65209197.2692,38.98254687160147,-77.00204079343348,14.348,93.10611,0.0,0.0,0.0,19.022177,299.4758,211026087002089825,2021-10-26 08:00:00,8,AM,299,1,Tuesday,0,10,October,2021,0,Unknown
MCP3258001M,3654F23DEF4E4AD38F94408048C85660,True,NO APPARENT INJURY,UNKNOWN,NOT DISTRACTED,PASSENGER,MAKING LEFT TURN,North,SUPERFICIAL,35,False,False,2,660615385035114,210043059,Montgomery County Police,Property Damage ,False,East,2,2,LEVEL,False,False,DRIVER,STRAIGHT MOVEMENT ANGLE,DRY,DAYLIGHT,STOP SIGN,NON INTERSECTION,UNKNOWN,STRAIGHT,NO DEFECTS,"TWO-WAY, NOT DIVIDED",39.09340667,-77.07820333,3786639377990067,8554262040045692,0,0,0,2021102609,7705486039088590,Ford,0,Unknown,Unknown,0.0,0.0,Unknown,Unknown,Unknown,0,0,BEL PRE RD,County,GEORGIA AVE,Maryland (State),8554262040045692,20906,SILVER SPRING,133207.174949,359110751.771,39.08859082555049,-77.05486091907257,14.4825,94.94861,0.2,0.2,0.0,17.555305,285.46127,211026097054890885,2021-10-26 09:00:00,9,AM,299,1,Tuesday,0,10,October,2021,0,Unknown
MCP3258001M,8B17246C272C40D59F135F97D14CDC7D,False,NO APPARENT INJURY,UNKNOWN,NOT DISTRACTED,PASSENGER,MOVING CONSTANT SPEED,East,SUPERFICIAL,35,False,False,2,6312893571399229,210043059,Montgomery County Police,Property Damage ,False,East,2,2,LEVEL,False,False,DRIVER,STRAIGHT MOVEMENT ANGLE,DRY,DAYLIGHT,STOP SIGN,NON INTERSECTION,UNKNOWN,STRAIGHT,NO DEFECTS,"TWO-WAY, NOT DIVIDED",39.09340667,-77.07820333,3786639377990067,8554262040045692,0,0,0,2021102609,7705486039088590,Chevrolet,0,Unknown,Unknown,0.0,0.0,Unknown,Unknown,Unknown,0,0,BEL PRE RD,County,GEORGIA AVE,Maryland (State),8554262040045692,20906,SILVER SPRING,133207.174949,359110751.771,39.08859082555049,-77.05486091907257,14.4825,94.94861,0.2,0.2,0.0,17.555305,285.46127,211026097054890885,2021-10-26 09:00:00,9,AM,299,1,Tuesday,0,10,October,2021,0,Unknown
MCP2008008V,6C6E1728AE2E4951B64EC40C2E24010E,True,POSSIBLE INJURY,NONE,NOT DISTRACTED,PASSENGER,PARKING,East,DISABLING,5,False,False,1,2815627468671518,210043176,Montgomery County Police,Injury ,False,UNKNOWN,0,0,UNKNOWN,True,True,DRIVER,SINGLE VEHICLE,UNKNOWN,DAYLIGHT,UNKNOWN,UNKNOWN,UNKNOWN,UNKNOWN,UNKNOWN,UNKNOWN,38.96461833,-77.10396167,7781945108562677,7781945108562677,0,0,0,2021102616,7711806238956479,Honda,2018,Accord,Large Cars,4.0,2.0,Automatic 10,FWD,Regular Gasoline,22,32,UNKNOWN,UNKNOWN,UNKNOWN,UNKNOWN,7781945108562677,20816,BETHESDA,58716.1248449,117565480.431,38.95647982277882,-77.11806249046538,13.6475,56.662567,0.0,0.0,0.0,33.283943,308.8534,211026167118089564,2021-10-26 16:00:00,16,PM,299,1,Tuesday,0,10,October,2021,0,Unknown
MCP3176001L,6656E73330CB48A2B6E1AF1B202556A9,True,SUSPECTED SERIOUS INJURY,NONE,NOT DISTRACTED,PASSENGER,MOVING CONSTANT SPEED,North,DISABLING,50,False,False,3,2815627485449137,21004256,Montgomery County Police,Injury ,False,North,1,3,LEVEL,False,False,DRIVER,STRAIGHT MOVEMENT ANGLE,UNKNOWN,DARK LIGHTS ON,TRAFFIC SIGNAL,INTERSECTION,FOUR-WAY INTERSECTION,STRAIGHT,NO DEFECTS,"TWO-WAY, DIVIDED, POSITIVE MEDIAN BARRIER",38.996095,-77.02814,7228418003688286,8554262040045692,0,0,0,2021102701,7703596439001907,Honda,2019,Accord,Large Cars,4.0,2.0,Automatic 10,FWD,Regular Gasoline,22,32,COLESVILLE RD,US (State),GEORGIA AVE,Maryland (State),8554262040045692,20910,SILVER SPRING,82846.1568889,126320091.137,39.00190768010143,-77.03596497235911,9.4965,73.25535,0.0,0.0,0.0,22.26477,309.09384,211027017035990019,2021-10-27 01:00:00,1,AM,300,2,Wednesday,0,10,October,2021,0,Unknown
MCP3176001L,2007CBC6FEE84FF8B86971CF94EEBE26,False,POSSIBLE INJURY,NONE,NOT DISTRACTED,PASSENGER,SLOWING OR STOPPING,South,DISABLING,40,False,False,3,195013363075653,21004256,Montgomery County Police,Injury ,False,North,1,3,LEVEL,False,False,DRIVER,STRAIGHT MOVEMENT ANGLE,UNKNOWN,DARK LIGHTS ON,TRAFFIC SIGNAL,INTERSECTION,FOUR-WAY INTERSECTION,STRAIGHT,NO DEFECTS,"TWO-WAY, DIVIDED, POSITIVE MEDIAN BARRIER",38.996095,-77.02814,7228418003688286,8554262040045692,0,0,0,2021102701,7703596439001907,Hyundai,2017,Accent,Compact Cars,4.0,1.6,Automatic 6,FWD,Regular Gasoline,26,36,COLESVILLE RD,US (State),GEORGIA AVE,Maryland (State),8554262040045692,20910,SILVER SPRING,82846.1568889,126320091.137,39.00190768010143,-77.03596497235911,9.4965,73.25535,0.0,0.0,0.0,22.26477,309.09384,211027017035990019,2021-10-27 01:00:00,1,AM,300,2,Wednesday,0,10,October,2021,0,Unknown
MCP3176001L,EAA44552C1E54412AA89179EBB81CAAD,False,SUSPECTED MINOR INJURY,NONE,NOT DISTRACTED,PASSENGER,MOVING CONSTANT SPEED,North,DISABLING,35,False,False,3,5867016750737526,21004256,Montgomery County Police,Injury ,False,North,1,3,LEVEL,False,False,DRIVER,STRAIGHT MOVEMENT ANGLE,UNKNOWN,DARK LIGHTS ON,TRAFFIC SIGNAL,INTERSECTION,FOUR-WAY INTERSECTION,STRAIGHT,NO DEFECTS,"TWO-WAY, DIVIDED, POSITIVE MEDIAN BARRIER",38.996095,-77.02814,7228418003688286,8554262040045692,0,0,0,2021102701,7703596439001907,Honda,2016,CR-V,Small Sport Utility Vehicle 2WD,4.0,2.4,Automatic CVT,AWD,Regular Gasoline,25,31,COLESVILLE RD,US (State),GEORGIA AVE,Maryland (State),8554262040045692,20910,SILVER SPRING,82846.1568889,126320091.137,39.00190768010143,-77.03596497235911,9.4965,73.25535,0.0,0.0,0.0,22.26477,309.09384,211027017035990019,2021-10-27 01:00:00,1,AM,300,2,Wednesday,0,10,October,2021,0,Unknown
MCP27830044,9306ACF0F3EA401A8E788C9EF00BC7D4,True,NO APPARENT INJURY,UNKNOWN,UNKNOWN,PASSENGER,ENTERING TRAFFIC LANE,West,NO DAMAGE,35,False,False,1,6578981102918950,210043191,Montgomery County Police,Injury ,True,West,3,3,LEVEL,False,False,DRIVER,OTHER,DRY,UNKNOWN,OTHER,INTERSECTION,FOUR-WAY INTERSECTION,CURVE LEFT,NO DEFECTS,"TWO-WAY, DIVIDED, POSITIVE MEDIAN BARRIER",39.05750968,-77.08004686,8073720238398338,8726181595251040,1,1,0,2021102707,7705486039088590,Mazda,2010,3,Compact Cars,4.0,2.0,Automatic 5,FWD,Regular Gasoline,21,29,RANDOLPH RD,County,COLIE DR,County,8726181595251040,20906,SILVER SPRING,133207.174949,359110751.771,39.08859082555049,-77.05486091907257,11.8325,75.201035,0.0,0.0,0.0,21.313093,322.54935,211027077054890885,2021-10-27 07:00:00,7,AM,300,2,Wednesday,0,10,October,2021,0,Unknown
MCP0942003D,8307B1D8BF3A4DDEAF738018427C6CD0,False,NO APPARENT INJURY,NONE,NOT DISTRACTED,PASSENGER,MOVING CONSTANT SPEED,North,DISABLING,25,False,False,2,4962802256636253,210043260,Montgomery County Police,Property Damage ,False,North,1,4,LEVEL,False,False,DRIVER,STRAIGHT MOVEMENT ANGLE,DRY,DAWN,NO CONTROLS,INTERSECTION,FOUR-WAY INTERSECTION,STRAIGHT,NO DEFECTS,"TWO-WAY, NOT DIVIDED",38.98790877,-77.09947564,4494898042244063,9011314214305799,0,0,0,2021102707,7710072538987731,Mercedes-Benz,2017,S-Class,Large Cars,8.0,4.7,Automatic 7,RWD,Premium Gasoline,13,22,OLD GEORGETOWN RD,Maryland (State),CORDELL AVE,County,9011314214305799,20814,BETHESDA,46411.6876883,47837334.4314,38.98773167577017,-77.10072590539887,11.5985,74.140396,0.0,0.0,0.0,19.373219,318.01288,211027077100789877,2021-10-27 07:00:00,7,AM,300,2,Wednesday,0,10,October,2021,0,Unknown
MCP0942003D,6667801C05754B55AC7A402BE050F4CB,True,NO APPARENT INJURY,NONE,LOOKED BUT DID NOT SEE,PASSENGER,ACCELERATING,East,FUNCTIONAL,25,False,False,2,2109319531016537,210043260,Montgomery County Police,Property Damage ,False,North,1,4,LEVEL,False,False,DRIVER,STRAIGHT MOVEMENT ANGLE,DRY,DAWN,NO CONTROLS,INTERSECTION,FOUR-WAY INTERSECTION,STRAIGHT,NO DEFECTS,"TWO-WAY, NOT DIVIDED",38.98790877,-77.09947564,4494898042244063,9011314214305799,0,0,0,2021102707,7710072538987731,Acura,2009,MDX,Sport Utility Vehicle - 4WD,6.0,3.7,Automatic 5,AWD,Premium Gasoline,15,20,OLD GEORGETOWN RD,Maryland (State),CORDELL AVE,County,9011314214305799,20814,BETHESDA,46411.6876883,47837334.4314,38.98773167577017,-77.10072590539887,11.5985,74.140396,0.0,0.0,0.0,19.373219,318.01288,211027077100789877,2021-10-27 07:00:00,7,AM,300,2,Wednesday,0,10,October,2021,0,Unknown
MCP209400HT,9CF2B47138CF4BF795C14C741330EBD6,False,NO APPARENT INJURY,NONE,NOT DISTRACTED,TRUCK,MOVING CONSTANT SPEED,East,FUNCTIONAL,35,False,False,2,3063454627513875,210043281,Montgomery County Police,Property Damage ,False,East,2,2,HILL UPHILL,False,False,DRIVER,OTHER,DRY,DAYLIGHT,TRAFFIC SIGNAL,INTERSECTION,T-INTERSECTION,CURVE LEFT,NO DEFECTS,"TWO-WAY, DIVIDED, POSITIVE MEDIAN BARRIER",38.99115,-77.15820667,1363718650800826,3118098575427204,0,0,0,2021102709,7715220038996189,Ford,2010,F150,Standard Pickup Trucks 2WD,8.0,4.6,Automatic 6,4WD,Regular Gasoline,14,18,RIVER RD,Maryland (State),RAMP 8 FR RAMP 5 (FR IS495) TO MD 190 WB,Ramp,3118098575427204,20817,BETHESDA,143234.920079,403664948.588,38.996189145680184,-77.15220044157795,12.342999,76.835335,0.0,0.0,0.0,19.272614,302.79953,211027097152289961,2021-10-27 09:00:00,9,AM,300,2,Wednesday,0,10,October,2021,0,Unknown
MCP209400HT,F71543DAA941448296A840D2B1B8E457,True,NO APPARENT INJURY,NONE,UNKNOWN,PASSENGER,SLOWING OR STOPPING,East,DISABLING,35,False,False,2,8243785710568087,210043281,Montgomery County Police,Property Damage ,False,East,2,2,HILL UPHILL,False,False,DRIVER,OTHER,DRY,DAYLIGHT,TRAFFIC SIGNAL,INTERSECTION,T-INTERSECTION,CURVE LEFT,NO DEFECTS,"TWO-WAY, DIVIDED, POSITIVE MEDIAN BARRIER",38.99115,-77.15820667,1363718650800826,3118098575427204,0,0,0,2021102709,7715220038996189,Toyota,2011,Camry,Midsize Cars,4.0,2.5,Automatic 6,FWD,Regular Gasoline,22,29,RIVER RD,Maryland (State),RAMP 8 FR RAMP 5 (FR IS495) TO MD 190 WB,Ramp,3118098575427204,20817,BETHESDA,143234.920079,403664948.588,38.996189145680184,-77.15220044157795,12.342999,76.835335,0.0,0.0,0.0,19.272614,302.79953,211027097152289961,2021-10-27 09:00:00,9,AM,300,2,Wednesday,0,10,October,2021,0,Unknown
MCP29400057,D94D84BAA2784E07A6BE76822C6E535C,False,NO APPARENT INJURY,NONE,NOT DISTRACTED,PASSENGER,MOVING CONSTANT SPEED,West,FUNCTIONAL,35,False,False,2,8172604900902920,210043344,Montgomery County Police,Property Damage ,False,West,1,1,LEVEL,False,False,DRIVER,HEAD ON,DRY,DAYLIGHT,TRAFFIC SIGNAL,INTERSECTION,FOUR-WAY INTERSECTION,STRAIGHT,NO DEFECTS,"TWO-WAY, DIVIDED, UNPROTECTED PAINTED MIN 4 FEET",39.00337633,-77.13530183,8659486064429145,2341166317758158,0,0,0,2021102714,7715220038996189,Chevrolet,2004,Venture,Minivan - 2WD,6.0,3.4,Automatic 4,AWD,Regular Gasoline,16,22,BRADLEY BLVD,Maryland (State),FERNWOOD RD,County,2341166317758158,20817,BETHESDA,143234.920079,403664948.588,38.996189145680184,-77.15220044157795,19.593,58.3392,0.0,0.0,0.0,21.650938,317.02136,211027147152289961,2021-10-27 14:00:00,14,PM,300,2,Wednesday,0,10,October,2021,0,Unknown
MCP29400057,1A7EC18749334FCCB7FE9E138D2C34C6,True,NO APPARENT INJURY,NONE,NOT DISTRACTED,PASSENGER,MAKING LEFT TURN,East,FUNCTIONAL,35,False,False,2,3233063173565461,210043344,Montgomery County Police,Property Damage ,False,West,1,1,LEVEL,False,False,DRIVER,HEAD ON,DRY,DAYLIGHT,TRAFFIC SIGNAL,INTERSECTION,FOUR-WAY INTERSECTION,STRAIGHT,NO DEFECTS,"TWO-WAY, DIVIDED, UNPROTECTED PAINTED MIN 4 FEET",39.00337633,-77.13530183,8659486064429145,2341166317758158,0,0,0,2021102714,7715220038996189,Toyota,0,Unknown,Unknown,0.0,0.0,Unknown,Unknown,Unknown,0,0,BRADLEY BLVD,Maryland (State),FERNWOOD RD,County,2341166317758158,20817,BETHESDA,143234.920079,403664948.588,38.996189145680184,-77.15220044157795,19.593,58.3392,0.0,0.0,0.0,21.650938,317.02136,211027147152289961,2021-10-27 14:00:00,14,PM,300,2,Wednesday,0,10,October,2021,0,Unknown
MCP12330042,D69209918185485CB40666D0B900BACB,True,NO APPARENT INJURY,NONE,NOT DISTRACTED,BUS,MAKING RIGHT TURN,West,SUPERFICIAL,35,False,False,2,6691677547236723,210043372,Montgomery County Police,Property Damage ,False,West,1,1,LEVEL,False,False,DRIVER,OTHER,DRY,DAYLIGHT,NO CONTROLS,NON INTERSECTION,UNKNOWN,STRAIGHT,NO DEFECTS,"TWO-WAY, DIVIDED, UNPROTECTED PAINTED MIN 4 FEET",39.038955,-77.07702667,3977719113483138,1627793738140795,0,0,0,2021102715,7707527239025656,Thomas,0,Unknown,Unknown,0.0,0.0,Unknown,Unknown,Unknown,0,0,DENFELD AVE,County,CONNECTICUT AVE,Maryland (State),1627793738140795,20895,KENSINGTON,70838.1492765,106180148.023,39.02565657266069,-77.07527294437958,20.595499,55.939873,0.0,0.0,0.0,17.786331,324.0578,211027157075290256,2021-10-27 15:00:00,15,PM,300,2,Wednesday,0,10,October,2021,0,Unknown
MCP12330042,63CED84274D0489BB1A3987744C7607A,False,NO APPARENT INJURY,NONE,NOT DISTRACTED,PASSENGER,SLOWING OR STOPPING,West,SUPERFICIAL,35,False,False,2,3892501891884703,210043372,Montgomery County Police,Property Damage ,False,West,1,1,LEVEL,False,False,DRIVER,OTHER,DRY,DAYLIGHT,NO CONTROLS,NON INTERSECTION,UNKNOWN,STRAIGHT,NO DEFECTS,"TWO-WAY, DIVIDED, UNPROTECTED PAINTED MIN 4 FEET",39.038955,-77.07702667,3977719113483138,1627793738140795,0,0,0,2021102715,7707527239025656,Volkswagen,2002,Golf/GTI,Compact Cars,4.0,1.8,Manual 5,FWD,Regular Gasoline,19,27,DENFELD AVE,County,CONNECTICUT AVE,Maryland (State),1627793738140795,20895,KENSINGTON,70838.1492765,106180148.023,39.02565657266069,-77.07527294437958,20.595499,55.939873,0.0,0.0,0.0,17.786331,324.0578,211027157075290256,2021-10-27 15:00:00,15,PM,300,2,Wednesday,0,10,October,2021,0,Unknown
MCP3068003J,135FD4CCA6854368993D4625A31C48F2,False,NO APPARENT INJURY,UNKNOWN,NOT DISTRACTED,PASSENGER,MAKING RIGHT TURN,East,SUPERFICIAL,35,False,False,1,8922103940375658,210043378,Montgomery County Police,Injury ,False,South,2,2,LEVEL,False,False,NONMOTORIST,ANGLE MEETS RIGHT TURN,DRY,DAYLIGHT,TRAFFIC SIGNAL,INTERSECTION,T-INTERSECTION,STRAIGHT,NO DEFECTS,"TWO-WAY, NOT DIVIDED",38.96442,-77.136085,8599911420118079,4840761243788076,1,1,0,2021102716,7711806238956479,Dodge,2019,Durango,Standard Sport Utility Vehicle 4WD,8.0,3.6,Automatic 8,AWD,Midgrade Gasoline,14,22,MACARTHUR BLVD,County,CONNECTOR RD,Government,4840761243788076,20816,BETHESDA,58716.1248449,117565480.431,38.95647982277882,-77.11806249046538,20.4475,54.984325,0.0,0.0,0.0,17.873556,325.66974,211027167118089564,2021-10-27 16:00:00,16,PM,300,2,Wednesday,0,10,October,2021,0,Unknown
MCP2987006M,F02C9800226B483B91BDB8331B6E2644,False,NO APPARENT INJURY,NONE,NOT DISTRACTED,PASSENGER,STOPPED IN TRAFFIC LANE,North,SUPERFICIAL,45,False,False,2,5552969803531775,210043377,Montgomery County Police,Property Damage ,True,North,0,3,LEVEL,False,False,DRIVER,SAME DIR REAR END,DRY,DAYLIGHT,NO CONTROLS,INTERCHANGE RELATED,UNKNOWN,STRAIGHT,NO DEFECTS,"TWO-WAY, DIVIDED, POSITIVE MEDIAN BARRIER",39.016065,-76.97740833,8901981419077344,9649119129417744,0,0,0,2021102716,7698354239018293,Chevrolet,2018,Silverado,Standard Pickup Trucks 2WD,8.0,5.3,Automatic 6,4WD,Regular Gasoline,16,22,NEW HAMPSHIRE AVE,Maryland (State),RAMP 4 FR MD 650 NB TO IS 495 EB,Ramp,9649119129417744,20903,SILVER SPRING,50204.7192451,65972447.4483,39.01829365940637,-76.9835422251861,20.6845,54.319973,0.0,0.0,0.0,17.068707,332.3541,211027166983590182,2021-10-27 16:00:00,16,PM,300,2,Wednesday,0,10,October,2021,0,Unknown
MCP2987006M,5C4114A2EF1F44A7AE7390589784CA17,True,NO APPARENT INJURY,UNKNOWN,UNKNOWN,PASSENGER,MOVING CONSTANT SPEED,North,FUNCTIONAL,45,False,False,2,4595510051903263,210043377,Montgomery County Police,Property Damage ,True,North,0,3,LEVEL,False,False,DRIVER,SAME DIR REAR END,DRY,DAYLIGHT,NO CONTROLS,INTERCHANGE RELATED,UNKNOWN,STRAIGHT,NO DEFECTS,"TWO-WAY, DIVIDED, POSITIVE MEDIAN BARRIER",39.016065,-76.97740833,8901981419077344,9649119129417744,0,0,0,2021102716,7698354239018293,Honda,0,Unknown,Unknown,0.0,0.0,Unknown,Unknown,Unknown,0,0,NEW HAMPSHIRE AVE,Maryland (State),RAMP 4 FR MD 650 NB TO IS 495 EB,Ramp,9649119129417744,20903,SILVER SPRING,50204.7192451,65972447.4483,39.01829365940637,-76.9835422251861,20.6845,54.319973,0.0,0.0,0.0,17.068707,332.3541,211027166983590182,2021-10-27 16:00:00,16,PM,300,2,Wednesday,0,10,October,2021,0,Unknown
MCP2039006T,4C1D7D1825CC413A9B53D85DFC8C05C9,True,NO APPARENT INJURY,UNKNOWN,OTHER DISTRACTION,PASSENGER,MOVING CONSTANT SPEED,South,DISABLING,35,False,False,1,1314430843980275,210043399,Montgomery County Police,Property Damage ,False,South,3,3,HILL UPHILL,False,False,DRIVER,SINGLE VEHICLE,DRY,DARK LIGHTS ON,UNKNOWN,UNKNOWN,UNKNOWN,STRAIGHT,NO DEFECTS,"TWO-WAY, DIVIDED, POSITIVE MEDIAN BARRIER",39.06546167,-77.074375,1627793738140795,3397449360827215,0,0,0,2021102719,7705486039088590,Toyota,2008,Corolla,Compact Cars,4.0,1.8,Automatic 4,FWD,Regular Gasoline,26,35,CONNECTICUT AVE,Maryland (State),JEFFRY ST,County,3397449360827215,20906,SILVER SPRING,133207.174949,359110751.771,39.08859082555049,-77.05486091907257,15.4325,70.92146,0.0,0.0,0.0,11.592894,323.8417,211027197054890885,2021-10-27 19:00:00,19,PM,300,2,Wednesday,0,10,October,2021,0,Unknown
MCP2720006D,BD72C56B886244FC9CDDC3050420FE2E,True,POSSIBLE INJURY,UNKNOWN,UNKNOWN,UNKNOWN,MOVING CONSTANT SPEED,East,UNKNOWN,45,False,False,3,8168321465439775,210043418,Montgomery County Police,Injury ,True,East,1,3,HILL UPHILL,False,False,DRIVER,SAME DIR REAR END,DRY,DARK LIGHTS ON,TRAFFIC SIGNAL,INTERSECTION RELATED,FOUR-WAY INTERSECTION,STRAIGHT,NO DEFECTS,"TWO-WAY, DIVIDED, POSITIVE MEDIAN BARRIER",39.05790833,-77.085585,9290911226978796,2745381308312522,0,0,0,2021102721,7705486039088590,Unknown,0,Unknown,Unknown,0.0,0.0,Unknown,Unknown,Unknown,0,0,VEIRS MILL RD,Maryland (State),GRIDLEY RD,County,2745381308312522,20906,SILVER SPRING,133207.174949,359110751.771,39.08859082555049,-77.05486091907257,13.7825,81.835365,0.0,0.0,0.0,9.227524,339.44388,211027217054890885,2021-10-27 21:00:00,21,PM,300,2,Wednesday,0,10,October,2021,0,Unknown