ReportNumber,VehicleCrashKey,DriverAtFault,DriverInjurySeverity,DriverSubstanceAbuse,DriverDistractedBy,VehicleType,VehicleMovement,VehicleGoingDir,VehicleDamageExtent,SpeedLimit,ParkedVehicle,SubstanceAbuseContributed,VehiclesCrashedTotal,VehicleKey,LocalCaseNumber,AgencyName,ACRSReportType,HitRun,LaneDirection,LaneNumber,NumberOfLanes,RoadGrade,NonTraffic,OffRoadIncident,AccidentAtFault,CollisionType,SurfaceCondition,Light,TrafficControl,Junction,IntersectionType,RoadAlignment,RoadCondition,RoadDivision,Latitude,Longitude,RoadKey_x,CrossStreetKey,NonMotoristTotal,NonMotoristInjury,NonMotoristFatal,DateHourKey,LocationAreaKey,Make,Year_x,BaseModel,BodyClass,Cylinders,Displacement,Transmission,Drivetrain,FuelType,CityMPG,HighwayMPG,RoadName_x,RouteType_x,RoadName_y,RouteType_y,RoadKey_y,Zipcode,MailCity,ShapeLength,ShapeArea,CentroidLatitude,CentroidLongitude,Temperature,Humidity,Precipitation,Rain,Snow,WindSpeed,WindDirection,WeatherKey,Datetime,Hour,TimeOfDay,DayNumber,WeekDayNumber,WeekDayName,WeekendFlag,MonthNumber,MonthName,Year_y,HolidayFlag,HolidayName
MCP2720006D,886EA87436D74D01B744AEB54BE61F70,False,NO APPARENT INJURY,NONE,NOT DISTRACTED,PASSENGER,STOPPED IN TRAFFIC LANE,East,SUPERFICIAL,45,False,False,3,9088251191717951,210043418,Montgomery County Police,Injury ,True,East,1,3,HILL UPHILL,False,False,DRIVER,SAME DIR REAR END,DRY,DARK LIGHTS ON,TRAFFIC SIGNAL,INTERSECTION RELATED,FOUR-WAY INTERSECTION,STRAIGHT,NO DEFECTS,"TWO-WAY, DIVIDED, POSITIVE MEDIAN BARRIER",39.05790833,-77.085585,9290911226978796,2745381308312522,0,0,0,2021102721,7705486039088590,Toyota,2020,Camry,Midsize Cars,4.0,2.5,Automatic 8,FWD,Regular Gasoline,22,34,VEIRS MILL RD,Maryland (State),GRIDLEY RD,County,2745381308312522,20906,SILVER SPRING,133207.174949,359110751.771,39.08859082555049,-77.05486091907257,13.7825,81.835365,0.0,0.0,0.0,9.227524,339.44388,211027217054890885,2021-10-27 21:00:00,21,PM,300,2,Wednesday,0,10,October,2021,0,Unknown
MCP2720006D,B10CD6FAB6AD4EEAA117F9600789BA88,False,POSSIBLE INJURY,NONE,NOT DISTRACTED,PASSENGER,STOPPED IN TRAFFIC LANE,East,FUNCTIONAL,45,False,False,3,2014965653074362,210043418,Montgomery County Police,Injury ,True,East,1,3,HILL UPHILL,False,False,DRIVER,SAME DIR REAR END,DRY,DARK LIGHTS ON,TRAFFIC SIGNAL,INTERSECTION RELATED,FOUR-WAY INTERSECTION,STRAIGHT,NO DEFECTS,"TWO-WAY, DIVIDED, POSITIVE MEDIAN BARRIER",39.05790833,-77.085585,9290911226978796,2745381308312522,0,0,0,2021102721,7705486039088590,Acura,2008,TSX,Compact Cars,4.0,2.4,Automatic 5,FWD,Premium Gasoline,19,28,VEIRS MILL RD,Maryland (State),GRIDLEY RD,County,2745381308312522,20906,SILVER SPRING,133207.174949,359110751.771,39.08859082555049,-77.05486091907257,13.7825,81.835365,0.0,0.0,0.0,9.227524,339.44388,211027217054890885,2021-10-27 21:00:00,21,PM,300,2,Wednesday,0,10,October,2021,0,Unknown
MCP27390046,2B0A0B8A4A1747448DCFF13E80B8673B,True,NO APPARENT INJURY,UNKNOWN,UNKNOWN,PASSENGER,UNKNOWN,West,DESTROYED,40,False,False,1,975663297413234,210043428,Montgomery County Police,Property Damage ,False,West,3,3,LEVEL,False,False,DRIVER,SINGLE VEHICLE,DRY,DARK LIGHTS ON,NO CONTROLS,NON INTERSECTION,UNKNOWN,CURVE LEFT,NO DEFECTS,"TWO-WAY, DIVIDED, POSITIVE MEDIAN BARRIER",39.01127667,-76.97786,2997347885756929,8901981419077344,0,0,0,2021102800,7698354239018293,Dodge,2005,Neon/SRT-4/SX 2.0,Compact Cars,4.0,2.0,Manual 5,FWD,Regular Gasoline,19,28,ADELPHI RD,County,NEW HAMPSHIRE AVE,Maryland (State),8901981419077344,20903,SILVER SPRING,50204.7192451,65972447.4483,39.01829365940637,-76.9835422251861,12.684501,82.243195,0.0,0.0,0.0,8.714677,321.70978,211028006983590182,2021-10-28 00:00:00,0,AM,301,3,Thursday,0,10,October,2021,0,Unknown
MCP2704001L,939A7C4BA51D4A23A7796622E00FD1D5,True,POSSIBLE INJURY,NONE,NOT DISTRACTED,PASSENGER,MOVING CONSTANT SPEED,East,SUPERFICIAL,35,False,False,1,7285498167404951,210043441,Montgomery County Police,Injury ,False,East,0,3,HILL UPHILL,False,False,DRIVER,SINGLE VEHICLE,DRY,DARK LIGHTS ON,NO CONTROLS,NON INTERSECTION,UNKNOWN,STRAIGHT,NO DEFECTS,"TWO-WAY, DIVIDED, POSITIVE MEDIAN BARRIER",39.05328144,-77.08754898,8073720238398338,1225334927905427,0,0,0,2021102805,7705486039088590,Honda,2004,Civic,Compact Cars,4.0,1.7,Manual 5,FWD,Regular Gasoline,26,34,RANDOLPH RD,County,COLIN RD,County,1225334927905427,20906,SILVER SPRING,133207.174949,359110751.771,39.08859082555049,-77.05486091907257,9.8325,95.40659,0.0,0.0,0.0,9.028754,23.498587,211028057054890885,2021-10-28 05:00:00,5,AM,301,3,Thursday,0,10,October,2021,0,Unknown
DM84780013,543888E8F7A643EFA8D0B01F406EE96D,True,NO APPARENT INJURY,NONE,NOT DISTRACTED,TRUCK,ACCELERATING,East,FUNCTIONAL,5,False,False,1,7834757008124662,210043446,Takoma Park Police Depart,Property Damage ,False,UNKNOWN,0,0,GRADE DOWNHILL,False,False,DRIVER,OTHER,DRY,DAWN,NO CONTROLS,NON INTERSECTION,UNKNOWN,STRAIGHT,NO DEFECTS,UNKNOWN,38.98311167,-77.002495,5652261014582584,7240953077051548,0,0,0,2021102806,7700204038982546,Autocar,0,Unknown,Unknown,0.0,0.0,Unknown,Unknown,Unknown,0,0,JEFFERSON AVE,Municipality,FREEMONT AVE,Municipality,7240953077051548,20912,TAKOMA PARK,51232.0653417,65209197.2692,38.98254687160147,-77.00204079343348,10.048,92.877975,0.0,0.0,0.0,6.489992,19.440128,211028067002089825,2021-10-28 06:00:00,6,AM,301,3,Thursday,0,10,October,2021,0,Unknown
MCP2977008L,0B8AA6D4F9784B52A3761C646859786D,False,NO APPARENT INJURY,UNKNOWN,NOT DISTRACTED,PASSENGER,ACCELERATING,West,DISABLING,20,False,False,2,8243785559569516,210043470,Montgomery County Police,Property Damage ,False,South,1,1,HILL UPHILL,False,False,DRIVER,STRAIGHT MOVEMENT ANGLE,DRY,DAYLIGHT,STOP SIGN,INTERSECTION,FOUR-WAY INTERSECTION,STRAIGHT,NO DEFECTS,"TWO-WAY, NOT DIVIDED",38.99399167,-77.00132167,1595385451090210,5834951044030444,0,0,0,2021102808,7700204038982546,Toyota,2018,Camry,Midsize Cars,4.0,2.5,Automatic 8,FWD,Regular Gasoline,22,39,GREENWOOD AVE,County,WABASH AVE,County,5834951044030444,20912,TAKOMA PARK,51232.0653417,65209197.2692,38.98254687160147,-77.00204079343348,9.248,94.74216,0.0,0.0,0.0,5.495161,31.607454,211028087002089825,2021-10-28 08:00:00,8,AM,301,3,Thursday,0,10,October,2021,0,Unknown
MCP2977008L,2C3EA74B21A9436BB21DED5498533C17,True,NO APPARENT INJURY,UNKNOWN,LOOKED BUT DID NOT SEE,PASSENGER,ACCELERATING,South,DISABLING,25,False,False,2,7182872736885610,210043470,Montgomery County Police,Property Damage ,False,South,1,1,HILL UPHILL,False,False,DRIVER,STRAIGHT MOVEMENT ANGLE,DRY,DAYLIGHT,STOP SIGN,INTERSECTION,FOUR-WAY INTERSECTION,STRAIGHT,NO DEFECTS,"TWO-WAY, NOT DIVIDED",38.99399167,-77.00132167,1595385451090210,5834951044030444,0,0,0,2021102808,7700204038982546,Jeep,2015,Renegade,Small Sport Utility Vehicle 2WD,4.0,1.4,Automatic 9,AWD,Premium Gasoline,24,31,GREENWOOD AVE,County,WABASH AVE,County,5834951044030444,20912,TAKOMA PARK,51232.0653417,65209197.2692,38.98254687160147,-77.00204079343348,9.248,94.74216,0.0,0.0,0.0,5.495161,31.607454,211028087002089825,2021-10-28 08:00:00,8,AM,301,3,Thursday,0,10,October,2021,0,Unknown
MCP2182002Y,7F3476435EF64C72954C6503496CE88B,False,NO APPARENT INJURY,UNKNOWN,NOT DISTRACTED,PASSENGER,MOVING CONSTANT SPEED,East,FUNCTIONAL,35,False,False,2,9203591785357678,210043473,Montgomery County Police,Property Damage ,True,East,2,2,LEVEL,False,False,DRIVER,SAME DIRECTION SIDESWIPE,DRY,DAYLIGHT,NO CONTROLS,UNKNOWN,UNKNOWN,STRAIGHT,NO DEFECTS,"TWO-WAY, DIVIDED, UNPROTECTED PAINTED MIN 4 FEET",39.09378315,-77.0762628,3786639377990067,3930092392648356,0,0,0,2021102809,7705486039088590,Dodge,2020,Durango,Standard Sport Utility Vehicle 4WD,8.0,3.6,Automatic 8,AWD,Midgrade Gasoline,14,22,BEL PRE RD,County,GRAND PRE RD,County,3930092392648356,20906,SILVER SPRING,133207.174949,359110751.771,39.08859082555049,-77.05486091907257,11.3325,86.04651,0.0,0.0,0.0,3.5455887,66.037506,211028097054890885,2021-10-28 09:00:00,9,AM,301,3,Thursday,0,10,October,2021,0,Unknown
MCP2182002Y,5CF5244F98BE485193533D36C39918A5,True,NO APPARENT INJURY,UNKNOWN,UNKNOWN,PASSENGER,MOVING CONSTANT SPEED,East,DISABLING,35,False,False,2,1354297621742250,210043473,Montgomery County Police,Property Damage ,True,East,2,2,LEVEL,False,False,DRIVER,SAME DIRECTION SIDESWIPE,DRY,DAYLIGHT,NO CONTROLS,UNKNOWN,UNKNOWN,STRAIGHT,NO DEFECTS,"TWO-WAY, DIVIDED, UNPROTECTED PAINTED MIN 4 FEET",39.09378315,-77.0762628,3786639377990067,3930092392648356,0,0,0,2021102809,7705486039088590,Nissan,2001,Xterra,Sport Utility Vehicle - 2WD,6.0,3.3,Manual 5,RWD,Regular Gasoline,14,17,BEL PRE RD,County,GRAND PRE RD,County,3930092392648356,20906,SILVER SPRING,133207.174949,359110751.771,39.08859082555049,-77.05486091907257,11.3325,86.04651,0.0,0.0,0.0,3.5455887,66.037506,211028097054890885,2021-10-28 09:00:00,9,AM,301,3,Thursday,0,10,October,2021,0,Unknown
MCP15630072,5E803327974C4A5BA5FAAE735DF029A1,True,NO APPARENT INJURY,NONE,BY MOVING OBJECT IN VEHICLE,EMERGENCY,MOVING CONSTANT SPEED,South,FUNCTIONAL,35,False,False,2,3711344842371685,210043502,Montgomery County Police,Injury ,False,South,1,3,LEVEL,False,False,DRIVER,SAME DIR REAR END,DRY,DAYLIGHT,TRAFFIC SIGNAL,INTERSECTION RELATED,T-INTERSECTION,STRAIGHT,NO DEFECTS,"TWO-WAY, DIVIDED, POSITIVE MEDIAN BARRIER",38.996685,-77.03666,118399697147806,8356792977061148,0,0,0,2021102812,7703596439001907,Chevrolet,2016,Tahoe,Standard Sport Utility Vehicle 2WD,8.0,5.3,Automatic 6,4WD,Regular Gasoline,16,22,16TH ST,Maryland (State),SPRING ST,County,8356792977061148,20910,SILVER SPRING,82846.1568889,126320091.137,39.00190768010143,-77.03596497235911,16.3465,68.771385,0.0,0.0,0.0,9.178235,131.82008,211028127035990019,2021-10-28 12:00:00,12,PM,301,3,Thursday,0,10,October,2021,0,Unknown
MCP15630072,2ECB45D5EE324B08B3C7E89788EDE098,False,NO APPARENT INJURY,NONE,NOT DISTRACTED,PASSENGER,STOPPED IN TRAFFIC LANE,South,DISABLING,35,False,False,2,6985955108650974,210043502,Montgomery County Police,Injury ,False,South,1,3,LEVEL,False,False,DRIVER,SAME DIR REAR END,DRY,DAYLIGHT,TRAFFIC SIGNAL,INTERSECTION RELATED,T-INTERSECTION,STRAIGHT,NO DEFECTS,"TWO-WAY, DIVIDED, POSITIVE MEDIAN BARRIER",38.996685,-77.03666,118399697147806,8356792977061148,0,0,0,2021102812,7703596439001907,Kia,2019,Niro,Small Station Wagons,4.0,1.6,Automatic 6,FWD,Regular Gasoline,46,40,16TH ST,Maryland (State),SPRING ST,County,8356792977061148,20910,SILVER SPRING,82846.1568889,126320091.137,39.00190768010143,-77.03596497235911,16.3465,68.771385,0.0,0.0,0.0,9.178235,131.82008,211028127035990019,2021-10-28 12:00:00,12,PM,301,3,Thursday,0,10,October,2021,0,Unknown
MCP3197002R,F0B9019BA97845B9B2CD370D460036A8,False,NO APPARENT INJURY,NONE,NOT DISTRACTED,PASSENGER,PARKED,UNKNOWN,SUPERFICIAL,25,True,False,2,9088251191717951,210043546,Montgomery County Police,Property Damage ,False,South,0,1,LEVEL,False,False,UNKNOWN,SAME DIRECTION SIDESWIPE,DRY,DAYLIGHT,NO CONTROLS,INTERSECTION,T-INTERSECTION,STRAIGHT,NO DEFECTS,"TWO-WAY, DIVIDED, POSITIVE MEDIAN BARRIER",39.06116833,-77.06853667,3927996319673029,5967081979018283,0,0,0,2021102814,7705486039088590,Toyota,2020,Camry,Midsize Cars,4.0,2.5,Automatic 8,FWD,Regular Gasoline,22,34,DALEWOOD DR,County,ENT TO SCHOOL,UNKNOWN,5967081979018283,20906,SILVER SPRING,133207.174949,359110751.771,39.08859082555049,-77.05486091907257,17.932499,63.39901,0.0,0.0,0.0,10.931203,162.75845,211028147054890885,2021-10-28 14:00:00,14,PM,301,3,Thursday,0,10,October,2021,0,Unknown
MCP3197002R,12D7C154295146AF8C314490AFA1805A,False,NO APPARENT INJURY,NONE,NOT DISTRACTED,BUS,MOVING CONSTANT SPEED,South,SUPERFICIAL,25,False,False,2,240722642832247,210043546,Montgomery County Police,Property Damage ,False,South,0,1,LEVEL,False,False,UNKNOWN,SAME DIRECTION SIDESWIPE,DRY,DAYLIGHT,NO CONTROLS,INTERSECTION,T-INTERSECTION,STRAIGHT,NO DEFECTS,"TWO-WAY, DIVIDED, POSITIVE MEDIAN BARRIER",39.06116833,-77.06853667,3927996319673029,5967081979018283,0,0,0,2021102814,7705486039088590,Gillig,0,Unknown,Unknown,0.0,0.0,Unknown,Unknown,Unknown,0,0,DALEWOOD DR,County,ENT TO SCHOOL,UNKNOWN,5967081979018283,20906,SILVER SPRING,133207.174949,359110751.771,39.08859082555049,-77.05486091907257,17.932499,63.39901,0.0,0.0,0.0,10.931203,162.75845,211028147054890885,2021-10-28 14:00:00,14,PM,301,3,Thursday,0,10,October,2021,0,Unknown
DM84780014,0C7FB7C29BF54376BF50D18459B5DEF2,True,NO APPARENT INJURY,UNKNOWN,NOT DISTRACTED,UNKNOWN,MOVING CONSTANT SPEED,UNKNOWN,FUNCTIONAL,15,False,False,1,8168321465439775,210043560,Takoma Park Police Depart,Property Damage ,False,East,2,2,LEVEL,False,False,DRIVER,OTHER,DRY,DAYLIGHT,NO CONTROLS,INTERSECTION RELATED,T-INTERSECTION,STRAIGHT,NO DEFECTS,"TWO-WAY, NOT DIVIDED",38.98144667,-77.010315,5812528152928271,4323499834606588,1,0,0,2021102816,7700204038982546,Unknown,0,Unknown,Unknown,0.0,0.0,Unknown,Unknown,Unknown,0,0,MAPLE AVE,Municipality,LEE AVE,Municipality,4323499834606588,20912,TAKOMA PARK,51232.0653417,65209197.2692,38.98254687160147,-77.00204079343348,18.498,59.04931,0.0,0.0,0.0,13.896187,126.57312,211028167002089825,2021-10-28 16:00:00,16,PM,301,3,Thursday,0,10,October,2021,0,Unknown
MCP2992003F,F504EC1E79E44393A4314641FA88806E,True,NO APPARENT INJURY,UNKNOWN,UNKNOWN,UNKNOWN,MAKING RIGHT TURN,North,UNKNOWN,35,False,False,1,8168321465439775,210043579,Montgomery County Police,Injury ,True,North,3,3,LEVEL,False,False,DRIVER,OTHER,DRY,DARK LIGHTS ON,TRAFFIC SIGNAL,INTERSECTION,T-INTERSECTION,STRAIGHT,NO DEFECTS,"TWO-WAY, NOT DIVIDED",39.07758667,-77.07069269,8554262040045692,7228418003688286,1,1,0,2021102819,7705486039088590,Unknown,0,Unknown,Unknown,0.0,0.0,Unknown,Unknown,Unknown,0,0,GEORGIA AVE,Maryland (State),COLESVILLE RD,US (State),7228418003688286,20906,SILVER SPRING,133207.174949,359110751.771,39.08859082555049,-77.05486091907257,13.5825,78.86004,0.0,0.0,0.0,10.24578,108.43504,211028197054890885,2021-10-28 19:00:00,19,PM,301,3,Thursday,0,10,October,2021,0,Unknown
MCP2866007D,7DD312AF3BEC4917BAFE2C831B913D2E,False,NO APPARENT INJURY,NONE,NOT DISTRACTED,PASSENGER,MOVING CONSTANT SPEED,North,DISABLING,25,False,False,2,2537727881718535,210043588,Montgomery County Police,Property Damage ,False,North,1,3,LEVEL,False,False,DRIVER,ANGLE MEETS LEFT TURN,DRY,UNKNOWN,TRAFFIC SIGNAL,INTERSECTION,T-INTERSECTION,STRAIGHT,NO DEFECTS,"TWO-WAY, DIVIDED, POSITIVE MEDIAN BARRIER",38.97826,-77.09119,7307765282026999,9898167731106492,0,0,0,2021102819,7707842038983818,Lexus,2010,SC,Minicompact Cars,8.0,4.3,Automatic 6,RWD,Premium Gasoline,16,23,WISCONSIN AVE,Maryland (State),STANFORD ST,County,9898167731106492,20815,CHEVY CHASE,78258.2702851,151813895.483,38.98381860627773,-77.07842006190148,14.1245,75.08085,0.0,0.0,0.0,10.028439,111.03758,211028197078489838,2021-10-28 19:00:00,19,PM,301,3,Thursday,0,10,October,2021,0,Unknown
MCP2866007D,687EB58E576349DB854AF483835CA62D,True,NO APPARENT INJURY,NONE,NOT DISTRACTED,PASSENGER,MAKING LEFT TURN,South,DISABLING,25,False,False,2,6171912278262372,210043588,Montgomery County Police,Property Damage ,False,North,1,3,LEVEL,False,False,DRIVER,ANGLE MEETS LEFT TURN,DRY,UNKNOWN,TRAFFIC SIGNAL,INTERSECTION,T-INTERSECTION,STRAIGHT,NO DEFECTS,"TWO-WAY, DIVIDED, POSITIVE MEDIAN BARRIER",38.97826,-77.09119,7307765282026999,9898167731106492,0,0,0,2021102819,7707842038983818,Volkswagen,2017,Tiguan,Small Sport Utility Vehicle 2WD,4.0,2.0,Automatic 6,AWD,Premium Gasoline,20,23,WISCONSIN AVE,Maryland (State),STANFORD ST,County,9898167731106492,20815,CHEVY CHASE,78258.2702851,151813895.483,38.98381860627773,-77.07842006190148,14.1245,75.08085,0.0,0.0,0.0,10.028439,111.03758,211028197078489838,2021-10-28 19:00:00,19,PM,301,3,Thursday,0,10,October,2021,0,Unknown
MCP3163003R,669A42E3010442049194111EAF3150AC,False,NO APPARENT INJURY,NONE,NOT DISTRACTED,PASSENGER,MAKING LEFT TURN,East,DISABLING,35,False,False,2,1068658423184002,210043586,Montgomery County Police,Property Damage ,False,West,1,2,LEVEL,False,False,DRIVER,STRAIGHT MOVEMENT ANGLE,DRY,DARK LIGHTS ON,TRAFFIC SIGNAL,INTERSECTION,FOUR-WAY INTERSECTION,STRAIGHT,NO DEFECTS,"TWO-WAY, DIVIDED, POSITIVE MEDIAN BARRIER",38.99013148,-77.15265684,1363718650800826,7712635130901957,0,0,0,2021102819,7715220038996189,Tesla,0,Unknown,Unknown,0.0,0.0,Unknown,Unknown,Unknown,0,0,RIVER RD,Maryland (State),BURDETTE RD,County,7712635130901957,20817,BETHESDA,143234.920079,403664948.588,38.996189145680184,-77.15220044157795,14.443,74.63373,0.0,0.0,0.0,11.966953,111.16133,211028197152289961,2021-10-28 19:00:00,19,PM,301,3,Thursday,0,10,October,2021,0,Unknown
MCP3163003R,5D2F61C9C7D64D4B8B0AE0C449C5EF64,True,NO APPARENT INJURY,NONE,INATTENTIVE OR LOST IN THOUGHT,PASSENGER,MOVING CONSTANT SPEED,West,DISABLING,35,False,False,2,256248588351501,210043586,Montgomery County Police,Property Damage ,False,West,1,2,LEVEL,False,False,DRIVER,STRAIGHT MOVEMENT ANGLE,DRY,DARK LIGHTS ON,TRAFFIC SIGNAL,INTERSECTION,FOUR-WAY INTERSECTION,STRAIGHT,NO DEFECTS,"TWO-WAY, DIVIDED, POSITIVE MEDIAN BARRIER",38.99013148,-77.15265684,1363718650800826,7712635130901957,0,0,0,2021102819,7715220038996189,Acura,2004,RL,Midsize Cars,6.0,3.5,Automatic 4,FWD,Premium Gasoline,16,22,RIVER RD,Maryland (State),BURDETTE RD,County,7712635130901957,20817,BETHESDA,143234.920079,403664948.588,38.996189145680184,-77.15220044157795,14.443,74.63373,0.0,0.0,0.0,11.966953,111.16133,211028197152289961,2021-10-28 19:00:00,19,PM,301,3,Thursday,0,10,October,2021,0,Unknown
MCP3139002V,1968F71F8ECE46A68FF63A1F80A2CA08,True,NO APPARENT INJURY,ALCOHOL,INATTENTIVE OR LOST IN THOUGHT,PASSENGER,PARKED,UNKNOWN,SUPERFICIAL,5,True,False,1,8243785660235230,210043597,Montgomery County Police,Property Damage ,False,UNKNOWN,0,0,UNKNOWN,True,True,DRIVER,OTHER,UNKNOWN,DARK LIGHTS ON,NO CONTROLS,UNKNOWN,UNKNOWN,UNKNOWN,UNKNOWN,UNKNOWN,39.008025,-76.98707,7781945108562677,7781945108562677,0,0,0,2021102820,7698354239018293,Toyota,2016,Camry,Midsize Cars,4.0,2.5,Automatic 6,FWD,Regular Gasoline,21,30,UNKNOWN,UNKNOWN,UNKNOWN,UNKNOWN,7781945108562677,20903,SILVER SPRING,50204.7192451,65972447.4483,39.01829365940637,-76.9835422251861,13.6345005,85.99369,0.0,0.0,0.0,11.435313,118.1785,211028206983590182,2021-10-28 20:00:00,20,PM,301,3,Thursday,0,10,October,2021,0,Unknown
MCP2813008Y,9AF0B8BC95894C509EB307E3E8703CEC,False,NO APPARENT INJURY,UNKNOWN,NOT DISTRACTED,PASSENGER,PARKED,UNKNOWN,SUPERFICIAL,0,True,False,2,7942766363454161,210043623,Montgomery County Police,Property Damage ,False,UNKNOWN,0,0,UNKNOWN,True,True,DRIVER,SAME DIRECTION SIDESWIPE,UNKNOWN,DARK LIGHTS ON,NO CONTROLS,UNKNOWN,UNKNOWN,UNKNOWN,UNKNOWN,UNKNOWN,39.09086667,-77.07228333,7781945108562677,7781945108562677,0,0,0,2021102904,7705486039088590,Toyota,2005,Prius,Midsize Cars,4.0,1.5,Automatic CVT,FWD,Regular Gasoline,48,45,UNKNOWN,UNKNOWN,UNKNOWN,UNKNOWN,7781945108562677,20906,SILVER SPRING,133207.174949,359110751.771,39.08859082555049,-77.05486091907257,13.0325,92.12193,0.2,0.2,0.0,20.598795,84.98698,211029047054890885,2021-10-29 04:00:00,4,AM,302,4,Friday,0,10,October,2021,0,Unknown
MCP2813008Y,7A1855F0BBFD4FE8932C628AC388E449,True,NO APPARENT INJURY,UNKNOWN,LOOKED BUT DID NOT SEE,MOTORCYCLE,MAKING RIGHT TURN,East,SUPERFICIAL,15,False,False,2,9530107266675451,210043623,Montgomery County Police,Property Damage ,False,UNKNOWN,0,0,UNKNOWN,True,True,DRIVER,SAME DIRECTION SIDESWIPE,UNKNOWN,DARK LIGHTS ON,NO CONTROLS,UNKNOWN,UNKNOWN,UNKNOWN,UNKNOWN,UNKNOWN,39.09086667,-77.07228333,7781945108562677,7781945108562677,0,0,0,2021102904,7705486039088590,Nissan,2017,Rogue,Small Sport Utility Vehicle 2WD,4.0,2.0,Automatic 7,AWD,Regular Gasoline,25,32,UNKNOWN,UNKNOWN,UNKNOWN,UNKNOWN,7781945108562677,20906,SILVER SPRING,133207.174949,359110751.771,39.08859082555049,-77.05486091907257,13.0325,92.12193,0.2,0.2,0.0,20.598795,84.98698,211029047054890885,2021-10-29 04:00:00,4,AM,302,4,Friday,0,10,October,2021,0,Unknown
MCP284800BJ,24998BF85E464DA6A20404AB8326C294,False,NO APPARENT INJURY,NONE,NOT DISTRACTED,PASSENGER,MOVING CONSTANT SPEED,South,FUNCTIONAL,35,False,False,3,6711480671568823,210043627,Montgomery County Police,Property Damage ,True,South,2,3,LEVEL,False,False,DRIVER,SAME DIRECTION RIGHT TURN,WET,DAWN,NO CONTROLS,UNKNOWN,T-INTERSECTION,STRAIGHT,NO DEFECTS,"TWO-WAY, DIVIDED, POSITIVE MEDIAN BARRIER",39.00604314,-77.07855433,1627793738140795,994852232231594,0,0,0,2021102905,7707842038983818,Honda,2020,CR-V,Small Sport Utility Vehicle 4WD,4.0,1.5,Automatic CVT,AWD,Regular Gasoline,27,32,CONNECTICUT AVE,Maryland (State),RAMP 6 FR RAMP 3 (FR IS495) TO MD 185 SB,Ramp,994852232231594,20815,CHEVY CHASE,78258.2702851,151813895.483,38.98381860627773,-77.07842006190148,13.0245,94.58089,0.5,0.5,0.0,21.129885,81.1797,211029057078489838,2021-10-29 05:00:00,5,AM,302,4,Friday,0,10,October,2021,0,Unknown
MCP284800BJ,2C6B51A0B3DC45CC88727EEB9DE018A1,True,NO APPARENT INJURY,UNKNOWN,UNKNOWN,UNKNOWN,CHANGING LANES,South,UNKNOWN,35,False,False,3,8168321465439775,210043627,Montgomery County Police,Property Damage ,True,South,2,3,LEVEL,False,False,DRIVER,SAME DIRECTION RIGHT TURN,WET,DAWN,NO CONTROLS,UNKNOWN,T-INTERSECTION,STRAIGHT,NO DEFECTS,"TWO-WAY, DIVIDED, POSITIVE MEDIAN BARRIER",39.00604314,-77.07855433,1627793738140795,994852232231594,0,0,0,2021102905,7707842038983818,Unknown,0,Unknown,Unknown,0.0,0.0,Unknown,Unknown,Unknown,0,0,CONNECTICUT AVE,Maryland (State),RAMP 6 FR RAMP 3 (FR IS495) TO MD 185 SB,Ramp,994852232231594,20815,CHEVY CHASE,78258.2702851,151813895.483,38.98381860627773,-77.07842006190148,13.0245,94.58089,0.5,0.5,0.0,21.129885,81.1797,211029057078489838,2021-10-29 05:00:00,5,AM,302,4,Friday,0,10,October,2021,0,Unknown
MCP284800BJ,B960C487BB2D4617893F75BBB0FFEC2B,False,NO APPARENT INJURY,NONE,NOT DISTRACTED,PASSENGER,MOVING CONSTANT SPEED,South,FUNCTIONAL,35,False,False,3,6148504629274784,210043627,Montgomery County Police,Property Damage ,True,South,2,3,LEVEL,False,False,DRIVER,SAME DIRECTION RIGHT TURN,WET,DAWN,NO CONTROLS,UNKNOWN,T-INTERSECTION,STRAIGHT,NO DEFECTS,"TWO-WAY, DIVIDED, POSITIVE MEDIAN BARRIER",39.00604314,-77.07855433,1627793738140795,994852232231594,0,0,0,2021102905,7707842038983818,Honda,2007,CR-V,Sport Utility Vehicle - 2WD,4.0,2.4,Automatic 5,AWD,Regular Gasoline,19,26,CONNECTICUT AVE,Maryland (State),RAMP 6 FR RAMP 3 (FR IS495) TO MD 185 SB,Ramp,994852232231594,20815,CHEVY CHASE,78258.2702851,151813895.483,38.98381860627773,-77.07842006190148,13.0245,94.58089,0.5,0.5,0.0,21.129885,81.1797,211029057078489838,2021-10-29 05:00:00,5,AM,302,4,Friday,0,10,October,2021,0,Unknown
MCP3169004Q,75C1BF35E9A44AD9884430D0CEC184C6,True,NO APPARENT INJURY,UNKNOWN,LOOKED BUT DID NOT SEE,PASSENGER,MAKING RIGHT TURN,East,DISABLING,35,False,False,1,1314430994978846,210043666,Montgomery County Police,Property Damage ,True,South,0,1,GRADE DOWNHILL,False,False,DRIVER,SINGLE VEHICLE,WET,DAYLIGHT,NO CONTROLS,INTERCHANGE RELATED,UNKNOWN,CURVE RIGHT,NO DEFECTS,UNKNOWN,39.02046667,-76.97967667,6989690572086953,8901981419077344,0,0,0,2021102910,7698354239018293,Toyota,2003,Corolla,Compact Cars,4.0,1.8,Automatic 4,FWD,Regular Gasoline,25,34,RAMP 6 FR IS 495 EB TO MD 650 SB,Ramp,NEW HAMPSHIRE AVE,Maryland (State),8901981419077344,20903,SILVER SPRING,50204.7192451,65972447.4483,39.01829365940637,-76.9835422251861,12.8845005,99.67346,2.5,2.5,0.0,26.168804,82.09293,211029106983590182,2021-10-29 10:00:00,10,AM,302,4,Friday,0,10,October,2021,0,Unknown