ReportNumber,VehicleCrashKey,DriverAtFault,DriverInjurySeverity,DriverSubstanceAbuse,DriverDistractedBy,VehicleType,VehicleMovement,VehicleGoingDir,VehicleDamageExtent,SpeedLimit,ParkedVehicle,SubstanceAbuseContributed,VehiclesCrashedTotal,VehicleKey,LocalCaseNumber,AgencyName,ACRSReportType,HitRun,LaneDirection,LaneNumber,NumberOfLanes,RoadGrade,NonTraffic,OffRoadIncident,AccidentAtFault,CollisionType,SurfaceCondition,Light,TrafficControl,Junction,IntersectionType,RoadAlignment,RoadCondition,RoadDivision,Latitude,Longitude,RoadKey_x,CrossStreetKey,NonMotoristTotal,NonMotoristInjury,NonMotoristFatal,DateHourKey,LocationAreaKey,Make,Year_x,BaseModel,BodyClass,Cylinders,Displacement,Transmission,Drivetrain,FuelType,CityMPG,HighwayMPG,RoadName_x,RouteType_x,RoadName_y,RouteType_y,RoadKey_y,Zipcode,MailCity,ShapeLength,ShapeArea,CentroidLatitude,CentroidLongitude,Temperature,Humidity,Precipitation,Rain,Snow,WindSpeed,WindDirection,WeatherKey,Datetime,Hour,TimeOfDay,DayNumber,WeekDayNumber,WeekDayName,WeekendFlag,MonthNumber,MonthName,Year_y,HolidayFlag,HolidayName
MCP2278003L,D878DE6ECD7B4AF1BC4E3321B5787EF9,False,POSSIBLE INJURY,NONE,UNKNOWN,PASSENGER,MOVING CONSTANT SPEED,South,FUNCTIONAL,55,False,False,1,7004010272090074,210043927,Montgomery County Police,Injury ,False,South,3,3,HILL UPHILL,False,False,UNKNOWN,SINGLE VEHICLE,WET,DAYLIGHT,NO CONTROLS,NON INTERSECTION,UNKNOWN,CURVE RIGHT,NO DEFECTS,"TWO-WAY, DIVIDED, POSITIVE MEDIAN BARRIER",39.02241833,-77.10665667,1257986858156867,1538525533816470,0,0,0,2021103108,7710519939016894,Honda,2018,Civic,Compact Cars,4.0,1.5,Manual 6,FWD,Regular Gasoline,28,38,EISENHOWER MEMORIAL HWY,Interstate (State),RAMP 6 FR IS 270 EB TO MD 355 SB,Ramp,1538525533816470,20814,BETHESDA,58373.8630538,68540697.609,39.016894075883464,-77.10519990449882,10.8845005,96.08322,0.0,0.0,0.0,9.3669195,267.79745,211031087105190168,2021-10-31 08:00:00,8,AM,304,6,Sunday,1,10,October,2021,0,Unknown
MCP32270030,8B12A0AF59F343FF8D06D2408E8E7A57,True,NO APPARENT INJURY,NONE,UNKNOWN,PASSENGER,MOVING CONSTANT SPEED,UNKNOWN,FUNCTIONAL,0,False,False,1,8801448047123282,210043984,Montgomery County Police,Property Damage ,True,UNKNOWN,0,0,UNKNOWN,True,True,DRIVER,OTHER,UNKNOWN,DAYLIGHT,NO CONTROLS,UNKNOWN,UNKNOWN,UNKNOWN,UNKNOWN,UNKNOWN,39.00268813,-76.98876644,7781945108562677,7781945108562677,0,0,0,2021103110,7698354239018293,Chevrolet,2017,Equinox,Small Sport Utility Vehicle 2WD,4.0,2.4,Automatic 6,AWD,Regular Gasoline,20,28,UNKNOWN,UNKNOWN,UNKNOWN,UNKNOWN,7781945108562677,20903,SILVER SPRING,50204.7192451,65972447.4483,39.01829365940637,-76.9835422251861,14.4845,83.28999,0.0,0.0,0.0,9.885262,259.50858,211031106983590182,2021-10-31 10:00:00,10,AM,304,6,Sunday,1,10,October,2021,0,Unknown
DM8476002R,7BE49E3F5E2D49DE9F8F5C2E26E05B6F,True,NO APPARENT INJURY,ALCOHOL,UNKNOWN,PASSENGER,MOVING CONSTANT SPEED,North,SUPERFICIAL,30,False,False,1,8224256037196652,210043940,Takoma Park Police Depart,Property Damage ,False,North,1,2,LEVEL,False,False,DRIVER,OTHER,DRY,DAYLIGHT,UNKNOWN,UNKNOWN,UNKNOWN,STRAIGHT,NO DEFECTS,"TWO-WAY, NOT DIVIDED",38.96911374,-77.00116667,8351426559840345,4319731853734459,0,0,0,2021103110,7700204038982546,Toyota,2015,Prius,Midsize Cars,4.0,1.8,Automatic CVT,FWD,Regular Gasoline,50,46,SLIGO MILL RD,Municipality,SHERIDAN ST,Municipality,4319731853734459,20912,TAKOMA PARK,51232.0653417,65209197.2692,38.98254687160147,-77.00204079343348,14.698,83.04118,0.0,0.0,0.0,9.255571,256.50424,211031107002089825,2021-10-31 10:00:00,10,AM,304,6,Sunday,1,10,October,2021,0,Unknown
MCP2456005P,84754449A5EF4E948D57F5C9D74346BB,False,NO APPARENT INJURY,NONE,NOT DISTRACTED,PASSENGER,STOPPED IN TRAFFIC LANE,North,DISABLING,40,False,False,2,195013363075653,210043949,Montgomery County Police,Property Damage ,False,North,3,3,LEVEL,False,False,DRIVER,SAME DIR REAR END,DRY,DAYLIGHT,NO CONTROLS,UNKNOWN,UNKNOWN,STRAIGHT,NO DEFECTS,"TWO-WAY, DIVIDED, POSITIVE MEDIAN BARRIER",39.01365833,-76.97822167,8901981419077344,4991976696759948,0,0,0,2021103112,7698354239018293,Hyundai,2017,Accent,Compact Cars,4.0,1.6,Automatic 6,FWD,Regular Gasoline,26,36,NEW HAMPSHIRE AVE,Maryland (State),OAKVIEW DR,County,4991976696759948,20903,SILVER SPRING,50204.7192451,65972447.4483,39.01829365940637,-76.9835422251861,17.0345,72.64634,0.0,0.0,0.0,14.440443,274.28906,211031126983590182,2021-10-31 12:00:00,12,PM,304,6,Sunday,1,10,October,2021,0,Unknown
MCP2456005P,F65F4E45F07B4BB5A313201D620C19DE,True,NO APPARENT INJURY,NONE,NOT DISTRACTED,PASSENGER,MOVING CONSTANT SPEED,North,SUPERFICIAL,40,False,False,2,273510607238654,210043949,Montgomery County Police,Property Damage ,False,North,3,3,LEVEL,False,False,DRIVER,SAME DIR REAR END,DRY,DAYLIGHT,NO CONTROLS,UNKNOWN,UNKNOWN,STRAIGHT,NO DEFECTS,"TWO-WAY, DIVIDED, POSITIVE MEDIAN BARRIER",39.01365833,-76.97822167,8901981419077344,4991976696759948,0,0,0,2021103112,7698354239018293,Dodge,2017,Journey,Small Sport Utility Vehicle 2WD,6.0,3.6,Automatic 6,FWD,Regular Gasoline,16,25,NEW HAMPSHIRE AVE,Maryland (State),OAKVIEW DR,County,4991976696759948,20903,SILVER SPRING,50204.7192451,65972447.4483,39.01829365940637,-76.9835422251861,17.0345,72.64634,0.0,0.0,0.0,14.440443,274.28906,211031126983590182,2021-10-31 12:00:00,12,PM,304,6,Sunday,1,10,October,2021,0,Unknown
MCP33050012,C768E98F896D4FE897F947181D1044E3,True,NO APPARENT INJURY,NONE,LOOKED BUT DID NOT SEE,BUS,MAKING RIGHT TURN,North,SUPERFICIAL,35,False,False,2,4862572791407488,210043955,Montgomery County Police,Property Damage ,False,North,2,2,LEVEL,False,False,DRIVER,SAME DIRECTION SIDESWIPE,DRY,DAYLIGHT,TRAFFIC SIGNAL,INTERSECTION,FOUR-WAY INTERSECTION,STRAIGHT,NO DEFECTS,"TWO-WAY, DIVIDED, POSITIVE MEDIAN BARRIER",38.99443506,-77.02909066,8825017167010994,2917038625866457,0,0,0,2021103113,7703596439001907,Buick,2009,Lucerne,Large Cars,6.0,3.9,Automatic 4,FWD,Regular Gasoline,17,26,WAYNE AVE,County,RAMSEY AVE,County,2917038625866457,20910,SILVER SPRING,82846.1568889,126320091.137,39.00190768010143,-77.03596497235911,16.3465,72.521935,0.4,0.4,0.0,23.006226,290.13638,211031137035990019,2021-10-31 13:00:00,13,PM,304,6,Sunday,1,10,October,2021,0,Unknown
MCP33050012,28C9245583DE44F0B299B3DF3B894687,False,NO APPARENT INJURY,NONE,NOT DISTRACTED,PASSENGER,PARKED,UNKNOWN,SUPERFICIAL,35,True,False,2,3706795429459167,210043955,Montgomery County Police,Property Damage ,False,North,2,2,LEVEL,False,False,DRIVER,SAME DIRECTION SIDESWIPE,DRY,DAYLIGHT,TRAFFIC SIGNAL,INTERSECTION,FOUR-WAY INTERSECTION,STRAIGHT,NO DEFECTS,"TWO-WAY, DIVIDED, POSITIVE MEDIAN BARRIER",38.99443506,-77.02909066,8825017167010994,2917038625866457,0,0,0,2021103113,7703596439001907,Mercedes-Benz,0,Unknown,Unknown,0.0,0.0,Unknown,Unknown,Unknown,0,0,WAYNE AVE,County,RAMSEY AVE,County,2917038625866457,20910,SILVER SPRING,82846.1568889,126320091.137,39.00190768010143,-77.03596497235911,16.3465,72.521935,0.4,0.4,0.0,23.006226,290.13638,211031137035990019,2021-10-31 13:00:00,13,PM,304,6,Sunday,1,10,October,2021,0,Unknown
MCP3227002Z,CE5DAF51A3324F0796DF03DD056ED473,False,NO APPARENT INJURY,NONE,NOT DISTRACTED,PASSENGER,STOPPED IN TRAFFIC LANE,West,SUPERFICIAL,35,False,False,2,2446108776438909,210043964,Montgomery County Police,Property Damage ,True,West,2,3,LEVEL,False,False,DRIVER,SAME DIR REAR END,DRY,DAYLIGHT,TRAFFIC SIGNAL,INTERSECTION RELATED,FOUR-WAY INTERSECTION,STRAIGHT,NO DEFECTS,"TWO-WAY, DIVIDED, UNPROTECTED PAINTED MIN 4 FEET",38.99856407,-76.99487671,5005946941929880,689069092755484,0,0,0,2021103115,7698354239018293,Mazda,2019,CX-5,Small Sport Utility Vehicle 2WD,4.0,2.5,Automatic 6,4WD,Regular Gasoline,22,30,UNIVERSITY BLVD E,Maryland (State),GILBERT ST,County,689069092755484,20903,SILVER SPRING,50204.7192451,65972447.4483,39.01829365940637,-76.9835422251861,17.5845,58.630375,0.0,0.0,0.0,21.325253,291.80148,211031156983590182,2021-10-31 15:00:00,15,PM,304,6,Sunday,1,10,October,2021,0,Unknown
MCP3227002Z,613A2AD1879F4A348541C7B3F834E85E,True,NO APPARENT INJURY,UNKNOWN,UNKNOWN,PASSENGER,SLOWING OR STOPPING,West,UNKNOWN,35,False,False,2,8442191194891217,210043964,Montgomery County Police,Property Damage ,True,West,2,3,LEVEL,False,False,DRIVER,SAME DIR REAR END,DRY,DAYLIGHT,TRAFFIC SIGNAL,INTERSECTION RELATED,FOUR-WAY INTERSECTION,STRAIGHT,NO DEFECTS,"TWO-WAY, DIVIDED, UNPROTECTED PAINTED MIN 4 FEET",38.99856407,-76.99487671,5005946941929880,689069092755484,0,0,0,2021103115,7698354239018293,Honda,2007,Ridgeline,Standard Pickup Trucks 4WD,6.0,3.5,Automatic 5,AWD,Regular Gasoline,15,20,UNIVERSITY BLVD E,Maryland (State),GILBERT ST,County,689069092755484,20903,SILVER SPRING,50204.7192451,65972447.4483,39.01829365940637,-76.9835422251861,17.5845,58.630375,0.0,0.0,0.0,21.325253,291.80148,211031156983590182,2021-10-31 15:00:00,15,PM,304,6,Sunday,1,10,October,2021,0,Unknown
DM8386001J,ACA45B8300264CA7A24637D8B0F035C1,False,SUSPECTED SERIOUS INJURY,UNKNOWN,NOT DISTRACTED,UNKNOWN,MOVING CONSTANT SPEED,East,DESTROYED,25,False,False,2,8168321465439775,210043969,Takoma Park Police Depart,Injury ,False,East,1,1,LEVEL,False,False,DRIVER,HEAD ON LEFT TURN,DRY,DAYLIGHT,NO CONTROLS,INTERSECTION,FOUR-WAY INTERSECTION,STRAIGHT,NO DEFECTS,"TWO-WAY, NOT DIVIDED",38.97621333,-76.99680333,8581221189109699,6661651656906602,0,0,0,2021103115,7700204038982546,Unknown,0,Unknown,Unknown,0.0,0.0,Unknown,Unknown,Unknown,0,0,ETHAN ALLEN AVE,Maryland (State),ELM AVE,Municipality,6661651656906602,20912,TAKOMA PARK,51232.0653417,65209197.2692,38.98254687160147,-77.00204079343348,17.948,56.398766,0.0,0.0,0.0,22.127556,291.97455,211031157002089825,2021-10-31 15:00:00,15,PM,304,6,Sunday,1,10,October,2021,0,Unknown
DM8386001J,85FECF84E57943ACA624B9F96DBB14CB,True,NO APPARENT INJURY,NONE,LOOKED BUT DID NOT SEE,TRUCK,MAKING LEFT TURN,West,SUPERFICIAL,25,False,False,2,3063454744957208,210043969,Takoma Park Police Depart,Injury ,False,East,1,1,LEVEL,False,False,DRIVER,HEAD ON LEFT TURN,DRY,DAYLIGHT,NO CONTROLS,INTERSECTION,FOUR-WAY INTERSECTION,STRAIGHT,NO DEFECTS,"TWO-WAY, NOT DIVIDED",38.97621333,-76.99680333,8581221189109699,6661651656906602,0,0,0,2021103115,7700204038982546,Ford,2019,F150,Standard Pickup Trucks 4WD,6.0,3.5,Automatic 10,4WD,Regular Gasoline,17,25,ETHAN ALLEN AVE,Maryland (State),ELM AVE,Municipality,6661651656906602,20912,TAKOMA PARK,51232.0653417,65209197.2692,38.98254687160147,-77.00204079343348,17.948,56.398766,0.0,0.0,0.0,22.127556,291.97455,211031157002089825,2021-10-31 15:00:00,15,PM,304,6,Sunday,1,10,October,2021,0,Unknown
MCP3093003F,B881D08262FD43DB99823CBF807A55F9,False,SUSPECTED MINOR INJURY,UNKNOWN,NOT DISTRACTED,BUS,STOPPED IN TRAFFIC LANE,South,FUNCTIONAL,25,False,False,2,240722642832247,210043986,Montgomery County Police,Injury ,False,South,2,2,LEVEL,False,False,DRIVER,OTHER,DRY,DARK LIGHTS ON,TRAFFIC SIGNAL,INTERSECTION,FOUR-WAY INTERSECTION,STRAIGHT,NO DEFECTS,"TWO-WAY, NOT DIVIDED",38.992695,-77.097125,4250512694628641,3774978101447126,0,0,0,2021103119,7710072538987731,Gillig,0,Unknown,Unknown,0.0,0.0,Unknown,Unknown,Unknown,0,0,WOODMONT AVE,County,BATTERY LA,County,3774978101447126,20814,BETHESDA,46411.6876883,47837334.4314,38.98773167577017,-77.10072590539887,14.3485,64.75397,0.0,0.0,0.0,14.24163,290.72565,211031197100789877,2021-10-31 19:00:00,19,PM,304,6,Sunday,1,10,October,2021,0,Unknown
MCP3093003F,89F70A94FF7F49FD8CFF55238F7FAD3B,True,NO APPARENT INJURY,UNKNOWN,NOT DISTRACTED,EMERGENCY,MOVING CONSTANT SPEED,East,FUNCTIONAL,25,False,False,2,7752613674833350,210043986,Montgomery County Police,Injury ,False,South,2,2,LEVEL,False,False,DRIVER,OTHER,DRY,DARK LIGHTS ON,TRAFFIC SIGNAL,INTERSECTION,FOUR-WAY INTERSECTION,STRAIGHT,NO DEFECTS,"TWO-WAY, NOT DIVIDED",38.992695,-77.097125,4250512694628641,3774978101447126,0,0,0,2021103119,7710072538987731,Spartan,0,Unknown,Unknown,0.0,0.0,Unknown,Unknown,Unknown,0,0,WOODMONT AVE,County,BATTERY LA,County,3774978101447126,20814,BETHESDA,46411.6876883,47837334.4314,38.98773167577017,-77.10072590539887,14.3485,64.75397,0.0,0.0,0.0,14.24163,290.72565,211031197100789877,2021-10-31 19:00:00,19,PM,304,6,Sunday,1,10,October,2021,0,Unknown
MCP32750011,EDF1300E12DF4A01BB73EFBD4208B6BD,True,NO APPARENT INJURY,UNKNOWN,UNKNOWN,UNKNOWN,MOVING CONSTANT SPEED,North,UNKNOWN,35,False,False,2,8168321465439775,210044015,Montgomery County Police,Property Damage ,True,North,3,3,LEVEL,False,False,DRIVER,SAME DIR REAR END,DRY,DARK LIGHTS ON,TRAFFIC SIGNAL,INTERSECTION RELATED,FOUR-WAY INTERSECTION,STRAIGHT,NO DEFECTS,"TWO-WAY, NOT DIVIDED",38.99895891,-77.0261297,7228418003688286,8356792977061148,0,0,0,2021110100,7703596439001907,Unknown,0,Unknown,Unknown,0.0,0.0,Unknown,Unknown,Unknown,0,0,COLESVILLE RD,US (State),SPRING ST,County,8356792977061148,20910,SILVER SPRING,82846.1568889,126320091.137,39.00190768010143,-77.03596497235911,12.4465,68.67829,0.0,0.0,0.0,15.725037,285.94547,211101007035990019,2021-11-01 00:00:00,0,AM,305,0,Monday,0,11,November,2021,0,Unknown
MCP32750011,E3EC937580F14911B4370ACB394E28E6,False,NO APPARENT INJURY,NONE,NOT DISTRACTED,PASSENGER,STOPPED IN TRAFFIC LANE,North,SUPERFICIAL,35,False,False,2,2866879243778488,210044015,Montgomery County Police,Property Damage ,True,North,3,3,LEVEL,False,False,DRIVER,SAME DIR REAR END,DRY,DARK LIGHTS ON,TRAFFIC SIGNAL,INTERSECTION RELATED,FOUR-WAY INTERSECTION,STRAIGHT,NO DEFECTS,"TWO-WAY, NOT DIVIDED",38.99895891,-77.0261297,7228418003688286,8356792977061148,0,0,0,2021110100,7703596439001907,Chevrolet,2020,Tahoe,Standard Sport Utility Vehicle 2WD,8.0,5.3,Automatic 6,4WD,Regular Gasoline,15,22,COLESVILLE RD,US (State),SPRING ST,County,8356792977061148,20910,SILVER SPRING,82846.1568889,126320091.137,39.00190768010143,-77.03596497235911,12.4465,68.67829,0.0,0.0,0.0,15.725037,285.94547,211101007035990019,2021-11-01 00:00:00,0,AM,305,0,Monday,0,11,November,2021,0,Unknown
MCP2835002K,ADF5C73C046B4F46B7D61048E77223D5,True,NO APPARENT INJURY,ALCOHOL,NOT DISTRACTED,PASSENGER,BACKING,West,DISABLING,35,False,True,1,8243785559569516,210044022,Montgomery County Police,Property Damage ,True,West,0,2,GRADE DOWNHILL,False,False,DRIVER,SINGLE VEHICLE,DRY,DARK LIGHTS ON,NO CONTROLS,UNKNOWN,UNKNOWN,UNKNOWN,NO DEFECTS,"TWO-WAY, DIVIDED, UNPROTECTED PAINTED MIN 4 FEET",38.99231578,-77.05843384,4570729910170239,9304899667293119,0,0,0,2021110101,7707842038983818,Toyota,2018,Camry,Midsize Cars,4.0,2.5,Automatic 8,FWD,Regular Gasoline,22,39,EAST WEST HWY,Maryland (State),DONNYBROOK DR,County,9304899667293119,20815,CHEVY CHASE,78258.2702851,151813895.483,38.98381860627773,-77.07842006190148,12.0245,69.06549,0.0,0.0,0.0,12.015589,278.61557,211101017078489838,2021-11-01 01:00:00,1,AM,305,0,Monday,0,11,November,2021,0,Unknown
MCP2835002L,191A540CA0D04D1182DAB4CDA3EC7871,True,NO APPARENT INJURY,ALCOHOL,NOT DISTRACTED,PASSENGER,MOVING CONSTANT SPEED,West,DESTROYED,35,False,True,1,7544877915400508,210044024,Montgomery County Police,Property Damage ,False,West,1,2,HILL UPHILL,False,False,DRIVER,SINGLE VEHICLE,DRY,DARK LIGHTS ON,UNKNOWN,UNKNOWN,UNKNOWN,STRAIGHT,NO DEFECTS,"TWO-WAY, DIVIDED, POSITIVE MEDIAN BARRIER",38.99419233,-77.05130067,4570729910170239,9346950265587240,0,0,0,2021110102,7703596439001907,Chevrolet,2016,SS,Large Cars,8.0,6.2,Automatic 6,RWD,Premium Gasoline,14,20,EAST WEST HWY,Maryland (State),GRUBB RD,County,9346950265587240,20910,SILVER SPRING,82846.1568889,126320091.137,39.00190768010143,-77.03596497235911,11.1465,72.79872,0.0,0.0,0.0,10.464798,266.0549,211101027035990019,2021-11-01 02:00:00,2,AM,305,0,Monday,0,11,November,2021,0,Unknown
MCP3109005T,D9DDA4CDDE334BCB8BDF2B8AF82768FB,True,SUSPECTED SERIOUS INJURY,UNKNOWN,UNKNOWN,PASSENGER,MOVING CONSTANT SPEED,North,DESTROYED,35,False,False,2,3625279851115663,210044065,Montgomery County Police,Injury ,False,North,0,3,LEVEL,False,False,DRIVER,STRAIGHT MOVEMENT ANGLE,DRY,DAYLIGHT,TRAFFIC SIGNAL,INTERSECTION,FOUR-WAY INTERSECTION,STRAIGHT,NO DEFECTS,"TWO-WAY, DIVIDED, UNPROTECTED PAINTED MIN 4 FEET",39.00541617,-77.023082,7228418003688286,3912318926152506,0,0,0,2021110111,7703596439001907,Ford,2019,Escape,Small Sport Utility Vehicle 2WD,4.0,1.5,Automatic 6,FWD,Regular Gasoline,21,29,COLESVILLE RD,US (State),DALE DR,County,3912318926152506,20910,SILVER SPRING,82846.1568889,126320091.137,39.00190768010143,-77.03596497235911,13.2965,49.67965,0.0,0.0,0.0,17.10284,310.73203,211101117035990019,2021-11-01 11:00:00,11,AM,305,0,Monday,0,11,November,2021,0,Unknown
MCP3109005T,B8456930A55B453887E70107220C2A16,False,NO APPARENT INJURY,NONE,NOT DISTRACTED,TRUCK,STARTING FROM LANE,East,FUNCTIONAL,35,False,False,2,4875847080571780,210044065,Montgomery County Police,Injury ,False,North,0,3,LEVEL,False,False,DRIVER,STRAIGHT MOVEMENT ANGLE,DRY,DAYLIGHT,TRAFFIC SIGNAL,INTERSECTION,FOUR-WAY INTERSECTION,STRAIGHT,NO DEFECTS,"TWO-WAY, DIVIDED, UNPROTECTED PAINTED MIN 4 FEET",39.00541617,-77.023082,7228418003688286,3912318926152506,0,0,0,2021110111,7703596439001907,Ford,2006,Taurus,Large Cars,6.0,3.0,Automatic 4,FWD,Regular Gasoline,17,25,COLESVILLE RD,US (State),DALE DR,County,3912318926152506,20910,SILVER SPRING,82846.1568889,126320091.137,39.00190768010143,-77.03596497235911,13.2965,49.67965,0.0,0.0,0.0,17.10284,310.73203,211101117035990019,2021-11-01 11:00:00,11,AM,305,0,Monday,0,11,November,2021,0,Unknown
DM84780015,6A3AA66FFC1C412BA43A2359E708DF67,True,NO APPARENT INJURY,NONE,NOT DISTRACTED,EMERGENCY,MOVING CONSTANT SPEED,UNKNOWN,FUNCTIONAL,10,False,False,1,3777471179080695,210044070,Takoma Park Police Depart,Property Damage ,False,UNKNOWN,0,0,LEVEL,False,False,DRIVER,SINGLE VEHICLE,DRY,DAYLIGHT,NO CONTROLS,NON INTERSECTION,UNKNOWN,STRAIGHT,NO DEFECTS,"TWO-WAY, NOT DIVIDED",38.98141833,-77.01014,5812528152928271,6072296047384971,0,0,0,2021110112,7700204038982546,Ford,2015,Explorer,Standard Sport Utility Vehicle 2WD,6.0,3.5,Automatic 6,AWD,Regular Gasoline,17,23,MAPLE AVE,Municipality,PHILADELPHIA AVE,Municipality,6072296047384971,20912,TAKOMA PARK,51232.0653417,65209197.2692,38.98254687160147,-77.00204079343348,14.048,43.914074,0.0,0.0,0.0,16.595179,310.60123,211101127002089825,2021-11-01 12:00:00,12,PM,305,0,Monday,0,11,November,2021,0,Unknown
MCP23580091,8C94698F88BC47779DCE3CA2F77D8CC6,True,NO APPARENT INJURY,UNKNOWN,UNKNOWN,UNKNOWN,MOVING CONSTANT SPEED,West,UNKNOWN,25,False,False,1,8168321465439775,210044083,Montgomery County Police,Injury ,True,West,1,1,LEVEL,False,False,DRIVER,OTHER,DRY,DAYLIGHT,NO CONTROLS,NON INTERSECTION,UNKNOWN,STRAIGHT,NO DEFECTS,"TWO-WAY, NOT DIVIDED",38.9965955,-77.1335605,2210005835922781,9551116843721033,1,1,0,2021110112,7715220038996189,Unknown,0,Unknown,Unknown,0.0,0.0,Unknown,Unknown,Unknown,0,0,CARDIGAN RD,County,HOWELL RD,County,9551116843721033,20817,BETHESDA,143234.920079,403664948.588,38.996189145680184,-77.15220044157795,13.943,44.833206,0.0,0.0,0.0,15.546833,312.18436,211101127152289961,2021-11-01 12:00:00,12,PM,305,0,Monday,0,11,November,2021,0,Unknown
MCP137800Z5,41057C7C7C9949DA8B8D489274A5E642,True,NO APPARENT INJURY,NONE,NOT DISTRACTED,PASSENGER,ACCELERATING,East,DISABLING,30,False,False,2,6221347444916991,210044168,Montgomery County Police,Injury ,False,North,1,2,HILL UPHILL,False,False,DRIVER,STRAIGHT MOVEMENT ANGLE,DRY,DAYLIGHT,TRAFFIC SIGNAL,INTERSECTION,FOUR-WAY INTERSECTION,STRAIGHT,NO DEFECTS,"TWO-WAY, DIVIDED, POSITIVE MEDIAN BARRIER",39.02692833,-77.13252333,5682945118739953,9639173670162862,0,0,0,2021110117,7715220038996189,Nissan,2009,Sentra,Midsize Cars,4.0,2.0,Automatic CVT,FWD,Regular Gasoline,24,29,ROCK SPRING DR,County,ROCKLEDGE DR,County,9639173670162862,20817,BETHESDA,143234.920079,403664948.588,38.996189145680184,-77.15220044157795,13.842999,47.594513,0.0,0.0,0.0,9.693296,291.80148,211101177152289961,2021-11-01 17:00:00,17,PM,305,0,Monday,0,11,November,2021,0,Unknown
MCP137800Z5,CCD183C6CADA479793123012E033CEF1,False,SUSPECTED MINOR INJURY,NONE,NOT DISTRACTED,PASSENGER,MOVING CONSTANT SPEED,North,DISABLING,30,False,False,2,4223640546324938,210044168,Montgomery County Police,Injury ,False,North,1,2,HILL UPHILL,False,False,DRIVER,STRAIGHT MOVEMENT ANGLE,DRY,DAYLIGHT,TRAFFIC SIGNAL,INTERSECTION,FOUR-WAY INTERSECTION,STRAIGHT,NO DEFECTS,"TWO-WAY, DIVIDED, POSITIVE MEDIAN BARRIER",39.02692833,-77.13252333,5682945118739953,9639173670162862,0,0,0,2021110117,7715220038996189,Nissan,2015,Versa,Compact Cars,4.0,1.6,Automatic 4,FWD,Regular Gasoline,26,35,ROCK SPRING DR,County,ROCKLEDGE DR,County,9639173670162862,20817,BETHESDA,143234.920079,403664948.588,38.996189145680184,-77.15220044157795,13.842999,47.594513,0.0,0.0,0.0,9.693296,291.80148,211101177152289961,2021-11-01 17:00:00,17,PM,305,0,Monday,0,11,November,2021,0,Unknown
MCP2353009H,D5FBED641B164B36A1ABEC285A7F6862,False,NO APPARENT INJURY,NONE,UNKNOWN,PASSENGER,SLOWING OR STOPPING,West,SUPERFICIAL,25,False,False,1,9565689040453889,210044239,Montgomery County Police,Injury ,False,West,1,1,LEVEL,False,False,NONMOTORIST,SINGLE VEHICLE,DRY,DAYLIGHT,OTHER,OTHER,OTHER,STRAIGHT,NO DEFECTS,"TWO-WAY, NOT DIVIDED",38.99348254,-77.09284703,5795785426789511,593950883007142,1,1,0,2021110208,7710072538987731,Jeep,2011,Grand Cherokee,Sport Utility Vehicle - 2WD,6.0,3.6,Automatic 5,4WD,Regular Gasoline,16,22,CHESTNUT ST,County,TILBURY ST,County,593950883007142,20814,BETHESDA,46411.6876883,47837334.4314,38.98773167577017,-77.10072590539887,8.0485,69.96041,0.0,0.0,0.0,6.1305785,310.2363,211102087100789877,2021-11-02 08:00:00,8,AM,306,1,Tuesday,0,11,November,2021,0,Unknown
MCP3162003S,C997BE4844EB4F1594A9F7A10B8F8D00,False,NO APPARENT INJURY,NONE,NOT DISTRACTED,PASSENGER,STOPPED IN TRAFFIC LANE,South,FUNCTIONAL,35,False,False,4,8243785626679992,210044250,Montgomery County Police,Property Damage ,False,South,2,4,LEVEL,False,False,DRIVER,SAME DIR REAR END,WET,DAYLIGHT,TRAFFIC SIGNAL,INTERSECTION RELATED,T-INTERSECTION,STRAIGHT,NO DEFECTS,"TWO-WAY, NOT DIVIDED",39.00980333,-77.04110333,8554262040045692,8155717206200682,0,0,0,2021110209,7703596439001907,Toyota,2014,Camry,Midsize Cars,4.0,2.5,Automatic 6,FWD,Regular Gasoline,21,30,GEORGIA AVE,Maryland (State),SEMINARY PL,County,8155717206200682,20910,SILVER SPRING,82846.1568889,126320091.137,39.00190768010143,-77.03596497235911,8.5465,70.80509,0.0,0.0,0.0,8.714677,321.70978,211102097035990019,2021-11-02 09:00:00,9,AM,306,1,Tuesday,0,11,November,2021,0,Unknown
MCP3162003S,3021AFC70E4540E6808D1F020667DF29,True,NO APPARENT INJURY,NONE,NOT DISTRACTED,PASSENGER,ACCELERATING,South,DISABLING,35,False,False,4,7731083932506780,210044250,Montgomery County Police,Property Damage ,False,South,2,4,LEVEL,False,False,DRIVER,SAME DIR REAR END,WET,DAYLIGHT,TRAFFIC SIGNAL,INTERSECTION RELATED,T-INTERSECTION,STRAIGHT,NO DEFECTS,"TWO-WAY, NOT DIVIDED",39.00980333,-77.04110333,8554262040045692,8155717206200682,0,0,0,2021110209,7703596439001907,Toyota,2012,Highlander,Sport Utility Vehicle - 2WD,6.0,3.5,Automatic 5,AWD,Regular Gasoline,17,22,GEORGIA AVE,Maryland (State),SEMINARY PL,County,8155717206200682,20910,SILVER SPRING,82846.1568889,126320091.137,39.00190768010143,-77.03596497235911,8.5465,70.80509,0.0,0.0,0.0,8.714677,321.70978,211102097035990019,2021-11-02 09:00:00,9,AM,306,1,Tuesday,0,11,November,2021,0,Unknown