ReportNumber,VehicleCrashKey,DriverAtFault,DriverInjurySeverity,DriverSubstanceAbuse,DriverDistractedBy,VehicleType,VehicleMovement,VehicleGoingDir,VehicleDamageExtent,SpeedLimit,ParkedVehicle,SubstanceAbuseContributed,VehiclesCrashedTotal,VehicleKey,LocalCaseNumber,AgencyName,ACRSReportType,HitRun,LaneDirection,LaneNumber,NumberOfLanes,RoadGrade,NonTraffic,OffRoadIncident,AccidentAtFault,CollisionType,SurfaceCondition,Light,TrafficControl,Junction,IntersectionType,RoadAlignment,RoadCondition,RoadDivision,Latitude,Longitude,RoadKey_x,CrossStreetKey,NonMotoristTotal,NonMotoristInjury,NonMotoristFatal,DateHourKey,LocationAreaKey,Make,Year_x,BaseModel,BodyClass,Cylinders,Displacement,Transmission,Drivetrain,FuelType,CityMPG,HighwayMPG,RoadName_x,RouteType_x,RoadName_y,RouteType_y,RoadKey_y,Zipcode,MailCity,ShapeLength,ShapeArea,CentroidLatitude,CentroidLongitude,Temperature,Humidity,Precipitation,Rain,Snow,WindSpeed,WindDirection,WeatherKey,Datetime,Hour,TimeOfDay,DayNumber,WeekDayNumber,WeekDayName,WeekendFlag,MonthNumber,MonthName,Year_y,HolidayFlag,HolidayName
MCP3307000Z,0BFE1464A0C9413E9D4835AF2E11CB5E,False,SUSPECTED MINOR INJURY,NONE,UNKNOWN,PASSENGER,SLOWING OR STOPPING,West,DISABLING,25,False,False,1,1374907329262267,210044939,Montgomery County Police,Injury ,False,West,1,1,LEVEL,False,False,UNKNOWN,SINGLE VEHICLE,DRY,DAYLIGHT,UNKNOWN,RESIDENTIAL DRIVEWAY,UNKNOWN,STRAIGHT,NO DEFECTS,"TWO-WAY, NOT DIVIDED",39.08354167,-77.05965,6565495382311859,2283883770575109,0,0,0,2021110609,7705486039088590,Toyota,2000,Sienna,Minivan - 2WD,6.0,3.0,Automatic 4,FWD,Regular Gasoline,16,22,BEACON HOLLOW LA,County,BETHPAGE LA,County,2283883770575109,20906,SILVER SPRING,133207.174949,359110751.771,39.08859082555049,-77.05486091907257,3.6825001,65.59543,0.0,0.0,0.0,10.137692,16.504446,211106097054890885,2021-11-06 09:00:00,9,AM,310,5,Saturday,1,11,November,2021,0,Unknown
MCP243600DX,B46E83A530384B2F89577A879639F992,True,NO APPARENT INJURY,NONE,UNKNOWN,PASSENGER,MAKING LEFT TURN,East,DISABLING,35,False,False,2,5115928306491247,210044958,Montgomery County Police,Property Damage ,False,West,0,3,LEVEL,False,False,DRIVER,SAME DIRECTION LEFT TURN,DRY,DAYLIGHT,NO CONTROLS,INTERSECTION,T-INTERSECTION,CURVE LEFT,NO DEFECTS,"TWO-WAY, NOT DIVIDED",38.99815995,-76.99423698,5005946941929880,2924225688755211,0,0,0,2021110613,7698354239018293,Honda,2008,Pilot,Sport Utility Vehicle - 2WD,6.0,3.5,Automatic 5,AWD,Regular Gasoline,15,20,UNIVERSITY BLVD E,Maryland (State),SEEK LA,County,2924225688755211,20903,SILVER SPRING,50204.7192451,65972447.4483,39.01829365940637,-76.9835422251861,11.5345,45.109898,0.0,0.0,0.0,11.165805,69.22767,211106136983590182,2021-11-06 13:00:00,13,PM,310,5,Saturday,1,11,November,2021,0,Unknown
MCP243600DX,E36DA4DA2DC948AB8A70968164117F1B,False,NO APPARENT INJURY,NONE,NOT DISTRACTED,BUS,SLOWING OR STOPPING,West,FUNCTIONAL,35,False,False,2,240722642832247,210044958,Montgomery County Police,Property Damage ,False,West,0,3,LEVEL,False,False,DRIVER,SAME DIRECTION LEFT TURN,DRY,DAYLIGHT,NO CONTROLS,INTERSECTION,T-INTERSECTION,CURVE LEFT,NO DEFECTS,"TWO-WAY, NOT DIVIDED",38.99815995,-76.99423698,5005946941929880,2924225688755211,0,0,0,2021110613,7698354239018293,Gillig,0,Unknown,Unknown,0.0,0.0,Unknown,Unknown,Unknown,0,0,UNIVERSITY BLVD E,Maryland (State),SEEK LA,County,2924225688755211,20903,SILVER SPRING,50204.7192451,65972447.4483,39.01829365940637,-76.9835422251861,11.5345,45.109898,0.0,0.0,0.0,11.165805,69.22767,211106136983590182,2021-11-06 13:00:00,13,PM,310,5,Saturday,1,11,November,2021,0,Unknown
MCP2039006W,231EFA320F20455CB1B1F4C688D4F884,True,NO APPARENT INJURY,UNKNOWN,LOOKED BUT DID NOT SEE,PASSENGER,MAKING LEFT TURN,East,FUNCTIONAL,25,False,False,2,1374907329262267,210044967,Montgomery County Police,Injury ,False,East,1,1,GRADE DOWNHILL,False,False,DRIVER,STRAIGHT MOVEMENT ANGLE,DRY,DAYLIGHT,STOP SIGN,INTERSECTION,FOUR-WAY INTERSECTION,CURVE LEFT,UNKNOWN,"TWO-WAY, NOT DIVIDED",39.070305,-77.06505667,388377803167212,9650868219835566,0,0,0,2021110614,7705486039088590,Toyota,2000,Sienna,Minivan - 2WD,6.0,3.0,Automatic 4,FWD,Regular Gasoline,16,22,KAYSON ST,County,ESTELLE RD,County,9650868219835566,20906,SILVER SPRING,133207.174949,359110751.771,39.08859082555049,-77.05486091907257,11.632501,46.46304,0.0,0.0,0.0,9.565437,70.20104,211106147054890885,2021-11-06 14:00:00,14,PM,310,5,Saturday,1,11,November,2021,0,Unknown
MCP2039006W,53C17A04618B4BC7A40C47E57C7607DE,False,POSSIBLE INJURY,UNKNOWN,NOT DISTRACTED,PASSENGER,MOVING CONSTANT SPEED,East,FUNCTIONAL,25,False,False,2,5071914152962709,210044967,Montgomery County Police,Injury ,False,East,1,1,GRADE DOWNHILL,False,False,DRIVER,STRAIGHT MOVEMENT ANGLE,DRY,DAYLIGHT,STOP SIGN,INTERSECTION,FOUR-WAY INTERSECTION,CURVE LEFT,UNKNOWN,"TWO-WAY, NOT DIVIDED",39.070305,-77.06505667,388377803167212,9650868219835566,0,0,0,2021110614,7705486039088590,Chevrolet,2008,Express Passenger,"Vans, Passenger Type",8.0,5.3,Automatic 4,AWD,Regular Gasoline,12,16,KAYSON ST,County,ESTELLE RD,County,9650868219835566,20906,SILVER SPRING,133207.174949,359110751.771,39.08859082555049,-77.05486091907257,11.632501,46.46304,0.0,0.0,0.0,9.565437,70.20104,211106147054890885,2021-11-06 14:00:00,14,PM,310,5,Saturday,1,11,November,2021,0,Unknown
MCP3263001J,E4A40DBBA3A745489CB69A9F65B6F14B,True,NO APPARENT INJURY,UNKNOWN,UNKNOWN,PASSENGER,MAKING RIGHT TURN,East,SUPERFICIAL,30,False,False,2,9811594893548424,210044977,Montgomery County Police,Property Damage ,True,East,0,1,LEVEL,False,False,DRIVER,SAME DIRECTION RIGHT TURN,DRY,DAYLIGHT,NO CONTROLS,INTERSECTION,FOUR-WAY INTERSECTION,STRAIGHT,NO DEFECTS,"TWO-WAY, NOT DIVIDED",38.9809572,-77.09290597,510691405782220,7307765282026999,0,0,0,2021110615,7710072538987731,Nissan,2009,Rogue,Sport Utility Vehicle - 2WD,4.0,2.5,Automatic CVT,AWD,Regular Gasoline,21,26,BETHESDA AVE,County,WISCONSIN AVE,Maryland (State),7307765282026999,20814,BETHESDA,46411.6876883,47837334.4314,38.98773167577017,-77.10072590539887,11.8985,47.554623,0.0,0.0,0.0,10.495713,59.03632,211106157100789877,2021-11-06 15:00:00,15,PM,310,5,Saturday,1,11,November,2021,0,Unknown
MCP3263001J,C10DA49D1EA84986B46EEC05605B6E28,False,NO APPARENT INJURY,NONE,NOT DISTRACTED,PASSENGER,MAKING RIGHT TURN,East,SUPERFICIAL,30,False,False,2,5081913260942083,210044977,Montgomery County Police,Property Damage ,True,East,0,1,LEVEL,False,False,DRIVER,SAME DIRECTION RIGHT TURN,DRY,DAYLIGHT,NO CONTROLS,INTERSECTION,FOUR-WAY INTERSECTION,STRAIGHT,NO DEFECTS,"TWO-WAY, NOT DIVIDED",38.9809572,-77.09290597,510691405782220,7307765282026999,0,0,0,2021110615,7710072538987731,Volvo,2021,S60,Compact Cars,4.0,2.0,Automatic 8,AWD,Premium Gasoline,21,33,BETHESDA AVE,County,WISCONSIN AVE,Maryland (State),7307765282026999,20814,BETHESDA,46411.6876883,47837334.4314,38.98773167577017,-77.10072590539887,11.8985,47.554623,0.0,0.0,0.0,10.495713,59.03632,211106157100789877,2021-11-06 15:00:00,15,PM,310,5,Saturday,1,11,November,2021,0,Unknown
MCP2917008J,ACDC334FE312417DB667081E19D153DA,True,NO APPARENT INJURY,NONE,NOT DISTRACTED,PASSENGER,BACKING,South,SUPERFICIAL,25,False,False,2,1032942931887779,210044995,Montgomery County Police,Property Damage ,False,South,1,1,LEVEL,False,False,DRIVER,SAME DIR REAR END,DRY,DAYLIGHT,NO CONTROLS,INTERSECTION,FOUR-WAY INTERSECTION,STRAIGHT,NO DEFECTS,"TWO-WAY, NOT DIVIDED",39.06189833,-77.06697667,3927996319673029,6539115144846498,0,0,0,2021110617,7705486039088590,Toyota,2017,Corolla,Midsize Cars,4.0,1.8,Automatic CVT,FWD,Regular Gasoline,28,35,DALEWOOD DR,County,DEAN RD,County,6539115144846498,20906,SILVER SPRING,133207.174949,359110751.771,39.08859082555049,-77.05486091907257,10.2825,58.230885,0.0,0.0,0.0,7.072878,75.25639,211106177054890885,2021-11-06 17:00:00,17,PM,310,5,Saturday,1,11,November,2021,0,Unknown
MCP2917008J,AAD6B0F2FC8C41B28A617AA2E9DAA13E,False,NO APPARENT INJURY,NONE,NOT DISTRACTED,PASSENGER,MOVING CONSTANT SPEED,South,SUPERFICIAL,25,False,False,2,8865406055499476,210044995,Montgomery County Police,Property Damage ,False,South,1,1,LEVEL,False,False,DRIVER,SAME DIR REAR END,DRY,DAYLIGHT,NO CONTROLS,INTERSECTION,FOUR-WAY INTERSECTION,STRAIGHT,NO DEFECTS,"TWO-WAY, NOT DIVIDED",39.06189833,-77.06697667,3927996319673029,6539115144846498,0,0,0,2021110617,7705486039088590,Toyota,2012,Yaris,Compact Cars,4.0,1.5,Automatic 4,FWD,Regular Gasoline,29,34,DALEWOOD DR,County,DEAN RD,County,6539115144846498,20906,SILVER SPRING,133207.174949,359110751.771,39.08859082555049,-77.05486091907257,10.2825,58.230885,0.0,0.0,0.0,7.072878,75.25639,211106177054890885,2021-11-06 17:00:00,17,PM,310,5,Saturday,1,11,November,2021,0,Unknown
MCP2534003S,4C7BA07C052D4608AC3439C021D78693,True,SUSPECTED MINOR INJURY,NONE,NOT DISTRACTED,PASSENGER,MOVING CONSTANT SPEED,East,DISABLING,30,False,False,2,2109319514238918,210045016,Montgomery County Police,Injury ,False,West,1,1,LEVEL,False,False,DRIVER,OTHER,DRY,DARK LIGHTS ON,NO CONTROLS,NON INTERSECTION,UNKNOWN,STRAIGHT,NO DEFECTS,"TWO-WAY, DIVIDED, UNPROTECTED PAINTED MIN 4 FEET",39.09134267,-77.0429935,1446899345320601,3505695594849125,0,0,0,2021110622,7705486039088590,Acura,2008,MDX,Sport Utility Vehicle - 4WD,6.0,3.7,Automatic 5,AWD,Premium Gasoline,15,20,BONIFANT RD,County,CATOCTIN DR,County,3505695594849125,20906,SILVER SPRING,133207.174949,359110751.771,39.08859082555049,-77.05486091907257,6.0825,72.10462,0.0,0.0,0.0,10.315115,29.248732,211106227054890885,2021-11-06 22:00:00,22,PM,310,5,Saturday,1,11,November,2021,0,Unknown
MCP2534003S,EA84EC9B3E874485ABA66348E0F09F4E,False,SUSPECTED MINOR INJURY,NONE,NOT DISTRACTED,PASSENGER,MOVING CONSTANT SPEED,West,DISABLING,30,False,False,2,9624692169734672,210045016,Montgomery County Police,Injury ,False,West,1,1,LEVEL,False,False,DRIVER,OTHER,DRY,DARK LIGHTS ON,NO CONTROLS,NON INTERSECTION,UNKNOWN,STRAIGHT,NO DEFECTS,"TWO-WAY, DIVIDED, UNPROTECTED PAINTED MIN 4 FEET",39.09134267,-77.0429935,1446899345320601,3505695594849125,0,0,0,2021110622,7705486039088590,Mazda,2010,5,Minivan - 2WD,4.0,2.3,Automatic 5,FWD,Regular Gasoline,21,27,BONIFANT RD,County,CATOCTIN DR,County,3505695594849125,20906,SILVER SPRING,133207.174949,359110751.771,39.08859082555049,-77.05486091907257,6.0825,72.10462,0.0,0.0,0.0,10.315115,29.248732,211106227054890885,2021-11-06 22:00:00,22,PM,310,5,Saturday,1,11,November,2021,0,Unknown
MCP3296000W,5498939513204780A49691DA09652CEE,True,NO APPARENT INJURY,NONE,UNKNOWN,PASSENGER,SLOWING OR STOPPING,North,DESTROYED,30,False,False,1,1704978013505975,210045034,Montgomery County Police,Property Damage ,False,North,0,1,LEVEL,False,False,DRIVER,SINGLE VEHICLE,DRY,DARK LIGHTS ON,NO CONTROLS,NON INTERSECTION,UNKNOWN,STRAIGHT,NO DEFECTS,"TWO-WAY, NOT DIVIDED",38.99061383,-77.0258025,3285914424412593,8368871616036332,0,0,0,2021110701,7703596439001907,Ford,2013,Edge,Small Sport Utility Vehicle 2WD,6.0,3.5,Automatic 6,AWD,Regular Gasoline,18,25,MAYOR LA,County,SLIGO AVE,County,8368871616036332,20910,SILVER SPRING,82846.1568889,126320091.137,39.00190768010143,-77.03596497235911,4.7965,85.35505,0.0,0.0,0.0,8.049845,10.304792,211107017035990019,2021-11-07 01:00:00,1,AM,311,6,Sunday,1,11,November,2021,0,Unknown
MCP3208002C,80118620912C40BABE167DA855A1247E,True,NO APPARENT INJURY,ALCOHOL,UNKNOWN,PASSENGER,MOVING CONSTANT SPEED,West,SUPERFICIAL,35,False,False,2,8243785677012849,210045049,Montgomery County Police,Property Damage ,False,West,1,3,LEVEL,False,False,DRIVER,SAME DIR REAR END,DRY,DARK LIGHTS ON,NO CONTROLS,NON INTERSECTION,UNKNOWN,STRAIGHT,NO DEFECTS,"TWO-WAY, DIVIDED, UNPROTECTED PAINTED MIN 4 FEET",38.99813,-76.99435667,5005946941929880,689069092755484,0,0,0,2021110703,7698354239018293,Toyota,2017,Camry,Midsize Cars,4.0,2.5,Automatic 6,FWD,Regular Gasoline,21,30,UNIVERSITY BLVD E,Maryland (State),GILBERT ST,County,689069092755484,20903,SILVER SPRING,50204.7192451,65972447.4483,39.01829365940637,-76.9835422251861,4.3845,82.317665,0.0,0.0,0.0,10.163227,22.93213,211107036983590182,2021-11-07 03:00:00,3,AM,311,6,Sunday,1,11,November,2021,0,Unknown
MCP3208002C,F4A30B63833B4BF9A6C569BD85A09A69,False,NO APPARENT INJURY,UNKNOWN,NOT DISTRACTED,PASSENGER,MOVING CONSTANT SPEED,West,SUPERFICIAL,35,False,False,2,472589673200087,210045049,Montgomery County Police,Property Damage ,False,West,1,3,LEVEL,False,False,DRIVER,SAME DIR REAR END,DRY,DARK LIGHTS ON,NO CONTROLS,NON INTERSECTION,UNKNOWN,STRAIGHT,NO DEFECTS,"TWO-WAY, DIVIDED, UNPROTECTED PAINTED MIN 4 FEET",38.99813,-76.99435667,5005946941929880,689069092755484,0,0,0,2021110703,7698354239018293,Toyota,1998,Supra,Minicompact Cars,6.0,3.0,Automatic 4,RWD,Premium Gasoline,15,22,UNIVERSITY BLVD E,Maryland (State),GILBERT ST,County,689069092755484,20903,SILVER SPRING,50204.7192451,65972447.4483,39.01829365940637,-76.9835422251861,4.3845,82.317665,0.0,0.0,0.0,10.163227,22.93213,211107036983590182,2021-11-07 03:00:00,3,AM,311,6,Sunday,1,11,November,2021,0,Unknown
MCP289100B0,F9CB3A07D9D743C09F8B6D751614AA75,False,NO APPARENT INJURY,NONE,NOT DISTRACTED,PASSENGER,MOVING CONSTANT SPEED,South,FUNCTIONAL,35,False,False,2,4237795738761475,210045054,Montgomery County Police,Property Damage ,True,South,2,3,LEVEL,False,False,DRIVER,SAME DIR REAR END,DRY,DARK LIGHTS ON,UNKNOWN,UNKNOWN,UNKNOWN,STRAIGHT,UNKNOWN,"TWO-WAY, DIVIDED, UNPROTECTED PAINTED MIN 4 FEET",39.00408,-77.023785,7228418003688286,4796808868995581,0,0,0,2021110705,7703596439001907,Hyundai,2021,Elantra,Midsize Cars,4.0,1.6,Automatic 1,FWD,Regular Gasoline,25,34,COLESVILLE RD,US (State),ROWEN RD,County,4796808868995581,20910,SILVER SPRING,82846.1568889,126320091.137,39.00190768010143,-77.03596497235911,3.3465,83.07564,0.0,0.0,0.0,11.013882,11.3098955,211107057035990019,2021-11-07 05:00:00,5,AM,311,6,Sunday,1,11,November,2021,0,Unknown
MCP289100B0,07FBBC4902D8464BB3CDBFB803D5CB04,True,NO APPARENT INJURY,UNKNOWN,UNKNOWN,PASSENGER,MOVING CONSTANT SPEED,South,FUNCTIONAL,35,False,False,2,6883910737266526,210045054,Montgomery County Police,Property Damage ,True,South,2,3,LEVEL,False,False,DRIVER,SAME DIR REAR END,DRY,DARK LIGHTS ON,UNKNOWN,UNKNOWN,UNKNOWN,STRAIGHT,UNKNOWN,"TWO-WAY, DIVIDED, UNPROTECTED PAINTED MIN 4 FEET",39.00408,-77.023785,7228418003688286,4796808868995581,0,0,0,2021110705,7703596439001907,Dodge,2014,Challenger,Midsize Cars,8.0,5.7,Automatic 5,RWD,Premium Gasoline,14,23,COLESVILLE RD,US (State),ROWEN RD,County,4796808868995581,20910,SILVER SPRING,82846.1568889,126320091.137,39.00190768010143,-77.03596497235911,3.3465,83.07564,0.0,0.0,0.0,11.013882,11.3098955,211107057035990019,2021-11-07 05:00:00,5,AM,311,6,Sunday,1,11,November,2021,0,Unknown
MCP2651004X,5AF871A8577F429794E1876A9A6616C6,False,NO APPARENT INJURY,UNKNOWN,NOT DISTRACTED,PASSENGER,STOPPED IN TRAFFIC LANE,South,SUPERFICIAL,40,False,False,2,3124610306190701,210045084,Montgomery County Police,Property Damage ,False,South,2,3,LEVEL,False,False,DRIVER,SAME DIR REAR END,DRY,DAYLIGHT,TRAFFIC SIGNAL,UNKNOWN,FOUR-WAY INTERSECTION,STRAIGHT,NO DEFECTS,"TWO-WAY, DIVIDED, POSITIVE MEDIAN BARRIER",39.011486,-76.97963417,8901981419077344,7259754787171885,0,0,0,2021110713,7698354239018293,Nissan,2020,GT-R,Subcompact Cars,6.0,3.8,Automatic 6,AWD,Premium Gasoline,16,22,NEW HAMPSHIRE AVE,Maryland (State),DILSTON RD,County,7259754787171885,20903,SILVER SPRING,50204.7192451,65972447.4483,39.01829365940637,-76.9835422251861,12.2345,45.803936,0.0,0.0,0.0,9.3669195,2.2025495,211107136983590182,2021-11-07 13:00:00,13,PM,311,6,Sunday,1,11,November,2021,0,Unknown
MCP2651004X,B860B3A476DB4D62AD13440FEC116BA5,True,NO APPARENT INJURY,UNKNOWN,NOT DISTRACTED,PASSENGER,STARTING FROM LANE,South,SUPERFICIAL,40,False,False,2,3625279968558996,210045084,Montgomery County Police,Property Damage ,False,South,2,3,LEVEL,False,False,DRIVER,SAME DIR REAR END,DRY,DAYLIGHT,TRAFFIC SIGNAL,UNKNOWN,FOUR-WAY INTERSECTION,STRAIGHT,NO DEFECTS,"TWO-WAY, DIVIDED, POSITIVE MEDIAN BARRIER",39.011486,-76.97963417,8901981419077344,7259754787171885,0,0,0,2021110713,7698354239018293,Ford,2010,Escape,Sport Utility Vehicle - 2WD,4.0,2.5,Automatic 6,FWD,Regular Gasoline,18,28,NEW HAMPSHIRE AVE,Maryland (State),DILSTON RD,County,7259754787171885,20903,SILVER SPRING,50204.7192451,65972447.4483,39.01829365940637,-76.9835422251861,12.2345,45.803936,0.0,0.0,0.0,9.3669195,2.2025495,211107136983590182,2021-11-07 13:00:00,13,PM,311,6,Sunday,1,11,November,2021,0,Unknown
MCP3257003C,5D064F9A5CDB4222A213D70B5F32CC2D,True,NO APPARENT INJURY,NONE,NOT DISTRACTED,PASSENGER,MOVING CONSTANT SPEED,South,DISABLING,25,False,False,4,8825570248802472,210045116,Montgomery County Police,Property Damage ,False,South,2,3,LEVEL,False,False,DRIVER,SAME DIR REAR END,DRY,DAYLIGHT,NO CONTROLS,NON INTERSECTION,UNKNOWN,STRAIGHT,NO DEFECTS,"TWO-WAY, DIVIDED, POSITIVE MEDIAN BARRIER",38.96384161,-77.0873102,7307765282026999,1281176032118226,0,0,0,2021110716,7707842038983818,Mercury,1994,Sable,Midsize Cars,6.0,3.0,Automatic 4,FWD,Regular Gasoline,17,26,WISCONSIN AVE,Maryland (State),S PARK AVE,Municipality,1281176032118226,20815,CHEVY CHASE,78258.2702851,151813895.483,38.98381860627773,-77.07842006190148,12.9245,46.001373,0.0,0.0,0.0,9.3669195,2.2025495,211107167078489838,2021-11-07 16:00:00,16,PM,311,6,Sunday,1,11,November,2021,0,Unknown
MCP3257003C,0C1822E7DEC045939162C1894BA529B9,False,NO APPARENT INJURY,NONE,NOT DISTRACTED,PASSENGER,SLOWING OR STOPPING,South,SUPERFICIAL,25,False,False,4,8252165448776514,210045116,Montgomery County Police,Property Damage ,False,South,2,3,LEVEL,False,False,DRIVER,SAME DIR REAR END,DRY,DAYLIGHT,NO CONTROLS,NON INTERSECTION,UNKNOWN,STRAIGHT,NO DEFECTS,"TWO-WAY, DIVIDED, POSITIVE MEDIAN BARRIER",38.96384161,-77.0873102,7307765282026999,1281176032118226,0,0,0,2021110716,7707842038983818,Volkswagen,2021,Atlas,Small Sport Utility Vehicle 2WD,4.0,2.0,Automatic 8,AWD,Regular Gasoline,17,24,WISCONSIN AVE,Maryland (State),S PARK AVE,Municipality,1281176032118226,20815,CHEVY CHASE,78258.2702851,151813895.483,38.98381860627773,-77.07842006190148,12.9245,46.001373,0.0,0.0,0.0,9.3669195,2.2025495,211107167078489838,2021-11-07 16:00:00,16,PM,311,6,Sunday,1,11,November,2021,0,Unknown
MCP3257003C,DE73FB16F3DB40D7B58D9F4046E478D8,False,NO APPARENT INJURY,NONE,NOT DISTRACTED,PASSENGER,SLOWING OR STOPPING,South,SUPERFICIAL,25,False,False,4,6453402388222957,210045116,Montgomery County Police,Property Damage ,False,South,2,3,LEVEL,False,False,DRIVER,SAME DIR REAR END,DRY,DAYLIGHT,NO CONTROLS,NON INTERSECTION,UNKNOWN,STRAIGHT,NO DEFECTS,"TWO-WAY, DIVIDED, POSITIVE MEDIAN BARRIER",38.96384161,-77.0873102,7307765282026999,1281176032118226,0,0,0,2021110716,7707842038983818,Volkswagen,2021,Tiguan,Small Sport Utility Vehicle 2WD,4.0,2.0,Automatic 8,AWD,Regular Gasoline,21,27,WISCONSIN AVE,Maryland (State),S PARK AVE,Municipality,1281176032118226,20815,CHEVY CHASE,78258.2702851,151813895.483,38.98381860627773,-77.07842006190148,12.9245,46.001373,0.0,0.0,0.0,9.3669195,2.2025495,211107167078489838,2021-11-07 16:00:00,16,PM,311,6,Sunday,1,11,November,2021,0,Unknown
MCP3257003C,2618CC6DC396426D9FF3CC8BC9A14CB6,False,NO APPARENT INJURY,NONE,NOT DISTRACTED,PASSENGER,SLOWING OR STOPPING,South,SUPERFICIAL,25,False,False,4,2815627317672947,210045116,Montgomery County Police,Property Damage ,False,South,2,3,LEVEL,False,False,DRIVER,SAME DIR REAR END,DRY,DAYLIGHT,NO CONTROLS,NON INTERSECTION,UNKNOWN,STRAIGHT,NO DEFECTS,"TWO-WAY, DIVIDED, POSITIVE MEDIAN BARRIER",38.96384161,-77.0873102,7307765282026999,1281176032118226,0,0,0,2021110716,7707842038983818,Honda,2013,Accord,Midsize Cars,4.0,2.4,Automatic 6,FWD,Regular Gasoline,21,34,WISCONSIN AVE,Maryland (State),S PARK AVE,Municipality,1281176032118226,20815,CHEVY CHASE,78258.2702851,151813895.483,38.98381860627773,-77.07842006190148,12.9245,46.001373,0.0,0.0,0.0,9.3669195,2.2025495,211107167078489838,2021-11-07 16:00:00,16,PM,311,6,Sunday,1,11,November,2021,0,Unknown
MCP26930042,36AF7370981040FC8D3EEB128D6303A8,True,POSSIBLE INJURY,NONE,UNKNOWN,PASSENGER,BACKING,UNKNOWN,FUNCTIONAL,15,False,False,1,1100592358157098,210045118,Montgomery County Police,Injury ,False,UNKNOWN,0,0,UNKNOWN,True,True,DRIVER,OTHER,UNKNOWN,DARK LIGHTS ON,UNKNOWN,UNKNOWN,UNKNOWN,UNKNOWN,UNKNOWN,UNKNOWN,39.05662333,-77.08455833,7781945108562677,7781945108562677,0,0,0,2021110717,7705486039088590,Nissan,2007,Altima,Midsize Cars,4.0,2.5,Automatic CVT,FWD,Regular Gasoline,23,26,UNKNOWN,UNKNOWN,UNKNOWN,UNKNOWN,7781945108562677,20906,SILVER SPRING,133207.174949,359110751.771,39.08859082555049,-77.05486091907257,11.382501,54.318275,0.0,0.0,0.0,7.771331,346.60748,211107177054890885,2021-11-07 17:00:00,17,PM,311,6,Sunday,1,11,November,2021,0,Unknown
MCP2917008K,7F29A30BDB3A4777A527CBF1BF254D41,False,POSSIBLE INJURY,NONE,NOT DISTRACTED,PASSENGER,MOVING CONSTANT SPEED,South,DESTROYED,35,False,False,2,8525273538772488,210045123,Montgomery County Police,Injury ,False,South,2,3,LEVEL,False,False,DRIVER,HEAD ON LEFT TURN,DRY,DARK NO LIGHTS,NO CONTROLS,CROSSOVER RELATED,FOUR-WAY INTERSECTION,STRAIGHT,NO DEFECTS,"TWO-WAY, DIVIDED, POSITIVE MEDIAN BARRIER",39.070645,-77.06316833,8554262040045692,388377803167212,0,0,0,2021110718,7705486039088590,Toyota,2007,Camry,Compact Cars,4.0,2.4,Automatic 5,FWD,Regular Gasoline,21,31,GEORGIA AVE,Maryland (State),KAYSON ST,County,388377803167212,20906,SILVER SPRING,133207.174949,359110751.771,39.08859082555049,-77.05486091907257,8.882501,60.204765,0.0,0.0,0.0,9.107359,341.56494,211107187054890885,2021-11-07 18:00:00,18,PM,311,6,Sunday,1,11,November,2021,0,Unknown
MCP2917008K,DB6440B526A14B6B8A024C1ECA0A2B36,True,POSSIBLE INJURY,NONE,LOOKED BUT DID NOT SEE,PASSENGER,MAKING LEFT TURN,North,DESTROYED,35,False,False,2,5271482008882612,210045123,Montgomery County Police,Injury ,False,South,2,3,LEVEL,False,False,DRIVER,HEAD ON LEFT TURN,DRY,DARK NO LIGHTS,NO CONTROLS,CROSSOVER RELATED,FOUR-WAY INTERSECTION,STRAIGHT,NO DEFECTS,"TWO-WAY, DIVIDED, POSITIVE MEDIAN BARRIER",39.070645,-77.06316833,8554262040045692,388377803167212,0,0,0,2021110718,7705486039088590,Chevrolet,2006,Silverado,Standard Pickup Trucks 2WD,8.0,5.3,Automatic 4,AWD,Regular Gasoline,14,18,GEORGIA AVE,Maryland (State),KAYSON ST,County,388377803167212,20906,SILVER SPRING,133207.174949,359110751.771,39.08859082555049,-77.05486091907257,8.882501,60.204765,0.0,0.0,0.0,9.107359,341.56494,211107187054890885,2021-11-07 18:00:00,18,PM,311,6,Sunday,1,11,November,2021,0,Unknown
MCP3291000R,CFA9FE40732947C18C135A82C37EBD3E,True,NO APPARENT INJURY,UNKNOWN,UNKNOWN,UNKNOWN,ACCELERATING,West,UNKNOWN,25,False,False,2,8168321465439775,210045135,Montgomery County Police,Injury ,True,West,1,2,LEVEL,False,False,DRIVER,SAME DIR REAR END,DRY,DARK LIGHTS ON,NO CONTROLS,NON INTERSECTION,UNKNOWN,STRAIGHT,NO DEFECTS,"TWO-WAY, NOT DIVIDED",38.99038116,-77.01833359,8368871616036332,9350669945485554,0,0,0,2021110721,7703596439001907,Unknown,0,Unknown,Unknown,0.0,0.0,Unknown,Unknown,Unknown,0,0,SLIGO AVE,County,CARROLL LA,County,9350669945485554,20910,SILVER SPRING,82846.1568889,126320091.137,39.00190768010143,-77.03596497235911,7.0465,61.955822,0.0,0.0,0.0,8.311245,355.03033,211107217035990019,2021-11-07 21:00:00,21,PM,311,6,Sunday,1,11,November,2021,0,Unknown