ReportNumber,VehicleCrashKey,DriverAtFault,DriverInjurySeverity,DriverSubstanceAbuse,DriverDistractedBy,VehicleType,VehicleMovement,VehicleGoingDir,VehicleDamageExtent,SpeedLimit,ParkedVehicle,SubstanceAbuseContributed,VehiclesCrashedTotal,VehicleKey,LocalCaseNumber,AgencyName,ACRSReportType,HitRun,LaneDirection,LaneNumber,NumberOfLanes,RoadGrade,NonTraffic,OffRoadIncident,AccidentAtFault,CollisionType,SurfaceCondition,Light,TrafficControl,Junction,IntersectionType,RoadAlignment,RoadCondition,RoadDivision,Latitude,Longitude,RoadKey_x,CrossStreetKey,NonMotoristTotal,NonMotoristInjury,NonMotoristFatal,DateHourKey,LocationAreaKey,Make,Year_x,BaseModel,BodyClass,Cylinders,Displacement,Transmission,Drivetrain,FuelType,CityMPG,HighwayMPG,RoadName_x,RouteType_x,RoadName_y,RouteType_y,RoadKey_y,Zipcode,MailCity,ShapeLength,ShapeArea,CentroidLatitude,CentroidLongitude,Temperature,Humidity,Precipitation,Rain,Snow,WindSpeed,WindDirection,WeatherKey,Datetime,Hour,TimeOfDay,DayNumber,WeekDayNumber,WeekDayName,WeekendFlag,MonthNumber,MonthName,Year_y,HolidayFlag,HolidayName
MCP2008008W,F90866DA2CED4906AF7C3FF92E14F4B8,True,NO APPARENT INJURY,NONE,LOOKED BUT DID NOT SEE,EMERGENCY,MOVING CONSTANT SPEED,North,SUPERFICIAL,55,False,False,1,9992477316391531,210046413,Montgomery County Police,Property Damage ,False,North,1,4,LEVEL,False,False,DRIVER,OTHER,DRY,DARK NO LIGHTS,UNKNOWN,NON INTERSECTION,UNKNOWN,STRAIGHT,FOREIGN MATERIAL,"TWO-WAY, DIVIDED, POSITIVE MEDIAN BARRIER",39.03559453,-77.14416863,1257986858156867,2407619675511240,0,0,0,2021111000,7715220038996189,Dodge,2012,Charger,Large Cars,6.0,3.6,Automatic 5,RWD,Regular Gasoline,18,23,EISENHOWER MEMORIAL HWY,Interstate (State),IS 270Y (SB/L),UNKNOWN,2407619675511240,20817,BETHESDA,143234.920079,403664948.588,38.996189145680184,-77.15220044157795,11.342999,69.64523,0.0,0.0,0.0,8.4042845,279.86575,211110007152289961,2021-11-10 00:00:00,0,AM,314,2,Wednesday,0,11,November,2021,0,Unknown
MCP3063003F,8D721B35B97C40918B9480A27EC2F5F2,False,NO APPARENT INJURY,NONE,NOT DISTRACTED,BUS,MOVING CONSTANT SPEED,North,SUPERFICIAL,25,False,False,1,6691677547236723,21004508,Montgomery County Police,Property Damage ,False,North,1,1,LEVEL,False,False,UNKNOWN,SINGLE VEHICLE,DRY,DAYLIGHT,NO CONTROLS,UNKNOWN,UNKNOWN,CURVE LEFT,NO DEFECTS,"TWO-WAY, NOT DIVIDED",39.01171286,-77.03520055,5267462721107280,3741072132120167,0,0,0,2021111008,7703596439001907,Thomas,0,Unknown,Unknown,0.0,0.0,Unknown,Unknown,Unknown,0,0,COLUMBIA BLVD,County,FLORA LA,County,3741072132120167,20910,SILVER SPRING,82846.1568889,126320091.137,39.00190768010143,-77.03596497235911,13.4465,58.612686,0.0,0.0,0.0,12.24,298.0724,211110087035990019,2021-11-10 08:00:00,8,AM,314,2,Wednesday,0,11,November,2021,0,Unknown
MCP31110049,CF28347EC08048FBAD2FB18F4BAF8076,True,NO APPARENT INJURY,NONE,LOOKED BUT DID NOT SEE,PASSENGER,ACCELERATING,West,FUNCTIONAL,25,False,False,2,7579467134281288,210045511,Montgomery County Police,Property Damage ,False,West,1,1,LEVEL,False,False,DRIVER,STRAIGHT MOVEMENT ANGLE,WET,DAYLIGHT,STOP SIGN,INTERSECTION,FOUR-WAY INTERSECTION,STRAIGHT,NO DEFECTS,"TWO-WAY, DIVIDED, UNPROTECTED PAINTED MIN 4 FEET",38.96914533,-77.113008,4793885721719673,2022575274806909,0,0,0,2021111008,7711806238956479,Lexus,2020,NX,Small Sport Utility Vehicle 4WD,4.0,2.0,Automatic 6,AWD,Premium Gasoline,22,28,SPRINGFIELD DR,County,RIDGEFIELD RD,County,2022575274806909,20816,BETHESDA,58716.1248449,117565480.431,38.95647982277882,-77.11806249046538,13.497499,61.320023,0.0,0.0,0.0,13.527572,295.20108,211110087118089564,2021-11-10 08:00:00,8,AM,314,2,Wednesday,0,11,November,2021,0,Unknown
MCP31110049,77FF540DF23745BCBABF9D733C369550,False,NO APPARENT INJURY,NONE,NOT DISTRACTED,PASSENGER,MOVING CONSTANT SPEED,South,DISABLING,25,False,False,2,4999119900866914,210045511,Montgomery County Police,Property Damage ,False,West,1,1,LEVEL,False,False,DRIVER,STRAIGHT MOVEMENT ANGLE,WET,DAYLIGHT,STOP SIGN,INTERSECTION,FOUR-WAY INTERSECTION,STRAIGHT,NO DEFECTS,"TWO-WAY, DIVIDED, UNPROTECTED PAINTED MIN 4 FEET",38.96914533,-77.113008,4793885721719673,2022575274806909,0,0,0,2021111008,7711806238956479,Tesla,2016,Model X,Standard Sport Utility Vehicle 4WD,0.0,0.0,Automatic 1,AWD,Electricity,91,94,SPRINGFIELD DR,County,RIDGEFIELD RD,County,2022575274806909,20816,BETHESDA,58716.1248449,117565480.431,38.95647982277882,-77.11806249046538,13.497499,61.320023,0.0,0.0,0.0,13.527572,295.20108,211110087118089564,2021-11-10 08:00:00,8,AM,314,2,Wednesday,0,11,November,2021,0,Unknown
DM85030007,1587EC1163CD447D988039FA10B76487,False,NO APPARENT INJURY,UNKNOWN,NOT DISTRACTED,BUS,STARTING FROM PARKED,North,SUPERFICIAL,5,False,False,1,6691677547236723,210045510,Takoma Park Police Depart,Property Damage ,False,UNKNOWN,0,0,LEVEL,False,False,UNKNOWN,SINGLE VEHICLE,DRY,DAYLIGHT,UNKNOWN,UNKNOWN,UNKNOWN,OTHER,UNKNOWN,UNKNOWN,38.98392167,-77.00461333,5812528152928271,3093445008027021,0,0,0,2021111008,7700204038982546,Thomas,0,Unknown,Unknown,0.0,0.0,Unknown,Unknown,Unknown,0,0,MAPLE AVE,Municipality,LINCOLN AVE,Municipality,3093445008027021,20912,TAKOMA PARK,51232.0653417,65209197.2692,38.98254687160147,-77.00204079343348,13.648,58.662636,0.0,0.0,0.0,12.24,298.0724,211110087002089825,2021-11-10 08:00:00,8,AM,314,2,Wednesday,0,11,November,2021,0,Unknown
DM84780017,7229A6C70FB94C2B9ACD3F0FAD49EA4C,True,NO APPARENT INJURY,NONE,NOT DISTRACTED,TRUCK,ACCELERATING,UNKNOWN,FUNCTIONAL,10,False,False,1,732859367941676,210045536,Takoma Park Police Depart,Property Damage ,True,UNKNOWN,0,0,UNKNOWN,True,True,DRIVER,SINGLE VEHICLE,UNKNOWN,DAYLIGHT,NO CONTROLS,UNKNOWN,UNKNOWN,UNKNOWN,UNKNOWN,UNKNOWN,38.98874167,-76.988255,7781945108562677,7781945108562677,0,0,0,2021111011,7700204038982546,Chevrolet,2009,Traverse,Sport Utility Vehicle - 2WD,6.0,3.6,Automatic 6,AWD,Regular Gasoline,16,23,UNKNOWN,UNKNOWN,UNKNOWN,UNKNOWN,7781945108562677,20912,TAKOMA PARK,51232.0653417,65209197.2692,38.98254687160147,-77.00204079343348,17.398,54.941742,0.0,0.0,0.0,14.007655,295.90643,211110117002089825,2021-11-10 11:00:00,11,AM,314,2,Wednesday,0,11,November,2021,0,Unknown
MCP3195002Z,ECFEA8B3F3E64CFBA434F3D02B8D5695,True,NO APPARENT INJURY,NONE,LOOKED BUT DID NOT SEE,PASSENGER,STARTING FROM LANE,East,DISABLING,25,False,False,2,2815627418338661,210045567,Montgomery County Police,Property Damage ,False,East,1,1,LEVEL,False,False,DRIVER,STRAIGHT MOVEMENT ANGLE,DRY,DAYLIGHT,STOP SIGN,INTERSECTION,FOUR-WAY INTERSECTION,STRAIGHT,NO DEFECTS,"TWO-WAY, NOT DIVIDED",39.01458917,-76.98335283,3322405298037516,1009041851221614,0,0,0,2021111013,7698354239018293,Honda,2015,Accord,Midsize Cars,4.0,2.4,Automatic 6,FWD,Regular Gasoline,21,34,BRADDOCK RD,County,COTTRELL TERR,County,1009041851221614,20903,SILVER SPRING,50204.7192451,65972447.4483,39.01829365940637,-76.9835422251861,19.0845,52.124607,0.0,0.0,0.0,10.799999,323.13004,211110136983590182,2021-11-10 13:00:00,13,PM,314,2,Wednesday,0,11,November,2021,0,Unknown
MCP3195002Z,54F45209E0E5436C822AC2892D227488,False,NO APPARENT INJURY,NONE,NOT DISTRACTED,PASSENGER,MOVING CONSTANT SPEED,North,SUPERFICIAL,25,False,False,2,2556345995888572,210045567,Montgomery County Police,Property Damage ,False,East,1,1,LEVEL,False,False,DRIVER,STRAIGHT MOVEMENT ANGLE,DRY,DAYLIGHT,STOP SIGN,INTERSECTION,FOUR-WAY INTERSECTION,STRAIGHT,NO DEFECTS,"TWO-WAY, NOT DIVIDED",39.01458917,-76.98335283,3322405298037516,1009041851221614,0,0,0,2021111013,7698354239018293,Ford,2015,Fusion,Midsize Cars,4.0,2.0,Automatic 6,FWD,Regular Gasoline,22,36,BRADDOCK RD,County,COTTRELL TERR,County,1009041851221614,20903,SILVER SPRING,50204.7192451,65972447.4483,39.01829365940637,-76.9835422251861,19.0845,52.124607,0.0,0.0,0.0,10.799999,323.13004,211110136983590182,2021-11-10 13:00:00,13,PM,314,2,Wednesday,0,11,November,2021,0,Unknown
MCP2723005X,7DA2EACFCF504844A546211BF936291D,False,NO APPARENT INJURY,NONE,NOT DISTRACTED,PASSENGER,MOVING CONSTANT SPEED,East,DISABLING,35,False,False,2,932320174390296,210045633,Montgomery County Police,Property Damage ,False,East,2,2,LEVEL,False,False,DRIVER,STRAIGHT MOVEMENT ANGLE,DRY,DARK LIGHTS ON,TRAFFIC SIGNAL,INTERSECTION,FOUR-WAY INTERSECTION,STRAIGHT,NO DEFECTS,"TWO-WAY, DIVIDED, UNPROTECTED PAINTED MIN 4 FEET",39.09315667,-77.07910667,3786639377990067,8554262040045692,0,0,0,2021111020,7705486039088590,MINI,0,Unknown,Unknown,0.0,0.0,Unknown,Unknown,Unknown,0,0,BEL PRE RD,County,GEORGIA AVE,Maryland (State),8554262040045692,20906,SILVER SPRING,133207.174949,359110751.771,39.08859082555049,-77.05486091907257,11.8325,77.80422,0.0,0.0,0.0,6.6087217,29.357658,211110207054890885,2021-11-10 20:00:00,20,PM,314,2,Wednesday,0,11,November,2021,0,Unknown
MCP2723005X,3AE5E9D7A4C1444CB7738FCC3B9DE079,True,NO APPARENT INJURY,NONE,UNKNOWN,PASSENGER,MAKING LEFT TURN,West,FUNCTIONAL,35,False,False,2,7004010053981027,210045633,Montgomery County Police,Property Damage ,False,East,2,2,LEVEL,False,False,DRIVER,STRAIGHT MOVEMENT ANGLE,DRY,DARK LIGHTS ON,TRAFFIC SIGNAL,INTERSECTION,FOUR-WAY INTERSECTION,STRAIGHT,NO DEFECTS,"TWO-WAY, DIVIDED, UNPROTECTED PAINTED MIN 4 FEET",39.09315667,-77.07910667,3786639377990067,8554262040045692,0,0,0,2021111020,7705486039088590,Honda,2017,Civic,Compact Cars,4.0,1.5,Manual 6,FWD,Regular Gasoline,30,39,BEL PRE RD,County,GEORGIA AVE,Maryland (State),8554262040045692,20906,SILVER SPRING,133207.174949,359110751.771,39.08859082555049,-77.05486091907257,11.8325,77.80422,0.0,0.0,0.0,6.6087217,29.357658,211110207054890885,2021-11-10 20:00:00,20,PM,314,2,Wednesday,0,11,November,2021,0,Unknown
MCP2954009Y,9E25868D66C742B5A975FEB8E3053B6E,False,NO APPARENT INJURY,NONE,NOT DISTRACTED,PASSENGER,STOPPED IN TRAFFIC LANE,South,SUPERFICIAL,40,False,False,3,660615385035114,210045634,Montgomery County Police,Property Damage ,False,South,3,3,LEVEL,False,False,DRIVER,SAME DIR REAR END,UNKNOWN,DARK -- UNKNOWN LIGHTING,NO CONTROLS,NON INTERSECTION,UNKNOWN,STRAIGHT,NO DEFECTS,"TWO-WAY, DIVIDED, POSITIVE MEDIAN BARRIER",39.02322,-76.97841,8901981419077344,2843299409940101,0,0,0,2021111020,7698354239018293,Ford,0,Unknown,Unknown,0.0,0.0,Unknown,Unknown,Unknown,0,0,NEW HAMPSHIRE AVE,Maryland (State),ENT TO BUSINESS,UNKNOWN,2843299409940101,20903,SILVER SPRING,50204.7192451,65972447.4483,39.01829365940637,-76.9835422251861,12.0845,80.79362,0.0,0.0,0.0,6.379216,16.389616,211110206983590182,2021-11-10 20:00:00,20,PM,314,2,Wednesday,0,11,November,2021,0,Unknown
MCP2954009Y,17805C06B15644EB8AEB8B59406D49FB,False,NO APPARENT INJURY,NONE,NOT DISTRACTED,PASSENGER,STOPPED IN TRAFFIC LANE,South,DISABLING,40,False,False,3,6148504880939069,210045634,Montgomery County Police,Property Damage ,False,South,3,3,LEVEL,False,False,DRIVER,SAME DIR REAR END,UNKNOWN,DARK -- UNKNOWN LIGHTING,NO CONTROLS,NON INTERSECTION,UNKNOWN,STRAIGHT,NO DEFECTS,"TWO-WAY, DIVIDED, POSITIVE MEDIAN BARRIER",39.02322,-76.97841,8901981419077344,2843299409940101,0,0,0,2021111020,7698354239018293,Honda,2008,CR-V,Sport Utility Vehicle - 2WD,4.0,2.4,Automatic 5,AWD,Regular Gasoline,20,26,NEW HAMPSHIRE AVE,Maryland (State),ENT TO BUSINESS,UNKNOWN,2843299409940101,20903,SILVER SPRING,50204.7192451,65972447.4483,39.01829365940637,-76.9835422251861,12.0845,80.79362,0.0,0.0,0.0,6.379216,16.389616,211110206983590182,2021-11-10 20:00:00,20,PM,314,2,Wednesday,0,11,November,2021,0,Unknown
MCP2954009Y,5F512FD94A81444B92D9764F7666F6D0,True,NO APPARENT INJURY,NONE,LOOKED BUT DID NOT SEE,PASSENGER,MOVING CONSTANT SPEED,South,DISABLING,40,False,False,3,1143200118883287,210045634,Montgomery County Police,Property Damage ,False,South,3,3,LEVEL,False,False,DRIVER,SAME DIR REAR END,UNKNOWN,DARK -- UNKNOWN LIGHTING,NO CONTROLS,NON INTERSECTION,UNKNOWN,STRAIGHT,NO DEFECTS,"TWO-WAY, DIVIDED, POSITIVE MEDIAN BARRIER",39.02322,-76.97841,8901981419077344,2843299409940101,0,0,0,2021111020,7698354239018293,Hyundai,0,Unknown,Unknown,0.0,0.0,Unknown,Unknown,Unknown,0,0,NEW HAMPSHIRE AVE,Maryland (State),ENT TO BUSINESS,UNKNOWN,2843299409940101,20903,SILVER SPRING,50204.7192451,65972447.4483,39.01829365940637,-76.9835422251861,12.0845,80.79362,0.0,0.0,0.0,6.379216,16.389616,211110206983590182,2021-11-10 20:00:00,20,PM,314,2,Wednesday,0,11,November,2021,0,Unknown
MCP2539001T,55D3F1F2B8DD4B43A9CDAC33C7B73DD5,True,SUSPECTED MINOR INJURY,NONE,NOT DISTRACTED,PASSENGER,STARTING FROM LANE,South,FUNCTIONAL,25,False,False,1,4940576635323255,210045657,Montgomery County Police,Injury ,False,South,2,2,LEVEL,False,False,DRIVER,SINGLE VEHICLE,DRY,DARK LIGHTS ON,FLASHING TRAFFIC SIGNAL,INTERSECTION,FOUR-WAY INTERSECTION,STRAIGHT,NO DEFECTS,ONE-WAY TRAFFICWAY,38.98728374,-77.09853811,4250512694628641,4494898042244063,0,0,0,2021111104,7710072538987731,Chevrolet,2015,Malibu,Midsize Cars,4.0,2.0,Automatic 6,FWD,Regular Gasoline,21,29,WOODMONT AVE,County,OLD GEORGETOWN RD,Maryland (State),4494898042244063,20814,BETHESDA,46411.6876883,47837334.4314,38.98773167577017,-77.10072590539887,9.0485,80.097,0.0,0.0,0.0,10.948973,80.53775,211111047100789877,2021-11-11 04:00:00,4,AM,315,3,Thursday,0,11,November,2021,1,Veterans Day
MCP29400059,A2DD1F427C5441119A8CF0CA75C4FC23,True,NO APPARENT INJURY,NONE,UNKNOWN,PASSENGER,MOVING CONSTANT SPEED,South,DISABLING,35,False,False,1,7868426109636619,210045662,Montgomery County Police,Property Damage ,False,South,2,2,LEVEL,False,False,DRIVER,SINGLE VEHICLE,DRY,DAWN,UNKNOWN,UNKNOWN,UNKNOWN,STRAIGHT,NO DEFECTS,"TWO-WAY, DIVIDED, POSITIVE MEDIAN BARRIER",39.01379947,-77.11807292,4494898042244063,2480831238734810,0,0,0,2021111106,7710519939016894,Toyota,1999,Camry,Compact Cars,4.0,2.2,Automatic 4,FWD,Regular Gasoline,20,28,OLD GEORGETOWN RD,Maryland (State),RYLAND DR,County,2480831238734810,20814,BETHESDA,58373.8630538,68540697.609,39.016894075883464,-77.10519990449882,8.9845,82.04893,0.0,0.0,0.0,10.464798,93.945114,211111067105190168,2021-11-11 06:00:00,6,AM,315,3,Thursday,0,11,November,2021,1,Veterans Day
MCP32720013,070CAAAEC1F8488DAE5B36C8A064DB75,True,NO APPARENT INJURY,NONE,UNKNOWN,PASSENGER,MOVING CONSTANT SPEED,South,SUPERFICIAL,15,False,False,2,451369644141964,210045676,Montgomery County Police,Property Damage ,True,South,1,2,LEVEL,False,False,DRIVER,STRAIGHT MOVEMENT ANGLE,DRY,DAYLIGHT,STOP SIGN,INTERSECTION,T-INTERSECTION,STRAIGHT,NO DEFECTS,"TWO-WAY, NOT DIVIDED",39.01458783,-76.97890267,7259754787171885,5504410288718269,0,0,0,2021111107,7698354239018293,Hyundai,2005,Sonata,Midsize Cars,4.0,2.4,Automatic 4,FWD,Regular Gasoline,17,25,DILSTON RD,County,AVENEL RD,County,5504410288718269,20903,SILVER SPRING,50204.7192451,65972447.4483,39.01829365940637,-76.9835422251861,8.684501,83.15175,0.0,0.0,0.0,11.440978,77.27565,211111076983590182,2021-11-11 07:00:00,7,AM,315,3,Thursday,0,11,November,2021,1,Veterans Day
MCP32720013,E4D88B26272E432D8804C1B73E363739,False,NO APPARENT INJURY,NONE,NOT DISTRACTED,PASSENGER,MAKING LEFT TURN,East,SUPERFICIAL,15,False,False,2,4237795721983856,210045676,Montgomery County Police,Property Damage ,True,South,1,2,LEVEL,False,False,DRIVER,STRAIGHT MOVEMENT ANGLE,DRY,DAYLIGHT,STOP SIGN,INTERSECTION,T-INTERSECTION,STRAIGHT,NO DEFECTS,"TWO-WAY, NOT DIVIDED",39.01458783,-76.97890267,7259754787171885,5504410288718269,0,0,0,2021111107,7698354239018293,Hyundai,2020,Elantra,Midsize Cars,4.0,2.0,Automatic 7,FWD,Regular Gasoline,25,32,DILSTON RD,County,AVENEL RD,County,5504410288718269,20903,SILVER SPRING,50204.7192451,65972447.4483,39.01829365940637,-76.9835422251861,8.684501,83.15175,0.0,0.0,0.0,11.440978,77.27565,211111076983590182,2021-11-11 07:00:00,7,AM,315,3,Thursday,0,11,November,2021,1,Veterans Day
MCP32640024,2E8CA330151544D9AF2200344E218EC1,True,NO APPARENT INJURY,UNKNOWN,UNKNOWN,PASSENGER,BACKING,West,UNKNOWN,5,False,False,2,5807267620342784,210045691,Montgomery County Police,Property Damage ,True,UNKNOWN,0,0,UNKNOWN,True,True,DRIVER,STRAIGHT MOVEMENT ANGLE,UNKNOWN,DAYLIGHT,NO CONTROLS,UNKNOWN,UNKNOWN,UNKNOWN,UNKNOWN,UNKNOWN,38.99084167,-77.02668167,7781945108562677,7781945108562677,0,0,0,2021111110,7703596439001907,Mercedes-Benz,2021,S-Class,Large Cars,8.0,4.0,Automatic 9,4WD,Premium Gasoline,16,26,UNKNOWN,UNKNOWN,UNKNOWN,UNKNOWN,7781945108562677,20910,SILVER SPRING,82846.1568889,126320091.137,39.00190768010143,-77.03596497235911,11.8965,80.49547,0.0,0.0,0.0,9.422101,96.581856,211111107035990019,2021-11-11 10:00:00,10,AM,315,3,Thursday,0,11,November,2021,1,Veterans Day
MCP32640024,2BE425F4E708492E904C3090E3846FE2,False,NO APPARENT INJURY,NONE,NOT DISTRACTED,EMERGENCY,PARKED,UNKNOWN,SUPERFICIAL,5,True,False,2,3705436641116493,210045691,Montgomery County Police,Property Damage ,True,UNKNOWN,0,0,UNKNOWN,True,True,DRIVER,STRAIGHT MOVEMENT ANGLE,UNKNOWN,DAYLIGHT,NO CONTROLS,UNKNOWN,UNKNOWN,UNKNOWN,UNKNOWN,UNKNOWN,38.99084167,-77.02668167,7781945108562677,7781945108562677,0,0,0,2021111110,7703596439001907,Pontiac,2007,Grand Prix,Midsize Cars,6.0,3.8,Automatic 4,FWD,Premium Gasoline,17,26,UNKNOWN,UNKNOWN,UNKNOWN,UNKNOWN,7781945108562677,20910,SILVER SPRING,82846.1568889,126320091.137,39.00190768010143,-77.03596497235911,11.8965,80.49547,0.0,0.0,0.0,9.422101,96.581856,211111107035990019,2021-11-11 10:00:00,10,AM,315,3,Thursday,0,11,November,2021,1,Veterans Day
MCP2845007Y,39840DDA2BE847C8A5600600B8B3B8F5,False,NO APPARENT INJURY,NONE,NOT DISTRACTED,PASSENGER,MOVING CONSTANT SPEED,North,FUNCTIONAL,40,False,False,2,8141508065544851,210045724,Montgomery County Police,Property Damage ,True,North,3,3,LEVEL,False,False,DRIVER,SAME DIRECTION SIDESWIPE,DRY,DAYLIGHT,NO CONTROLS,NON INTERSECTION,UNKNOWN,STRAIGHT,NO DEFECTS,"TWO-WAY, DIVIDED, POSITIVE MEDIAN BARRIER",39.01592292,-76.97754328,8901981419077344,9649119129417744,0,0,0,2021111114,7698354239018293,Mazda,2016,6,Midsize Cars,4.0,2.5,Automatic 6,FWD,Regular Gasoline,25,36,NEW HAMPSHIRE AVE,Maryland (State),RAMP 4 FR MD 650 NB TO IS 495 EB,Ramp,9649119129417744,20903,SILVER SPRING,50204.7192451,65972447.4483,39.01829365940637,-76.9835422251861,18.5845,65.24473,0.0,0.0,0.0,14.003028,133.95847,211111146983590182,2021-11-11 14:00:00,14,PM,315,3,Thursday,0,11,November,2021,1,Veterans Day
MCP2845007Y,1CB81D2C7AFA43EBA46417F5FCCAD8FB,True,NO APPARENT INJURY,UNKNOWN,UNKNOWN,PASSENGER,CHANGING LANES,North,FUNCTIONAL,40,False,False,2,4747793482142804,210045724,Montgomery County Police,Property Damage ,True,North,3,3,LEVEL,False,False,DRIVER,SAME DIRECTION SIDESWIPE,DRY,DAYLIGHT,NO CONTROLS,NON INTERSECTION,UNKNOWN,STRAIGHT,NO DEFECTS,"TWO-WAY, DIVIDED, POSITIVE MEDIAN BARRIER",39.01592292,-76.97754328,8901981419077344,9649119129417744,0,0,0,2021111114,7698354239018293,Ford,2014,Mustang,Subcompact Cars,6.0,3.7,Automatic 6,RWD,Regular Gasoline,19,25,NEW HAMPSHIRE AVE,Maryland (State),RAMP 4 FR MD 650 NB TO IS 495 EB,Ramp,9649119129417744,20903,SILVER SPRING,50204.7192451,65972447.4483,39.01829365940637,-76.9835422251861,18.5845,65.24473,0.0,0.0,0.0,14.003028,133.95847,211111146983590182,2021-11-11 14:00:00,14,PM,315,3,Thursday,0,11,November,2021,1,Veterans Day
MCP32120032,1BB7F36DD99B4A40B9B554908268E289,False,NO APPARENT INJURY,NONE,NOT DISTRACTED,PASSENGER,SLOWING OR STOPPING,North,FUNCTIONAL,35,False,False,2,4595510051903263,210045745,Montgomery County Police,Property Damage ,False,North,3,3,LEVEL,False,False,DRIVER,SAME DIR REAR END,DRY,DAYLIGHT,TRAFFIC SIGNAL,INTERSECTION,T-INTERSECTION,STRAIGHT,NO DEFECTS,"TWO-WAY, DIVIDED, UNPROTECTED PAINTED MIN 4 FEET",39.009683,-77.04046567,8554262040045692,8155717206200682,0,0,0,2021111116,7703596439001907,Honda,0,Unknown,Unknown,0.0,0.0,Unknown,Unknown,Unknown,0,0,GEORGIA AVE,Maryland (State),SEMINARY PL,County,8155717206200682,20910,SILVER SPRING,82846.1568889,126320091.137,39.00190768010143,-77.03596497235911,18.9965,64.05731,0.0,0.0,0.0,17.283749,144.3235,211111167035990019,2021-11-11 16:00:00,16,PM,315,3,Thursday,0,11,November,2021,1,Veterans Day
MCP32120032,0BB3C92B408A49D09C56BC3A9B1B13CA,True,NO APPARENT INJURY,UNKNOWN,LOOKED BUT DID NOT SEE,PASSENGER,MOVING CONSTANT SPEED,North,FUNCTIONAL,35,False,False,2,5242918886989235,210045745,Montgomery County Police,Property Damage ,False,North,3,3,LEVEL,False,False,DRIVER,SAME DIR REAR END,DRY,DAYLIGHT,TRAFFIC SIGNAL,INTERSECTION,T-INTERSECTION,STRAIGHT,NO DEFECTS,"TWO-WAY, DIVIDED, UNPROTECTED PAINTED MIN 4 FEET",39.009683,-77.04046567,8554262040045692,8155717206200682,0,0,0,2021111116,7703596439001907,Chevrolet,2004,SSR Pickup,Standard Pickup Trucks 2WD,8.0,5.3,Automatic 4,RWD,Regular Gasoline,14,18,GEORGIA AVE,Maryland (State),SEMINARY PL,County,8155717206200682,20910,SILVER SPRING,82846.1568889,126320091.137,39.00190768010143,-77.03596497235911,18.9965,64.05731,0.0,0.0,0.0,17.283749,144.3235,211111167035990019,2021-11-11 16:00:00,16,PM,315,3,Thursday,0,11,November,2021,1,Veterans Day
MCP15630075,1C6B39A6AA124F9EA58CEA0B8C9EB712,False,NO APPARENT INJURY,UNKNOWN,NOT DISTRACTED,PASSENGER,MOVING CONSTANT SPEED,South,FUNCTIONAL,30,False,False,2,451902155008482,210045892,Montgomery County Police,Property Damage ,True,South,2,3,LEVEL,False,False,DRIVER,OTHER,DRY,DUSK,NO CONTROLS,NON INTERSECTION,UNKNOWN,STRAIGHT,NO DEFECTS,"TWO-WAY, DIVIDED, POSITIVE MEDIAN BARRIER",38.97704406,-77.07721651,1627793738140795,7806589269723106,0,0,0,2021111117,7707842038983818,Volvo,2006,S40,Compact Cars,5.0,2.5,Automatic 5,FWD,Premium Gasoline,19,27,CONNECTICUT AVE,Maryland (State),BRADLEY LA,Maryland (State),7806589269723106,20815,CHEVY CHASE,78258.2702851,151813895.483,38.98381860627773,-77.07842006190148,18.224499,72.15017,0.0,0.0,0.0,14.693999,120.963684,211111177078489838,2021-11-11 17:00:00,17,PM,315,3,Thursday,0,11,November,2021,1,Veterans Day
MCP15630075,43802A1E91164DB8AFE62C761D52E052,True,NO APPARENT INJURY,UNKNOWN,UNKNOWN,PASSENGER,PASSING,South,FUNCTIONAL,30,False,False,2,2481988948064256,210045892,Montgomery County Police,Property Damage ,True,South,2,3,LEVEL,False,False,DRIVER,OTHER,DRY,DUSK,NO CONTROLS,NON INTERSECTION,UNKNOWN,STRAIGHT,NO DEFECTS,"TWO-WAY, DIVIDED, POSITIVE MEDIAN BARRIER",38.97704406,-77.07721651,1627793738140795,7806589269723106,0,0,0,2021111117,7707842038983818,Subaru,2012,Impreza/Outback Sport,Compact Cars,4.0,2.0,Manual 5,AWD,Premium Gasoline,17,23,CONNECTICUT AVE,Maryland (State),BRADLEY LA,Maryland (State),7806589269723106,20815,CHEVY CHASE,78258.2702851,151813895.483,38.98381860627773,-77.07842006190148,18.224499,72.15017,0.0,0.0,0.0,14.693999,120.963684,211111177078489838,2021-11-11 17:00:00,17,PM,315,3,Thursday,0,11,November,2021,1,Veterans Day
MCP229800Z0,F65C98871C244DD2810DC1956117003F,True,NO APPARENT INJURY,NONE,LOOKED BUT DID NOT SEE,PASSENGER,MOVING CONSTANT SPEED,North,NO DAMAGE,35,False,False,2,7285497949295904,210045753,Montgomery County Police,Property Damage ,False,North,2,3,LEVEL,False,False,DRIVER,SAME DIR REAR END,DRY,DARK LIGHTS ON,TRAFFIC SIGNAL,INTERSECTION RELATED,FOUR-WAY INTERSECTION,STRAIGHT,NO DEFECTS,"TWO-WAY, DIVIDED, POSITIVE MEDIAN BARRIER",39.06798833,-77.06095,8554262040045692,342784259901357,0,0,0,2021111117,7705486039088590,Honda,2009,Civic,Subcompact Cars,4.0,1.8,Automatic 5,FWD,Regular Gasoline,21,36,GEORGIA AVE,Maryland (State),HATHAWAY DR,County,342784259901357,20906,SILVER SPRING,133207.174949,359110751.771,39.08859082555049,-77.05486091907257,17.582499,74.43027,0.0,0.0,0.0,14.982228,125.21768,211111177054890885,2021-11-11 17:00:00,17,PM,315,3,Thursday,0,11,November,2021,1,Veterans Day