ReportNumber,VehicleCrashKey,DriverAtFault,DriverInjurySeverity,DriverSubstanceAbuse,DriverDistractedBy,VehicleType,VehicleMovement,VehicleGoingDir,VehicleDamageExtent,SpeedLimit,ParkedVehicle,SubstanceAbuseContributed,VehiclesCrashedTotal,VehicleKey,LocalCaseNumber,AgencyName,ACRSReportType,HitRun,LaneDirection,LaneNumber,NumberOfLanes,RoadGrade,NonTraffic,OffRoadIncident,AccidentAtFault,CollisionType,SurfaceCondition,Light,TrafficControl,Junction,IntersectionType,RoadAlignment,RoadCondition,RoadDivision,Latitude,Longitude,RoadKey_x,CrossStreetKey,NonMotoristTotal,NonMotoristInjury,NonMotoristFatal,DateHourKey,LocationAreaKey,Make,Year_x,BaseModel,BodyClass,Cylinders,Displacement,Transmission,Drivetrain,FuelType,CityMPG,HighwayMPG,RoadName_x,RouteType_x,RoadName_y,RouteType_y,RoadKey_y,Zipcode,MailCity,ShapeLength,ShapeArea,CentroidLatitude,CentroidLongitude,Temperature,Humidity,Precipitation,Rain,Snow,WindSpeed,WindDirection,WeatherKey,Datetime,Hour,TimeOfDay,DayNumber,WeekDayNumber,WeekDayName,WeekendFlag,MonthNumber,MonthName,Year_y,HolidayFlag,HolidayName
MCP229800Z0,EF219B146EE649BAA46B28C745EF1D32,False,NO APPARENT INJURY,NONE,NOT DISTRACTED,PASSENGER,STOPPED IN TRAFFIC LANE,North,FUNCTIONAL,35,False,False,2,257262959569172,210045753,Montgomery County Police,Property Damage ,False,North,2,3,LEVEL,False,False,DRIVER,SAME DIR REAR END,DRY,DARK LIGHTS ON,TRAFFIC SIGNAL,INTERSECTION RELATED,FOUR-WAY INTERSECTION,STRAIGHT,NO DEFECTS,"TWO-WAY, DIVIDED, POSITIVE MEDIAN BARRIER",39.06798833,-77.06095,8554262040045692,342784259901357,0,0,0,2021111117,7705486039088590,Lexus,2000,ES,Compact Cars,6.0,3.0,Automatic 4,FWD,Regular Gasoline,17,24,GEORGIA AVE,Maryland (State),HATHAWAY DR,County,342784259901357,20906,SILVER SPRING,133207.174949,359110751.771,39.08859082555049,-77.05486091907257,17.582499,74.43027,0.0,0.0,0.0,14.982228,125.21768,211111177054890885,2021-11-11 17:00:00,17,PM,315,3,Thursday,0,11,November,2021,1,Veterans Day
MCP30190044,F368AD5B227E4ACA94921F3742150645,True,NO APPARENT INJURY,UNKNOWN,UNKNOWN,PASSENGER,CHANGING LANES,East,FUNCTIONAL,40,False,False,2,7285498184182570,210045766,Montgomery County Police,Property Damage ,True,East,2,4,LEVEL,False,False,DRIVER,SAME DIRECTION LEFT TURN,DRY,DUSK,TRAFFIC SIGNAL,INTERSECTION,FOUR-WAY INTERSECTION,STRAIGHT,NO DEFECTS,"TWO-WAY, DIVIDED, POSITIVE MEDIAN BARRIER",39.02546,-77.12532333,6477653073943693,4494898042244063,0,0,0,2021111118,7710519939016894,Honda,2007,Civic,Subcompact Cars,4.0,1.8,Automatic 5,FWD,Regular Gasoline,20,36,DEMOCRACY BLVD,County,OLD GEORGETOWN RD,Maryland (State),4494898042244063,20814,BETHESDA,58373.8630538,68540697.609,39.016894075883464,-77.10519990449882,16.484499,81.644295,0.0,0.0,0.0,16.575644,124.3804,211111187105190168,2021-11-11 18:00:00,18,PM,315,3,Thursday,0,11,November,2021,1,Veterans Day
MCP30190044,BCFB8730BB6B4C4F9975EF514C4D6FC6,False,NO APPARENT INJURY,UNKNOWN,NOT DISTRACTED,PASSENGER,STARTING FROM LANE,East,FUNCTIONAL,40,False,False,2,5552969786754156,210045766,Montgomery County Police,Property Damage ,True,East,2,4,LEVEL,False,False,DRIVER,SAME DIRECTION LEFT TURN,DRY,DUSK,TRAFFIC SIGNAL,INTERSECTION,FOUR-WAY INTERSECTION,STRAIGHT,NO DEFECTS,"TWO-WAY, DIVIDED, POSITIVE MEDIAN BARRIER",39.02546,-77.12532333,6477653073943693,4494898042244063,0,0,0,2021111118,7710519939016894,Chevrolet,2019,Silverado,Standard Pickup Trucks 4WD,8.0,5.3,Automatic 6,4WD,Regular Gasoline,15,20,DEMOCRACY BLVD,County,OLD GEORGETOWN RD,Maryland (State),4494898042244063,20814,BETHESDA,58373.8630538,68540697.609,39.016894075883464,-77.10519990449882,16.484499,81.644295,0.0,0.0,0.0,16.575644,124.3804,211111187105190168,2021-11-11 18:00:00,18,PM,315,3,Thursday,0,11,November,2021,1,Veterans Day
MCP3148003H,26074679E5B147319780A0B80EF820BF,True,NO APPARENT INJURY,NONE,LOOKED BUT DID NOT SEE,PASSENGER,MAKING LEFT TURN,West,SUPERFICIAL,15,False,False,2,7731083898951542,210045776,Montgomery County Police,Property Damage ,False,UNKNOWN,0,0,UNKNOWN,True,True,DRIVER,ANGLE MEETS LEFT HEAD ON,UNKNOWN,DARK NO LIGHTS,NO CONTROLS,UNKNOWN,UNKNOWN,UNKNOWN,UNKNOWN,UNKNOWN,39.01437,-77.1049,7781945108562677,7781945108562677,0,0,0,2021111118,7710519939016894,Toyota,2014,Highlander,Standard Sport Utility Vehicle 4WD,6.0,3.5,Automatic 6,AWD,Regular Gasoline,18,25,UNKNOWN,UNKNOWN,UNKNOWN,UNKNOWN,7781945108562677,20814,BETHESDA,58373.8630538,68540697.609,39.016894075883464,-77.10519990449882,16.484499,81.644295,0.0,0.0,0.0,16.575644,124.3804,211111187105190168,2021-11-11 18:00:00,18,PM,315,3,Thursday,0,11,November,2021,1,Veterans Day
MCP3148003H,EC5D9887A14F4D5DB8FACDEC3686F874,False,NO APPARENT INJURY,NONE,NOT DISTRACTED,PASSENGER,MAKING RIGHT TURN,North,DISABLING,15,False,False,2,650507393520698,210045776,Montgomery County Police,Property Damage ,False,UNKNOWN,0,0,UNKNOWN,True,True,DRIVER,ANGLE MEETS LEFT HEAD ON,UNKNOWN,DARK NO LIGHTS,NO CONTROLS,UNKNOWN,UNKNOWN,UNKNOWN,UNKNOWN,UNKNOWN,39.01437,-77.1049,7781945108562677,7781945108562677,0,0,0,2021111118,7710519939016894,Audi,2018,A4,Compact Cars,4.0,2.0,Automatic 7,AWD,Premium Gasoline,24,33,UNKNOWN,UNKNOWN,UNKNOWN,UNKNOWN,7781945108562677,20814,BETHESDA,58373.8630538,68540697.609,39.016894075883464,-77.10519990449882,16.484499,81.644295,0.0,0.0,0.0,16.575644,124.3804,211111187105190168,2021-11-11 18:00:00,18,PM,315,3,Thursday,0,11,November,2021,1,Veterans Day
MCP26010010,0393885EF4D24BF381F40E2343BECCC9,True,NO APPARENT INJURY,NONE,UNKNOWN,PASSENGER,MOVING CONSTANT SPEED,South,SUPERFICIAL,30,False,False,2,3097115313653538,210045788,Montgomery County Police,Property Damage ,False,South,2,3,LEVEL,False,False,DRIVER,SAME DIR REAR END,DRY,DARK LIGHTS ON,UNKNOWN,NON INTERSECTION,UNKNOWN,STRAIGHT,NO DEFECTS,"TWO-WAY, DIVIDED, POSITIVE MEDIAN BARRIER",38.99118333,-77.02723,5660893524410086,4594544677978863,0,0,0,2021111120,7703596439001907,Honda,2003,Accord,Midsize Cars,4.0,2.4,Automatic 5,FWD,Regular Gasoline,18,27,GEORGIA AVE,US (State),SILVER SPRING FIRE STATION #1,UNKNOWN,4594544677978863,20910,SILVER SPRING,82846.1568889,126320091.137,39.00190768010143,-77.03596497235911,14.7965,94.6532,0.0,0.0,0.0,14.799459,131.05472,211111207035990019,2021-11-11 20:00:00,20,PM,315,3,Thursday,0,11,November,2021,1,Veterans Day
MCP26010010,7238214A7EAC4F09BD8FB3A614CF90FC,False,NO APPARENT INJURY,NONE,NOT DISTRACTED,PASSENGER,SLOWING OR STOPPING,South,SUPERFICIAL,30,False,False,2,1314431062089322,210045788,Montgomery County Police,Property Damage ,False,South,2,3,LEVEL,False,False,DRIVER,SAME DIR REAR END,DRY,DARK LIGHTS ON,UNKNOWN,NON INTERSECTION,UNKNOWN,STRAIGHT,NO DEFECTS,"TWO-WAY, DIVIDED, POSITIVE MEDIAN BARRIER",38.99118333,-77.02723,5660893524410086,4594544677978863,0,0,0,2021111120,7703596439001907,Toyota,2007,Corolla,Compact Cars,4.0,1.8,Automatic 4,FWD,Regular Gasoline,26,35,GEORGIA AVE,US (State),SILVER SPRING FIRE STATION #1,UNKNOWN,4594544677978863,20910,SILVER SPRING,82846.1568889,126320091.137,39.00190768010143,-77.03596497235911,14.7965,94.6532,0.0,0.0,0.0,14.799459,131.05472,211111207035990019,2021-11-11 20:00:00,20,PM,315,3,Thursday,0,11,November,2021,1,Veterans Day
MCP32740013,F8C0A756705F4B6CB02C02B9859480E4,True,NO APPARENT INJURY,NONE,OTHER DISTRACTION,PASSENGER,MOVING CONSTANT SPEED,East,DISABLING,35,False,False,2,3233063173565461,210045797,Montgomery County Police,Property Damage ,False,East,1,2,LEVEL,False,False,DRIVER,STRAIGHT MOVEMENT ANGLE,DRY,DARK LIGHTS ON,TRAFFIC SIGNAL,INTERSECTION,T-INTERSECTION,STRAIGHT,NO DEFECTS,"TWO-WAY, DIVIDED, POSITIVE MEDIAN BARRIER",38.99133167,-77.15916833,1363718650800826,3118098575427204,0,0,0,2021111121,7715220038996189,Toyota,0,Unknown,Unknown,0.0,0.0,Unknown,Unknown,Unknown,0,0,RIVER RD,Maryland (State),RAMP 8 FR RAMP 5 (FR IS495) TO MD 190 WB,Ramp,3118098575427204,20817,BETHESDA,143234.920079,403664948.588,38.996189145680184,-77.15220044157795,15.193,94.05879,0.0,0.0,0.0,13.755579,137.12111,211111217152289961,2021-11-11 21:00:00,21,PM,315,3,Thursday,0,11,November,2021,1,Veterans Day
MCP32740013,93DA18E0625C45CBA429176542A3A1E4,False,NO APPARENT INJURY,NONE,NOT DISTRACTED,PASSENGER,ACCELERATING,North,DISABLING,35,False,False,2,5867016784292764,210045797,Montgomery County Police,Property Damage ,False,East,1,2,LEVEL,False,False,DRIVER,STRAIGHT MOVEMENT ANGLE,DRY,DARK LIGHTS ON,TRAFFIC SIGNAL,INTERSECTION,T-INTERSECTION,STRAIGHT,NO DEFECTS,"TWO-WAY, DIVIDED, POSITIVE MEDIAN BARRIER",38.99133167,-77.15916833,1363718650800826,3118098575427204,0,0,0,2021111121,7715220038996189,Honda,2010,CR-V,Sport Utility Vehicle - 2WD,4.0,2.4,Automatic 5,AWD,Regular Gasoline,21,27,RIVER RD,Maryland (State),RAMP 8 FR RAMP 5 (FR IS495) TO MD 190 WB,Ramp,3118098575427204,20817,BETHESDA,143234.920079,403664948.588,38.996189145680184,-77.15220044157795,15.193,94.05879,0.0,0.0,0.0,13.755579,137.12111,211111217152289961,2021-11-11 21:00:00,21,PM,315,3,Thursday,0,11,November,2021,1,Veterans Day
MCP284800BK,12084FD20EB84A47AAECF00450FE11C7,True,NO APPARENT INJURY,NONE,NOT DISTRACTED,PASSENGER,MOVING CONSTANT SPEED,West,DISABLING,55,False,False,1,784325916420970,210045822,Montgomery County Police,Property Damage ,False,West,2,4,LEVEL,False,False,DRIVER,SINGLE VEHICLE,WET,DARK LIGHTS ON,NO CONTROLS,NON INTERSECTION,UNKNOWN,CURVE LEFT,NO DEFECTS,"TWO-WAY, DIVIDED, POSITIVE MEDIAN BARRIER",39.01409333,-77.06120667,2262757322158515,1627793738140795,0,0,0,2021111205,7707527239025656,Chevrolet,2007,Impala,Large Cars,6.0,3.5,Automatic 4,FWD,Regular Gasoline,18,28,CAPITAL BELTWAY,Interstate (State),CONNECTICUT AVE,Maryland (State),1627793738140795,20895,KENSINGTON,70838.1492765,106180148.023,39.02565657266069,-77.07527294437958,15.945499,95.6164,5.3,5.3,0.0,17.283749,181.19347,211112057075290256,2021-11-12 05:00:00,5,AM,316,4,Friday,0,11,November,2021,0,Unknown
MCP3042003K,24D8AC60DB3E4B4D8BE62DEC57E56DC7,True,NO APPARENT INJURY,NONE,NOT DISTRACTED,BUS,SLOWING OR STOPPING,East,SUPERFICIAL,35,False,False,2,2250767647570290,210045825,Montgomery County Police,Injury ,False,East,2,3,GRADE DOWNHILL,False,False,DRIVER,SAME DIR REAR END,WET,DAYLIGHT,TRAFFIC SIGNAL,INTERSECTION RELATED,T-INTERSECTION,STRAIGHT,NO DEFECTS,"TWO-WAY, DIVIDED, POSITIVE MEDIAN BARRIER",39.06627667,-77.03234,8073720238398338,7128679915172456,0,0,0,2021111207,7705486039088590,Freightliner,0,Unknown,Unknown,0.0,0.0,Unknown,Unknown,Unknown,0,0,RANDOLPH RD,County,KEMP MILL RD,County,7128679915172456,20906,SILVER SPRING,133207.174949,359110751.771,39.08859082555049,-77.05486091907257,15.4825,100.0,1.8,1.8,0.0,14.404499,178.56793,211112077054890885,2021-11-12 07:00:00,7,AM,316,4,Friday,0,11,November,2021,0,Unknown
MCP3042003K,5CEF3A89971E4E4BA31773B7B7F52215,False,POSSIBLE INJURY,NONE,NOT DISTRACTED,PASSENGER,SLOWING OR STOPPING,East,SUPERFICIAL,35,False,False,2,1704977912840261,210045825,Montgomery County Police,Injury ,False,East,2,3,GRADE DOWNHILL,False,False,DRIVER,SAME DIR REAR END,WET,DAYLIGHT,TRAFFIC SIGNAL,INTERSECTION RELATED,T-INTERSECTION,STRAIGHT,NO DEFECTS,"TWO-WAY, DIVIDED, POSITIVE MEDIAN BARRIER",39.06627667,-77.03234,8073720238398338,7128679915172456,0,0,0,2021111207,7705486039088590,Ford,2019,Edge,Small Sport Utility Vehicle 4WD,4.0,2.0,Automatic 8,AWD,Regular Gasoline,19,26,RANDOLPH RD,County,KEMP MILL RD,County,7128679915172456,20906,SILVER SPRING,133207.174949,359110751.771,39.08859082555049,-77.05486091907257,15.4825,100.0,1.8,1.8,0.0,14.404499,178.56793,211112077054890885,2021-11-12 07:00:00,7,AM,316,4,Friday,0,11,November,2021,0,Unknown
MCP32640026,6C1057FBAE484BD4BA1FD22CA54B5C7D,True,NO APPARENT INJURY,NONE,NOT DISTRACTED,EMERGENCY,MOVING CONSTANT SPEED,West,FUNCTIONAL,25,False,False,1,5157334875220943,210045853,Montgomery County Police,Property Damage ,False,South,1,2,LEVEL,False,False,DRIVER,SINGLE VEHICLE,WET,DAYLIGHT,TRAFFIC SIGNAL,INTERSECTION,FOUR-WAY INTERSECTION,CURVE RIGHT,NO DEFECTS,"TWO-WAY, NOT DIVIDED",39.00533745,-77.02298826,5267462721107280,3912318926152506,0,0,0,2021111207,7703596439001907,Ford,2018,Taurus,Large Cars,6.0,3.5,Automatic 6,AWD,Regular Gasoline,17,24,COLUMBIA BLVD,County,DALE DR,County,3912318926152506,20910,SILVER SPRING,82846.1568889,126320091.137,39.00190768010143,-77.03596497235911,15.796499,95.919205,2.6,2.6,0.0,16.62249,175.03035,211112077035990019,2021-11-12 07:00:00,7,AM,316,4,Friday,0,11,November,2021,0,Unknown
MCP30550037,2C2242ADF5D741EF9335EC7AD36E6D0D,True,NO APPARENT INJURY,UNKNOWN,LOOKED BUT DID NOT SEE,BUS,BACKING,East,SUPERFICIAL,15,False,False,1,2250767647570290,210045832,Montgomery County Police,Property Damage ,False,UNKNOWN,0,0,UNKNOWN,True,True,DRIVER,OTHER,UNKNOWN,DAYLIGHT,NO CONTROLS,UNKNOWN,UNKNOWN,UNKNOWN,UNKNOWN,UNKNOWN,39.07836333,-77.07141,7781945108562677,7781945108562677,0,0,0,2021111208,7705486039088590,Freightliner,0,Unknown,Unknown,0.0,0.0,Unknown,Unknown,Unknown,0,0,UNKNOWN,UNKNOWN,UNKNOWN,UNKNOWN,7781945108562677,20906,SILVER SPRING,133207.174949,359110751.771,39.08859082555049,-77.05486091907257,15.4325,99.99999,2.2,2.2,0.0,10.144082,242.52565,211112087054890885,2021-11-12 08:00:00,8,AM,316,4,Friday,0,11,November,2021,0,Unknown
MCP30450046,80C4DEEE91734688A42CE8E3F461100D,False,POSSIBLE INJURY,NONE,NOT DISTRACTED,PASSENGER,STOPPED IN TRAFFIC LANE,East,FUNCTIONAL,35,False,False,3,9530107367341165,210045842,Montgomery County Police,Injury ,False,East,3,3,LEVEL,False,False,DRIVER,SAME DIR REAR END,WET,DAYLIGHT,UNKNOWN,UNKNOWN,UNKNOWN,STRAIGHT,NO DEFECTS,"TWO-WAY, DIVIDED, POSITIVE MEDIAN BARRIER",39.02164,-77.14492167,6477653073943693,4274229180843804,0,0,0,2021111209,7715220038996189,Nissan,2011,Rogue,Sport Utility Vehicle - 2WD,4.0,2.5,Automatic CVT,AWD,Regular Gasoline,22,26,DEMOCRACY BLVD,County,RAMP 3 FR DEMOCRACY BLVD TO IS 270Y NB,Ramp,4274229180843804,20817,BETHESDA,143234.920079,403664948.588,38.996189145680184,-77.15220044157795,13.993,99.67626,2.0,2.0,0.0,12.904882,300.1413,211112097152289961,2021-11-12 09:00:00,9,AM,316,4,Friday,0,11,November,2021,0,Unknown
MCP30450046,8D98AFBFB6CB45B1B4019578EFFF7966,True,NO APPARENT INJURY,NONE,INATTENTIVE OR LOST IN THOUGHT,PASSENGER,MOVING CONSTANT SPEED,East,DISABLING,35,False,False,3,3716495242369980,210045842,Montgomery County Police,Injury ,False,East,3,3,LEVEL,False,False,DRIVER,SAME DIR REAR END,WET,DAYLIGHT,UNKNOWN,UNKNOWN,UNKNOWN,STRAIGHT,NO DEFECTS,"TWO-WAY, DIVIDED, POSITIVE MEDIAN BARRIER",39.02164,-77.14492167,6477653073943693,4274229180843804,0,0,0,2021111209,7715220038996189,Chevrolet,2006,Colorado,Standard Pickup Trucks 2WD,4.0,2.8,Automatic 4,RWD,Regular Gasoline,15,21,DEMOCRACY BLVD,County,RAMP 3 FR DEMOCRACY BLVD TO IS 270Y NB,Ramp,4274229180843804,20817,BETHESDA,143234.920079,403664948.588,38.996189145680184,-77.15220044157795,13.993,99.67626,2.0,2.0,0.0,12.904882,300.1413,211112097152289961,2021-11-12 09:00:00,9,AM,316,4,Friday,0,11,November,2021,0,Unknown
MCP30450046,3E5F9C2E12744D1BB0BF8FE54239661E,False,POSSIBLE INJURY,NONE,NOT DISTRACTED,PASSENGER,STOPPED IN TRAFFIC LANE,East,DISABLING,35,False,False,3,6171912244707134,210045842,Montgomery County Police,Injury ,False,East,3,3,LEVEL,False,False,DRIVER,SAME DIR REAR END,WET,DAYLIGHT,UNKNOWN,UNKNOWN,UNKNOWN,STRAIGHT,NO DEFECTS,"TWO-WAY, DIVIDED, POSITIVE MEDIAN BARRIER",39.02164,-77.14492167,6477653073943693,4274229180843804,0,0,0,2021111209,7715220038996189,Volkswagen,2011,Tiguan,Sport Utility Vehicle - 2WD,4.0,2.0,Automatic 6,FWD,Premium Gasoline,18,25,DEMOCRACY BLVD,County,RAMP 3 FR DEMOCRACY BLVD TO IS 270Y NB,Ramp,4274229180843804,20817,BETHESDA,143234.920079,403664948.588,38.996189145680184,-77.15220044157795,13.993,99.67626,2.0,2.0,0.0,12.904882,300.1413,211112097152289961,2021-11-12 09:00:00,9,AM,316,4,Friday,0,11,November,2021,0,Unknown
MCP3109005W,6E95F4632EF449348DDA47FBFCEE28E1,False,NO APPARENT INJURY,NONE,NOT DISTRACTED,PASSENGER,STOPPED IN TRAFFIC LANE,West,SUPERFICIAL,30,False,False,4,4940576618545636,210042773,Montgomery County Police,Property Damage ,True,West,1,1,LEVEL,False,False,DRIVER,SAME DIR REAR END,WET,DAYLIGHT,NO CONTROLS,NON INTERSECTION,UNKNOWN,STRAIGHT,NO DEFECTS,"TWO-WAY, DIVIDED, UNPROTECTED PAINTED MIN 4 FEET",39.01593637,-77.03688578,6348574661209490,1089628855624532,0,0,0,2021111209,7703596439001907,Chevrolet,2014,Malibu,Midsize Cars,4.0,2.0,Automatic 6,FWD,Regular Gasoline,21,29,FOREST GLEN RD,County,DAMERON DR,County,1089628855624532,20910,SILVER SPRING,82846.1568889,126320091.137,39.00190768010143,-77.03596497235911,15.0465,96.20625,1.5,1.5,0.0,13.570615,291.80148,211112097035990019,2021-11-12 09:00:00,9,AM,316,4,Friday,0,11,November,2021,0,Unknown
MCP3109005W,FD25E6A3A34849328006146B2228B946,False,NO APPARENT INJURY,NONE,NOT DISTRACTED,PASSENGER,STOPPED IN TRAFFIC LANE,West,SUPERFICIAL,30,False,False,4,5157335009441895,210042773,Montgomery County Police,Property Damage ,True,West,1,1,LEVEL,False,False,DRIVER,SAME DIR REAR END,WET,DAYLIGHT,NO CONTROLS,NON INTERSECTION,UNKNOWN,STRAIGHT,NO DEFECTS,"TWO-WAY, DIVIDED, UNPROTECTED PAINTED MIN 4 FEET",39.01593637,-77.03688578,6348574661209490,1089628855624532,0,0,0,2021111209,7703596439001907,Ford,2010,Taurus,Large Cars,6.0,3.5,Automatic 6,FWD,Regular Gasoline,17,25,FOREST GLEN RD,County,DAMERON DR,County,1089628855624532,20910,SILVER SPRING,82846.1568889,126320091.137,39.00190768010143,-77.03596497235911,15.0465,96.20625,1.5,1.5,0.0,13.570615,291.80148,211112097035990019,2021-11-12 09:00:00,9,AM,316,4,Friday,0,11,November,2021,0,Unknown
MCP3109005W,39D1A4121E45405991C7F2456FB06BD7,False,NO APPARENT INJURY,NONE,NOT DISTRACTED,PASSENGER,STOPPED IN TRAFFIC LANE,West,SUPERFICIAL,30,False,False,4,502837786219427,210042773,Montgomery County Police,Property Damage ,True,West,1,1,LEVEL,False,False,DRIVER,SAME DIR REAR END,WET,DAYLIGHT,NO CONTROLS,NON INTERSECTION,UNKNOWN,STRAIGHT,NO DEFECTS,"TWO-WAY, DIVIDED, UNPROTECTED PAINTED MIN 4 FEET",39.01593637,-77.03688578,6348574661209490,1089628855624532,0,0,0,2021111209,7703596439001907,Chevrolet,2017,Impala,Large Cars,6.0,3.6,Automatic 6,FWD,Regular Gasoline,18,28,FOREST GLEN RD,County,DAMERON DR,County,1089628855624532,20910,SILVER SPRING,82846.1568889,126320091.137,39.00190768010143,-77.03596497235911,15.0465,96.20625,1.5,1.5,0.0,13.570615,291.80148,211112097035990019,2021-11-12 09:00:00,9,AM,316,4,Friday,0,11,November,2021,0,Unknown
MCP3109005W,5B8B29E7606A441D8B353C15EA10485A,True,NO APPARENT INJURY,UNKNOWN,UNKNOWN,PASSENGER,MOVING CONSTANT SPEED,West,UNKNOWN,30,False,False,4,3063454610736256,210042773,Montgomery County Police,Property Damage ,True,West,1,1,LEVEL,False,False,DRIVER,SAME DIR REAR END,WET,DAYLIGHT,NO CONTROLS,NON INTERSECTION,UNKNOWN,STRAIGHT,NO DEFECTS,"TWO-WAY, DIVIDED, UNPROTECTED PAINTED MIN 4 FEET",39.01593637,-77.03688578,6348574661209490,1089628855624532,0,0,0,2021111209,7703596439001907,Ford,2011,F150,Standard Pickup Trucks 4WD,6.0,3.5,Automatic 6,4WD,Regular Gasoline,15,21,FOREST GLEN RD,County,DAMERON DR,County,1089628855624532,20910,SILVER SPRING,82846.1568889,126320091.137,39.00190768010143,-77.03596497235911,15.0465,96.20625,1.5,1.5,0.0,13.570615,291.80148,211112097035990019,2021-11-12 09:00:00,9,AM,316,4,Friday,0,11,November,2021,0,Unknown
MCP2651004Y,9EDE6AF30E9D4C23AC94E537193CF665,False,NO APPARENT INJURY,UNKNOWN,NOT DISTRACTED,PASSENGER,STOPPED IN TRAFFIC LANE,North,FUNCTIONAL,40,False,False,2,8224256121084747,210045867,Montgomery County Police,Property Damage ,True,North,5,5,LEVEL,False,False,DRIVER,SAME DIR REAR END,WET,DAYLIGHT,TRAFFIC SIGNAL,UNKNOWN,FOUR-WAY INTERSECTION,STRAIGHT,NO DEFECTS,"TWO-WAY, DIVIDED, POSITIVE MEDIAN BARRIER",39.03665533,-76.98900978,8901981419077344,853158400567476,0,0,0,2021111211,7697146539036011,Toyota,2018,Prius,Midsize Cars,4.0,1.8,Automatic CVT,FWD,Regular Gasoline,54,50,NEW HAMPSHIRE AVE,Maryland (State),NORTHWEST DR,County,853158400567476,20993,SILVER SPRING,29796.9417713,31161143.5697,39.03601162551873,-76.97146578197675,14.368,84.66187,0.0,0.0,0.0,14.973577,297.18103,211112116971490360,2021-11-12 11:00:00,11,AM,316,4,Friday,0,11,November,2021,0,Unknown
MCP2651004Y,6B175F673FE04AF29EE0BDBBF2ED5E28,True,NO APPARENT INJURY,UNKNOWN,UNKNOWN,PASSENGER,UNKNOWN,North,FUNCTIONAL,40,False,False,2,2408098578175280,210045867,Montgomery County Police,Property Damage ,True,North,5,5,LEVEL,False,False,DRIVER,SAME DIR REAR END,WET,DAYLIGHT,TRAFFIC SIGNAL,UNKNOWN,FOUR-WAY INTERSECTION,STRAIGHT,NO DEFECTS,"TWO-WAY, DIVIDED, POSITIVE MEDIAN BARRIER",39.03665533,-76.98900978,8901981419077344,853158400567476,0,0,0,2021111211,7697146539036011,Ford,2015,Focus,Compact Cars,4.0,2.0,Automatic 6,FWD,Regular Gasoline,26,35,NEW HAMPSHIRE AVE,Maryland (State),NORTHWEST DR,County,853158400567476,20993,SILVER SPRING,29796.9417713,31161143.5697,39.03601162551873,-76.97146578197675,14.368,84.66187,0.0,0.0,0.0,14.973577,297.18103,211112116971490360,2021-11-12 11:00:00,11,AM,316,4,Friday,0,11,November,2021,0,Unknown
MCP137800Z7,17D59C468C044283AC465DE00A795330,True,NO APPARENT INJURY,NONE,NOT DISTRACTED,PASSENGER,MOVING CONSTANT SPEED,North,DISABLING,35,False,False,2,9886165103034418,210045897,Montgomery County Police,Property Damage ,False,North,3,3,GRADE DOWNHILL,False,False,DRIVER,SAME DIR REAR END,DRY,DAYLIGHT,NO CONTROLS,NON INTERSECTION,UNKNOWN,STRAIGHT,NO DEFECTS,"TWO-WAY, DIVIDED, POSITIVE MEDIAN BARRIER",39.07484167,-77.06741167,8554262040045692,1704133836219751,0,0,0,2021111214,7705486039088590,Toyota,2012,Tundra,Standard Pickup Trucks 2WD,8.0,5.7,Automatic 6,4WD,Regular Gasoline,13,18,GEORGIA AVE,Maryland (State),VERONA DR,County,1704133836219751,20906,SILVER SPRING,133207.174949,359110751.771,39.08859082555049,-77.05486091907257,16.582499,38.086445,0.0,0.0,0.0,12.879752,296.56497,211112147054890885,2021-11-12 14:00:00,14,PM,316,4,Friday,0,11,November,2021,0,Unknown
MCP137800Z7,67C8FDDFD31D432881FA86386D567E8C,False,NO APPARENT INJURY,NONE,NOT DISTRACTED,PASSENGER,SLOWING OR STOPPING,North,DISABLING,35,False,False,2,1032942998998255,210045897,Montgomery County Police,Property Damage ,False,North,3,3,GRADE DOWNHILL,False,False,DRIVER,SAME DIR REAR END,DRY,DAYLIGHT,NO CONTROLS,NON INTERSECTION,UNKNOWN,STRAIGHT,NO DEFECTS,"TWO-WAY, DIVIDED, POSITIVE MEDIAN BARRIER",39.07484167,-77.06741167,8554262040045692,1704133836219751,0,0,0,2021111214,7705486039088590,Toyota,2013,Corolla,Compact Cars,4.0,1.8,Automatic 4,FWD,Regular Gasoline,26,33,GEORGIA AVE,Maryland (State),VERONA DR,County,1704133836219751,20906,SILVER SPRING,133207.174949,359110751.771,39.08859082555049,-77.05486091907257,16.582499,38.086445,0.0,0.0,0.0,12.879752,296.56497,211112147054890885,2021-11-12 14:00:00,14,PM,316,4,Friday,0,11,November,2021,0,Unknown