ReportNumber,VehicleCrashKey,DriverAtFault,DriverInjurySeverity,DriverSubstanceAbuse,DriverDistractedBy,VehicleType,VehicleMovement,VehicleGoingDir,VehicleDamageExtent,SpeedLimit,ParkedVehicle,SubstanceAbuseContributed,VehiclesCrashedTotal,VehicleKey,LocalCaseNumber,AgencyName,ACRSReportType,HitRun,LaneDirection,LaneNumber,NumberOfLanes,RoadGrade,NonTraffic,OffRoadIncident,AccidentAtFault,CollisionType,SurfaceCondition,Light,TrafficControl,Junction,IntersectionType,RoadAlignment,RoadCondition,RoadDivision,Latitude,Longitude,RoadKey_x,CrossStreetKey,NonMotoristTotal,NonMotoristInjury,NonMotoristFatal,DateHourKey,LocationAreaKey,Make,Year_x,BaseModel,BodyClass,Cylinders,Displacement,Transmission,Drivetrain,FuelType,CityMPG,HighwayMPG,RoadName_x,RouteType_x,RoadName_y,RouteType_y,RoadKey_y,Zipcode,MailCity,ShapeLength,ShapeArea,CentroidLatitude,CentroidLongitude,Temperature,Humidity,Precipitation,Rain,Snow,WindSpeed,WindDirection,WeatherKey,Datetime,Hour,TimeOfDay,DayNumber,WeekDayNumber,WeekDayName,WeekendFlag,MonthNumber,MonthName,Year_y,HolidayFlag,HolidayName
MCP31840027,CDBF9981EA894A249210321C3CA5E73E,True,NO APPARENT INJURY,ALCOHOL,NOT DISTRACTED,PASSENGER,MOVING CONSTANT SPEED,South,FUNCTIONAL,35,False,False,1,751452889037670,210046144,Montgomery County Police,Property Damage ,False,South,3,3,LEVEL,False,False,DRIVER,SINGLE VEHICLE,DRY,DARK LIGHTS ON,UNKNOWN,UNKNOWN,UNKNOWN,STRAIGHT,NO DEFECTS,"TWO-WAY, DIVIDED, POSITIVE MEDIAN BARRIER",39.03173167,-76.984465,8901981419077344,8865548530191134,0,0,0,2021111404,7697146539036011,Toyota,2021,Corolla,Compact Cars,4.0,2.0,Automatic 10,FWD,Regular Gasoline,29,38,NEW HAMPSHIRE AVE,Maryland (State),RUPPERT RD,County,8865548530191134,20993,SILVER SPRING,29796.9417713,31161143.5697,39.03601162551873,-76.97146578197675,2.668,64.8791,0.0,0.0,0.0,11.367109,280.954,211114046971490360,2021-11-14 04:00:00,4,AM,318,6,Sunday,1,11,November,2021,0,Unknown
MCP3302000R,07243B5E8A404AE2A07D14240215D689,True,NO APPARENT INJURY,NONE,UNKNOWN,PASSENGER,MOVING CONSTANT SPEED,South,FUNCTIONAL,40,False,False,3,9816242623111360,210046013,Montgomery County Police,Injury ,False,South,2,3,LEVEL,False,False,DRIVER,SAME DIRECTION SIDESWIPE,DRY,DUSK,UNKNOWN,INTERSECTION RELATED,FOUR-WAY INTERSECTION,STRAIGHT,NO DEFECTS,"TWO-WAY, DIVIDED, POSITIVE MEDIAN BARRIER",39.01541442,-76.97770272,8901981419077344,4991976696759948,0,0,0,2021111406,7698354239018293,Audi,2012,A8,Large Cars,8.0,4.2,Automatic 8,AWD,Premium Gasoline,18,28,NEW HAMPSHIRE AVE,Maryland (State),OAKVIEW DR,County,4991976696759948,20903,SILVER SPRING,50204.7192451,65972447.4483,39.01829365940637,-76.9835422251861,2.3845,69.30286,0.0,0.0,0.0,11.525623,284.47034,211114066983590182,2021-11-14 06:00:00,6,AM,318,6,Sunday,1,11,November,2021,0,Unknown
MCP3302000R,581DFFA6132D42799A1BE876BFACCD33,False,NO APPARENT INJURY,NONE,NOT DISTRACTED,PASSENGER,MOVING CONSTANT SPEED,South,FUNCTIONAL,40,False,False,3,7285498167404951,210046013,Montgomery County Police,Injury ,False,South,2,3,LEVEL,False,False,DRIVER,SAME DIRECTION SIDESWIPE,DRY,DUSK,UNKNOWN,INTERSECTION RELATED,FOUR-WAY INTERSECTION,STRAIGHT,NO DEFECTS,"TWO-WAY, DIVIDED, POSITIVE MEDIAN BARRIER",39.01541442,-76.97770272,8901981419077344,4991976696759948,0,0,0,2021111406,7698354239018293,Honda,2004,Civic,Compact Cars,4.0,1.7,Manual 5,FWD,Regular Gasoline,26,34,NEW HAMPSHIRE AVE,Maryland (State),OAKVIEW DR,County,4991976696759948,20903,SILVER SPRING,50204.7192451,65972447.4483,39.01829365940637,-76.9835422251861,2.3845,69.30286,0.0,0.0,0.0,11.525623,284.47034,211114066983590182,2021-11-14 06:00:00,6,AM,318,6,Sunday,1,11,November,2021,0,Unknown
MCP3302000R,4F47F8428E7341AEBCD19A9FEA0DBABC,False,SUSPECTED MINOR INJURY,NONE,NOT DISTRACTED,PASSENGER,MOVING CONSTANT SPEED,South,DISABLING,40,False,False,3,7871367620570760,210046013,Montgomery County Police,Injury ,False,South,2,3,LEVEL,False,False,DRIVER,SAME DIRECTION SIDESWIPE,DRY,DUSK,UNKNOWN,INTERSECTION RELATED,FOUR-WAY INTERSECTION,STRAIGHT,NO DEFECTS,"TWO-WAY, DIVIDED, POSITIVE MEDIAN BARRIER",39.01541442,-76.97770272,8901981419077344,4991976696759948,0,0,0,2021111406,7698354239018293,Toyota,2019,RAV4,Small Sport Utility Vehicle 4WD,4.0,2.5,Automatic 8,AWD,Regular Gasoline,25,33,NEW HAMPSHIRE AVE,Maryland (State),OAKVIEW DR,County,4991976696759948,20903,SILVER SPRING,50204.7192451,65972447.4483,39.01829365940637,-76.9835422251861,2.3845,69.30286,0.0,0.0,0.0,11.525623,284.47034,211114066983590182,2021-11-14 06:00:00,6,AM,318,6,Sunday,1,11,November,2021,0,Unknown
MCP3064003Z,41F0E58B58714361B56F771451C99978,True,POSSIBLE INJURY,ALCOHOL,UNKNOWN,PASSENGER,ACCELERATING,East,FUNCTIONAL,45,False,False,2,3024108994911838,210046062,Montgomery County Police,Injury ,True,South,1,3,LEVEL,False,False,DRIVER,STRAIGHT MOVEMENT ANGLE,UNKNOWN,DAYLIGHT,UNKNOWN,UNKNOWN,UNKNOWN,STRAIGHT,NO DEFECTS,"TWO-WAY, DIVIDED, POSITIVE MEDIAN BARRIER",39.05714077,-77.08441358,5808984873878396,2745381308312522,0,0,0,2021111408,7705486039088590,Hummer,2006,H3,Sport Utility Vehicle - 4WD,5.0,3.5,Automatic 4,AWD,Regular Gasoline,14,18,VEIRS MILL RD,County,GRIDLEY RD,County,2745381308312522,20906,SILVER SPRING,133207.174949,359110751.771,39.08859082555049,-77.05486091907257,1.5325,75.29049,0.0,0.0,0.0,9.021574,241.38963,211114087054890885,2021-11-14 08:00:00,8,AM,318,6,Sunday,1,11,November,2021,0,Unknown
MCP3064003Z,F4BEF11AB74946F29265C2E585D4130F,False,NO APPARENT INJURY,NONE,NOT DISTRACTED,PASSENGER,MOVING CONSTANT SPEED,South,DESTROYED,45,False,False,2,7868426025748524,210046062,Montgomery County Police,Injury ,True,South,1,3,LEVEL,False,False,DRIVER,STRAIGHT MOVEMENT ANGLE,UNKNOWN,DAYLIGHT,UNKNOWN,UNKNOWN,UNKNOWN,STRAIGHT,NO DEFECTS,"TWO-WAY, DIVIDED, POSITIVE MEDIAN BARRIER",39.05714077,-77.08441358,5808984873878396,2745381308312522,0,0,0,2021111408,7705486039088590,Toyota,1994,Camry,Midsize Cars,4.0,2.2,Automatic 4,FWD,Regular Gasoline,16,26,VEIRS MILL RD,County,GRIDLEY RD,County,2745381308312522,20906,SILVER SPRING,133207.174949,359110751.771,39.08859082555049,-77.05486091907257,1.5325,75.29049,0.0,0.0,0.0,9.021574,241.38963,211114087054890885,2021-11-14 08:00:00,8,AM,318,6,Sunday,1,11,November,2021,0,Unknown
DM8490001F,566255BDD8F748CAB43CFA60442DB0C1,True,NO APPARENT INJURY,UNKNOWN,UNKNOWN,PASSENGER,STOPPED IN TRAFFIC LANE,East,UNKNOWN,25,False,False,2,1124859119817757,210046161,Takoma Park Police Depart,Property Damage ,True,East,2,2,LEVEL,False,False,DRIVER,SAME DIR REAR END,DRY,DAYLIGHT,TRAFFIC SIGNAL,INTERSECTION,FOUR-WAY INTERSECTION,STRAIGHT,NO DEFECTS,"TWO-WAY, DIVIDED, POSITIVE MEDIAN BARRIER",38.9753915,-76.99516767,8901981419077344,8581221189109699,0,0,0,2021111411,7700204038982546,Jeep,1995,Cherokee,Special Purpose Vehicles,4.0,2.5,Manual 5,AWD,Regular Gasoline,15,17,NEW HAMPSHIRE AVE,Maryland (State),ETHAN ALLEN AVE,Maryland (State),8581221189109699,20912,TAKOMA PARK,51232.0653417,65209197.2692,38.98254687160147,-77.00204079343348,6.148,53.89265,0.0,0.0,0.0,10.144082,242.52565,211114117002089825,2021-11-14 11:00:00,11,AM,318,6,Sunday,1,11,November,2021,0,Unknown
DM8490001F,F9D90AA55DFF45FE8CF1942332A1299F,False,NO APPARENT INJURY,UNKNOWN,NOT DISTRACTED,PASSENGER,MOVING CONSTANT SPEED,East,SUPERFICIAL,25,False,False,2,8336304027396468,210046161,Takoma Park Police Depart,Property Damage ,True,East,2,2,LEVEL,False,False,DRIVER,SAME DIR REAR END,DRY,DAYLIGHT,TRAFFIC SIGNAL,INTERSECTION,FOUR-WAY INTERSECTION,STRAIGHT,NO DEFECTS,"TWO-WAY, DIVIDED, POSITIVE MEDIAN BARRIER",38.9753915,-76.99516767,8901981419077344,8581221189109699,0,0,0,2021111411,7700204038982546,Chevrolet,2020,Spark,Subcompact Cars,4.0,1.4,Automatic CVT,FWD,Regular Gasoline,29,37,NEW HAMPSHIRE AVE,Maryland (State),ETHAN ALLEN AVE,Maryland (State),8581221189109699,20912,TAKOMA PARK,51232.0653417,65209197.2692,38.98254687160147,-77.00204079343348,6.148,53.89265,0.0,0.0,0.0,10.144082,242.52565,211114117002089825,2021-11-14 11:00:00,11,AM,318,6,Sunday,1,11,November,2021,0,Unknown
MCP12020055,0DDCBC5134E1419A9CD48C284A05BAED,True,NO APPARENT INJURY,UNKNOWN,OTHER DISTRACTION,PASSENGER,BACKING,North,FUNCTIONAL,5,False,False,1,196173887850659,210046179,Montgomery County Police,Property Damage ,True,UNKNOWN,0,0,UNKNOWN,True,True,DRIVER,OTHER,UNKNOWN,DAYLIGHT,NO CONTROLS,UNKNOWN,UNKNOWN,UNKNOWN,UNKNOWN,UNKNOWN,38.99966167,-77.12118667,7781945108562677,7781945108562677,0,0,0,2021111412,7715220038996189,Toyota,2006,4Runner,Sport Utility Vehicle - 2WD,6.0,4.0,Automatic 5,AWD,Regular Gasoline,15,18,UNKNOWN,UNKNOWN,UNKNOWN,UNKNOWN,7781945108562677,20817,BETHESDA,143234.920079,403664948.588,38.996189145680184,-77.15220044157795,7.143,50.874203,0.0,0.0,0.0,8.217153,208.8107,211114127152289961,2021-11-14 12:00:00,12,PM,318,6,Sunday,1,11,November,2021,0,Unknown
MCP289100B2,AA4123A4A16245BFBD6BB47F6BEE2563,False,NO APPARENT INJURY,NONE,NOT DISTRACTED,PASSENGER,MOVING CONSTANT SPEED,North,FUNCTIONAL,35,False,False,3,5785042049362643,210046185,Montgomery County Police,Property Damage ,False,North,1,4,LEVEL,False,False,UNKNOWN,SAME DIRECTION SIDESWIPE,DRY,DAYLIGHT,TRAFFIC SIGNAL,INTERSECTION RELATED,FOUR-WAY INTERSECTION,STRAIGHT,UNKNOWN,"TWO-WAY, DIVIDED, POSITIVE MEDIAN BARRIER",39.01553964,-77.04258801,8554262040045692,6348574661209490,0,0,0,2021111413,7703596439001907,Chevrolet,2020,Malibu,Midsize Cars,4.0,1.5,Automatic 9,FWD,Premium Gasoline,22,32,GEORGIA AVE,Maryland (State),FOREST GLEN RD,County,6348574661209490,20910,SILVER SPRING,82846.1568889,126320091.137,39.00190768010143,-77.03596497235911,7.1465,50.50023,0.0,0.0,0.0,11.159999,180.0,211114137035990019,2021-11-14 13:00:00,13,PM,318,6,Sunday,1,11,November,2021,0,Unknown
MCP289100B2,311C6CC78BAA480CA0A41FE6DA3323C3,False,NO APPARENT INJURY,NONE,NOT DISTRACTED,PASSENGER,STOPPED IN TRAFFIC LANE,North,FUNCTIONAL,35,False,False,3,7026902005199944,210046185,Montgomery County Police,Property Damage ,False,North,1,4,LEVEL,False,False,UNKNOWN,SAME DIRECTION SIDESWIPE,DRY,DAYLIGHT,TRAFFIC SIGNAL,INTERSECTION RELATED,FOUR-WAY INTERSECTION,STRAIGHT,UNKNOWN,"TWO-WAY, DIVIDED, POSITIVE MEDIAN BARRIER",39.01553964,-77.04258801,8554262040045692,6348574661209490,0,0,0,2021111413,7703596439001907,Toyota,2020,RAV4,Small Sport Utility Vehicle 4WD,4.0,2.5,Automatic 8,AWD,Regular Gasoline,27,33,GEORGIA AVE,Maryland (State),FOREST GLEN RD,County,6348574661209490,20910,SILVER SPRING,82846.1568889,126320091.137,39.00190768010143,-77.03596497235911,7.1465,50.50023,0.0,0.0,0.0,11.159999,180.0,211114137035990019,2021-11-14 13:00:00,13,PM,318,6,Sunday,1,11,November,2021,0,Unknown
MCP289100B2,5A9E98C353684202AEAA7F3B80C4202D,False,NO APPARENT INJURY,NONE,LOOKED BUT DID NOT SEE,PASSENGER,CHANGING LANES,North,DISABLING,35,False,False,3,1032942998998255,210046185,Montgomery County Police,Property Damage ,False,North,1,4,LEVEL,False,False,UNKNOWN,SAME DIRECTION SIDESWIPE,DRY,DAYLIGHT,TRAFFIC SIGNAL,INTERSECTION RELATED,FOUR-WAY INTERSECTION,STRAIGHT,UNKNOWN,"TWO-WAY, DIVIDED, POSITIVE MEDIAN BARRIER",39.01553964,-77.04258801,8554262040045692,6348574661209490,0,0,0,2021111413,7703596439001907,Toyota,2013,Corolla,Compact Cars,4.0,1.8,Automatic 4,FWD,Regular Gasoline,26,33,GEORGIA AVE,Maryland (State),FOREST GLEN RD,County,6348574661209490,20910,SILVER SPRING,82846.1568889,126320091.137,39.00190768010143,-77.03596497235911,7.1465,50.50023,0.0,0.0,0.0,11.159999,180.0,211114137035990019,2021-11-14 13:00:00,13,PM,318,6,Sunday,1,11,November,2021,0,Unknown
DM8480000S,1FD2BDA50269498B8AF1543FD0154082,True,SUSPECTED MINOR INJURY,NONE,UNKNOWN,PASSENGER,MOVING CONSTANT SPEED,North,DISABLING,25,False,False,1,5826783019741363,210046214,Takoma Park Police Depart,Injury ,False,North,1,2,HILL UPHILL,False,False,DRIVER,SINGLE VEHICLE,DRY,DARK LIGHTS ON,NO CONTROLS,UNKNOWN,UNKNOWN,CURVE RIGHT,NO DEFECTS,"TWO-WAY, NOT DIVIDED",38.98434333,-76.99904,8859724431699981,8127040603275407,0,0,0,2021111419,7700204038982546,BMW,0,Unknown,Unknown,0.0,0.0,Unknown,Unknown,Unknown,0,0,CARROLL AVE,Maryland (State),FLOWER AVE,Municipality,8127040603275407,20912,TAKOMA PARK,51232.0653417,65209197.2692,38.98254687160147,-77.00204079343348,8.048,50.566963,0.0,0.0,0.0,11.440979,204.14554,211114197002089825,2021-11-14 19:00:00,19,PM,318,6,Sunday,1,11,November,2021,0,Unknown
MCP1205007H,124E57BC818D47F2931840057C6E9FA6,False,SUSPECTED SERIOUS INJURY,NONE,NOT DISTRACTED,PASSENGER,MAKING LEFT TURN,West,DISABLING,35,False,False,2,4960220375123743,210046325,Montgomery County Police,Injury ,False,North,1,3,LEVEL,False,False,DRIVER,STRAIGHT MOVEMENT ANGLE,DRY,DAYLIGHT,TRAFFIC SIGNAL,INTERSECTION,FOUR-WAY INTERSECTION,STRAIGHT,NO DEFECTS,"TWO-WAY, DIVIDED, POSITIVE MEDIAN BARRIER",39.02246787,-77.10278324,5925405510732472,9624603609515706,0,0,0,2021111513,7710519939016894,Buick,0,Unknown,Unknown,0.0,0.0,Unknown,Unknown,Unknown,0,0,ROCKVILLE PIKE,Maryland (State),GROSVENOR LA,County,9624603609515706,20814,BETHESDA,58373.8630538,68540697.609,39.016894075883464,-77.10519990449882,8.934501,47.39942,0.0,0.0,0.0,26.925497,299.64978,211115137105190168,2021-11-15 13:00:00,13,PM,319,0,Monday,0,11,November,2021,0,Unknown
MCP1323001K,08665DAE21DF4530B425E5178DE5D6E2,False,NO APPARENT INJURY,NONE,NOT DISTRACTED,PASSENGER,MOVING CONSTANT SPEED,West,FUNCTIONAL,25,False,False,2,6312893571399229,210046352,Montgomery County Police,Property Damage ,True,West,1,2,HILL UPHILL,False,False,DRIVER,SAME DIRECTION SIDESWIPE,DRY,DAYLIGHT,YIELD SIGN,INTERSECTION RELATED,FOUR-WAY INTERSECTION,CURVE RIGHT,NO DEFECTS,"TWO-WAY, NOT DIVIDED",38.987875,-77.02426167,200088595810112,3841913771910457,0,0,0,2021111513,7703596439001907,Chevrolet,0,Unknown,Unknown,0.0,0.0,Unknown,Unknown,Unknown,0,0,BURLINGTON AVE,Maryland (State),SPUR FR FENTON ST,UNKNOWN,3841913771910457,20910,SILVER SPRING,82846.1568889,126320091.137,39.00190768010143,-77.03596497235911,8.8465,45.997967,0.0,0.0,0.0,26.260265,298.67307,211115137035990019,2021-11-15 13:00:00,13,PM,319,0,Monday,0,11,November,2021,0,Unknown
MCP1323001K,5F2125309FD74BB09450C74679BF8E02,True,NO APPARENT INJURY,UNKNOWN,UNKNOWN,PASSENGER,ENTERING TRAFFIC LANE,West,FUNCTIONAL,25,False,False,2,5082261790350385,210046352,Montgomery County Police,Property Damage ,True,West,1,2,HILL UPHILL,False,False,DRIVER,SAME DIRECTION SIDESWIPE,DRY,DAYLIGHT,YIELD SIGN,INTERSECTION RELATED,FOUR-WAY INTERSECTION,CURVE RIGHT,NO DEFECTS,"TWO-WAY, NOT DIVIDED",38.987875,-77.02426167,200088595810112,3841913771910457,0,0,0,2021111513,7703596439001907,Hyundai,2012,Elantra,Midsize Cars,4.0,1.8,Automatic 4,FWD,Regular Gasoline,23,30,BURLINGTON AVE,Maryland (State),SPUR FR FENTON ST,UNKNOWN,3841913771910457,20910,SILVER SPRING,82846.1568889,126320091.137,39.00190768010143,-77.03596497235911,8.8465,45.997967,0.0,0.0,0.0,26.260265,298.67307,211115137035990019,2021-11-15 13:00:00,13,PM,319,0,Monday,0,11,November,2021,0,Unknown
MCP1205007H,E315C7AED7404A0AB7249CD408F91C82,True,NO APPARENT INJURY,NONE,NOT DISTRACTED,TRUCK,MOVING CONSTANT SPEED,North,DISABLING,35,False,False,2,2250767647570290,210046325,Montgomery County Police,Injury ,False,North,1,3,LEVEL,False,False,DRIVER,STRAIGHT MOVEMENT ANGLE,DRY,DAYLIGHT,TRAFFIC SIGNAL,INTERSECTION,FOUR-WAY INTERSECTION,STRAIGHT,NO DEFECTS,"TWO-WAY, DIVIDED, POSITIVE MEDIAN BARRIER",39.02246787,-77.10278324,5925405510732472,9624603609515706,0,0,0,2021111513,7710519939016894,Freightliner,0,Unknown,Unknown,0.0,0.0,Unknown,Unknown,Unknown,0,0,ROCKVILLE PIKE,Maryland (State),GROSVENOR LA,County,9624603609515706,20814,BETHESDA,58373.8630538,68540697.609,39.016894075883464,-77.10519990449882,8.934501,47.39942,0.0,0.0,0.0,26.925497,299.64978,211115137105190168,2021-11-15 13:00:00,13,PM,319,0,Monday,0,11,November,2021,0,Unknown
MCP2782003S,EBB737CC67034CC0BD63AB3528430353,True,NO APPARENT INJURY,UNKNOWN,UNKNOWN,PASSENGER,CHANGING LANES,South,FUNCTIONAL,35,False,False,2,3233063173565461,210046382,Montgomery County Police,Property Damage ,True,South,1,3,GRADE DOWNHILL,False,False,DRIVER,SAME DIRECTION SIDESWIPE,DRY,DARK LIGHTS ON,NO CONTROLS,NON INTERSECTION,UNKNOWN,STRAIGHT,NO DEFECTS,"TWO-WAY, DIVIDED, POSITIVE MEDIAN BARRIER",39.07970117,-77.07400517,8554262040045692,6653866210450982,0,0,0,2021111517,7705486039088590,Toyota,0,Unknown,Unknown,0.0,0.0,Unknown,Unknown,Unknown,0,0,GEORGIA AVE,Maryland (State),WENDY LA,County,6653866210450982,20906,SILVER SPRING,133207.174949,359110751.771,39.08859082555049,-77.05486091907257,7.2825,47.273758,0.0,0.0,0.0,17.309973,286.92758,211115177054890885,2021-11-15 17:00:00,17,PM,319,0,Monday,0,11,November,2021,0,Unknown
MCP2782003S,0D3B3840F5B74FF9ABDC685A09D690EF,False,NO APPARENT INJURY,NONE,NOT DISTRACTED,PASSENGER,MOVING CONSTANT SPEED,South,DISABLING,35,False,False,2,6326503226202740,210046382,Montgomery County Police,Property Damage ,True,South,1,3,GRADE DOWNHILL,False,False,DRIVER,SAME DIRECTION SIDESWIPE,DRY,DARK LIGHTS ON,NO CONTROLS,NON INTERSECTION,UNKNOWN,STRAIGHT,NO DEFECTS,"TWO-WAY, DIVIDED, POSITIVE MEDIAN BARRIER",39.07970117,-77.07400517,8554262040045692,6653866210450982,0,0,0,2021111517,7705486039088590,Toyota,2019,Tacoma,Small Pickup Trucks 4WD,6.0,3.5,Automatic 6,4WD,Regular Gasoline,17,22,GEORGIA AVE,Maryland (State),WENDY LA,County,6653866210450982,20906,SILVER SPRING,133207.174949,359110751.771,39.08859082555049,-77.05486091907257,7.2825,47.273758,0.0,0.0,0.0,17.309973,286.92758,211115177054890885,2021-11-15 17:00:00,17,PM,319,0,Monday,0,11,November,2021,0,Unknown
MCP3230002L,CE0263B785D5429FB3DCD2017B3534A5,True,NO APPARENT INJURY,NONE,NOT DISTRACTED,PASSENGER,CHANGING LANES,South,DISABLING,35,False,False,2,1032942965443017,210046407,Montgomery County Police,Injury ,False,East,1,3,HILL UPHILL,False,False,DRIVER,SAME DIRECTION RIGHT TURN,DRY,DARK LIGHTS ON,TRAFFIC SIGNAL,INTERSECTION,FOUR-WAY INTERSECTION,STRAIGHT,NO DEFECTS,"TWO-WAY, DIVIDED, UNPROTECTED PAINTED MIN 4 FEET",39.053221,-77.089465,8073720238398338,8886326516954162,0,0,0,2021111521,7705486039088590,Toyota,2015,Corolla,Midsize Cars,4.0,1.8,Automatic CVT,FWD,Regular Gasoline,28,36,RANDOLPH RD,County,DEWEY RD,County,8886326516954162,20906,SILVER SPRING,133207.174949,359110751.771,39.08859082555049,-77.05486091907257,2.6825001,63.921947,0.0,0.0,0.0,9.3669195,267.79745,211115217054890885,2021-11-15 21:00:00,21,PM,319,0,Monday,0,11,November,2021,0,Unknown
MCP3230002L,2B0A4583FE10412B8499EBB8D7959F0B,False,NO APPARENT INJURY,NONE,NOT DISTRACTED,PASSENGER,MOVING CONSTANT SPEED,East,SUPERFICIAL,35,False,False,2,8525273639438202,210046407,Montgomery County Police,Injury ,False,East,1,3,HILL UPHILL,False,False,DRIVER,SAME DIRECTION RIGHT TURN,DRY,DARK LIGHTS ON,TRAFFIC SIGNAL,INTERSECTION,FOUR-WAY INTERSECTION,STRAIGHT,NO DEFECTS,"TWO-WAY, DIVIDED, UNPROTECTED PAINTED MIN 4 FEET",39.053221,-77.089465,8073720238398338,8886326516954162,0,0,0,2021111521,7705486039088590,Toyota,2001,Camry,Compact Cars,4.0,2.2,Automatic 4,FWD,Regular Gasoline,17,25,RANDOLPH RD,County,DEWEY RD,County,8886326516954162,20906,SILVER SPRING,133207.174949,359110751.771,39.08859082555049,-77.05486091907257,2.6825001,63.921947,0.0,0.0,0.0,9.3669195,267.79745,211115217054890885,2021-11-15 21:00:00,21,PM,319,0,Monday,0,11,November,2021,0,Unknown
DM85020005,EB1BAC4AE1994BC2B5943B99679E51C8,True,NO APPARENT INJURY,NONE,NOT DISTRACTED,BUS,PASSING,North,NO DAMAGE,15,False,False,1,5539297115578144,210046416,Takoma Park Police Depart,Property Damage ,False,North,1,2,LEVEL,False,False,DRIVER,UNKNOWN,DRY,DARK LIGHTS ON,NO CONTROLS,UNKNOWN,OTHER,STRAIGHT,NO DEFECTS,"TWO-WAY, NOT DIVIDED",38.9909715,-77.00192417,3492999203417397,1318105321771268,0,0,0,2021111521,7700204038982546,Orion,0,Unknown,Unknown,0.0,0.0,Unknown,Unknown,Unknown,0,0,FLOWER AVE,County,FLOWER AVE (BACK),Maryland (State),1318105321771268,20912,TAKOMA PARK,51232.0653417,65209197.2692,38.98254687160147,-77.00204079343348,3.698,59.12222,0.0,0.0,0.0,10.8955765,277.59454,211115217002089825,2021-11-15 21:00:00,21,PM,319,0,Monday,0,11,November,2021,0,Unknown
MCP32900013,45B4C61C4820467F9195C8B36553AB9B,False,NO APPARENT INJURY,NONE,UNKNOWN,PASSENGER,UNKNOWN,North,SUPERFICIAL,0,False,False,2,1745230597634484,210046417,Montgomery County Police,Property Damage ,True,North,1,1,LEVEL,False,False,DRIVER,SAME DIR REAR END,DRY,DARK LIGHTS ON,NO CONTROLS,INTERSECTION,FOUR-WAY INTERSECTION,STRAIGHT,NO DEFECTS,"TWO-WAY, DIVIDED, POSITIVE MEDIAN BARRIER",38.98988496,-76.99351041,8859724431699981,8835879337178019,0,0,0,2021111522,7700204038982546,Chrysler,2008,Aspen,Sport Utility Vehicle - 2WD,8.0,4.7,Automatic 5,AWD,Regular Gasoline,13,19,CARROLL AVE,Maryland (State),WILDWOOD DR,Municipality,8835879337178019,20912,TAKOMA PARK,51232.0653417,65209197.2692,38.98254687160147,-77.00204079343348,3.148,61.920883,0.0,0.0,0.0,10.08,270.0,211115227002089825,2021-11-15 22:00:00,22,PM,319,0,Monday,0,11,November,2021,0,Unknown
MCP32900013,38EDC340434B4E9BB72443EDDBEF7E68,True,NO APPARENT INJURY,UNKNOWN,UNKNOWN,PASSENGER,SLOWING OR STOPPING,North,DISABLING,25,False,False,2,2815627334450566,210046417,Montgomery County Police,Property Damage ,True,North,1,1,LEVEL,False,False,DRIVER,SAME DIR REAR END,DRY,DARK LIGHTS ON,NO CONTROLS,INTERSECTION,FOUR-WAY INTERSECTION,STRAIGHT,NO DEFECTS,"TWO-WAY, DIVIDED, POSITIVE MEDIAN BARRIER",38.98988496,-76.99351041,8859724431699981,8835879337178019,0,0,0,2021111522,7700204038982546,Honda,2010,Accord,Compact Cars,4.0,2.4,Automatic 5,FWD,Regular Gasoline,19,31,CARROLL AVE,Maryland (State),WILDWOOD DR,Municipality,8835879337178019,20912,TAKOMA PARK,51232.0653417,65209197.2692,38.98254687160147,-77.00204079343348,3.148,61.920883,0.0,0.0,0.0,10.08,270.0,211115227002089825,2021-11-15 22:00:00,22,PM,319,0,Monday,0,11,November,2021,0,Unknown
MCP3140001X,3451603C22A7493FA6711914CEE2EAF0,True,NO APPARENT INJURY,UNKNOWN,INATTENTIVE OR LOST IN THOUGHT,BUS,MAKING RIGHT TURN,East,FUNCTIONAL,20,False,False,1,240722642832247,210046430,Montgomery County Police,Property Damage ,False,West,1,1,LEVEL,False,False,DRIVER,SAME DIRECTION SIDESWIPE,DRY,DARK LIGHTS ON,STOP SIGN,INTERSECTION RELATED,FOUR-WAY INTERSECTION,STRAIGHT,NO DEFECTS,"TWO-WAY, NOT DIVIDED",38.99624346,-77.05870094,5365273429726534,9028707874815146,0,0,0,2021111605,7707842038983818,Gillig,0,Unknown,Unknown,0.0,0.0,Unknown,Unknown,Unknown,0,0,TERRACE DR,County,FREYMAN DR,County,9028707874815146,20815,CHEVY CHASE,78258.2702851,151813895.483,38.98381860627773,-77.07842006190148,1.0245,74.92199,0.0,0.0,0.0,8.825508,281.76825,211116057078489838,2021-11-16 05:00:00,5,AM,320,1,Tuesday,0,11,November,2021,0,Unknown
MCP3215002F,CF3BDE60025F495395DCF89C3FC6BA98,False,NO APPARENT INJURY,NONE,NOT DISTRACTED,TRUCK,SLOWING OR STOPPING,South,SUPERFICIAL,30,False,False,2,7134637742852258,210046436,Montgomery County Police,Property Damage ,False,South,2,3,LEVEL,False,False,DRIVER,SAME DIR REAR END,DRY,DAYLIGHT,NO CONTROLS,NON INTERSECTION,UNKNOWN,STRAIGHT,NO DEFECTS,"TWO-WAY, DIVIDED, POSITIVE MEDIAN BARRIER",39.03491552,-77.07514465,1627793738140795,215895710208707,0,0,0,2021111607,7707527239025656,Chevrolet,2017,Trax,Small Sport Utility Vehicle 2WD,4.0,1.4,Automatic 6,AWD,Regular Gasoline,24,30,CONNECTICUT AVE,Maryland (State),LAWRENCE AVE,County,215895710208707,20895,KENSINGTON,70838.1492765,106180148.023,39.02565657266069,-77.07527294437958,0.5455,78.83564,0.0,0.0,0.0,9.255571,283.49576,211116077075290256,2021-11-16 07:00:00,7,AM,320,1,Tuesday,0,11,November,2021,0,Unknown