ReportNumber,VehicleCrashKey,DriverAtFault,DriverInjurySeverity,DriverSubstanceAbuse,DriverDistractedBy,VehicleType,VehicleMovement,VehicleGoingDir,VehicleDamageExtent,SpeedLimit,ParkedVehicle,SubstanceAbuseContributed,VehiclesCrashedTotal,VehicleKey,LocalCaseNumber,AgencyName,ACRSReportType,HitRun,LaneDirection,LaneNumber,NumberOfLanes,RoadGrade,NonTraffic,OffRoadIncident,AccidentAtFault,CollisionType,SurfaceCondition,Light,TrafficControl,Junction,IntersectionType,RoadAlignment,RoadCondition,RoadDivision,Latitude,Longitude,RoadKey_x,CrossStreetKey,NonMotoristTotal,NonMotoristInjury,NonMotoristFatal,DateHourKey,LocationAreaKey,Make,Year_x,BaseModel,BodyClass,Cylinders,Displacement,Transmission,Drivetrain,FuelType,CityMPG,HighwayMPG,RoadName_x,RouteType_x,RoadName_y,RouteType_y,RoadKey_y,Zipcode,MailCity,ShapeLength,ShapeArea,CentroidLatitude,CentroidLongitude,Temperature,Humidity,Precipitation,Rain,Snow,WindSpeed,WindDirection,WeatherKey,Datetime,Hour,TimeOfDay,DayNumber,WeekDayNumber,WeekDayName,WeekendFlag,MonthNumber,MonthName,Year_y,HolidayFlag,HolidayName
MCP3124004Q,EBD09C304BB44A7E888271D88CDBC846,True,NO APPARENT INJURY,NONE,DISTRACTED BY OUTSIDE PERSON OBJECT OR EVENT,PASSENGER,MOVING CONSTANT SPEED,West,SUPERFICIAL,25,False,False,2,869295622334414,210047346,Montgomery County Police,Injury ,False,UNKNOWN,0,0,UNKNOWN,True,True,DRIVER,SAME DIR REAR END,UNKNOWN,UNKNOWN,NO CONTROLS,UNKNOWN,UNKNOWN,UNKNOWN,UNKNOWN,UNKNOWN,39.056125,-77.08209833,7781945108562677,7781945108562677,0,0,0,2021112120,7705486039088590,Dodge,0,Unknown,Unknown,0.0,0.0,Unknown,Unknown,Unknown,0,0,UNKNOWN,UNKNOWN,UNKNOWN,UNKNOWN,7781945108562677,20906,SILVER SPRING,133207.174949,359110751.771,39.08859082555049,-77.05486091907257,8.5825,71.56372,0.0,0.0,0.0,12.496719,191.6336,211121207054890885,2021-11-21 20:00:00,20,PM,325,6,Sunday,1,11,November,2021,0,Unknown
MCP3124004Q,3B1888DD3279472D8DA2B40931744980,False,POSSIBLE INJURY,NONE,NOT DISTRACTED,PASSENGER,STOPPED IN TRAFFIC LANE,West,SUPERFICIAL,25,False,False,2,4595510051903263,210047346,Montgomery County Police,Injury ,False,UNKNOWN,0,0,UNKNOWN,True,True,DRIVER,SAME DIR REAR END,UNKNOWN,UNKNOWN,NO CONTROLS,UNKNOWN,UNKNOWN,UNKNOWN,UNKNOWN,UNKNOWN,39.056125,-77.08209833,7781945108562677,7781945108562677,0,0,0,2021112120,7705486039088590,Honda,0,Unknown,Unknown,0.0,0.0,Unknown,Unknown,Unknown,0,0,UNKNOWN,UNKNOWN,UNKNOWN,UNKNOWN,7781945108562677,20906,SILVER SPRING,133207.174949,359110751.771,39.08859082555049,-77.05486091907257,8.5825,71.56372,0.0,0.0,0.0,12.496719,191.6336,211121207054890885,2021-11-21 20:00:00,20,PM,325,6,Sunday,1,11,November,2021,0,Unknown
MCP2522001D,6BE59007B7EB41EE838AB39644B4D463,False,NO APPARENT INJURY,NONE,NOT DISTRACTED,PASSENGER,MOVING CONSTANT SPEED,North,DESTROYED,30,False,False,2,7871367536682665,210047375,Montgomery County Police,Property Damage ,False,South,0,2,LEVEL,False,False,DRIVER,STRAIGHT MOVEMENT ANGLE,WET,DARK -- UNKNOWN LIGHTING,FLASHING TRAFFIC SIGNAL,INTERSECTION,FOUR-WAY INTERSECTION,STRAIGHT,NO DEFECTS,"TWO-WAY, DIVIDED, UNPROTECTED PAINTED MIN 4 FEET",39.03099462,-77.08625587,915669685319325,1431569093396660,0,0,0,2021112205,7707527239025656,Toyota,2012,RAV4,Sport Utility Vehicle - 2WD,4.0,2.5,Automatic 4,FWD,Regular Gasoline,19,26,KNOWLES AVE,Maryland (State),BEACH DR,Government,1431569093396660,20895,KENSINGTON,70838.1492765,106180148.023,39.02565657266069,-77.07527294437958,7.8954997,99.66037,0.2,0.2,0.0,10.483357,285.94547,211122057075290256,2021-11-22 05:00:00,5,AM,326,0,Monday,0,11,November,2021,0,Unknown
MCP2522001D,0403AB66CD514CE19D15386A77A36BF5,True,NO APPARENT INJURY,NONE,LOOKED BUT DID NOT SEE,PASSENGER,MOVING CONSTANT SPEED,South,DESTROYED,30,False,False,2,167655129106908,210047375,Montgomery County Police,Property Damage ,False,South,0,2,LEVEL,False,False,DRIVER,STRAIGHT MOVEMENT ANGLE,WET,DARK -- UNKNOWN LIGHTING,FLASHING TRAFFIC SIGNAL,INTERSECTION,FOUR-WAY INTERSECTION,STRAIGHT,NO DEFECTS,"TWO-WAY, DIVIDED, UNPROTECTED PAINTED MIN 4 FEET",39.03099462,-77.08625587,915669685319325,1431569093396660,0,0,0,2021112205,7707527239025656,Toyota,2003,Tundra,Standard Pickup Trucks 2WD,6.0,3.4,Automatic 4,AWD,Regular Gasoline,15,18,KNOWLES AVE,Maryland (State),BEACH DR,Government,1431569093396660,20895,KENSINGTON,70838.1492765,106180148.023,39.02565657266069,-77.07527294437958,7.8954997,99.66037,0.2,0.2,0.0,10.483357,285.94547,211122057075290256,2021-11-22 05:00:00,5,AM,326,0,Monday,0,11,November,2021,0,Unknown
MCP3109005Y,313ECFE1A531406B818F0F7C34D4A84C,True,NO APPARENT INJURY,NONE,NOT DISTRACTED,PASSENGER,CHANGING LANES,South,FUNCTIONAL,35,False,False,3,1032942931887779,210047377,Montgomery County Police,Property Damage ,False,South,4,4,LEVEL,False,False,DRIVER,SAME DIRECTION SIDESWIPE,WET,DARK LIGHTS ON,TRAFFIC SIGNAL,INTERSECTION,FOUR-WAY INTERSECTION,STRAIGHT,NO DEFECTS,"TWO-WAY, DIVIDED, UNPROTECTED PAINTED MIN 4 FEET",39.00906533,-77.0404125,8554262040045692,424439313025704,0,0,0,2021112206,7703596439001907,Toyota,2017,Corolla,Midsize Cars,4.0,1.8,Automatic CVT,FWD,Regular Gasoline,28,35,GEORGIA AVE,Maryland (State),SEMINARY RD,County,424439313025704,20910,SILVER SPRING,82846.1568889,126320091.137,39.00190768010143,-77.03596497235911,7.7465,93.711555,0.1,0.1,0.0,9.983106,295.64096,211122067035990019,2021-11-22 06:00:00,6,AM,326,0,Monday,0,11,November,2021,0,Unknown
MCP3109005Y,4A103905050849639F06CDA1E71E26DD,False,NO APPARENT INJURY,NONE,NOT DISTRACTED,PASSENGER,MOVING CONSTANT SPEED,South,DISABLING,35,False,False,3,7004010288867693,210047377,Montgomery County Police,Property Damage ,False,South,4,4,LEVEL,False,False,DRIVER,SAME DIRECTION SIDESWIPE,WET,DARK LIGHTS ON,TRAFFIC SIGNAL,INTERSECTION,FOUR-WAY INTERSECTION,STRAIGHT,NO DEFECTS,"TWO-WAY, DIVIDED, UNPROTECTED PAINTED MIN 4 FEET",39.00906533,-77.0404125,8554262040045692,424439313025704,0,0,0,2021112206,7703596439001907,Honda,2019,Civic,Compact Cars,4.0,1.5,Manual 6,FWD,Regular Gasoline,30,38,GEORGIA AVE,Maryland (State),SEMINARY RD,County,424439313025704,20910,SILVER SPRING,82846.1568889,126320091.137,39.00190768010143,-77.03596497235911,7.7465,93.711555,0.1,0.1,0.0,9.983106,295.64096,211122067035990019,2021-11-22 06:00:00,6,AM,326,0,Monday,0,11,November,2021,0,Unknown
MCP3109005Y,8EB5C771A9474BE6A42A306E644BB800,False,NO APPARENT INJURY,NONE,NOT DISTRACTED,PASSENGER,MAKING LEFT TURN,South,SUPERFICIAL,35,False,False,3,1683704591641235,210047377,Montgomery County Police,Property Damage ,False,South,4,4,LEVEL,False,False,DRIVER,SAME DIRECTION SIDESWIPE,WET,DARK LIGHTS ON,TRAFFIC SIGNAL,INTERSECTION,FOUR-WAY INTERSECTION,STRAIGHT,NO DEFECTS,"TWO-WAY, DIVIDED, UNPROTECTED PAINTED MIN 4 FEET",39.00906533,-77.0404125,8554262040045692,424439313025704,0,0,0,2021112206,7703596439001907,Ford,2015,Transit Connect,Special Purpose Vehicle 2WD,4.0,2.5,Automatic 6,FWD,Regular Gasoline,20,28,GEORGIA AVE,Maryland (State),SEMINARY RD,County,424439313025704,20910,SILVER SPRING,82846.1568889,126320091.137,39.00190768010143,-77.03596497235911,7.7465,93.711555,0.1,0.1,0.0,9.983106,295.64096,211122067035990019,2021-11-22 06:00:00,6,AM,326,0,Monday,0,11,November,2021,0,Unknown
MCP30260075,126AC1F5B44843288B5855502954AB1D,True,NO APPARENT INJURY,NONE,NOT DISTRACTED,TRUCK,MOVING CONSTANT SPEED,North,SUPERFICIAL,35,False,False,2,5157334925553800,210047392,Montgomery County Police,Property Damage ,False,North,2,3,LEVEL,False,False,DRIVER,SAME DIRECTION SIDESWIPE,DRY,DAYLIGHT,TRAFFIC SIGNAL,INTERSECTION,FOUR-WAY INTERSECTION,STRAIGHT,NO DEFECTS,"TWO-WAY, DIVIDED, POSITIVE MEDIAN BARRIER",38.97824667,-77.077085,1627793738140795,3259326823337285,0,0,0,2021112209,7707842038983818,Ford,2015,Taurus,Large Cars,6.0,3.5,Automatic 6,AWD,Regular Gasoline,18,26,CONNECTICUT AVE,Maryland (State),RAYMOND ST,Municipality,3259326823337285,20815,CHEVY CHASE,78258.2702851,151813895.483,38.98381860627773,-77.07842006190148,7.6745,88.68353,0.0,0.0,0.0,10.883676,325.78424,211122097078489838,2021-11-22 09:00:00,9,AM,326,0,Monday,0,11,November,2021,0,Unknown
MCP30260075,8471EA9971584EE3B7E923C2C8DC7469,False,NO APPARENT INJURY,NONE,NOT DISTRACTED,BUS,MOVING CONSTANT SPEED,North,SUPERFICIAL,35,False,False,2,6691677547236723,210047392,Montgomery County Police,Property Damage ,False,North,2,3,LEVEL,False,False,DRIVER,SAME DIRECTION SIDESWIPE,DRY,DAYLIGHT,TRAFFIC SIGNAL,INTERSECTION,FOUR-WAY INTERSECTION,STRAIGHT,NO DEFECTS,"TWO-WAY, DIVIDED, POSITIVE MEDIAN BARRIER",38.97824667,-77.077085,1627793738140795,3259326823337285,0,0,0,2021112209,7707842038983818,Thomas,0,Unknown,Unknown,0.0,0.0,Unknown,Unknown,Unknown,0,0,CONNECTICUT AVE,Maryland (State),RAYMOND ST,Municipality,3259326823337285,20815,CHEVY CHASE,78258.2702851,151813895.483,38.98381860627773,-77.07842006190148,7.6745,88.68353,0.0,0.0,0.0,10.883676,325.78424,211122097078489838,2021-11-22 09:00:00,9,AM,326,0,Monday,0,11,November,2021,0,Unknown
MCP33070010,77324CD3C8E349B281D366AE236B00A1,True,NO APPARENT INJURY,NONE,UNKNOWN,BUS,MAKING RIGHT TURN,West,FUNCTIONAL,30,False,False,2,6691677547236723,210047410,Montgomery County Police,Property Damage ,False,West,0,1,LEVEL,False,False,DRIVER,SAME DIR REND RIGHT TURN,WET,DAYLIGHT,TRAFFIC SIGNAL,INTERSECTION,FOUR-WAY INTERSECTION,STRAIGHT,NO DEFECTS,"TWO-WAY, NOT DIVIDED",39.06317667,-77.054535,670409629174736,8554262040045692,0,0,0,2021112209,7705486039088590,Thomas,0,Unknown,Unknown,0.0,0.0,Unknown,Unknown,Unknown,0,0,GLENALLAN AVE,County,GEORGIA AVE,Maryland (State),8554262040045692,20906,SILVER SPRING,133207.174949,359110751.771,39.08859082555049,-77.05486091907257,7.2825,91.4541,0.0,0.0,0.0,11.709688,315.0001,211122097054890885,2021-11-22 09:00:00,9,AM,326,0,Monday,0,11,November,2021,0,Unknown
MCP33070010,35E135A41B25426ABD4722B20D5522EE,False,NO APPARENT INJURY,NONE,UNKNOWN,PASSENGER,MAKING RIGHT TURN,West,FUNCTIONAL,30,False,False,2,751452889037670,210047410,Montgomery County Police,Property Damage ,False,West,0,1,LEVEL,False,False,DRIVER,SAME DIR REND RIGHT TURN,WET,DAYLIGHT,TRAFFIC SIGNAL,INTERSECTION,FOUR-WAY INTERSECTION,STRAIGHT,NO DEFECTS,"TWO-WAY, NOT DIVIDED",39.06317667,-77.054535,670409629174736,8554262040045692,0,0,0,2021112209,7705486039088590,Toyota,2021,Corolla,Compact Cars,4.0,2.0,Automatic 10,FWD,Regular Gasoline,29,38,GLENALLAN AVE,County,GEORGIA AVE,Maryland (State),8554262040045692,20906,SILVER SPRING,133207.174949,359110751.771,39.08859082555049,-77.05486091907257,7.2825,91.4541,0.0,0.0,0.0,11.709688,315.0001,211122097054890885,2021-11-22 09:00:00,9,AM,326,0,Monday,0,11,November,2021,0,Unknown
MCP3112005N,04C266F06C184F3082727E12D1975E92,True,NO APPARENT INJURY,NONE,NOT DISTRACTED,PASSENGER,MAKING LEFT TURN,South,DISABLING,30,False,False,2,9914683861778169,210047404,Montgomery County Police,Property Damage ,False,South,0,2,UNKNOWN,False,False,DRIVER,HEAD ON LEFT TURN,WET,DAYLIGHT,TRAFFIC SIGNAL,INTERSECTION,FOUR-WAY INTERSECTION,UNKNOWN,NO DEFECTS,"TWO-WAY, DIVIDED, UNPROTECTED PAINTED MIN 4 FEET",38.9445255,-77.11710167,8599911420118079,262975279829673,0,0,0,2021112210,7711806238956479,Toyota,2017,4Runner,Standard Sport Utility Vehicle 4WD,6.0,4.0,Automatic 5,4WD,Regular Gasoline,17,20,MACARTHUR BLVD,County,SANGAMORE RD,County,262975279829673,20816,BETHESDA,58716.1248449,117565480.431,38.95647982277882,-77.11806249046538,8.247499,87.21777,0.0,0.0,0.0,13.237038,315.0001,211122107118089564,2021-11-22 10:00:00,10,AM,326,0,Monday,0,11,November,2021,0,Unknown
MCP3112005N,2A2E36E15C894C37AD16509EF821B0DF,False,NO APPARENT INJURY,NONE,NOT DISTRACTED,PASSENGER,MOVING CONSTANT SPEED,North,DISABLING,30,False,False,2,5271482025660231,210047404,Montgomery County Police,Property Damage ,False,South,0,2,UNKNOWN,False,False,DRIVER,HEAD ON LEFT TURN,WET,DAYLIGHT,TRAFFIC SIGNAL,INTERSECTION,FOUR-WAY INTERSECTION,UNKNOWN,NO DEFECTS,"TWO-WAY, DIVIDED, UNPROTECTED PAINTED MIN 4 FEET",38.9445255,-77.11710167,8599911420118079,262975279829673,0,0,0,2021112210,7711806238956479,Chevrolet,2007,Silverado,Standard Pickup Trucks 2WD,8.0,5.3,Automatic 4,AWD,Regular Gasoline,14,19,MACARTHUR BLVD,County,SANGAMORE RD,County,262975279829673,20816,BETHESDA,58716.1248449,117565480.431,38.95647982277882,-77.11806249046538,8.247499,87.21777,0.0,0.0,0.0,13.237038,315.0001,211122107118089564,2021-11-22 10:00:00,10,AM,326,0,Monday,0,11,November,2021,0,Unknown
MCP2182002Z,C3E86BB7EF994149A3A1B51A33E9F849,True,SUSPECTED MINOR INJURY,NONE,LOOKED BUT DID NOT SEE,PASSENGER,MAKING LEFT TURN,South,DISABLING,35,False,False,3,538750905216906,210047419,Montgomery County Police,Injury ,False,West,1,2,LEVEL,False,False,DRIVER,STRAIGHT MOVEMENT ANGLE,DRY,DAYLIGHT,TRAFFIC SIGNAL,INTERSECTION,FOUR-WAY INTERSECTION,STRAIGHT,NO DEFECTS,"TWO-WAY, NOT DIVIDED",39.09054217,-77.04644302,3786639377990067,6376360919158303,0,0,0,2021112211,7705486039088590,Lexus,2011,ES,Midsize Cars,6.0,3.5,Automatic 6,FWD,Regular Gasoline,19,27,BEL PRE RD,County,PARKER FARM WAY,Other Public Roadway,6376360919158303,20906,SILVER SPRING,133207.174949,359110751.771,39.08859082555049,-77.05486091907257,8.5325,80.581154,0.0,0.0,0.0,13.18308,304.9921,211122117054890885,2021-11-22 11:00:00,11,AM,326,0,Monday,0,11,November,2021,0,Unknown
MCP2182002Z,8C57541F3E914F23BD02235D6FBA75C8,False,POSSIBLE INJURY,NONE,NOT DISTRACTED,PASSENGER,MOVING CONSTANT SPEED,West,DISABLING,35,False,False,3,3642656661287078,210047419,Montgomery County Police,Injury ,False,West,1,2,LEVEL,False,False,DRIVER,STRAIGHT MOVEMENT ANGLE,DRY,DAYLIGHT,TRAFFIC SIGNAL,INTERSECTION,FOUR-WAY INTERSECTION,STRAIGHT,NO DEFECTS,"TWO-WAY, NOT DIVIDED",39.09054217,-77.04644302,3786639377990067,6376360919158303,0,0,0,2021112211,7705486039088590,Acura,2014,RDX,Small Sport Utility Vehicle 2WD,6.0,3.5,Automatic 6,AWD,Premium Gasoline,19,27,BEL PRE RD,County,PARKER FARM WAY,Other Public Roadway,6376360919158303,20906,SILVER SPRING,133207.174949,359110751.771,39.08859082555049,-77.05486091907257,8.5325,80.581154,0.0,0.0,0.0,13.18308,304.9921,211122117054890885,2021-11-22 11:00:00,11,AM,326,0,Monday,0,11,November,2021,0,Unknown
MCP2182002Z,29E7DA4268ED4CF8B3E11854F6491CEA,False,NO APPARENT INJURY,NONE,NOT DISTRACTED,PASSENGER,STOPPED IN TRAFFIC LANE,North,DISABLING,35,False,False,3,7871367603793141,210047419,Montgomery County Police,Injury ,False,West,1,2,LEVEL,False,False,DRIVER,STRAIGHT MOVEMENT ANGLE,DRY,DAYLIGHT,TRAFFIC SIGNAL,INTERSECTION,FOUR-WAY INTERSECTION,STRAIGHT,NO DEFECTS,"TWO-WAY, NOT DIVIDED",39.09054217,-77.04644302,3786639377990067,6376360919158303,0,0,0,2021112211,7705486039088590,Toyota,2016,RAV4,Small Sport Utility Vehicle 4WD,4.0,2.5,Automatic 6,AWD,Regular Gasoline,22,28,BEL PRE RD,County,PARKER FARM WAY,Other Public Roadway,6376360919158303,20906,SILVER SPRING,133207.174949,359110751.771,39.08859082555049,-77.05486091907257,8.5325,80.581154,0.0,0.0,0.0,13.18308,304.9921,211122117054890885,2021-11-22 11:00:00,11,AM,326,0,Monday,0,11,November,2021,0,Unknown
MCP32000048,2D85C97E6D524D0AAC666E9CF958498E,False,NO APPARENT INJURY,NONE,NOT DISTRACTED,PASSENGER,STOPPED IN TRAFFIC LANE,South,SUPERFICIAL,35,False,False,2,4127402246062111,210047427,Montgomery County Police,Property Damage ,True,South,0,3,LEVEL,False,False,DRIVER,SAME DIR REAR END,DRY,DAYLIGHT,TRAFFIC SIGNAL,INTERSECTION RELATED,FOUR-WAY INTERSECTION,STRAIGHT,NO DEFECTS,"TWO-WAY, DIVIDED, POSITIVE MEDIAN BARRIER",39.02485067,-77.12629967,4494898042244063,6477653073943693,0,0,0,2021112211,7715220038996189,Infiniti,2011,G25,Midsize Cars,6.0,2.5,Automatic 7,AWD,Premium Gasoline,19,27,OLD GEORGETOWN RD,Maryland (State),DEMOCRACY BLVD,County,6477653073943693,20817,BETHESDA,143234.920079,403664948.588,38.996189145680184,-77.15220044157795,8.743,81.73443,0.0,0.0,0.0,12.768586,310.426,211122117152289961,2021-11-22 11:00:00,11,AM,326,0,Monday,0,11,November,2021,0,Unknown
MCP32000048,08A100E099D84592B1CCFEB0A33C8F0E,True,NO APPARENT INJURY,UNKNOWN,UNKNOWN,UNKNOWN,SLOWING OR STOPPING,South,NO DAMAGE,35,False,False,2,8168321465439775,210047427,Montgomery County Police,Property Damage ,True,South,0,3,LEVEL,False,False,DRIVER,SAME DIR REAR END,DRY,DAYLIGHT,TRAFFIC SIGNAL,INTERSECTION RELATED,FOUR-WAY INTERSECTION,STRAIGHT,NO DEFECTS,"TWO-WAY, DIVIDED, POSITIVE MEDIAN BARRIER",39.02485067,-77.12629967,4494898042244063,6477653073943693,0,0,0,2021112211,7715220038996189,Unknown,0,Unknown,Unknown,0.0,0.0,Unknown,Unknown,Unknown,0,0,OLD GEORGETOWN RD,Maryland (State),DEMOCRACY BLVD,County,6477653073943693,20817,BETHESDA,143234.920079,403664948.588,38.996189145680184,-77.15220044157795,8.743,81.73443,0.0,0.0,0.0,12.768586,310.426,211122117152289961,2021-11-22 11:00:00,11,AM,326,0,Monday,0,11,November,2021,0,Unknown
DM8490001P,822447C316A04FA69DB51F29C89F24FD,False,NO APPARENT INJURY,UNKNOWN,NOT DISTRACTED,PASSENGER,SLOWING OR STOPPING,West,SUPERFICIAL,15,False,False,2,2815627401561042,210047426,Takoma Park Police Depart,Property Damage ,False,West,1,1,LEVEL,False,False,DRIVER,SAME DIR REAR END,DRY,UNKNOWN,UNKNOWN,NON INTERSECTION,UNKNOWN,STRAIGHT,NO DEFECTS,"TWO-WAY, NOT DIVIDED",38.985977,-76.9886995,1461872631554201,8901981419077344,0,0,0,2021112211,7700204038982546,Honda,2014,Accord,Midsize Cars,4.0,2.4,Automatic CVT,FWD,Regular Gasoline,21,34,HOLTON LA,Municipality,NEW HAMPSHIRE AVE,Maryland (State),8901981419077344,20912,TAKOMA PARK,51232.0653417,65209197.2692,38.98254687160147,-77.00204079343348,8.898,81.47283,0.0,0.0,0.0,13.246826,312.7974,211122117002089825,2021-11-22 11:00:00,11,AM,326,0,Monday,0,11,November,2021,0,Unknown
DM8490001P,013AFFB33EA54E00977E9D8E634D1247,True,NO APPARENT INJURY,UNKNOWN,LOOKED BUT DID NOT SEE,TRUCK,BACKING,West,SUPERFICIAL,10,False,False,2,8370439514344689,210047426,Takoma Park Police Depart,Property Damage ,False,West,1,1,LEVEL,False,False,DRIVER,SAME DIR REAR END,DRY,UNKNOWN,UNKNOWN,NON INTERSECTION,UNKNOWN,STRAIGHT,NO DEFECTS,"TWO-WAY, NOT DIVIDED",38.985977,-76.9886995,1461872631554201,8901981419077344,0,0,0,2021112211,7700204038982546,Buick,2020,Encore,Small Sport Utility Vehicle 2WD,3.0,1.3,Automatic 6,FWD,Regular Gasoline,26,29,HOLTON LA,Municipality,NEW HAMPSHIRE AVE,Maryland (State),8901981419077344,20912,TAKOMA PARK,51232.0653417,65209197.2692,38.98254687160147,-77.00204079343348,8.898,81.47283,0.0,0.0,0.0,13.246826,312.7974,211122117002089825,2021-11-22 11:00:00,11,AM,326,0,Monday,0,11,November,2021,0,Unknown
MCP32000049,27ED244F67D04CE08F018199C642BC6E,False,NO APPARENT INJURY,NONE,NOT DISTRACTED,PASSENGER,MOVING CONSTANT SPEED,East,FUNCTIONAL,30,False,False,2,2311894343366970,210047434,Montgomery County Police,Property Damage ,False,East,1,2,LEVEL,False,False,DRIVER,ANGLE MEETS RIGHT TURN,DRY,DAYLIGHT,NO CONTROLS,INTERSECTION,FOUR-WAY INTERSECTION,STRAIGHT,NO DEFECTS,"TWO-WAY, DIVIDED, POSITIVE MEDIAN BARRIER",39.02679317,-77.12762317,5682945118739953,4494898042244063,0,0,0,2021112212,7715220038996189,Chevrolet,2017,Cruze,Compact Cars,4.0,1.4,Automatic 6,FWD,Regular Gasoline,28,37,ROCK SPRING DR,County,OLD GEORGETOWN RD,Maryland (State),4494898042244063,20817,BETHESDA,143234.920079,403664948.588,38.996189145680184,-77.15220044157795,9.842999,72.30607,0.0,0.0,0.0,15.281989,313.09085,211122127152289961,2021-11-22 12:00:00,12,PM,326,0,Monday,0,11,November,2021,0,Unknown
MCP32000049,906D6321965043BF96921508859F9661,True,NO APPARENT INJURY,NONE,LOOKED BUT DID NOT SEE,PASSENGER,MAKING RIGHT TURN,North,DISABLING,30,False,False,2,538750821328811,210047434,Montgomery County Police,Property Damage ,False,East,1,2,LEVEL,False,False,DRIVER,ANGLE MEETS RIGHT TURN,DRY,DAYLIGHT,NO CONTROLS,INTERSECTION,FOUR-WAY INTERSECTION,STRAIGHT,NO DEFECTS,"TWO-WAY, DIVIDED, POSITIVE MEDIAN BARRIER",39.02679317,-77.12762317,5682945118739953,4494898042244063,0,0,0,2021112212,7715220038996189,Lexus,2016,ES,Midsize Cars,4.0,2.5,Automatic 6,FWD,Regular Gasoline,21,31,ROCK SPRING DR,County,OLD GEORGETOWN RD,Maryland (State),4494898042244063,20817,BETHESDA,143234.920079,403664948.588,38.996189145680184,-77.15220044157795,9.842999,72.30607,0.0,0.0,0.0,15.281989,313.09085,211122127152289961,2021-11-22 12:00:00,12,PM,326,0,Monday,0,11,November,2021,0,Unknown
MCP2278003M,9516FA9F4DB346D6BF9B5A320A0CA4C9,True,NO APPARENT INJURY,NONE,NOT DISTRACTED,PASSENGER,ACCELERATING,North,NO DAMAGE,35,False,False,2,8273194778586019,21047435,Montgomery County Police,Injury ,False,North,2,2,LEVEL,False,False,DRIVER,SAME DIR REND RIGHT TURN,DRY,DAYLIGHT,TRAFFIC SIGNAL,INTERSECTION,FOUR-WAY INTERSECTION,STRAIGHT,NO DEFECTS,"TWO-WAY, NOT DIVIDED",39.01204528,-77.16005116,776419263324954,8659486064429145,0,0,0,2021112212,7715220038996189,BMW,2018,M,Compact Cars,6.0,3.0,Automatic 7,RWD,Premium Gasoline,17,22,SEVEN LOCKS RD,County,BRADLEY BLVD,Maryland (State),8659486064429145,20817,BETHESDA,143234.920079,403664948.588,38.996189145680184,-77.15220044157795,9.842999,72.30607,0.0,0.0,0.0,15.281989,313.09085,211122127152289961,2021-11-22 12:00:00,12,PM,326,0,Monday,0,11,November,2021,0,Unknown
MCP2278003M,6603A1F7A5F4430686940F96E12DA599,False,POSSIBLE INJURY,NONE,NOT DISTRACTED,PASSENGER,MAKING RIGHT TURN,North,NO DAMAGE,35,False,False,2,4131347951995730,21047435,Montgomery County Police,Injury ,False,North,2,2,LEVEL,False,False,DRIVER,SAME DIR REND RIGHT TURN,DRY,DAYLIGHT,TRAFFIC SIGNAL,INTERSECTION,FOUR-WAY INTERSECTION,STRAIGHT,NO DEFECTS,"TWO-WAY, NOT DIVIDED",39.01204528,-77.16005116,776419263324954,8659486064429145,0,0,0,2021112212,7715220038996189,Honda,1998,Civic,Subcompact Cars,4.0,1.6,Automatic 4,FWD,Regular Gasoline,24,32,SEVEN LOCKS RD,County,BRADLEY BLVD,Maryland (State),8659486064429145,20817,BETHESDA,143234.920079,403664948.588,38.996189145680184,-77.15220044157795,9.842999,72.30607,0.0,0.0,0.0,15.281989,313.09085,211122127152289961,2021-11-22 12:00:00,12,PM,326,0,Monday,0,11,November,2021,0,Unknown
MCP3038005H,CDF4A04FA0A5437D91AFF481FF9DAA8F,True,NO APPARENT INJURY,ALCOHOL,INATTENTIVE OR LOST IN THOUGHT,PASSENGER,ACCELERATING,North,SUPERFICIAL,35,False,False,1,6503795095022488,210047317,Montgomery County Police,Property Damage ,False,North,3,3,LEVEL,False,False,DRIVER,SAME DIR REAR END,DRY,DAYLIGHT,TRAFFIC SIGNAL,INTERSECTION RELATED,FOUR-WAY INTERSECTION,STRAIGHT,NO DEFECTS,"TWO-WAY, DIVIDED, POSITIVE MEDIAN BARRIER",38.99442715,-77.02668232,5660893524410086,8825017167010994,0,0,0,2021112215,7703596439001907,Cadillac,2007,DTS,Large Cars,8.0,4.6,Automatic 4,FWD,Regular Gasoline,15,22,GEORGIA AVE,US (State),WAYNE AVE,County,8825017167010994,20910,SILVER SPRING,82846.1568889,126320091.137,39.00190768010143,-77.03596497235911,10.0465,42.434597,0.0,0.0,0.0,21.407139,317.72638,211122157035990019,2021-11-22 15:00:00,15,PM,326,0,Monday,0,11,November,2021,0,Unknown