ReportNumber,VehicleCrashKey,DriverAtFault,DriverInjurySeverity,DriverSubstanceAbuse,DriverDistractedBy,VehicleType,VehicleMovement,VehicleGoingDir,VehicleDamageExtent,SpeedLimit,ParkedVehicle,SubstanceAbuseContributed,VehiclesCrashedTotal,VehicleKey,LocalCaseNumber,AgencyName,ACRSReportType,HitRun,LaneDirection,LaneNumber,NumberOfLanes,RoadGrade,NonTraffic,OffRoadIncident,AccidentAtFault,CollisionType,SurfaceCondition,Light,TrafficControl,Junction,IntersectionType,RoadAlignment,RoadCondition,RoadDivision,Latitude,Longitude,RoadKey_x,CrossStreetKey,NonMotoristTotal,NonMotoristInjury,NonMotoristFatal,DateHourKey,LocationAreaKey,Make,Year_x,BaseModel,BodyClass,Cylinders,Displacement,Transmission,Drivetrain,FuelType,CityMPG,HighwayMPG,RoadName_x,RouteType_x,RoadName_y,RouteType_y,RoadKey_y,Zipcode,MailCity,ShapeLength,ShapeArea,CentroidLatitude,CentroidLongitude,Temperature,Humidity,Precipitation,Rain,Snow,WindSpeed,WindDirection,WeatherKey,Datetime,Hour,TimeOfDay,DayNumber,WeekDayNumber,WeekDayName,WeekendFlag,MonthNumber,MonthName,Year_y,HolidayFlag,HolidayName
MCP2522001F,1E237E00EE8D4DB3847C65B1D6407068,True,NO APPARENT INJURY,NONE,NOT DISTRACTED,PASSENGER,LEAVING TRAFFIC LANE,East,SUPERFICIAL,35,False,False,2,8928596706720517,210049238,Montgomery County Police,Property Damage ,False,East,2,3,LEVEL,False,False,DRIVER,SAME DIR BOTH LEFT TURN,DRY,DAYLIGHT,OTHER,INTERSECTION,FOUR-WAY INTERSECTION,CURVE LEFT,NO DEFECTS,"TWO-WAY, DIVIDED, POSITIVE MEDIAN BARRIER",39.02087817,-77.13712533,6477653073943693,8057051263767246,0,0,0,2021120412,7715220038996189,Porsche,2019,Macan,Small Sport Utility Vehicle 4WD,4.0,2.0,Automatic 7,AWD,Premium Gasoline,18,23,DEMOCRACY BLVD,County,WESTLAKE DR,County,8057051263767246,20817,BETHESDA,143234.920079,403664948.588,38.996189145680184,-77.15220044157795,10.943,48.6707,0.0,0.0,0.0,4.68,360.0,211204127152289961,2021-12-04 12:00:00,12,PM,338,5,Saturday,1,12,December,2021,0,Unknown
MCP3197002T,6E452C4EF2BB42558CEEF25479C3F1AD,False,NO APPARENT INJURY,NONE,NOT DISTRACTED,PASSENGER,MOVING CONSTANT SPEED,North,FUNCTIONAL,25,False,False,2,8874111719537688,210049247,Montgomery County Police,Property Damage ,True,UNKNOWN,0,0,UNKNOWN,True,True,DRIVER,SAME DIRECTION SIDESWIPE,UNKNOWN,DAYLIGHT,NO CONTROLS,UNKNOWN,UNKNOWN,UNKNOWN,UNKNOWN,UNKNOWN,38.99167333,-77.02588667,7781945108562677,7781945108562677,0,0,0,2021120414,7703596439001907,Mazda,2013,2,Compact Cars,4.0,1.5,Automatic 4,FWD,Regular Gasoline,28,33,UNKNOWN,UNKNOWN,UNKNOWN,UNKNOWN,7781945108562677,20910,SILVER SPRING,82846.1568889,126320091.137,39.00190768010143,-77.03596497235911,12.2965,45.493034,0.0,0.0,0.0,4.0249224,296.56497,211204147035990019,2021-12-04 14:00:00,14,PM,338,5,Saturday,1,12,December,2021,0,Unknown
MCP3197002T,E82ED53E2E924C71B66C9AF33B350679,True,NO APPARENT INJURY,UNKNOWN,UNKNOWN,PASSENGER,BACKING,North,UNKNOWN,25,False,False,2,8574589911173339,210049247,Montgomery County Police,Property Damage ,True,UNKNOWN,0,0,UNKNOWN,True,True,DRIVER,SAME DIRECTION SIDESWIPE,UNKNOWN,DAYLIGHT,NO CONTROLS,UNKNOWN,UNKNOWN,UNKNOWN,UNKNOWN,UNKNOWN,38.99167333,-77.02588667,7781945108562677,7781945108562677,0,0,0,2021120414,7703596439001907,Mitsubishi,2006,Eclipse,Subcompact Cars,4.0,2.4,Automatic 4,FWD,Premium Gasoline,20,26,UNKNOWN,UNKNOWN,UNKNOWN,UNKNOWN,7781945108562677,20910,SILVER SPRING,82846.1568889,126320091.137,39.00190768010143,-77.03596497235911,12.2965,45.493034,0.0,0.0,0.0,4.0249224,296.56497,211204147035990019,2021-12-04 14:00:00,14,PM,338,5,Saturday,1,12,December,2021,0,Unknown
MCP3093003G,2158F6E8B9004E5A8E8FC2DC62656100,True,NO APPARENT INJURY,UNKNOWN,LOOKED BUT DID NOT SEE,PASSENGER,MAKING RIGHT TURN,North,FUNCTIONAL,35,False,False,2,1143200118883287,210049284,Montgomery County Police,Property Damage ,False,North,3,3,LEVEL,False,False,DRIVER,UNKNOWN,DRY,DARK LIGHTS ON,NO CONTROLS,UNKNOWN,FOUR-WAY INTERSECTION,STRAIGHT,NO DEFECTS,"TWO-WAY, DIVIDED, POSITIVE MEDIAN BARRIER",38.98800167,-77.076515,1627793738140795,4570729910170239,0,0,0,2021120420,7707842038983818,Hyundai,0,Unknown,Unknown,0.0,0.0,Unknown,Unknown,Unknown,0,0,CONNECTICUT AVE,Maryland (State),EAST WEST HWY,Maryland (State),4570729910170239,20815,CHEVY CHASE,78258.2702851,151813895.483,38.98381860627773,-77.07842006190148,6.9745,67.532776,0.0,0.0,0.0,4.32,270.0,211204207078489838,2021-12-04 20:00:00,20,PM,338,5,Saturday,1,12,December,2021,0,Unknown
MCP3093003G,37C611B199994EC28F50726AFA6D7F6B,False,NO APPARENT INJURY,UNKNOWN,NOT DISTRACTED,PASSENGER,MOVING CONSTANT SPEED,North,FUNCTIONAL,35,False,False,2,2815627468671518,210049284,Montgomery County Police,Property Damage ,False,North,3,3,LEVEL,False,False,DRIVER,UNKNOWN,DRY,DARK LIGHTS ON,NO CONTROLS,UNKNOWN,FOUR-WAY INTERSECTION,STRAIGHT,NO DEFECTS,"TWO-WAY, DIVIDED, POSITIVE MEDIAN BARRIER",38.98800167,-77.076515,1627793738140795,4570729910170239,0,0,0,2021120420,7707842038983818,Honda,2018,Accord,Large Cars,4.0,2.0,Automatic 10,FWD,Regular Gasoline,22,32,CONNECTICUT AVE,Maryland (State),EAST WEST HWY,Maryland (State),4570729910170239,20815,CHEVY CHASE,78258.2702851,151813895.483,38.98381860627773,-77.07842006190148,6.9745,67.532776,0.0,0.0,0.0,4.32,270.0,211204207078489838,2021-12-04 20:00:00,20,PM,338,5,Saturday,1,12,December,2021,0,Unknown
MCP29300021,79DF11CE8E794051A97A5B7C93EDB6AA,True,NO APPARENT INJURY,UNKNOWN,UNKNOWN,PASSENGER,ACCELERATING,UNKNOWN,UNKNOWN,5,False,False,1,4058961255486042,210049298,Montgomery County Police,Injury ,True,UNKNOWN,0,0,UNKNOWN,True,True,DRIVER,OTHER,UNKNOWN,DARK LIGHTS ON,NO CONTROLS,UNKNOWN,UNKNOWN,UNKNOWN,UNKNOWN,UNKNOWN,39.05915086,-77.04962114,7781945108562677,7781945108562677,1,1,0,2021120420,7705486039088590,Ford,2005,Explorer,Sport Utility Vehicle - 2WD,6.0,4.0,Automatic 5,AWD,Regular Gasoline,13,18,UNKNOWN,UNKNOWN,UNKNOWN,UNKNOWN,7781945108562677,20906,SILVER SPRING,133207.174949,359110751.771,39.08859082555049,-77.05486091907257,7.8824997,59.957638,0.0,0.0,0.0,7.5685663,272.72626,211204207054890885,2021-12-04 20:00:00,20,PM,338,5,Saturday,1,12,December,2021,0,Unknown
MCP3112005P,A9D9C072D1FD4AD9AC8CC075DCC686C2,True,NO APPARENT INJURY,NONE,LOOKED BUT DID NOT SEE,PASSENGER,MAKING LEFT TURN,South,NO DAMAGE,25,False,False,1,6502835407342344,210049341,Montgomery County Police,Injury ,False,South,1,3,LEVEL,False,False,DRIVER,OTHER,DRY,DAYLIGHT,TRAFFIC SIGNAL,INTERSECTION,FOUR-WAY INTERSECTION,STRAIGHT,NO DEFECTS,"TWO-WAY, DIVIDED, POSITIVE MEDIAN BARRIER",38.97769577,-77.10072667,8659486064429145,5518856759025807,1,1,0,2021120509,7707842038983818,Nissan,2017,Sentra,Midsize Cars,4.0,1.6,Manual 6,FWD,Premium Gasoline,25,30,BRADLEY BLVD,Maryland (State),FAIRFAX RD,County,5518856759025807,20815,CHEVY CHASE,78258.2702851,151813895.483,38.98381860627773,-77.07842006190148,2.4745002,64.35199,0.0,0.0,0.0,7.9932966,54.16227,211205097078489838,2021-12-05 09:00:00,9,AM,339,6,Sunday,1,12,December,2021,0,Unknown
MCP3280001T,BBA758ED5C4F490694D47D293DC282DB,False,NO APPARENT INJURY,NONE,NOT DISTRACTED,PASSENGER,SLOWING OR STOPPING,East,SUPERFICIAL,35,False,False,2,6563227105229645,210049351,Montgomery County Police,Property Damage ,False,East,3,6,LEVEL,False,False,DRIVER,SAME DIR REAR END,DRY,DAYLIGHT,NO CONTROLS,INTERSECTION,FOUR-WAY INTERSECTION,STRAIGHT,NO DEFECTS,"TWO-WAY, NOT DIVIDED",38.99897667,-76.99543667,5005946941929880,7883959838840872,0,0,0,2021120512,7698354239018293,Mercedes-Benz,2016,CLA-Class,Compact Cars,4.0,2.0,Automatic 7,4WD,Premium Gasoline,24,32,UNIVERSITY BLVD E,Maryland (State),PINEY BRANCH RD,Maryland (State),7883959838840872,20903,SILVER SPRING,50204.7192451,65972447.4483,39.01829365940637,-76.9835422251861,8.9845,41.188904,0.0,0.0,0.0,9.449572,107.74477,211205126983590182,2021-12-05 12:00:00,12,PM,339,6,Sunday,1,12,December,2021,0,Unknown
MCP3280001T,DD2C1137AB6546E9AFB9CCF977FCB13D,True,NO APPARENT INJURY,NONE,NOT DISTRACTED,PASSENGER,SLOWING OR STOPPING,East,FUNCTIONAL,35,False,False,2,1374907178263696,210049351,Montgomery County Police,Property Damage ,False,East,3,6,LEVEL,False,False,DRIVER,SAME DIR REAR END,DRY,DAYLIGHT,NO CONTROLS,INTERSECTION,FOUR-WAY INTERSECTION,STRAIGHT,NO DEFECTS,"TWO-WAY, NOT DIVIDED",38.99897667,-76.99543667,5005946941929880,7883959838840872,0,0,0,2021120512,7698354239018293,Toyota,2009,Sienna,Minivan - 2WD,6.0,3.5,Automatic 5,AWD,Regular Gasoline,16,21,UNIVERSITY BLVD E,Maryland (State),PINEY BRANCH RD,Maryland (State),7883959838840872,20903,SILVER SPRING,50204.7192451,65972447.4483,39.01829365940637,-76.9835422251861,8.9845,41.188904,0.0,0.0,0.0,9.449572,107.74477,211205126983590182,2021-12-05 12:00:00,12,PM,339,6,Sunday,1,12,December,2021,0,Unknown
MCP26350072,E72B1B9049934C24B2BA4E32828916E4,False,NO APPARENT INJURY,UNKNOWN,NOT DISTRACTED,EMERGENCY,SLOWING OR STOPPING,North,SUPERFICIAL,40,False,False,1,9992477349946769,210049327,Montgomery County Police,Property Damage ,False,North,1,2,HILL UPHILL,False,False,UNKNOWN,SINGLE VEHICLE,DRY,DARK LIGHTS ON,NO CONTROLS,NON INTERSECTION,UNKNOWN,STRAIGHT,NO DEFECTS,"TWO-WAY, DIVIDED, POSITIVE MEDIAN BARRIER",39.07736957,-77.04602365,1498137660831595,8760747166704389,0,0,0,2021120515,7705486039088590,Dodge,2010,Charger,Large Cars,6.0,3.5,Automatic 5,RWD,Regular Gasoline,16,23,LAYHILL RD,Maryland (State),CROSSOVER,UNKNOWN,8760747166704389,20906,SILVER SPRING,133207.174949,359110751.771,39.08859082555049,-77.05486091907257,9.5325,34.533775,0.0,0.0,0.0,10.703569,132.27362,211205157054890885,2021-12-05 15:00:00,15,PM,339,6,Sunday,1,12,December,2021,0,Unknown
MCP2782003V,81900F8F5A474C25AA66D7A7427277F1,True,NO APPARENT INJURY,UNKNOWN,UNKNOWN,PASSENGER,LEAVING TRAFFIC LANE,West,DISABLING,30,False,False,1,1314431045311703,210049399,Montgomery County Police,Property Damage ,False,West,1,1,LEVEL,False,False,DRIVER,SAME DIRECTION SIDESWIPE,DRY,DARK LIGHTS ON,NO CONTROLS,NON INTERSECTION,UNKNOWN,STRAIGHT,NO DEFECTS,"TWO-WAY, NOT DIVIDED",39.07963017,-77.06559017,2242153826664605,8554262040045692,0,0,0,2021120518,7705486039088590,Toyota,2004,Corolla,Compact Cars,4.0,1.8,Automatic 4,FWD,Regular Gasoline,25,34,HEWITT AVE,County,GEORGIA AVE,Maryland (State),8554262040045692,20906,SILVER SPRING,133207.174949,359110751.771,39.08859082555049,-77.05486091907257,7.6324997,43.31639,0.0,0.0,0.0,9.387651,122.471176,211205187054890885,2021-12-05 18:00:00,18,PM,339,6,Sunday,1,12,December,2021,0,Unknown
MCP32250020,35E1C531BEB7440187CEEB635DFFE53A,True,NO APPARENT INJURY,NONE,UNKNOWN,TRUCK,MAKING LEFT TURN,North,DISABLING,35,False,False,2,6148504880939069,210049401,Montgomery County Police,Property Damage ,False,North,0,2,LEVEL,False,False,DRIVER,STRAIGHT MOVEMENT ANGLE,DRY,DARK LIGHTS ON,TRAFFIC SIGNAL,INTERSECTION,FOUR-WAY INTERSECTION,STRAIGHT,NO DEFECTS,"TWO-WAY, DIVIDED, POSITIVE MEDIAN BARRIER",39.09072067,-77.04456383,1498137660831595,3786639377990067,0,0,0,2021120519,7705486039088590,Honda,2008,CR-V,Sport Utility Vehicle - 2WD,4.0,2.4,Automatic 5,AWD,Regular Gasoline,20,26,LAYHILL RD,Maryland (State),BEL PRE RD,County,3786639377990067,20906,SILVER SPRING,133207.174949,359110751.771,39.08859082555049,-77.05486091907257,5.9325,51.870113,0.0,0.0,0.0,10.805998,119.98155,211205197054890885,2021-12-05 19:00:00,19,PM,339,6,Sunday,1,12,December,2021,0,Unknown
MCP32250020,759E1654828144D4B7602AEEC7F583B3,False,NO APPARENT INJURY,NONE,NOT DISTRACTED,PASSENGER,MOVING CONSTANT SPEED,West,DISABLING,35,False,False,2,8243785626679992,210049401,Montgomery County Police,Property Damage ,False,North,0,2,LEVEL,False,False,DRIVER,STRAIGHT MOVEMENT ANGLE,DRY,DARK LIGHTS ON,TRAFFIC SIGNAL,INTERSECTION,FOUR-WAY INTERSECTION,STRAIGHT,NO DEFECTS,"TWO-WAY, DIVIDED, POSITIVE MEDIAN BARRIER",39.09072067,-77.04456383,1498137660831595,3786639377990067,0,0,0,2021120519,7705486039088590,Toyota,2014,Camry,Midsize Cars,4.0,2.5,Automatic 6,FWD,Regular Gasoline,21,30,LAYHILL RD,Maryland (State),BEL PRE RD,County,3786639377990067,20906,SILVER SPRING,133207.174949,359110751.771,39.08859082555049,-77.05486091907257,5.9325,51.870113,0.0,0.0,0.0,10.805998,119.98155,211205197054890885,2021-12-05 19:00:00,19,PM,339,6,Sunday,1,12,December,2021,0,Unknown
MCP3305001B,46130679F7BA4E7EA386A72DA86B7931,True,NO APPARENT INJURY,NONE,LOOKED BUT DID NOT SEE,BUS,SLOWING OR STOPPING,East,SUPERFICIAL,25,False,False,1,6259949909495943,210049407,Montgomery County Police,Property Damage ,False,East,1,1,LEVEL,False,False,DRIVER,SAME DIRECTION SIDESWIPE,DRY,DARK LIGHTS ON,NO CONTROLS,NON INTERSECTION,UNKNOWN,STRAIGHT,NO DEFECTS,"TWO-WAY, NOT DIVIDED",38.99093167,-77.03189833,6732058886739677,4545188728761907,0,0,0,2021120520,7703596439001907,New Flyer,0,Unknown,Unknown,0.0,0.0,Unknown,Unknown,Unknown,0,0,FENTON ST,County,THAYER AVE,County,4545188728761907,20910,SILVER SPRING,82846.1568889,126320091.137,39.00190768010143,-77.03596497235911,4.8965,65.86945,0.0,0.0,0.0,6.1305785,130.23628,211205207035990019,2021-12-05 20:00:00,20,PM,339,6,Sunday,1,12,December,2021,0,Unknown
MCP3073005M,0EE0CD610BF34B30BC87671AF761AB6A,False,NO APPARENT INJURY,NONE,NOT DISTRACTED,PASSENGER,PARKED,UNKNOWN,SUPERFICIAL,30,True,False,2,7871367637348379,210049411,Montgomery County Police,Property Damage ,False,East,1,1,LEVEL,False,False,DRIVER,SAME DIRECTION SIDESWIPE,UNKNOWN,DARK LIGHTS ON,UNKNOWN,UNKNOWN,UNKNOWN,STRAIGHT,UNKNOWN,"TWO-WAY, NOT DIVIDED",39.06411333,-77.06953167,3597642028494755,4713999508398201,0,0,0,2021120521,7705486039088590,Toyota,2018,RAV4,Small Sport Utility Vehicle 4WD,4.0,2.5,Automatic 6,AWD,Regular Gasoline,22,28,WELLER RD,County,GREENLY ST,County,4713999508398201,20906,SILVER SPRING,133207.174949,359110751.771,39.08859082555049,-77.05486091907257,6.5825,58.768967,0.0,0.0,0.0,9.178235,131.82008,211205217054890885,2021-12-05 21:00:00,21,PM,339,6,Sunday,1,12,December,2021,0,Unknown
MCP3073005M,50CD20611377480FBA8F304FBB3AF3D6,True,NO APPARENT INJURY,NONE,UNKNOWN,PASSENGER,MOVING CONSTANT SPEED,East,SUPERFICIAL,30,False,False,2,7109429553076935,210049411,Montgomery County Police,Property Damage ,False,East,1,1,LEVEL,False,False,DRIVER,SAME DIRECTION SIDESWIPE,UNKNOWN,DARK LIGHTS ON,UNKNOWN,UNKNOWN,UNKNOWN,STRAIGHT,UNKNOWN,"TWO-WAY, NOT DIVIDED",39.06411333,-77.06953167,3597642028494755,4713999508398201,0,0,0,2021120521,7705486039088590,Volvo,0,Unknown,Unknown,0.0,0.0,Unknown,Unknown,Unknown,0,0,WELLER RD,County,GREENLY ST,County,4713999508398201,20906,SILVER SPRING,133207.174949,359110751.771,39.08859082555049,-77.05486091907257,6.5825,58.768967,0.0,0.0,0.0,9.178235,131.82008,211205217054890885,2021-12-05 21:00:00,21,PM,339,6,Sunday,1,12,December,2021,0,Unknown
MCP3112005Q,4EB394AA0E374BD49AAC7FD29C85D987,False,SUSPECTED MINOR INJURY,NONE,NOT DISTRACTED,PASSENGER,MOVING CONSTANT SPEED,South,DISABLING,25,False,False,2,7004010288867693,210049440,Montgomery County Police,Injury ,False,South,1,3,LEVEL,False,False,DRIVER,SAME DIRECTION LEFT TURN,DRY,DAWN,TRAFFIC SIGNAL,INTERSECTION,FOUR-WAY INTERSECTION,STRAIGHT,NO DEFECTS,ONE-WAY TRAFFICWAY,38.98457833,-77.0965175,4250512694628641,5001143449386931,0,0,0,2021120607,7710072538987731,Honda,2019,Civic,Compact Cars,4.0,1.5,Manual 6,FWD,Regular Gasoline,30,38,WOODMONT AVE,County,EDGEMOOR LA,County,5001143449386931,20814,BETHESDA,46411.6876883,47837334.4314,38.98773167577017,-77.10072590539887,6.6485,89.8379,0.0,0.0,0.0,13.896187,196.55714,211206077100789877,2021-12-06 07:00:00,7,AM,340,0,Monday,0,12,December,2021,0,Unknown
MCP3112005Q,820F70A0485D4B999DF2F37627F8AAC2,True,NO APPARENT INJURY,NONE,NOT DISTRACTED,PASSENGER,MAKING LEFT TURN,South,DISABLING,25,False,False,2,3625279951781377,210049440,Montgomery County Police,Injury ,False,South,1,3,LEVEL,False,False,DRIVER,SAME DIRECTION LEFT TURN,DRY,DAWN,TRAFFIC SIGNAL,INTERSECTION,FOUR-WAY INTERSECTION,STRAIGHT,NO DEFECTS,ONE-WAY TRAFFICWAY,38.98457833,-77.0965175,4250512694628641,5001143449386931,0,0,0,2021120607,7710072538987731,Ford,2017,Escape,Small Sport Utility Vehicle 2WD,4.0,1.5,Automatic 6,FWD,Regular Gasoline,21,29,WOODMONT AVE,County,EDGEMOOR LA,County,5001143449386931,20814,BETHESDA,46411.6876883,47837334.4314,38.98773167577017,-77.10072590539887,6.6485,89.8379,0.0,0.0,0.0,13.896187,196.55714,211206077100789877,2021-12-06 07:00:00,7,AM,340,0,Monday,0,12,December,2021,0,Unknown
MCP2353009L,2ADE6EFBEDB645F98C8CD406A1788BE9,True,SUSPECTED SERIOUS INJURY,NONE,OTHER DISTRACTION,PASSENGER,MOVING CONSTANT SPEED,South,DISABLING,15,False,False,1,9565688990121032,210049450,Montgomery County Police,Injury ,False,UNKNOWN,0,0,UNKNOWN,True,True,DRIVER,SINGLE VEHICLE,UNKNOWN,DAYLIGHT,NO CONTROLS,UNKNOWN,UNKNOWN,UNKNOWN,UNKNOWN,UNKNOWN,39.03013,-77.14059667,7781945108562677,7781945108562677,0,0,0,2021120609,7715220038996189,Jeep,2012,Grand Cherokee,Sport Utility Vehicle - 4WD,8.0,3.6,Automatic 5,4WD,Midgrade Gasoline,12,20,UNKNOWN,UNKNOWN,UNKNOWN,UNKNOWN,7781945108562677,20817,BETHESDA,143234.920079,403664948.588,38.996189145680184,-77.15220044157795,10.342999,85.653496,0.2,0.2,0.0,22.104116,196.07364,211206097152289961,2021-12-06 09:00:00,9,AM,340,0,Monday,0,12,December,2021,0,Unknown
MCP30640041,95566DEC625D476487C2A77A6ED84F47,True,SUSPECTED MINOR INJURY,NONE,UNKNOWN,PASSENGER,ACCELERATING,East,FUNCTIONAL,35,False,False,2,4475991579086448,210049467,Montgomery County Police,Injury ,False,East,3,4,LEVEL,False,False,DRIVER,STRAIGHT MOVEMENT ANGLE,DRY,UNKNOWN,TRAFFIC SIGNAL,INTERSECTION,FOUR-WAY INTERSECTION,STRAIGHT,NO DEFECTS,"TWO-WAY, DIVIDED, POSITIVE MEDIAN BARRIER",39.056085,-77.08249167,9290911226978796,8073720238398338,0,0,0,2021120610,7705486039088590,Nissan,2017,Pathfinder,Small Sport Utility Vehicle 4WD,6.0,3.5,Automatic CVT,4WD,Regular Gasoline,19,26,VEIRS MILL RD,Maryland (State),RANDOLPH RD,County,8073720238398338,20906,SILVER SPRING,133207.174949,359110751.771,39.08859082555049,-77.05486091907257,11.3325,84.322395,0.0,0.0,0.0,11.885453,178.26433,211206107054890885,2021-12-06 10:00:00,10,AM,340,0,Monday,0,12,December,2021,0,Unknown
MCP30640041,5BECFCF378E244049412BA6F22A8D876,False,NO APPARENT INJURY,NONE,NOT DISTRACTED,EMERGENCY,SLOWING OR STOPPING,South,SUPERFICIAL,35,False,False,2,7752613674833350,210049467,Montgomery County Police,Injury ,False,East,3,4,LEVEL,False,False,DRIVER,STRAIGHT MOVEMENT ANGLE,DRY,UNKNOWN,TRAFFIC SIGNAL,INTERSECTION,FOUR-WAY INTERSECTION,STRAIGHT,NO DEFECTS,"TWO-WAY, DIVIDED, POSITIVE MEDIAN BARRIER",39.056085,-77.08249167,9290911226978796,8073720238398338,0,0,0,2021120610,7705486039088590,Spartan,0,Unknown,Unknown,0.0,0.0,Unknown,Unknown,Unknown,0,0,VEIRS MILL RD,Maryland (State),RANDOLPH RD,County,8073720238398338,20906,SILVER SPRING,133207.174949,359110751.771,39.08859082555049,-77.05486091907257,11.3325,84.322395,0.0,0.0,0.0,11.885453,178.26433,211206107054890885,2021-12-06 10:00:00,10,AM,340,0,Monday,0,12,December,2021,0,Unknown
MCP32220017,427ED3FF9BD04D7A9938CD934D56C837,True,NO APPARENT INJURY,NONE,LOOKED BUT DID NOT SEE,PASSENGER,MOVING CONSTANT SPEED,South,SUPERFICIAL,35,False,False,2,9530107216342594,210049553,Montgomery County Police,Property Damage ,False,South,3,3,LEVEL,False,False,DRIVER,SAME DIR REAR END,DRY,DAYLIGHT,NO CONTROLS,UNKNOWN,UNKNOWN,STRAIGHT,NO DEFECTS,"TWO-WAY, DIVIDED, POSITIVE MEDIAN BARRIER",39.01181483,-77.09816217,5925405510732472,9182464460228314,0,0,0,2021120615,7710519939016894,Nissan,2018,Rogue,Small Sport Utility Vehicle 2WD,4.0,2.0,Automatic 7,AWD,Regular Gasoline,25,32,ROCKVILLE PIKE,Maryland (State),ALTA VISTA RD,County,9182464460228314,20814,BETHESDA,58373.8630538,68540697.609,39.016894075883464,-77.10519990449882,18.884499,64.88132,0.0,0.0,0.0,20.948164,199.0578,211206157105190168,2021-12-06 15:00:00,15,PM,340,0,Monday,0,12,December,2021,0,Unknown
MCP32220017,8F346EB47E6742E5BFDD8983E55BF500,False,NO APPARENT INJURY,NONE,NOT DISTRACTED,BUS,MOVING CONSTANT SPEED,South,SUPERFICIAL,35,False,False,2,240722642832247,210049553,Montgomery County Police,Property Damage ,False,South,3,3,LEVEL,False,False,DRIVER,SAME DIR REAR END,DRY,DAYLIGHT,NO CONTROLS,UNKNOWN,UNKNOWN,STRAIGHT,NO DEFECTS,"TWO-WAY, DIVIDED, POSITIVE MEDIAN BARRIER",39.01181483,-77.09816217,5925405510732472,9182464460228314,0,0,0,2021120615,7710519939016894,Gillig,0,Unknown,Unknown,0.0,0.0,Unknown,Unknown,Unknown,0,0,ROCKVILLE PIKE,Maryland (State),ALTA VISTA RD,County,9182464460228314,20814,BETHESDA,58373.8630538,68540697.609,39.016894075883464,-77.10519990449882,18.884499,64.88132,0.0,0.0,0.0,20.948164,199.0578,211206157105190168,2021-12-06 15:00:00,15,PM,340,0,Monday,0,12,December,2021,0,Unknown
MCP3161003J,A42FC204B5BB47D283AB2D484DFBDA3A,False,POSSIBLE INJURY,NONE,NOT DISTRACTED,PASSENGER,STOPPED IN TRAFFIC LANE,West,FUNCTIONAL,30,False,False,2,9043350524703467,210049589,Montgomery County Police,Injury ,False,West,1,2,GRADE DOWNHILL,False,False,DRIVER,SAME DIR REAR END,DRY,DARK LIGHTS ON,NO CONTROLS,UNKNOWN,UNKNOWN,STRAIGHT,NO DEFECTS,"TWO-WAY, NOT DIVIDED",39.030445,-77.084835,915669685319325,3526098950313929,0,0,0,2021120618,7707527239025656,Acura,2013,TL,Midsize Cars,6.0,3.7,Automatic 6,AWD,Premium Gasoline,18,24,KNOWLES AVE,Maryland (State),HOWARD AVE,County,3526098950313929,20895,KENSINGTON,70838.1492765,106180148.023,39.02565657266069,-77.07527294437958,17.845499,63.59045,0.0,0.0,0.0,19.33639,245.82089,211206187075290256,2021-12-06 18:00:00,18,PM,340,0,Monday,0,12,December,2021,0,Unknown
MCP3161003J,7AB8A8DA02174A0BA9F1260977A0C7B4,True,NO APPARENT INJURY,NONE,UNKNOWN,PASSENGER,UNKNOWN,West,DISABLING,30,False,False,2,3233063173565461,210049589,Montgomery County Police,Injury ,False,West,1,2,GRADE DOWNHILL,False,False,DRIVER,SAME DIR REAR END,DRY,DARK LIGHTS ON,NO CONTROLS,UNKNOWN,UNKNOWN,STRAIGHT,NO DEFECTS,"TWO-WAY, NOT DIVIDED",39.030445,-77.084835,915669685319325,3526098950313929,0,0,0,2021120618,7707527239025656,Toyota,0,Unknown,Unknown,0.0,0.0,Unknown,Unknown,Unknown,0,0,KNOWLES AVE,Maryland (State),HOWARD AVE,County,3526098950313929,20895,KENSINGTON,70838.1492765,106180148.023,39.02565657266069,-77.07527294437958,17.845499,63.59045,0.0,0.0,0.0,19.33639,245.82089,211206187075290256,2021-12-06 18:00:00,18,PM,340,0,Monday,0,12,December,2021,0,Unknown
MCP32090035,4111E56F43EF45499AC2439F9E5D621A,False,NO APPARENT INJURY,NONE,NOT DISTRACTED,PASSENGER,PARKED,UNKNOWN,SUPERFICIAL,25,True,False,2,2815627468671518,210049608,Montgomery County Police,Property Damage ,False,East,1,1,LEVEL,False,False,DRIVER,SAME DIRECTION SIDESWIPE,UNKNOWN,DARK LIGHTS ON,UNKNOWN,NON INTERSECTION,UNKNOWN,STRAIGHT,NO DEFECTS,"TWO-WAY, NOT DIVIDED",38.99147833,-77.02539,887072325756327,5660893524410086,0,0,0,2021120621,7703596439001907,Honda,2018,Accord,Large Cars,4.0,2.0,Automatic 10,FWD,Regular Gasoline,22,32,SILVER SPRING AVE,County,GEORGIA AVE,US (State),5660893524410086,20910,SILVER SPRING,82846.1568889,126320091.137,39.00190768010143,-77.03596497235911,11.4465,44.921196,0.0,0.0,0.0,32.909985,300.21124,211206217035990019,2021-12-06 21:00:00,21,PM,340,0,Monday,0,12,December,2021,0,Unknown
MCP32090035,2D860D39D1DF4897B8F29E5DBDAE09E8,True,NO APPARENT INJURY,NONE,LOOKED BUT DID NOT SEE,PASSENGER,MOVING CONSTANT SPEED,East,SUPERFICIAL,25,False,False,2,8243785643457611,210049608,Montgomery County Police,Property Damage ,False,East,1,1,LEVEL,False,False,DRIVER,SAME DIRECTION SIDESWIPE,UNKNOWN,DARK LIGHTS ON,UNKNOWN,NON INTERSECTION,UNKNOWN,STRAIGHT,NO DEFECTS,"TWO-WAY, NOT DIVIDED",38.99147833,-77.02539,887072325756327,5660893524410086,0,0,0,2021120621,7703596439001907,Toyota,2015,Camry,Midsize Cars,4.0,2.5,Automatic 6,FWD,Regular Gasoline,21,30,SILVER SPRING AVE,County,GEORGIA AVE,US (State),5660893524410086,20910,SILVER SPRING,82846.1568889,126320091.137,39.00190768010143,-77.03596497235911,11.4465,44.921196,0.0,0.0,0.0,32.909985,300.21124,211206217035990019,2021-12-06 21:00:00,21,PM,340,0,Monday,0,12,December,2021,0,Unknown