ReportNumber,VehicleCrashKey,DriverAtFault,DriverInjurySeverity,DriverSubstanceAbuse,DriverDistractedBy,VehicleType,VehicleMovement,VehicleGoingDir,VehicleDamageExtent,SpeedLimit,ParkedVehicle,SubstanceAbuseContributed,VehiclesCrashedTotal,VehicleKey,LocalCaseNumber,AgencyName,ACRSReportType,HitRun,LaneDirection,LaneNumber,NumberOfLanes,RoadGrade,NonTraffic,OffRoadIncident,AccidentAtFault,CollisionType,SurfaceCondition,Light,TrafficControl,Junction,IntersectionType,RoadAlignment,RoadCondition,RoadDivision,Latitude,Longitude,RoadKey_x,CrossStreetKey,NonMotoristTotal,NonMotoristInjury,NonMotoristFatal,DateHourKey,LocationAreaKey,Make,Year_x,BaseModel,BodyClass,Cylinders,Displacement,Transmission,Drivetrain,FuelType,CityMPG,HighwayMPG,RoadName_x,RouteType_x,RoadName_y,RouteType_y,RoadKey_y,Zipcode,MailCity,ShapeLength,ShapeArea,CentroidLatitude,CentroidLongitude,Temperature,Humidity,Precipitation,Rain,Snow,WindSpeed,WindDirection,WeatherKey,Datetime,Hour,TimeOfDay,DayNumber,WeekDayNumber,WeekDayName,WeekendFlag,MonthNumber,MonthName,Year_y,HolidayFlag,HolidayName
MCP229800ZD,3404A65E0BA147389E444880DE95C6DF,True,NO APPARENT INJURY,NONE,LOOKED BUT DID NOT SEE,PASSENGER,CHANGING LANES,North,FUNCTIONAL,35,False,False,2,7004010087536265,210050176,Montgomery County Police,Property Damage ,False,North,1,2,LEVEL,False,False,DRIVER,SAME DIRECTION SIDESWIPE,DRY,DAYLIGHT,TRAFFIC SIGNAL,INTERSECTION RELATED,FOUR-WAY INTERSECTION,CURVE RIGHT,NO DEFECTS,"TWO-WAY, DIVIDED, POSITIVE MEDIAN BARRIER",39.08316,-77.07879667,1627793738140795,2843299409940101,0,0,0,2021121013,7705486039088590,Honda,2015,Civic,Compact Cars,4.0,1.8,Automatic CVT,FWD,Regular Gasoline,29,37,CONNECTICUT AVE,Maryland (State),ENT TO BUSINESS,UNKNOWN,2843299409940101,20906,SILVER SPRING,133207.174949,359110751.771,39.08859082555049,-77.05486091907257,7.5825,55.281998,0.0,0.0,0.0,3.671294,191.30989,211210137054890885,2021-12-10 13:00:00,13,PM,344,4,Friday,0,12,December,2021,0,Unknown
MCP229800ZD,AF87CA96A2F64F088E31C4624218BF67,False,NO APPARENT INJURY,NONE,NOT DISTRACTED,PASSENGER,MOVING CONSTANT SPEED,North,DISABLING,35,False,False,2,5926379379641469,210050176,Montgomery County Police,Property Damage ,False,North,1,2,LEVEL,False,False,DRIVER,SAME DIRECTION SIDESWIPE,DRY,DAYLIGHT,TRAFFIC SIGNAL,INTERSECTION RELATED,FOUR-WAY INTERSECTION,CURVE RIGHT,NO DEFECTS,"TWO-WAY, DIVIDED, POSITIVE MEDIAN BARRIER",39.08316,-77.07879667,1627793738140795,2843299409940101,0,0,0,2021121013,7705486039088590,Volvo,2016,S60,Compact Cars,4.0,2.0,Automatic 6,AWD,Regular Gasoline,20,28,CONNECTICUT AVE,Maryland (State),ENT TO BUSINESS,UNKNOWN,2843299409940101,20906,SILVER SPRING,133207.174949,359110751.771,39.08859082555049,-77.05486091907257,7.5825,55.281998,0.0,0.0,0.0,3.671294,191.30989,211210137054890885,2021-12-10 13:00:00,13,PM,344,4,Friday,0,12,December,2021,0,Unknown
MCP31630040,B8C36E465D644AB8987CA89D704DA32C,True,NO APPARENT INJURY,UNKNOWN,LOOKED BUT DID NOT SEE,TRUCK,SLOWING OR STOPPING,East,NO DAMAGE,35,False,False,1,8656294072768819,210050208,Montgomery County Police,Property Damage ,False,East,1,1,LEVEL,False,False,DRIVER,SAME DIRECTION SIDESWIPE,DRY,DAYLIGHT,UNKNOWN,UNKNOWN,UNKNOWN,STRAIGHT,NO DEFECTS,"TWO-WAY, NOT DIVIDED",39.02176472,-77.11942457,9285509967504694,9498917372734073,0,0,0,2021121016,7710519939016894,Sterling,0,Unknown,Unknown,0.0,0.0,Unknown,Unknown,Unknown,0,0,SOUTHPORT DR,County,HURST ST,County,9498917372734073,20814,BETHESDA,58373.8630538,68540697.609,39.016894075883464,-77.10519990449882,10.3345,55.01515,0.0,0.0,0.0,5.815978,111.801476,211210167105190168,2021-12-10 16:00:00,16,PM,344,4,Friday,0,12,December,2021,0,Unknown
MCP3073005N,3E19B0C4B6F94F39ACCFF2726D851B9C,True,NO APPARENT INJURY,NONE,UNKNOWN,PASSENGER,MOVING CONSTANT SPEED,North,DISABLING,35,False,False,2,1152268474858712,210050233,Montgomery County Police,Property Damage ,False,North,3,3,LEVEL,False,False,DRIVER,SAME DIR REAR END,UNKNOWN,DARK LIGHTS ON,UNKNOWN,UNKNOWN,UNKNOWN,STRAIGHT,UNKNOWN,"TWO-WAY, DIVIDED, POSITIVE MEDIAN BARRIER",39.07633,-77.06906667,8554262040045692,2242153826664605,0,0,0,2021121017,7705486039088590,Mercury,2003,Sable,Midsize Cars,6.0,3.0,Automatic 4,FWD,Regular Gasoline,17,24,GEORGIA AVE,Maryland (State),HEWITT AVE,County,2242153826664605,20906,SILVER SPRING,133207.174949,359110751.771,39.08859082555049,-77.05486091907257,9.2325,59.43552,0.0,0.0,0.0,5.6920996,108.43504,211210177054890885,2021-12-10 17:00:00,17,PM,344,4,Friday,0,12,December,2021,0,Unknown
MCP3073005N,2D0E284C02EC43A099BC045E5565CD9F,False,NO APPARENT INJURY,NONE,NOT DISTRACTED,PASSENGER,STOPPED IN TRAFFIC LANE,North,DISABLING,35,False,False,2,2150933454680424,210050233,Montgomery County Police,Property Damage ,False,North,3,3,LEVEL,False,False,DRIVER,SAME DIR REAR END,UNKNOWN,DARK LIGHTS ON,UNKNOWN,UNKNOWN,UNKNOWN,STRAIGHT,UNKNOWN,"TWO-WAY, DIVIDED, POSITIVE MEDIAN BARRIER",39.07633,-77.06906667,8554262040045692,2242153826664605,0,0,0,2021121017,7705486039088590,Mitsubishi,0,Unknown,Unknown,0.0,0.0,Unknown,Unknown,Unknown,0,0,GEORGIA AVE,Maryland (State),HEWITT AVE,County,2242153826664605,20906,SILVER SPRING,133207.174949,359110751.771,39.08859082555049,-77.05486091907257,9.2325,59.43552,0.0,0.0,0.0,5.6920996,108.43504,211210177054890885,2021-12-10 17:00:00,17,PM,344,4,Friday,0,12,December,2021,0,Unknown
MCP32250022,F7E101B9104F46E582494A883AD68D59,True,NO APPARENT INJURY,ALCOHOL,UNKNOWN,PASSENGER,BACKING,UNKNOWN,FUNCTIONAL,15,False,False,1,9088251191717951,210050248,Montgomery County Police,Property Damage ,True,UNKNOWN,0,0,UNKNOWN,True,True,DRIVER,OTHER,UNKNOWN,DARK LIGHTS ON,UNKNOWN,UNKNOWN,UNKNOWN,UNKNOWN,UNKNOWN,UNKNOWN,39.0854145,-77.0780445,7781945108562677,7781945108562677,0,0,0,2021121018,7705486039088590,Toyota,2020,Camry,Midsize Cars,4.0,2.5,Automatic 8,FWD,Regular Gasoline,22,34,UNKNOWN,UNKNOWN,UNKNOWN,UNKNOWN,7781945108562677,20906,SILVER SPRING,133207.174949,359110751.771,39.08859082555049,-77.05486091907257,8.7325,61.03579,0.0,0.0,0.0,7.5685663,115.34614,211210187054890885,2021-12-10 18:00:00,18,PM,344,4,Friday,0,12,December,2021,0,Unknown
MCP3197002V,7EE19444F9F748D2B81C6AC13CB0EA08,False,NO APPARENT INJURY,NONE,NOT DISTRACTED,PASSENGER,MOVING CONSTANT SPEED,East,DISABLING,35,False,False,2,8243785576347135,210050250,Montgomery County Police,Property Damage ,False,East,2,2,LEVEL,False,False,DRIVER,STRAIGHT MOVEMENT ANGLE,DRY,DARK LIGHTS ON,NO CONTROLS,INTERSECTION,FOUR-WAY INTERSECTION,STRAIGHT,NO DEFECTS,"TWO-WAY, DIVIDED, UNPROTECTED PAINTED MIN 4 FEET",38.99187833,-77.025835,3786639377990067,8554262040045692,0,0,0,2021121018,7703596439001907,Toyota,2019,Camry,Midsize Cars,4.0,2.5,Automatic 8,FWD,Regular Gasoline,22,39,BEL PRE RD,County,GEORGIA AVE,Maryland (State),8554262040045692,20910,SILVER SPRING,82846.1568889,126320091.137,39.00190768010143,-77.03596497235911,8.7465,63.03265,0.0,0.0,0.0,7.9526596,95.19434,211210187035990019,2021-12-10 18:00:00,18,PM,344,4,Friday,0,12,December,2021,0,Unknown
MCP3197002V,1FF5CEE0D39F41CA967D2FF2272343F0,True,NO APPARENT INJURY,ALCOHOL,OTHER DISTRACTION,PASSENGER,MAKING LEFT TURN,West,DISABLING,35,False,False,2,751452905815289,210050250,Montgomery County Police,Property Damage ,False,East,2,2,LEVEL,False,False,DRIVER,STRAIGHT MOVEMENT ANGLE,DRY,DARK LIGHTS ON,NO CONTROLS,INTERSECTION,FOUR-WAY INTERSECTION,STRAIGHT,NO DEFECTS,"TWO-WAY, DIVIDED, UNPROTECTED PAINTED MIN 4 FEET",38.99187833,-77.025835,3786639377990067,8554262040045692,0,0,0,2021121018,7703596439001907,Toyota,2020,Corolla,Compact Cars,4.0,2.0,Automatic 10,FWD,Regular Gasoline,29,38,BEL PRE RD,County,GEORGIA AVE,Maryland (State),8554262040045692,20910,SILVER SPRING,82846.1568889,126320091.137,39.00190768010143,-77.03596497235911,8.7465,63.03265,0.0,0.0,0.0,7.9526596,95.19434,211210187035990019,2021-12-10 18:00:00,18,PM,344,4,Friday,0,12,December,2021,0,Unknown
MCP32070028,9C9FA3634B3A4EE182961C3B2B1B6628,False,NO APPARENT INJURY,NONE,NOT DISTRACTED,PASSENGER,STOPPED IN TRAFFIC LANE,North,FUNCTIONAL,40,False,False,2,819104211177936,210050266,Montgomery County Police,Property Damage ,True,North,4,4,HILL UPHILL,False,False,DRIVER,SAME DIR REAR END,DRY,DARK LIGHTS ON,TRAFFIC SIGNAL,INTERSECTION,FOUR-WAY INTERSECTION,STRAIGHT,NO DEFECTS,"TWO-WAY, DIVIDED, POSITIVE MEDIAN BARRIER",39.03675314,-76.98905458,8901981419077344,8323985868231548,0,0,0,2021121019,7697146539036011,Nissan,2016,Altima,Midsize Cars,4.0,2.5,Automatic 7,FWD,Regular Gasoline,22,31,NEW HAMPSHIRE AVE,Maryland (State),MICHELSON RD,UNKNOWN,8323985868231548,20993,SILVER SPRING,29796.9417713,31161143.5697,39.03601162551873,-76.97146578197675,7.868,67.2431,0.0,0.0,0.0,9.0,106.26028,211210196971490360,2021-12-10 19:00:00,19,PM,344,4,Friday,0,12,December,2021,0,Unknown
MCP32070028,EFA34EC87D55493D89DA4A2DDE01719B,True,NO APPARENT INJURY,NONE,NOT DISTRACTED,PASSENGER,SLOWING OR STOPPING,North,FUNCTIONAL,40,False,False,2,8640615793396496,210050266,Montgomery County Police,Property Damage ,True,North,4,4,HILL UPHILL,False,False,DRIVER,SAME DIR REAR END,DRY,DARK LIGHTS ON,TRAFFIC SIGNAL,INTERSECTION,FOUR-WAY INTERSECTION,STRAIGHT,NO DEFECTS,"TWO-WAY, DIVIDED, POSITIVE MEDIAN BARRIER",39.03675314,-76.98905458,8901981419077344,8323985868231548,0,0,0,2021121019,7697146539036011,Dodge,2004,Durango,Sport Utility Vehicle - 2WD,8.0,4.7,Automatic 5,RWD,Regular Gasoline,12,17,NEW HAMPSHIRE AVE,Maryland (State),MICHELSON RD,UNKNOWN,8323985868231548,20993,SILVER SPRING,29796.9417713,31161143.5697,39.03601162551873,-76.97146578197675,7.868,67.2431,0.0,0.0,0.0,9.0,106.26028,211210196971490360,2021-12-10 19:00:00,19,PM,344,4,Friday,0,12,December,2021,0,Unknown
MCP2720006H,D240B2C9271241678626CCD4EE056762,True,NO APPARENT INJURY,ALCOHOL,NOT DISTRACTED,PASSENGER,MOVING CONSTANT SPEED,North,SUPERFICIAL,35,False,False,2,7106493517473589,210050296,Montgomery County Police,Property Damage ,False,North,3,3,LEVEL,False,False,DRIVER,SAME DIR REAR END,WET,DARK LIGHTS ON,NO CONTROLS,INTERSECTION RELATED,T-INTERSECTION,CURVE RIGHT,NO DEFECTS,"TWO-WAY, DIVIDED, POSITIVE MEDIAN BARRIER",39.077925,-77.0808,1627793738140795,425337737457912,0,0,0,2021121101,7705486039088590,Ford,1999,Ranger,Standard Pickup Trucks 2WD,6.0,3.0,Manual 5,RWD,Regular Gasoline,14,20,CONNECTICUT AVE,Maryland (State),ENT TO ASPEN HILLS SHOPPING CTR,UNKNOWN,425337737457912,20906,SILVER SPRING,133207.174949,359110751.771,39.08859082555049,-77.05486091907257,7.4325,90.52167,0.0,0.0,0.0,9.220499,128.65984,211211017054890885,2021-12-11 01:00:00,1,AM,345,5,Saturday,1,12,December,2021,0,Unknown
MCP2720006H,FAB5F1D5A58545A4A29C88A600DC3EA8,False,NO APPARENT INJURY,NONE,NOT DISTRACTED,PASSENGER,SLOWING OR STOPPING,North,FUNCTIONAL,35,False,False,2,7731083882173923,210050296,Montgomery County Police,Property Damage ,False,North,3,3,LEVEL,False,False,DRIVER,SAME DIR REAR END,WET,DARK LIGHTS ON,NO CONTROLS,INTERSECTION RELATED,T-INTERSECTION,CURVE RIGHT,NO DEFECTS,"TWO-WAY, DIVIDED, POSITIVE MEDIAN BARRIER",39.077925,-77.0808,1627793738140795,425337737457912,0,0,0,2021121101,7705486039088590,Toyota,2017,Highlander,Standard Sport Utility Vehicle 4WD,6.0,3.5,Automatic 8,AWD,Regular Gasoline,20,27,CONNECTICUT AVE,Maryland (State),ENT TO ASPEN HILLS SHOPPING CTR,UNKNOWN,425337737457912,20906,SILVER SPRING,133207.174949,359110751.771,39.08859082555049,-77.05486091907257,7.4325,90.52167,0.0,0.0,0.0,9.220499,128.65984,211211017054890885,2021-12-11 01:00:00,1,AM,345,5,Saturday,1,12,December,2021,0,Unknown
MCP3291000S,72A7FFFF95AD4840A9CB4C2B4460D999,False,SUSPECTED MINOR INJURY,NONE,NOT DISTRACTED,PASSENGER,MOVING CONSTANT SPEED,North,DISABLING,30,False,False,3,9248617223825342,210050297,Montgomery County Police,Injury ,False,West,1,2,LEVEL,False,False,DRIVER,STRAIGHT MOVEMENT ANGLE,WET,DARK LIGHTS ON,FLASHING TRAFFIC SIGNAL,INTERSECTION,FOUR-WAY INTERSECTION,STRAIGHT,NO DEFECTS,"TWO-WAY, NOT DIVIDED",38.990305,-77.02390667,6732058886739677,8368871616036332,0,0,0,2021121101,7703596439001907,Nissan,2021,Rogue,Small Sport Utility Vehicle 2WD,3.0,1.5,Automatic 8,AWD,Regular Gasoline,30,35,FENTON ST,County,SLIGO AVE,County,8368871616036332,20910,SILVER SPRING,82846.1568889,126320091.137,39.00190768010143,-77.03596497235911,7.7465,92.43309,0.0,0.0,0.0,9.504272,142.69597,211211017035990019,2021-12-11 01:00:00,1,AM,345,5,Saturday,1,12,December,2021,0,Unknown
MCP3291000S,247D75B4338E4F3FAB28026EFF5D9568,True,NO APPARENT INJURY,NONE,NOT DISTRACTED,PASSENGER,ACCELERATING,West,DISABLING,30,False,False,3,7871367587015522,210050297,Montgomery County Police,Injury ,False,West,1,2,LEVEL,False,False,DRIVER,STRAIGHT MOVEMENT ANGLE,WET,DARK LIGHTS ON,FLASHING TRAFFIC SIGNAL,INTERSECTION,FOUR-WAY INTERSECTION,STRAIGHT,NO DEFECTS,"TWO-WAY, NOT DIVIDED",38.990305,-77.02390667,6732058886739677,8368871616036332,0,0,0,2021121101,7703596439001907,Toyota,2017,RAV4,Small Sport Utility Vehicle 4WD,4.0,2.5,Automatic 6,AWD,Regular Gasoline,22,28,FENTON ST,County,SLIGO AVE,County,8368871616036332,20910,SILVER SPRING,82846.1568889,126320091.137,39.00190768010143,-77.03596497235911,7.7465,92.43309,0.0,0.0,0.0,9.504272,142.69597,211211017035990019,2021-12-11 01:00:00,1,AM,345,5,Saturday,1,12,December,2021,0,Unknown
MCP3291000S,D65323D66E8F46D289B7E96DDD04071C,False,SUSPECTED MINOR INJURY,NONE,NOT DISTRACTED,PASSENGER,MOVING CONSTANT SPEED,South,DISABLING,30,False,False,3,4909102112133355,210050297,Montgomery County Police,Injury ,False,West,1,2,LEVEL,False,False,DRIVER,STRAIGHT MOVEMENT ANGLE,WET,DARK LIGHTS ON,FLASHING TRAFFIC SIGNAL,INTERSECTION,FOUR-WAY INTERSECTION,STRAIGHT,NO DEFECTS,"TWO-WAY, NOT DIVIDED",38.990305,-77.02390667,6732058886739677,8368871616036332,0,0,0,2021121101,7703596439001907,Jeep,0,Unknown,Unknown,0.0,0.0,Unknown,Unknown,Unknown,0,0,FENTON ST,County,SLIGO AVE,County,8368871616036332,20910,SILVER SPRING,82846.1568889,126320091.137,39.00190768010143,-77.03596497235911,7.7465,92.43309,0.0,0.0,0.0,9.504272,142.69597,211211017035990019,2021-12-11 01:00:00,1,AM,345,5,Saturday,1,12,December,2021,0,Unknown
MCP3008002X,3C6BAC73C16C41FBB29FF09858EDAC1C,True,NO APPARENT INJURY,NONE,LOOKED BUT DID NOT SEE,PASSENGER,SLOWING OR STOPPING,North,SUPERFICIAL,40,False,False,2,751452905815289,210050308,Montgomery County Police,Property Damage ,False,North,2,3,LEVEL,False,False,DRIVER,SAME DIR REAR END,DRY,DARK LIGHTS ON,TRAFFIC SIGNAL,INTERSECTION RELATED,FOUR-WAY INTERSECTION,STRAIGHT,NO DEFECTS,"TWO-WAY, DIVIDED, POSITIVE MEDIAN BARRIER",39.01455833,-76.97802167,8901981419077344,4991976696759948,0,0,0,2021121103,7698354239018293,Toyota,2020,Corolla,Compact Cars,4.0,2.0,Automatic 10,FWD,Regular Gasoline,29,38,NEW HAMPSHIRE AVE,Maryland (State),OAKVIEW DR,County,4991976696759948,20903,SILVER SPRING,50204.7192451,65972447.4483,39.01829365940637,-76.9835422251861,8.7345,96.34379,0.0,0.0,0.0,9.793058,162.89719,211211036983590182,2021-12-11 03:00:00,3,AM,345,5,Saturday,1,12,December,2021,0,Unknown
MCP3008002X,D0E006F84AD44E248A0F0B62E7F08C2F,False,NO APPARENT INJURY,NONE,NOT DISTRACTED,PASSENGER,STOPPED IN TRAFFIC LANE,North,SUPERFICIAL,40,False,False,2,4834438381084471,210050308,Montgomery County Police,Property Damage ,False,North,2,3,LEVEL,False,False,DRIVER,SAME DIR REAR END,DRY,DARK LIGHTS ON,TRAFFIC SIGNAL,INTERSECTION RELATED,FOUR-WAY INTERSECTION,STRAIGHT,NO DEFECTS,"TWO-WAY, DIVIDED, POSITIVE MEDIAN BARRIER",39.01455833,-76.97802167,8901981419077344,4991976696759948,0,0,0,2021121103,7698354239018293,Honda,2017,Pilot,Small Sport Utility Vehicle 2WD,6.0,3.5,Automatic 6,AWD,Regular Gasoline,19,26,NEW HAMPSHIRE AVE,Maryland (State),OAKVIEW DR,County,4991976696759948,20903,SILVER SPRING,50204.7192451,65972447.4483,39.01829365940637,-76.9835422251861,8.7345,96.34379,0.0,0.0,0.0,9.793058,162.89719,211211036983590182,2021-12-11 03:00:00,3,AM,345,5,Saturday,1,12,December,2021,0,Unknown
MCP30260076,617BA72DC8E04524841D823A6C755660,False,NO APPARENT INJURY,NONE,NOT DISTRACTED,PASSENGER,MOVING CONSTANT SPEED,West,FUNCTIONAL,35,False,False,2,502838004328474,210050343,Montgomery County Police,Property Damage ,False,South,1,2,GRADE DOWNHILL,False,False,DRIVER,ANGLE MEETS LEFT TURN,WET,DAYLIGHT,TRAFFIC SIGNAL,INTERSECTION RELATED,FOUR-WAY INTERSECTION,STRAIGHT,NO DEFECTS,"TWO-WAY, DIVIDED, UNPROTECTED PAINTED MIN 4 FEET",38.99543167,-77.038945,4570729910170239,118399697147806,0,0,0,2021121111,7703596439001907,Chevrolet,2018,Impala,Large Cars,6.0,3.6,Automatic 6,FWD,Regular Gasoline,18,28,EAST WEST HWY,Maryland (State),16TH ST,Maryland (State),118399697147806,20910,SILVER SPRING,82846.1568889,126320091.137,39.00190768010143,-77.03596497235911,14.7965,87.2473,0.0,0.0,0.0,27.811018,201.25058,211211117035990019,2021-12-11 11:00:00,11,AM,345,5,Saturday,1,12,December,2021,0,Unknown
MCP30260076,908AB221C44149518124004851907BCD,True,NO APPARENT INJURY,NONE,LOOKED BUT DID NOT SEE,PASSENGER,MAKING LEFT TURN,North,DISABLING,35,False,False,2,5837071455525134,210050343,Montgomery County Police,Property Damage ,False,South,1,2,GRADE DOWNHILL,False,False,DRIVER,ANGLE MEETS LEFT TURN,WET,DAYLIGHT,TRAFFIC SIGNAL,INTERSECTION RELATED,FOUR-WAY INTERSECTION,STRAIGHT,NO DEFECTS,"TWO-WAY, DIVIDED, UNPROTECTED PAINTED MIN 4 FEET",38.99543167,-77.038945,4570729910170239,118399697147806,0,0,0,2021121111,7703596439001907,Subaru,2014,Crosstrek,Small Sport Utility Vehicle 4WD,4.0,2.0,Automatic CVT,AWD,Regular Gasoline,23,32,EAST WEST HWY,Maryland (State),16TH ST,Maryland (State),118399697147806,20910,SILVER SPRING,82846.1568889,126320091.137,39.00190768010143,-77.03596497235911,14.7965,87.2473,0.0,0.0,0.0,27.811018,201.25058,211211117035990019,2021-12-11 11:00:00,11,AM,345,5,Saturday,1,12,December,2021,0,Unknown
MCP2832006R,1440E9E77AC446FDAA21C2FACE1F045F,True,NO APPARENT INJURY,NONE,LOOKED BUT DID NOT SEE,PASSENGER,MAKING LEFT TURN,West,DISABLING,30,False,False,2,8224256121084747,210050347,Montgomery County Police,Property Damage ,False,North,1,3,LEVEL,False,False,DRIVER,STRAIGHT MOVEMENT ANGLE,DRY,DAYLIGHT,NO CONTROLS,INTERSECTION,FOUR-WAY INTERSECTION,STRAIGHT,NO DEFECTS,"TWO-WAY, DIVIDED, POSITIVE MEDIAN BARRIER",38.98713833,-77.07705333,1627793738140795,2790954681946613,0,0,0,2021121112,7707842038983818,Toyota,2018,Prius,Midsize Cars,4.0,1.8,Automatic CVT,FWD,Regular Gasoline,54,50,CONNECTICUT AVE,Maryland (State),BLACKTHORN ST,Municipality,2790954681946613,20815,CHEVY CHASE,78258.2702851,151813895.483,38.98381860627773,-77.07842006190148,15.7245,85.36514,0.0,0.0,0.0,23.675303,188.74608,211211127078489838,2021-12-11 12:00:00,12,PM,345,5,Saturday,1,12,December,2021,0,Unknown
MCP2832006R,18AD9FE721CA4C69A95FD534D3833B19,False,NO APPARENT INJURY,NONE,NOT DISTRACTED,PASSENGER,MOVING CONSTANT SPEED,North,DISABLING,30,False,False,2,2220025485580087,210050347,Montgomery County Police,Property Damage ,False,North,1,3,LEVEL,False,False,DRIVER,STRAIGHT MOVEMENT ANGLE,DRY,DAYLIGHT,NO CONTROLS,INTERSECTION,FOUR-WAY INTERSECTION,STRAIGHT,NO DEFECTS,"TWO-WAY, DIVIDED, POSITIVE MEDIAN BARRIER",38.98713833,-77.07705333,1627793738140795,2790954681946613,0,0,0,2021121112,7707842038983818,Volkswagen,2012,Jetta,Compact Cars,4.0,2.0,Automatic 6,FWD,Regular Gasoline,24,33,CONNECTICUT AVE,Maryland (State),BLACKTHORN ST,Municipality,2790954681946613,20815,CHEVY CHASE,78258.2702851,151813895.483,38.98381860627773,-77.07842006190148,15.7245,85.36514,0.0,0.0,0.0,23.675303,188.74608,211211127078489838,2021-12-11 12:00:00,12,PM,345,5,Saturday,1,12,December,2021,0,Unknown
MCP2372003V,3CEFA1D2549C43B0BEA3A3325D7A0858,False,NO APPARENT INJURY,NONE,NOT DISTRACTED,BUS,MOVING CONSTANT SPEED,East,FUNCTIONAL,30,False,False,2,240722642832247,210050351,Montgomery County Police,Property Damage ,False,East,2,2,LEVEL,False,False,DRIVER,STRAIGHT MOVEMENT ANGLE,DRY,DAYLIGHT,UNKNOWN,NON INTERSECTION,UNKNOWN,STRAIGHT,NO DEFECTS,"TWO-WAY, NOT DIVIDED",38.96038333,-77.11480783,7737340436593800,783767368808881,0,0,0,2021121112,7711806238956479,Gillig,0,Unknown,Unknown,0.0,0.0,Unknown,Unknown,Unknown,0,0,MASSACHUSETTS AVE,Maryland (State),BRILEY PL,County,783767368808881,20816,BETHESDA,58716.1248449,117565480.431,38.95647982277882,-77.11806249046538,15.8975,84.00328,0.0,0.0,0.0,22.608458,189.16228,211211127118089564,2021-12-11 12:00:00,12,PM,345,5,Saturday,1,12,December,2021,0,Unknown
MCP2372003V,0740EA6D61C44687987A58EBDBDE87AB,True,NO APPARENT INJURY,NONE,LOOKED BUT DID NOT SEE,PASSENGER,BACKING,North,FUNCTIONAL,30,False,False,2,2781967101306616,210050351,Montgomery County Police,Property Damage ,False,East,2,2,LEVEL,False,False,DRIVER,STRAIGHT MOVEMENT ANGLE,DRY,DAYLIGHT,UNKNOWN,NON INTERSECTION,UNKNOWN,STRAIGHT,NO DEFECTS,"TWO-WAY, NOT DIVIDED",38.96038333,-77.11480783,7737340436593800,783767368808881,0,0,0,2021121112,7711806238956479,Ford,2006,F150,Standard Pickup Trucks 2WD,8.0,5.4,Automatic 4,RWD,Regular Gasoline,12,17,MASSACHUSETTS AVE,Maryland (State),BRILEY PL,County,783767368808881,20816,BETHESDA,58716.1248449,117565480.431,38.95647982277882,-77.11806249046538,15.8975,84.00328,0.0,0.0,0.0,22.608458,189.16228,211211127118089564,2021-12-11 12:00:00,12,PM,345,5,Saturday,1,12,December,2021,0,Unknown
MCP32250023,D8E362CD0BB447B18617E3045876BBD4,True,NO APPARENT INJURY,NONE,UNKNOWN,PASSENGER,ACCELERATING,East,DISABLING,35,False,False,2,2815627468671518,210050399,Montgomery County Police,Property Damage ,False,UNKNOWN,0,0,LEVEL,False,False,DRIVER,SAME DIRECTION LEFT TURN,WET,DARK LIGHTS ON,NO CONTROLS,OTHER,UNKNOWN,STRAIGHT,NO DEFECTS,"TWO-WAY, DIVIDED, POSITIVE MEDIAN BARRIER",39.08192967,-77.07681,8554262040045692,1627793738140795,0,0,0,2021121119,7705486039088590,Honda,2018,Accord,Large Cars,4.0,2.0,Automatic 10,FWD,Regular Gasoline,22,32,GEORGIA AVE,Maryland (State),CONNECTICUT AVE,Maryland (State),1627793738140795,20906,SILVER SPRING,133207.174949,359110751.771,39.08859082555049,-77.05486091907257,19.7825,73.13552,0.0,0.0,0.0,26.564486,206.56499,211211197054890885,2021-12-11 19:00:00,19,PM,345,5,Saturday,1,12,December,2021,0,Unknown
MCP32250023,F28E518E500A4A03ADE5E8C8672FEE0B,False,NO APPARENT INJURY,NONE,NOT DISTRACTED,PASSENGER,MAKING LEFT TURN,West,FUNCTIONAL,35,False,False,2,9992477215725817,210050399,Montgomery County Police,Property Damage ,False,UNKNOWN,0,0,LEVEL,False,False,DRIVER,SAME DIRECTION LEFT TURN,WET,DARK LIGHTS ON,NO CONTROLS,OTHER,UNKNOWN,STRAIGHT,NO DEFECTS,"TWO-WAY, DIVIDED, POSITIVE MEDIAN BARRIER",39.08192967,-77.07681,8554262040045692,1627793738140795,0,0,0,2021121119,7705486039088590,Dodge,2018,Charger,Large Cars,6.0,3.6,Automatic 8,RWD,Regular Gasoline,15,25,GEORGIA AVE,Maryland (State),CONNECTICUT AVE,Maryland (State),1627793738140795,20906,SILVER SPRING,133207.174949,359110751.771,39.08859082555049,-77.05486091907257,19.7825,73.13552,0.0,0.0,0.0,26.564486,206.56499,211211197054890885,2021-12-11 19:00:00,19,PM,345,5,Saturday,1,12,December,2021,0,Unknown