ReportNumber,VehicleCrashKey,DriverAtFault,DriverInjurySeverity,DriverSubstanceAbuse,DriverDistractedBy,VehicleType,VehicleMovement,VehicleGoingDir,VehicleDamageExtent,SpeedLimit,ParkedVehicle,SubstanceAbuseContributed,VehiclesCrashedTotal,VehicleKey,LocalCaseNumber,AgencyName,ACRSReportType,HitRun,LaneDirection,LaneNumber,NumberOfLanes,RoadGrade,NonTraffic,OffRoadIncident,AccidentAtFault,CollisionType,SurfaceCondition,Light,TrafficControl,Junction,IntersectionType,RoadAlignment,RoadCondition,RoadDivision,Latitude,Longitude,RoadKey_x,CrossStreetKey,NonMotoristTotal,NonMotoristInjury,NonMotoristFatal,DateHourKey,LocationAreaKey,Make,Year_x,BaseModel,BodyClass,Cylinders,Displacement,Transmission,Drivetrain,FuelType,CityMPG,HighwayMPG,RoadName_x,RouteType_x,RoadName_y,RouteType_y,RoadKey_y,Zipcode,MailCity,ShapeLength,ShapeArea,CentroidLatitude,CentroidLongitude,Temperature,Humidity,Precipitation,Rain,Snow,WindSpeed,WindDirection,WeatherKey,Datetime,Hour,TimeOfDay,DayNumber,WeekDayNumber,WeekDayName,WeekendFlag,MonthNumber,MonthName,Year_y,HolidayFlag,HolidayName
MCP27230063,F8E2424D69634AA9BCF864F3EF7D8173,False,NO APPARENT INJURY,UNKNOWN,NOT DISTRACTED,PASSENGER,SLOWING OR STOPPING,North,FUNCTIONAL,35,False,False,2,3233063173565461,210050419,Montgomery County Police,Property Damage ,True,North,2,4,LEVEL,False,False,DRIVER,SAME DIR REAR END,WET,DARK LIGHTS ON,NO CONTROLS,NON INTERSECTION,UNKNOWN,STRAIGHT,UNKNOWN,"TWO-WAY, DIVIDED, UNPROTECTED PAINTED MIN 4 FEET",39.0678623,-77.0605259,8554262040045692,342784259901357,0,0,0,2021121121,7705486039088590,Toyota,0,Unknown,Unknown,0.0,0.0,Unknown,Unknown,Unknown,0,0,GEORGIA AVE,Maryland (State),HATHAWAY DR,County,342784259901357,20906,SILVER SPRING,133207.174949,359110751.771,39.08859082555049,-77.05486091907257,15.9325,99.681114,1.0,1.0,0.0,20.371038,226.43204,211211217054890885,2021-12-11 21:00:00,21,PM,345,5,Saturday,1,12,December,2021,0,Unknown
MCP27230063,944D3623460A4DFA9511A3714FB2E816,True,NO APPARENT INJURY,ALCOHOL,UNKNOWN,PASSENGER,MOVING CONSTANT SPEED,North,DISABLING,35,False,False,2,2109319732347965,210050419,Montgomery County Police,Property Damage ,True,North,2,4,LEVEL,False,False,DRIVER,SAME DIR REAR END,WET,DARK LIGHTS ON,NO CONTROLS,NON INTERSECTION,UNKNOWN,STRAIGHT,UNKNOWN,"TWO-WAY, DIVIDED, UNPROTECTED PAINTED MIN 4 FEET",39.0678623,-77.0605259,8554262040045692,342784259901357,0,0,0,2021121121,7705486039088590,Acura,2005,MDX,Sport Utility Vehicle - 4WD,6.0,3.5,Automatic 5,AWD,Premium Gasoline,15,21,GEORGIA AVE,Maryland (State),HATHAWAY DR,County,342784259901357,20906,SILVER SPRING,133207.174949,359110751.771,39.08859082555049,-77.05486091907257,15.9325,99.681114,1.0,1.0,0.0,20.371038,226.43204,211211217054890885,2021-12-11 21:00:00,21,PM,345,5,Saturday,1,12,December,2021,0,Unknown
MCP2412001R,B74673DB39594830B08A258052E73A1E,True,NO APPARENT INJURY,NONE,NOT DISTRACTED,EMERGENCY,SLOWING OR STOPPING,South,SUPERFICIAL,25,False,False,1,9992477198948198,210050542,Montgomery County Police,Property Damage ,False,South,1,1,GRADE DOWNHILL,False,False,DRIVER,SINGLE VEHICLE,OTHER,DARK LIGHTS ON,NO CONTROLS,NON INTERSECTION,UNKNOWN,STRAIGHT,HOLES RUTS ETC,"TWO-WAY, NOT DIVIDED",39.00148341,-77.01631518,3626591151530225,5211460014152208,0,0,0,2021121122,7703596439001907,Dodge,2019,Charger,Large Cars,6.0,3.6,Automatic 8,RWD,Regular Gasoline,19,30,GREENWICH LA,County,DARTMOUTH AVE,County,5211460014152208,20910,SILVER SPRING,82846.1568889,126320091.137,39.00190768010143,-77.03596497235911,15.3465,92.85657,1.5,1.5,0.0,24.36591,282.80426,211211227035990019,2021-12-11 22:00:00,22,PM,345,5,Saturday,1,12,December,2021,0,Unknown
MCP3199003G,6ECAAA1E73024EB394745064F49947BF,True,NO APPARENT INJURY,NONE,NOT DISTRACTED,PASSENGER,MAKING LEFT TURN,East,DISABLING,45,False,False,1,7037495027338866,210050462,Montgomery County Police,Property Damage ,False,East,0,3,LEVEL,False,False,DRIVER,SINGLE VEHICLE,DRY,DAYLIGHT,TRAFFIC SIGNAL,INTERSECTION,FOUR-WAY INTERSECTION,STRAIGHT,NO DEFECTS,"TWO-WAY, DIVIDED, POSITIVE MEDIAN BARRIER",39.10106667,-77.07668333,8554262040045692,1370637523675876,0,0,0,2021121208,7705486039088590,Honda,2008,Fit,Small Station Wagons,4.0,1.5,Automatic 5,FWD,Regular Gasoline,27,34,GEORGIA AVE,Maryland (State),ROSSMOOR BLVD,County,1370637523675876,20906,SILVER SPRING,133207.174949,359110751.771,39.08859082555049,-77.05486091907257,3.4325001,48.50677,0.0,0.0,0.0,14.693999,300.96368,211212087054890885,2021-12-12 08:00:00,8,AM,346,6,Sunday,1,12,December,2021,0,Unknown
DM8500000L,117AF8C2CA394482920FD9F5D49C56BC,True,POSSIBLE INJURY,UNKNOWN,OTHER DISTRACTION,PASSENGER,UNKNOWN,North,DESTROYED,30,False,False,1,2534137744596170,210050467,Takoma Park Police Depart,Injury ,False,South,0,1,LEVEL,False,False,DRIVER,SINGLE VEHICLE,DRY,DAYLIGHT,NO CONTROLS,OTHER,T-INTERSECTION,CURVE LEFT,NO DEFECTS,"TWO-WAY, DIVIDED, POSITIVE MEDIAN BARRIER",38.97842743,-77.01836573,5884259832762275,7883959838840872,0,0,0,2021121210,7700204038982546,Honda,2021,Accord,Large Cars,4.0,2.0,Automatic CVT,FWD,Regular Gasoline,22,32,TAKOMA AVE,Municipality,PINEY BRANCH RD,Maryland (State),7883959838840872,20912,TAKOMA PARK,51232.0653417,65209197.2692,38.98254687160147,-77.00204079343348,4.748,51.345093,0.0,0.0,0.0,9.007196,272.29056,211212107002089825,2021-12-12 10:00:00,10,AM,346,6,Sunday,1,12,December,2021,0,Unknown
MCP3280001V,3033CA9B8CAC4C0C89228CD34FE691F7,True,NO APPARENT INJURY,NONE,NOT DISTRACTED,PASSENGER,MOVING CONSTANT SPEED,South,DISABLING,25,False,False,1,7285498200960189,210050492,Montgomery County Police,Property Damage ,False,South,1,2,LEVEL,False,False,DRIVER,SAME DIR REAR END,DRY,DAYLIGHT,NO CONTROLS,NON INTERSECTION,UNKNOWN,STRAIGHT,NO DEFECTS,"TWO-WAY, NOT DIVIDED",38.99887667,-76.99114167,7883959838840872,4977678367391385,0,0,0,2021121213,7698354239018293,Honda,2006,Civic,Subcompact Cars,4.0,1.8,Automatic 5,FWD,Regular Gasoline,26,36,PINEY BRANCH RD,Maryland (State),CARROLL AVE,County,4977678367391385,20903,SILVER SPRING,50204.7192451,65972447.4483,39.01829365940637,-76.9835422251861,7.3345,40.850323,0.0,0.0,0.0,16.055353,289.6539,211212136983590182,2021-12-12 13:00:00,13,PM,346,6,Sunday,1,12,December,2021,0,Unknown
MCP20080090,DAB695C13A454B7C9FC39443D31848F6,False,NO APPARENT INJURY,NONE,NOT DISTRACTED,PASSENGER,SLOWING OR STOPPING,West,DISABLING,35,False,False,2,5837071421969896,210050510,Montgomery County Police,Property Damage ,False,West,0,4,LEVEL,False,False,DRIVER,OPPOSITE DIRECTION SIDESWIPE,DRY,DAYLIGHT,UNKNOWN,NON INTERSECTION,UNKNOWN,STRAIGHT,NO DEFECTS,"TWO-WAY, NOT DIVIDED",38.99800667,-77.10830667,1363718650800826,9450016671255928,0,0,0,2021121216,7710269338999892,Subaru,2016,Crosstrek,Small Sport Utility Vehicle 4WD,4.0,2.0,Automatic 6,AWD,Regular Gasoline,23,33,RIVER RD,Maryland (State),CAPITOL CRESCENT TRAIL BRIDGE,UNKNOWN,9450016671255928,20892,BETHESDA,18629.8302482,13840739.1197,38.99989292006988,-77.1026933476101,8.4505005,35.675785,0.0,0.0,0.0,12.864649,287.928,211212167102689998,2021-12-12 16:00:00,16,PM,346,6,Sunday,1,12,December,2021,0,Unknown
MCP20080090,DE6180F4C3924FA9A182B479753A7D5D,True,NO APPARENT INJURY,NONE,LOOKED BUT DID NOT SEE,PASSENGER,CHANGING LANES,East,DISABLING,35,False,False,2,5303684224420765,210050510,Montgomery County Police,Property Damage ,False,West,0,4,LEVEL,False,False,DRIVER,OPPOSITE DIRECTION SIDESWIPE,DRY,DAYLIGHT,UNKNOWN,NON INTERSECTION,UNKNOWN,STRAIGHT,NO DEFECTS,"TWO-WAY, NOT DIVIDED",38.99800667,-77.10830667,1363718650800826,9450016671255928,0,0,0,2021121216,7710269338999892,BMW,2017,3 Series,Compact Cars,4.0,2.0,Automatic 8,AWD,Premium Gasoline,23,33,RIVER RD,Maryland (State),CAPITOL CRESCENT TRAIL BRIDGE,UNKNOWN,9450016671255928,20892,BETHESDA,18629.8302482,13840739.1197,38.99989292006988,-77.1026933476101,8.4505005,35.675785,0.0,0.0,0.0,12.864649,287.928,211212167102689998,2021-12-12 16:00:00,16,PM,346,6,Sunday,1,12,December,2021,0,Unknown
MCP32250025,435268ACC35B47E0A2A6F0E37EDC9B17,True,NO APPARENT INJURY,NONE,UNKNOWN,TRUCK,MAKING LEFT TURN,West,FUNCTIONAL,35,False,False,2,6976769785510792,210050521,Montgomery County Police,Property Damage ,False,South,3,3,LEVEL,False,False,DRIVER,HEAD ON LEFT TURN,DRY,DARK LIGHTS ON,NO CONTROLS,NON INTERSECTION,UNKNOWN,STRAIGHT,NO DEFECTS,"TWO-WAY, DIVIDED, POSITIVE MEDIAN BARRIER",39.05933867,-77.05049983,8554262040045692,811491394242307,0,0,0,2021121217,7705486039088590,Infiniti,2017,QX60,Small Sport Utility Vehicle 2WD,4.0,2.5,Automatic 7,AWD,Premium Gasoline,25,27,GEORGIA AVE,Maryland (State),SHERATON ST,County,811491394242307,20906,SILVER SPRING,133207.174949,359110751.771,39.08859082555049,-77.05486091907257,7.2324996,41.442223,0.0,0.0,0.0,9.007196,272.29056,211212177054890885,2021-12-12 17:00:00,17,PM,346,6,Sunday,1,12,December,2021,0,Unknown
MCP32250025,CB429D01185F4CC9BA1CF9F58EF5E69C,False,NO APPARENT INJURY,NONE,NOT DISTRACTED,PASSENGER,MOVING CONSTANT SPEED,South,FUNCTIONAL,35,False,False,2,3097115313653538,210050521,Montgomery County Police,Property Damage ,False,South,3,3,LEVEL,False,False,DRIVER,HEAD ON LEFT TURN,DRY,DARK LIGHTS ON,NO CONTROLS,NON INTERSECTION,UNKNOWN,STRAIGHT,NO DEFECTS,"TWO-WAY, DIVIDED, POSITIVE MEDIAN BARRIER",39.05933867,-77.05049983,8554262040045692,811491394242307,0,0,0,2021121217,7705486039088590,Honda,2003,Accord,Midsize Cars,4.0,2.4,Automatic 5,FWD,Regular Gasoline,18,27,GEORGIA AVE,Maryland (State),SHERATON ST,County,811491394242307,20906,SILVER SPRING,133207.174949,359110751.771,39.08859082555049,-77.05486091907257,7.2324996,41.442223,0.0,0.0,0.0,9.007196,272.29056,211212177054890885,2021-12-12 17:00:00,17,PM,346,6,Sunday,1,12,December,2021,0,Unknown
MCP3257003P,B56CFA9A20DB4CEE80DA83466CAC16B0,False,NO APPARENT INJURY,NONE,NOT DISTRACTED,PASSENGER,SLOWING OR STOPPING,South,FUNCTIONAL,40,False,False,2,5108981111133515,210050553,Montgomery County Police,Property Damage ,False,South,1,3,LEVEL,False,False,UNKNOWN,SAME DIRECTION SIDESWIPE,DRY,DARK LIGHTS ON,NO CONTROLS,NON INTERSECTION,UNKNOWN,STRAIGHT,HOLES RUTS ETC,"TWO-WAY, DIVIDED, POSITIVE MEDIAN BARRIER",39.01972778,-77.10299908,5925405510732472,3253281569849892,0,0,0,2021121221,7710519939016894,Toyota,2001,MR2,Two Seaters,4.0,1.8,Manual 5,RWD,Regular Gasoline,22,27,ROCKVILLE PIKE,Maryland (State),RAMP 5 FR MD 355 SB TO IS 495 EB,Ramp,3253281569849892,20814,BETHESDA,58373.8630538,68540697.609,39.016894075883464,-77.10519990449882,3.1845,60.78432,0.0,0.0,0.0,6.379216,253.61038,211212217105190168,2021-12-12 21:00:00,21,PM,346,6,Sunday,1,12,December,2021,0,Unknown
MCP3257003P,0BD8F9FB9DDA49B7BEA21C8A5F826413,False,NO APPARENT INJURY,NONE,NOT DISTRACTED,PASSENGER,SLOWING OR STOPPING,South,DISABLING,40,False,False,2,5128764815494810,210050553,Montgomery County Police,Property Damage ,False,South,1,3,LEVEL,False,False,UNKNOWN,SAME DIRECTION SIDESWIPE,DRY,DARK LIGHTS ON,NO CONTROLS,NON INTERSECTION,UNKNOWN,STRAIGHT,HOLES RUTS ETC,"TWO-WAY, DIVIDED, POSITIVE MEDIAN BARRIER",39.01972778,-77.10299908,5925405510732472,3253281569849892,0,0,0,2021121221,7710519939016894,Nissan,1991,240SX,Minicompact Cars,4.0,2.4,Automatic 4,RWD,Premium Gasoline,18,25,ROCKVILLE PIKE,Maryland (State),RAMP 5 FR MD 355 SB TO IS 495 EB,Ramp,3253281569849892,20814,BETHESDA,58373.8630538,68540697.609,39.016894075883464,-77.10519990449882,3.1845,60.78432,0.0,0.0,0.0,6.379216,253.61038,211212217105190168,2021-12-12 21:00:00,21,PM,346,6,Sunday,1,12,December,2021,0,Unknown
DM8480000W,320C19F55A8C40E79D6C011AEAF5CBF0,True,NO APPARENT INJURY,UNKNOWN,UNKNOWN,UNKNOWN,MOVING CONSTANT SPEED,South,UNKNOWN,25,False,False,1,8168321465439775,210050561,Takoma Park Police Depart,Property Damage ,True,North,1,2,LEVEL,False,False,DRIVER,STRAIGHT MOVEMENT ANGLE,DRY,DARK LIGHTS ON,STOP SIGN,INTERSECTION,FOUR-WAY INTERSECTION,STRAIGHT,NO DEFECTS,"TWO-WAY, NOT DIVIDED",38.96924667,-77.00533833,9369591002709076,6295235634106984,0,0,0,2021121223,7700204038982546,Unknown,0,Unknown,Unknown,0.0,0.0,Unknown,Unknown,Unknown,0,0,KANSAS LA,Municipality,WESTMORELAND ST,Municipality,6295235634106984,20912,TAKOMA PARK,51232.0653417,65209197.2692,38.98254687160147,-77.00204079343348,1.7479999,61.34459,0.0,0.0,0.0,9.3669195,267.79745,211212237002089825,2021-12-12 23:00:00,23,PM,346,6,Sunday,1,12,December,2021,0,Unknown
MCP2209002J,B0D3B1B1B0484FE79F11F12711AEC4AC,True,POSSIBLE INJURY,NONE,OTHER DISTRACTION,PASSENGER,MOVING CONSTANT SPEED,North,DISABLING,55,False,False,1,1704978013505975,210050572,Montgomery County Police,Injury ,False,North,0,2,HILL UPHILL,False,False,DRIVER,SINGLE VEHICLE,DRY,DARK NO LIGHTS,UNKNOWN,UNKNOWN,UNKNOWN,STRAIGHT,NO DEFECTS,"TWO-WAY, DIVIDED, POSITIVE MEDIAN BARRIER",38.97606,-77.14952333,5249777599148989,8599911420118079,0,0,0,2021121304,7715220038996189,Ford,2013,Edge,Small Sport Utility Vehicle 2WD,6.0,3.5,Automatic 6,AWD,Regular Gasoline,18,25,CABIN JOHN PKWY,Interstate (State),MACARTHUR BLVD,County,8599911420118079,20817,BETHESDA,143234.920079,403664948.588,38.996189145680184,-77.15220044157795,-0.557,84.12396,0.0,0.0,0.0,3.4152596,251.56496,211213047152289961,2021-12-13 04:00:00,4,AM,347,0,Monday,0,12,December,2021,0,Unknown
DM8494001L,0A2564473A514943939DE745972051BD,True,NO APPARENT INJURY,UNKNOWN,INATTENTIVE OR LOST IN THOUGHT,PASSENGER,STARTING FROM PARKED,North,FUNCTIONAL,5,False,False,2,8224255986863795,210050584,Takoma Park Police Depart,Property Damage ,True,UNKNOWN,0,0,UNKNOWN,True,True,DRIVER,OTHER,UNKNOWN,DAYLIGHT,UNKNOWN,UNKNOWN,UNKNOWN,UNKNOWN,UNKNOWN,UNKNOWN,38.98348628,-76.9882071,7781945108562677,7781945108562677,0,0,0,2021121308,7700204038982546,Toyota,2010,Prius,Midsize Cars,4.0,1.8,Automatic CVT,FWD,Regular Gasoline,51,48,UNKNOWN,UNKNOWN,UNKNOWN,UNKNOWN,7781945108562677,20912,TAKOMA PARK,51232.0653417,65209197.2692,38.98254687160147,-77.00204079343348,-2.502,89.42678,0.0,0.0,0.0,6.87779,263.9911,211213087002089825,2021-12-13 08:00:00,8,AM,347,0,Monday,0,12,December,2021,0,Unknown
DM8494001L,531D87481D9543348A5F6E59D56D5F39,False,NO APPARENT INJURY,UNKNOWN,NOT DISTRACTED,PASSENGER,STARTING FROM PARKED,North,FUNCTIONAL,5,False,False,2,273510523350559,210050584,Takoma Park Police Depart,Property Damage ,True,UNKNOWN,0,0,UNKNOWN,True,True,DRIVER,OTHER,UNKNOWN,DAYLIGHT,UNKNOWN,UNKNOWN,UNKNOWN,UNKNOWN,UNKNOWN,UNKNOWN,38.98348628,-76.9882071,7781945108562677,7781945108562677,0,0,0,2021121308,7700204038982546,Dodge,2018,Journey,Small Sport Utility Vehicle 2WD,6.0,3.6,Automatic 6,FWD,Regular Gasoline,16,25,UNKNOWN,UNKNOWN,UNKNOWN,UNKNOWN,7781945108562677,20912,TAKOMA PARK,51232.0653417,65209197.2692,38.98254687160147,-77.00204079343348,-2.502,89.42678,0.0,0.0,0.0,6.87779,263.9911,211213087002089825,2021-12-13 08:00:00,8,AM,347,0,Monday,0,12,December,2021,0,Unknown
MCP913000C2,F1B36160D54749AF8C914447B1F25D83,False,NO APPARENT INJURY,NONE,NOT DISTRACTED,PASSENGER,MOVING CONSTANT SPEED,West,DISABLING,30,False,False,2,451369644141964,210050638,Montgomery County Police,Property Damage ,False,West,2,3,LEVEL,False,False,DRIVER,STRAIGHT MOVEMENT ANGLE,DRY,DAYLIGHT,NO CONTROLS,INTERSECTION,FOUR-WAY INTERSECTION,STRAIGHT,NO DEFECTS,"TWO-WAY, DIVIDED, POSITIVE MEDIAN BARRIER",38.99279167,-76.99138833,5005946941929880,5269488757423054,0,0,0,2021121313,7698354239018293,Hyundai,2005,Sonata,Midsize Cars,4.0,2.4,Automatic 4,FWD,Regular Gasoline,17,25,UNIVERSITY BLVD E,Maryland (State),MERRIMAC DR,County,5269488757423054,20903,SILVER SPRING,50204.7192451,65972447.4483,39.01829365940637,-76.9835422251861,8.434501,45.708664,0.0,0.0,0.0,4.6938257,237.52882,211213136983590182,2021-12-13 13:00:00,13,PM,347,0,Monday,0,12,December,2021,0,Unknown
MCP913000C2,21E7574E85254FADBDCF530DC472915E,True,NO APPARENT INJURY,NONE,LOOKED BUT DID NOT SEE,PASSENGER,MAKING LEFT TURN,East,DISABLING,30,False,False,2,5867016767515145,210050638,Montgomery County Police,Property Damage ,False,West,2,3,LEVEL,False,False,DRIVER,STRAIGHT MOVEMENT ANGLE,DRY,DAYLIGHT,NO CONTROLS,INTERSECTION,FOUR-WAY INTERSECTION,STRAIGHT,NO DEFECTS,"TWO-WAY, DIVIDED, POSITIVE MEDIAN BARRIER",38.99279167,-76.99138833,5005946941929880,5269488757423054,0,0,0,2021121313,7698354239018293,Honda,2017,CR-V,Small Sport Utility Vehicle 2WD,4.0,1.5,Automatic CVT,AWD,Regular Gasoline,25,31,UNIVERSITY BLVD E,Maryland (State),MERRIMAC DR,County,5269488757423054,20903,SILVER SPRING,50204.7192451,65972447.4483,39.01829365940637,-76.9835422251861,8.434501,45.708664,0.0,0.0,0.0,4.6938257,237.52882,211213136983590182,2021-12-13 13:00:00,13,PM,347,0,Monday,0,12,December,2021,0,Unknown
DM8494001M,ADDB7D65D34E40A6AAFB8622566D0768,True,NO APPARENT INJURY,UNKNOWN,UNKNOWN,PASSENGER,MOVING CONSTANT SPEED,South,SUPERFICIAL,35,False,False,2,5082261857460861,210050653,Takoma Park Police Depart,Property Damage ,False,UNKNOWN,0,0,UNKNOWN,True,True,DRIVER,SAME DIRECTION RIGHT TURN,UNKNOWN,DAYLIGHT,NO CONTROLS,UNKNOWN,UNKNOWN,UNKNOWN,UNKNOWN,UNKNOWN,38.98753583,-76.98625867,7781945108562677,7781945108562677,0,0,0,2021121314,7700204038982546,Hyundai,2016,Elantra,Midsize Cars,4.0,2.0,Automatic 6,FWD,Regular Gasoline,24,32,UNKNOWN,UNKNOWN,UNKNOWN,UNKNOWN,7781945108562677,20912,TAKOMA PARK,51232.0653417,65209197.2692,38.98254687160147,-77.00204079343348,9.548,45.193684,0.0,0.0,0.0,4.1046314,217.87505,211213147002089825,2021-12-13 14:00:00,14,PM,347,0,Monday,0,12,December,2021,0,Unknown
DM8494001M,55ABB4FE281643D596FE34E1D9DA3213,False,NO APPARENT INJURY,UNKNOWN,UNKNOWN,PASSENGER,SLOWING OR STOPPING,East,DISABLING,35,False,False,2,8160280829902482,210050653,Takoma Park Police Depart,Property Damage ,False,UNKNOWN,0,0,UNKNOWN,True,True,DRIVER,SAME DIRECTION RIGHT TURN,UNKNOWN,DAYLIGHT,NO CONTROLS,UNKNOWN,UNKNOWN,UNKNOWN,UNKNOWN,UNKNOWN,38.98753583,-76.98625867,7781945108562677,7781945108562677,0,0,0,2021121314,7700204038982546,Toyota,1998,Corolla,Compact Cars,4.0,1.8,Automatic 3,FWD,Regular Gasoline,24,30,UNKNOWN,UNKNOWN,UNKNOWN,UNKNOWN,7781945108562677,20912,TAKOMA PARK,51232.0653417,65209197.2692,38.98254687160147,-77.00204079343348,9.548,45.193684,0.0,0.0,0.0,4.1046314,217.87505,211213147002089825,2021-12-13 14:00:00,14,PM,347,0,Monday,0,12,December,2021,0,Unknown
MCP3197002W,D597A3DC7AC14913854CF7191E0AC4EE,True,NO APPARENT INJURY,NONE,LOOKED BUT DID NOT SEE,PASSENGER,MOVING CONSTANT SPEED,North,DISABLING,40,False,False,2,1314431078866941,210050676,Montgomery County Police,Property Damage ,False,South,2,2,LEVEL,False,False,DRIVER,STRAIGHT MOVEMENT ANGLE,DRY,DAYLIGHT,NO CONTROLS,INTERSECTION,T-INTERSECTION,STRAIGHT,NO DEFECTS,"TWO-WAY, DIVIDED, POSITIVE MEDIAN BARRIER",39.07902333,-77.04673167,1498137660831595,6253805036557480,0,0,0,2021121316,7705486039088590,Toyota,2006,Corolla,Compact Cars,4.0,1.8,Automatic 4,FWD,Regular Gasoline,22,31,LAYHILL RD,Maryland (State),DECKMAN LA,County,6253805036557480,20906,SILVER SPRING,133207.174949,359110751.771,39.08859082555049,-77.05486091907257,9.8325,44.126343,0.0,0.0,0.0,5.1165614,230.71062,211213167054890885,2021-12-13 16:00:00,16,PM,347,0,Monday,0,12,December,2021,0,Unknown
MCP3197002W,897BA22184B5408F8D5147C7DFB311B5,False,NO APPARENT INJURY,NONE,NOT DISTRACTED,PASSENGER,MOVING CONSTANT SPEED,South,DISABLING,40,False,False,2,8544963721197051,210050676,Montgomery County Police,Property Damage ,False,South,2,2,LEVEL,False,False,DRIVER,STRAIGHT MOVEMENT ANGLE,DRY,DAYLIGHT,NO CONTROLS,INTERSECTION,T-INTERSECTION,STRAIGHT,NO DEFECTS,"TWO-WAY, DIVIDED, POSITIVE MEDIAN BARRIER",39.07902333,-77.04673167,1498137660831595,6253805036557480,0,0,0,2021121316,7705486039088590,Chevrolet,2016,Camaro,Subcompact Cars,4.0,2.0,Automatic 8,RWD,Premium Gasoline,16,28,LAYHILL RD,Maryland (State),DECKMAN LA,County,6253805036557480,20906,SILVER SPRING,133207.174949,359110751.771,39.08859082555049,-77.05486091907257,9.8325,44.126343,0.0,0.0,0.0,5.1165614,230.71062,211213167054890885,2021-12-13 16:00:00,16,PM,347,0,Monday,0,12,December,2021,0,Unknown
MCP3150001Y,953D8BC98EAB4695934BE4E57F2E792D,True,NO APPARENT INJURY,NONE,NOT DISTRACTED,PASSENGER,MAKING RIGHT TURN,North,DESTROYED,30,False,False,1,2815627418338661,210050725,Montgomery County Police,Property Damage ,False,North,3,3,LEVEL,False,False,DRIVER,SINGLE VEHICLE,DRY,DARK LIGHTS ON,TRAFFIC SIGNAL,INTERSECTION,T-INTERSECTION,STRAIGHT,NO DEFECTS,"TWO-WAY, DIVIDED, POSITIVE MEDIAN BARRIER",38.99165495,-77.02649436,5660893524410086,887072325756327,0,0,0,2021121319,7703596439001907,Honda,2015,Accord,Midsize Cars,4.0,2.4,Automatic 6,FWD,Regular Gasoline,21,34,GEORGIA AVE,US (State),SILVER SPRING AVE,County,887072325756327,20910,SILVER SPRING,82846.1568889,126320091.137,39.00190768010143,-77.03596497235911,3.6465,74.5664,0.0,0.0,0.0,7.8954163,245.77226,211213197035990019,2021-12-13 19:00:00,19,PM,347,0,Monday,0,12,December,2021,0,Unknown
MCP2039006X,9A5747F696C241A8ABBAC1C725CB87F5,False,POSSIBLE INJURY,UNKNOWN,NOT DISTRACTED,PASSENGER,MOVING CONSTANT SPEED,West,DISABLING,35,False,False,2,3097115212987824,210050753,Montgomery County Police,Injury ,False,East,2,2,LEVEL,False,False,DRIVER,STRAIGHT MOVEMENT ANGLE,DRY,DAWN,STOP SIGN,RESIDENTIAL DRIVEWAY,T-INTERSECTION,STRAIGHT,NO DEFECTS,"TWO-WAY, DIVIDED, UNPROTECTED PAINTED MIN 4 FEET",39.09348,-77.07824333,3786639377990067,2818494920659846,0,0,0,2021121406,7705486039088590,Honda,2005,Accord,Midsize Cars,6.0,3.0,Automatic 5,FWD,Regular Gasoline,18,31,BEL PRE RD,County,ENT TO APARTMENTS,UNKNOWN,2818494920659846,20906,SILVER SPRING,133207.174949,359110751.771,39.08859082555049,-77.05486091907257,3.4825,47.78421,0.0,0.0,0.0,11.808878,322.43134,211214067054890885,2021-12-14 06:00:00,6,AM,348,1,Tuesday,0,12,December,2021,0,Unknown
MCP2039006X,3C93EE4DEA6643DEADE4D9881AFA7905,True,NO APPARENT INJURY,UNKNOWN,LOOKED BUT DID NOT SEE,OTHER,MAKING LEFT TURN,West,DISABLING,35,False,False,2,8525273505217250,210050753,Montgomery County Police,Injury ,False,East,2,2,LEVEL,False,False,DRIVER,STRAIGHT MOVEMENT ANGLE,DRY,DAWN,STOP SIGN,RESIDENTIAL DRIVEWAY,T-INTERSECTION,STRAIGHT,NO DEFECTS,"TWO-WAY, DIVIDED, UNPROTECTED PAINTED MIN 4 FEET",39.09348,-77.07824333,3786639377990067,2818494920659846,0,0,0,2021121406,7705486039088590,Toyota,2009,Camry,Midsize Cars,4.0,2.4,Automatic 5,FWD,Regular Gasoline,21,31,BEL PRE RD,County,ENT TO APARTMENTS,UNKNOWN,2818494920659846,20906,SILVER SPRING,133207.174949,359110751.771,39.08859082555049,-77.05486091907257,3.4825,47.78421,0.0,0.0,0.0,11.808878,322.43134,211214067054890885,2021-12-14 06:00:00,6,AM,348,1,Tuesday,0,12,December,2021,0,Unknown
MCP32060021,D65C65B7A7154C1F86F0CA41A90EEE8B,False,NO APPARENT INJURY,NONE,NOT DISTRACTED,PASSENGER,MAKING LEFT TURN,South,SUPERFICIAL,35,False,False,2,6014770629431343,210050765,Montgomery County Police,Property Damage ,False,South,1,3,LEVEL,False,False,DRIVER,SAME DIRECTION SIDESWIPE,DRY,DAYLIGHT,TRAFFIC SIGNAL,INTERSECTION,FOUR-WAY INTERSECTION,STRAIGHT,NO DEFECTS,"TWO-WAY, NOT DIVIDED",38.99579904,-77.02815091,2838165004721940,8554262040045692,0,0,0,2021121408,7703596439001907,Infiniti,0,Unknown,Unknown,0.0,0.0,Unknown,Unknown,Unknown,0,0,COLESVILLE RD,Maryland (State),GEORGIA AVE,Maryland (State),8554262040045692,20910,SILVER SPRING,82846.1568889,126320091.137,39.00190768010143,-77.03596497235911,2.4965,53.69847,0.0,0.0,0.0,11.246759,320.1945,211214087035990019,2021-12-14 08:00:00,8,AM,348,1,Tuesday,0,12,December,2021,0,Unknown