ReportNumber,VehicleCrashKey,DriverAtFault,DriverInjurySeverity,DriverSubstanceAbuse,DriverDistractedBy,VehicleType,VehicleMovement,VehicleGoingDir,VehicleDamageExtent,SpeedLimit,ParkedVehicle,SubstanceAbuseContributed,VehiclesCrashedTotal,VehicleKey,LocalCaseNumber,AgencyName,ACRSReportType,HitRun,LaneDirection,LaneNumber,NumberOfLanes,RoadGrade,NonTraffic,OffRoadIncident,AccidentAtFault,CollisionType,SurfaceCondition,Light,TrafficControl,Junction,IntersectionType,RoadAlignment,RoadCondition,RoadDivision,Latitude,Longitude,RoadKey_x,CrossStreetKey,NonMotoristTotal,NonMotoristInjury,NonMotoristFatal,DateHourKey,LocationAreaKey,Make,Year_x,BaseModel,BodyClass,Cylinders,Displacement,Transmission,Drivetrain,FuelType,CityMPG,HighwayMPG,RoadName_x,RouteType_x,RoadName_y,RouteType_y,RoadKey_y,Zipcode,MailCity,ShapeLength,ShapeArea,CentroidLatitude,CentroidLongitude,Temperature,Humidity,Precipitation,Rain,Snow,WindSpeed,WindDirection,WeatherKey,Datetime,Hour,TimeOfDay,DayNumber,WeekDayNumber,WeekDayName,WeekendFlag,MonthNumber,MonthName,Year_y,HolidayFlag,HolidayName
MCP31140023,91391D3475194E9691F6E07EBBCDB273,True,NO APPARENT INJURY,UNKNOWN,LOOKED BUT DID NOT SEE,EMERGENCY,MAKING U TURN,South,FUNCTIONAL,45,False,False,1,660615385035114,210050912,Montgomery County Police,Property Damage ,False,North,1,3,GRADE DOWNHILL,False,False,DRIVER,SINGLE VEHICLE,DRY,DARK LIGHTS ON,FLASHING TRAFFIC SIGNAL,INTERSECTION,FOUR-WAY INTERSECTION,STRAIGHT,NO DEFECTS,"TWO-WAY, DIVIDED, POSITIVE MEDIAN BARRIER",39.07249251,-77.06467319,8554262040045692,2528857722379129,0,0,0,2021121501,7705486039088590,Ford,0,Unknown,Unknown,0.0,0.0,Unknown,Unknown,Unknown,0,0,GEORGIA AVE,Maryland (State),RIPPLING BROOK DR,County,2528857722379129,20906,SILVER SPRING,133207.174949,359110751.771,39.08859082555049,-77.05486091907257,3.4825,75.355934,0.0,0.0,0.0,10.1376915,83.88459,211215017054890885,2021-12-15 01:00:00,1,AM,349,2,Wednesday,0,12,December,2021,0,Unknown
MCP2353009M,8084F9621AE446E09E785A26C24D8396,True,NO APPARENT INJURY,NONE,UNKNOWN,TRUCK,MOVING CONSTANT SPEED,West,DISABLING,55,False,False,2,3063454761734827,210050945,Montgomery County Police,Property Damage ,False,West,3,4,LEVEL,False,False,DRIVER,SAME DIRECTION SIDESWIPE,DRY,DAYLIGHT,NO CONTROLS,NON INTERSECTION,UNKNOWN,CURVE RIGHT,NO DEFECTS,"TWO-WAY, DIVIDED, POSITIVE MEDIAN BARRIER",39.00973333,-77.08827667,2262757322158515,5777913950568264,0,0,0,2021121509,7710519939016894,Ford,2018,F150,Standard Pickup Trucks 4WD,6.0,5.0,Automatic 10,4WD,Regular Gasoline,16,25,CAPITAL BELTWAY,Interstate (State),CEDAR LA,County,5777913950568264,20814,BETHESDA,58373.8630538,68540697.609,39.016894075883464,-77.10519990449882,3.8345,82.24584,0.0,0.0,0.0,7.754637,68.19853,211215097105190168,2021-12-15 09:00:00,9,AM,349,2,Wednesday,0,12,December,2021,0,Unknown
MCP2353009M,14549BD6741845C68D856C4D664803E9,False,NO APPARENT INJURY,NONE,NOT DISTRACTED,BUS,MOVING CONSTANT SPEED,West,SUPERFICIAL,55,False,False,2,6691677547236723,210050945,Montgomery County Police,Property Damage ,False,West,3,4,LEVEL,False,False,DRIVER,SAME DIRECTION SIDESWIPE,DRY,DAYLIGHT,NO CONTROLS,NON INTERSECTION,UNKNOWN,CURVE RIGHT,NO DEFECTS,"TWO-WAY, DIVIDED, POSITIVE MEDIAN BARRIER",39.00973333,-77.08827667,2262757322158515,5777913950568264,0,0,0,2021121509,7710519939016894,Thomas,0,Unknown,Unknown,0.0,0.0,Unknown,Unknown,Unknown,0,0,CAPITAL BELTWAY,Interstate (State),CEDAR LA,County,5777913950568264,20814,BETHESDA,58373.8630538,68540697.609,39.016894075883464,-77.10519990449882,3.8345,82.24584,0.0,0.0,0.0,7.754637,68.19853,211215097105190168,2021-12-15 09:00:00,9,AM,349,2,Wednesday,0,12,December,2021,0,Unknown
MCP31090066,1CA18D8A6D5841169B87A5C832479ADD,False,POSSIBLE INJURY,NONE,NOT DISTRACTED,PASSENGER,STARTING FROM LANE,East,DISABLING,35,False,False,3,6076966844177332,210050959,Montgomery County Police,Injury ,False,South,2,3,LEVEL,False,False,DRIVER,STRAIGHT MOVEMENT ANGLE,DRY,DAYLIGHT,TRAFFIC SIGNAL,INTERSECTION,T-INTERSECTION,STRAIGHT,NO DEFECTS,"TWO-WAY, DIVIDED, UNPROTECTED PAINTED MIN 4 FEET",39.006073,-77.03877517,8554262040045692,118399697147806,0,0,0,2021121511,7703596439001907,Acura,2018,TLX,Compact Cars,6.0,3.5,Automatic 9,FWD,Premium Gasoline,20,30,GEORGIA AVE,Maryland (State),16TH ST,Maryland (State),118399697147806,20910,SILVER SPRING,82846.1568889,126320091.137,39.00190768010143,-77.03596497235911,8.2965,72.52334,0.0,0.0,0.0,5.6920996,108.43504,211215117035990019,2021-12-15 11:00:00,11,AM,349,2,Wednesday,0,12,December,2021,0,Unknown
MCP31090066,482FBFDCFE014270BF3BB3923DD9E6A0,True,NO APPARENT INJURY,NONE,LOOKED BUT DID NOT SEE,PASSENGER,MOVING CONSTANT SPEED,South,FUNCTIONAL,35,False,False,3,8081539018595586,210050959,Montgomery County Police,Injury ,False,South,2,3,LEVEL,False,False,DRIVER,STRAIGHT MOVEMENT ANGLE,DRY,DAYLIGHT,TRAFFIC SIGNAL,INTERSECTION,T-INTERSECTION,STRAIGHT,NO DEFECTS,"TWO-WAY, DIVIDED, UNPROTECTED PAINTED MIN 4 FEET",39.006073,-77.03877517,8554262040045692,118399697147806,0,0,0,2021121511,7703596439001907,Lincoln,1999,Town Car,Large Cars,8.0,4.6,Automatic 4,RWD,Regular Gasoline,15,22,GEORGIA AVE,Maryland (State),16TH ST,Maryland (State),118399697147806,20910,SILVER SPRING,82846.1568889,126320091.137,39.00190768010143,-77.03596497235911,8.2965,72.52334,0.0,0.0,0.0,5.6920996,108.43504,211215117035990019,2021-12-15 11:00:00,11,AM,349,2,Wednesday,0,12,December,2021,0,Unknown
MCP31090066,B285FEA2C6694852832D2D410BAEA559,False,NO APPARENT INJURY,NONE,NOT DISTRACTED,PASSENGER,STARTING FROM LANE,East,FUNCTIONAL,35,False,False,3,1032942931887779,210050959,Montgomery County Police,Injury ,False,South,2,3,LEVEL,False,False,DRIVER,STRAIGHT MOVEMENT ANGLE,DRY,DAYLIGHT,TRAFFIC SIGNAL,INTERSECTION,T-INTERSECTION,STRAIGHT,NO DEFECTS,"TWO-WAY, DIVIDED, UNPROTECTED PAINTED MIN 4 FEET",39.006073,-77.03877517,8554262040045692,118399697147806,0,0,0,2021121511,7703596439001907,Toyota,2017,Corolla,Midsize Cars,4.0,1.8,Automatic CVT,FWD,Regular Gasoline,28,35,GEORGIA AVE,Maryland (State),16TH ST,Maryland (State),118399697147806,20910,SILVER SPRING,82846.1568889,126320091.137,39.00190768010143,-77.03596497235911,8.2965,72.52334,0.0,0.0,0.0,5.6920996,108.43504,211215117035990019,2021-12-15 11:00:00,11,AM,349,2,Wednesday,0,12,December,2021,0,Unknown
MCP11740050,E0F58370BF2E444DB70529E743A50582,True,NO APPARENT INJURY,NONE,LOOKED BUT DID NOT SEE,PASSENGER,MAKING LEFT TURN,East,DISABLING,25,False,False,2,7923338516063965,210050971,Montgomery County Police,Property Damage ,False,North,2,3,LEVEL,False,False,DRIVER,STRAIGHT MOVEMENT ANGLE,DRY,DAYLIGHT,TRAFFIC SIGNAL,INTERSECTION,OTHER,STRAIGHT,NO DEFECTS,"TWO-WAY, DIVIDED, POSITIVE MEDIAN BARRIER",38.98367472,-77.09374989,7307765282026999,3417052041120541,0,0,0,2021121512,7710072538987731,Infiniti,2015,Q50,Compact Cars,6.0,3.5,Automatic 7,AWD,Premium Gasoline,19,27,WISCONSIN AVE,Maryland (State),MONTGOMERY AVE,Maryland (State),3417052041120541,20814,BETHESDA,46411.6876883,47837334.4314,38.98773167577017,-77.10072590539887,10.2485,69.667274,0.0,0.0,0.0,6.618519,135.0001,211215127100789877,2021-12-15 12:00:00,12,PM,349,2,Wednesday,0,12,December,2021,0,Unknown
MCP11740050,5B735342D9D04FACA00D619D5D1F08C9,False,NO APPARENT INJURY,NONE,NOT DISTRACTED,PASSENGER,MOVING CONSTANT SPEED,North,FUNCTIONAL,25,False,False,2,6722520011130918,210050971,Montgomery County Police,Property Damage ,False,North,2,3,LEVEL,False,False,DRIVER,STRAIGHT MOVEMENT ANGLE,DRY,DAYLIGHT,TRAFFIC SIGNAL,INTERSECTION,OTHER,STRAIGHT,NO DEFECTS,"TWO-WAY, DIVIDED, POSITIVE MEDIAN BARRIER",38.98367472,-77.09374989,7307765282026999,3417052041120541,0,0,0,2021121512,7710072538987731,Honda,2021,Civic,Large Cars,4.0,1.5,Automatic 7,FWD,Regular Gasoline,29,37,WISCONSIN AVE,Maryland (State),MONTGOMERY AVE,Maryland (State),3417052041120541,20814,BETHESDA,46411.6876883,47837334.4314,38.98773167577017,-77.10072590539887,10.2485,69.667274,0.0,0.0,0.0,6.618519,135.0001,211215127100789877,2021-12-15 12:00:00,12,PM,349,2,Wednesday,0,12,December,2021,0,Unknown
MCP30600035,DB5E9DEB3A9042B9BDEC6993B44F63E3,False,POSSIBLE INJURY,UNKNOWN,NOT DISTRACTED,PASSENGER,SLOWING OR STOPPING,North,NO DAMAGE,0,False,False,2,4277970631567242,210051063,Montgomery County Police,Injury ,False,North,2,3,LEVEL,False,False,DRIVER,SAME DIR REAR END,DRY,DARK LIGHTS ON,TRAFFIC SIGNAL,INTERSECTION,FOUR-WAY INTERSECTION,STRAIGHT,NO DEFECTS,"TWO-WAY, DIVIDED, POSITIVE MEDIAN BARRIER",38.996655,-77.10893833,4494898042244063,8096864911594515,0,0,0,2021121521,7710072538987731,Saturn,2007,Outlook,Sport Utility Vehicle - 2WD,6.0,3.6,Automatic 6,AWD,Regular Gasoline,16,22,OLD GEORGETOWN RD,Maryland (State),MCKINLEY ST,County,8096864911594515,20814,BETHESDA,46411.6876883,47837334.4314,38.98773167577017,-77.10072590539887,8.2985,87.22263,0.0,0.0,0.0,6.519877,173.6599,211215217100789877,2021-12-15 21:00:00,21,PM,349,2,Wednesday,0,12,December,2021,0,Unknown
MCP30600035,1B3EFE8FAF87431FA1C479C91416EBBF,True,NO APPARENT INJURY,ALCOHOL,UNKNOWN,PASSENGER,SLOWING OR STOPPING,North,NO DAMAGE,35,False,True,2,7956982465307704,210051063,Montgomery County Police,Injury ,False,North,2,3,LEVEL,False,False,DRIVER,SAME DIR REAR END,DRY,DARK LIGHTS ON,TRAFFIC SIGNAL,INTERSECTION,FOUR-WAY INTERSECTION,STRAIGHT,NO DEFECTS,"TWO-WAY, DIVIDED, POSITIVE MEDIAN BARRIER",38.996655,-77.10893833,4494898042244063,8096864911594515,0,0,0,2021121521,7710072538987731,Chevrolet,2020,Equinox,Small Sport Utility Vehicle 2WD,4.0,1.5,Automatic 6,AWD,Premium Gasoline,22,28,OLD GEORGETOWN RD,Maryland (State),MCKINLEY ST,County,8096864911594515,20814,BETHESDA,46411.6876883,47837334.4314,38.98773167577017,-77.10072590539887,8.2985,87.22263,0.0,0.0,0.0,6.519877,173.6599,211215217100789877,2021-12-15 21:00:00,21,PM,349,2,Wednesday,0,12,December,2021,0,Unknown
MCP26500013,09C9EBF2C2F34285998CFDFD384B60F9,True,NO APPARENT INJURY,NONE,NOT DISTRACTED,PASSENGER,MOVING CONSTANT SPEED,South,FUNCTIONAL,35,False,False,1,3711344825594066,210051079,Montgomery County Police,Property Damage ,False,South,1,2,LEVEL,False,False,DRIVER,SAME DIR REND RIGHT TURN,DRY,DARK NO LIGHTS,UNKNOWN,NON INTERSECTION,UNKNOWN,STRAIGHT,NO DEFECTS,"TWO-WAY, NOT DIVIDED",38.95523833,-77.12184833,262975279829673,9159774797075812,0,0,0,2021121522,7711806238956479,Chevrolet,2017,Tahoe,Standard Sport Utility Vehicle 2WD,8.0,5.3,Automatic 6,4WD,Regular Gasoline,16,22,SANGAMORE RD,County,OVERLEA RD,County,9159774797075812,20816,BETHESDA,58716.1248449,117565480.431,38.95647982277882,-77.11806249046538,8.497499,86.34544,0.0,0.0,0.0,11.159999,180.0,211215227118089564,2021-12-15 22:00:00,22,PM,349,2,Wednesday,0,12,December,2021,0,Unknown
MCP2039006Z,DE0FBD17881D455599CE86485A095842,False,NO APPARENT INJURY,UNKNOWN,NOT DISTRACTED,PASSENGER,MOVING CONSTANT SPEED,West,DISABLING,35,False,False,2,1093417185746444,210051097,Montgomery County Police,Property Damage ,False,West,2,3,LEVEL,False,False,DRIVER,STRAIGHT MOVEMENT ANGLE,DRY,DAWN,TRAFFIC SIGNAL,INTERSECTION,FOUR-WAY INTERSECTION,STRAIGHT,NO DEFECTS,"TWO-WAY, DIVIDED, POSITIVE MEDIAN BARRIER",39.05629667,-77.082545,9290911226978796,8073720238398338,0,0,0,2021121607,7705486039088590,Toyota,2012,Sienna,Minivan - 2WD,6.0,3.5,Automatic 6,FWD,Regular Gasoline,17,23,VEIRS MILL RD,Maryland (State),RANDOLPH RD,County,8073720238398338,20906,SILVER SPRING,133207.174949,359110751.771,39.08859082555049,-77.05486091907257,6.7825,77.55126,0.0,0.0,0.0,15.463246,204.77512,211216077054890885,2021-12-16 07:00:00,7,AM,350,3,Thursday,0,12,December,2021,0,Unknown
MCP2039006Z,2FA2108B15474C6381E10BA436847792,True,NO APPARENT INJURY,UNKNOWN,LOOKED BUT DID NOT SEE,PASSENGER,MAKING LEFT TURN,East,DISABLING,35,False,False,2,2815627317672947,210051097,Montgomery County Police,Property Damage ,False,West,2,3,LEVEL,False,False,DRIVER,STRAIGHT MOVEMENT ANGLE,DRY,DAWN,TRAFFIC SIGNAL,INTERSECTION,FOUR-WAY INTERSECTION,STRAIGHT,NO DEFECTS,"TWO-WAY, DIVIDED, POSITIVE MEDIAN BARRIER",39.05629667,-77.082545,9290911226978796,8073720238398338,0,0,0,2021121607,7705486039088590,Honda,2013,Accord,Midsize Cars,4.0,2.4,Automatic 6,FWD,Regular Gasoline,21,34,VEIRS MILL RD,Maryland (State),RANDOLPH RD,County,8073720238398338,20906,SILVER SPRING,133207.174949,359110751.771,39.08859082555049,-77.05486091907257,6.7825,77.55126,0.0,0.0,0.0,15.463246,204.77512,211216077054890885,2021-12-16 07:00:00,7,AM,350,3,Thursday,0,12,December,2021,0,Unknown
MCP284800BQ,D391A301E53E4537B45A4FE06D6C1D9A,True,NO APPARENT INJURY,NONE,LOOKED BUT DID NOT SEE,PASSENGER,MAKING RIGHT TURN,North,SUPERFICIAL,25,False,False,1,5644891467548973,210051102,Montgomery County Police,Injury ,False,North,0,3,LEVEL,False,False,DRIVER,OTHER,DRY,DAYLIGHT,TRAFFIC SIGNAL,INTERSECTION RELATED,Y-INTERSECTION,STRAIGHT,NO DEFECTS,"TWO-WAY, DIVIDED, POSITIVE MEDIAN BARRIER",39.00445333,-77.09722833,5925405510732472,1373018555131136,1,1,0,2021121608,7709047139001824,Volvo,2009,S60,Compact Cars,5.0,2.5,Automatic 5,FWD,Regular Gasoline,18,26,ROCKVILLE PIKE,Maryland (State),NORTH DR,Government,1373018555131136,20889,BETHESDA,13519.8810592,10781552.967,39.00182400847492,-77.09047126593259,6.3285003,79.42408,0.0,0.0,0.0,13.237039,202.38017,211216087090490018,2021-12-16 08:00:00,8,AM,350,3,Thursday,0,12,December,2021,0,Unknown
MCP3169004V,065FC67D1352463D9AF8CC860BAF0FFA,False,NO APPARENT INJURY,UNKNOWN,NOT DISTRACTED,PASSENGER,STOPPED IN TRAFFIC LANE,South,SUPERFICIAL,35,False,False,3,660615385035114,210051179,Montgomery County Police,Injury ,False,South,1,3,LEVEL,False,False,DRIVER,SAME DIR REAR END,DRY,DAYLIGHT,NO CONTROLS,INTERSECTION RELATED,UNKNOWN,STRAIGHT,NO DEFECTS,"TWO-WAY, DIVIDED, POSITIVE MEDIAN BARRIER",39.01725333,-76.97724,8901981419077344,4991976696759948,0,0,0,2021121613,7698354239018293,Ford,0,Unknown,Unknown,0.0,0.0,Unknown,Unknown,Unknown,0,0,NEW HAMPSHIRE AVE,Maryland (State),OAKVIEW DR,County,4991976696759948,20903,SILVER SPRING,50204.7192451,65972447.4483,39.01829365940637,-76.9835422251861,14.434501,47.091488,0.0,0.0,0.0,11.298495,202.47948,211216136983590182,2021-12-16 13:00:00,13,PM,350,3,Thursday,0,12,December,2021,0,Unknown
MCP3169004V,8E01CDAB4A4F42E1919A5006E859D80B,True,NO APPARENT INJURY,UNKNOWN,NOT DISTRACTED,PASSENGER,MOVING CONSTANT SPEED,South,FUNCTIONAL,35,False,False,3,7871367603793141,210051179,Montgomery County Police,Injury ,False,South,1,3,LEVEL,False,False,DRIVER,SAME DIR REAR END,DRY,DAYLIGHT,NO CONTROLS,INTERSECTION RELATED,UNKNOWN,STRAIGHT,NO DEFECTS,"TWO-WAY, DIVIDED, POSITIVE MEDIAN BARRIER",39.01725333,-76.97724,8901981419077344,4991976696759948,0,0,0,2021121613,7698354239018293,Toyota,2016,RAV4,Small Sport Utility Vehicle 4WD,4.0,2.5,Automatic 6,AWD,Regular Gasoline,22,28,NEW HAMPSHIRE AVE,Maryland (State),OAKVIEW DR,County,4991976696759948,20903,SILVER SPRING,50204.7192451,65972447.4483,39.01829365940637,-76.9835422251861,14.434501,47.091488,0.0,0.0,0.0,11.298495,202.47948,211216136983590182,2021-12-16 13:00:00,13,PM,350,3,Thursday,0,12,December,2021,0,Unknown
MCP3169004V,BA0BB065956F4F56A3E52EE159738C86,False,POSSIBLE INJURY,UNKNOWN,NOT DISTRACTED,PASSENGER,STOPPED IN TRAFFIC LANE,South,DISABLING,35,False,False,3,1374907195041315,210051179,Montgomery County Police,Injury ,False,South,1,3,LEVEL,False,False,DRIVER,SAME DIR REAR END,DRY,DAYLIGHT,NO CONTROLS,INTERSECTION RELATED,UNKNOWN,STRAIGHT,NO DEFECTS,"TWO-WAY, DIVIDED, POSITIVE MEDIAN BARRIER",39.01725333,-76.97724,8901981419077344,4991976696759948,0,0,0,2021121613,7698354239018293,Toyota,2008,Sienna,Minivan - 2WD,6.0,3.5,Automatic 5,AWD,Regular Gasoline,16,21,NEW HAMPSHIRE AVE,Maryland (State),OAKVIEW DR,County,4991976696759948,20903,SILVER SPRING,50204.7192451,65972447.4483,39.01829365940637,-76.9835422251861,14.434501,47.091488,0.0,0.0,0.0,11.298495,202.47948,211216136983590182,2021-12-16 13:00:00,13,PM,350,3,Thursday,0,12,December,2021,0,Unknown
MCP2877009D,83215F30FF1643CD85ECF923597C34C2,True,NO APPARENT INJURY,NONE,NOT DISTRACTED,PASSENGER,ENTERING TRAFFIC LANE,North,FUNCTIONAL,25,False,False,2,5082261840683242,210051175,Montgomery County Police,Property Damage ,False,North,1,1,LEVEL,False,False,DRIVER,SAME DIRECTION SIDESWIPE,DRY,DAYLIGHT,NO CONTROLS,UNKNOWN,UNKNOWN,STRAIGHT,NO DEFECTS,"TWO-WAY, NOT DIVIDED",38.96229117,-77.09070133,8655009953594281,7364091336953687,0,0,0,2021121613,7707842038983818,Hyundai,2017,Elantra,Midsize Cars,4.0,2.0,Automatic 6,FWD,Regular Gasoline,24,32,WILLARD AVE,County,SHOEMAKER FARM LA,Municipality,7364091336953687,20815,CHEVY CHASE,78258.2702851,151813895.483,38.98381860627773,-77.07842006190148,14.4245,47.58971,0.0,0.0,0.0,12.43434,202.1095,211216137078489838,2021-12-16 13:00:00,13,PM,350,3,Thursday,0,12,December,2021,0,Unknown
MCP2877009D,0479B3F27674431A94724C34CA982F94,False,NO APPARENT INJURY,NONE,NOT DISTRACTED,PASSENGER,MOVING CONSTANT SPEED,North,FUNCTIONAL,25,False,False,2,3097115212987824,210051175,Montgomery County Police,Property Damage ,False,North,1,1,LEVEL,False,False,DRIVER,SAME DIRECTION SIDESWIPE,DRY,DAYLIGHT,NO CONTROLS,UNKNOWN,UNKNOWN,STRAIGHT,NO DEFECTS,"TWO-WAY, NOT DIVIDED",38.96229117,-77.09070133,8655009953594281,7364091336953687,0,0,0,2021121613,7707842038983818,Honda,2005,Accord,Midsize Cars,6.0,3.0,Automatic 5,FWD,Regular Gasoline,18,31,WILLARD AVE,County,SHOEMAKER FARM LA,Municipality,7364091336953687,20815,CHEVY CHASE,78258.2702851,151813895.483,38.98381860627773,-77.07842006190148,14.4245,47.58971,0.0,0.0,0.0,12.43434,202.1095,211216137078489838,2021-12-16 13:00:00,13,PM,350,3,Thursday,0,12,December,2021,0,Unknown
DM8499000R,BD4339E16D5549559AF7D69C1357CB1A,True,NO APPARENT INJURY,NONE,OTHER DISTRACTION,PASSENGER,ACCELERATING,East,FUNCTIONAL,25,False,False,1,5165463429716194,210051181,Takoma Park Police Depart,Injury ,False,North,0,1,UNKNOWN,False,False,DRIVER,STRAIGHT MOVEMENT ANGLE,DRY,DAYLIGHT,STOP SIGN,INTERSECTION RELATED,T-INTERSECTION,STRAIGHT,NO DEFECTS,"TWO-WAY, NOT DIVIDED",38.98162947,-77.00315028,8859724431699981,3093445008027021,1,1,0,2021121613,7700204038982546,Chevrolet,2010,Suburban,Sport Utility Vehicle - 2WD,8.0,5.3,Automatic 6,RWD,Regular Gasoline,12,19,CARROLL AVE,Maryland (State),LINCOLN AVE,Municipality,3093445008027021,20912,TAKOMA PARK,51232.0653417,65209197.2692,38.98254687160147,-77.00204079343348,14.548,47.62435,0.0,0.0,0.0,12.43434,202.1095,211216137002089825,2021-12-16 13:00:00,13,PM,350,3,Thursday,0,12,December,2021,0,Unknown
MCP3130004D,2145FB6AE3C24CA391E0222128021443,True,NO APPARENT INJURY,NONE,LOOKED BUT DID NOT SEE,PASSENGER,BACKING,East,SUPERFICIAL,5,False,False,2,1032942915110160,210051190,Montgomery County Police,Property Damage ,False,UNKNOWN,0,0,UNKNOWN,True,True,DRIVER,STRAIGHT MOVEMENT ANGLE,UNKNOWN,DAYLIGHT,NO CONTROLS,UNKNOWN,UNKNOWN,UNKNOWN,UNKNOWN,UNKNOWN,39.07691167,-77.08036667,7781945108562677,7781945108562677,0,0,0,2021121614,7705486039088590,Toyota,2016,Corolla,Midsize Cars,4.0,1.8,Automatic CVT,FWD,Regular Gasoline,28,36,UNKNOWN,UNKNOWN,UNKNOWN,UNKNOWN,7781945108562677,20906,SILVER SPRING,133207.174949,359110751.771,39.08859082555049,-77.05486091907257,15.8325,44.73915,0.0,0.0,0.0,11.165805,200.77234,211216147054890885,2021-12-16 14:00:00,14,PM,350,3,Thursday,0,12,December,2021,0,Unknown
MCP3130004D,FF35C5F15D6E49B3A3F3C1649F120A73,False,NO APPARENT INJURY,NONE,NOT DISTRACTED,EMERGENCY,STOPPED IN TRAFFIC LANE,South,SUPERFICIAL,5,False,False,2,869295622334414,210051190,Montgomery County Police,Property Damage ,False,UNKNOWN,0,0,UNKNOWN,True,True,DRIVER,STRAIGHT MOVEMENT ANGLE,UNKNOWN,DAYLIGHT,NO CONTROLS,UNKNOWN,UNKNOWN,UNKNOWN,UNKNOWN,UNKNOWN,39.07691167,-77.08036667,7781945108562677,7781945108562677,0,0,0,2021121614,7705486039088590,Dodge,0,Unknown,Unknown,0.0,0.0,Unknown,Unknown,Unknown,0,0,UNKNOWN,UNKNOWN,UNKNOWN,UNKNOWN,7781945108562677,20906,SILVER SPRING,133207.174949,359110751.771,39.08859082555049,-77.05486091907257,15.8325,44.73915,0.0,0.0,0.0,11.165805,200.77234,211216147054890885,2021-12-16 14:00:00,14,PM,350,3,Thursday,0,12,December,2021,0,Unknown
DM8493000P,4E826E5FDC5D4D2A80734AB3A7D2B26D,True,NO APPARENT INJURY,UNKNOWN,UNKNOWN,PASSENGER,MOVING CONSTANT SPEED,East,UNKNOWN,25,False,False,1,1128146457453086,210051281,Takoma Park Police Depart,Property Damage ,True,East,1,1,LEVEL,False,False,DRIVER,SAME DIR REAR END,DRY,DARK LIGHTS ON,UNKNOWN,UNKNOWN,UNKNOWN,STRAIGHT,NO DEFECTS,"TWO-WAY, NOT DIVIDED",38.98408333,-77.005005,5812528152928271,36908737759546,0,0,0,2021121622,7700204038982546,Subaru,2005,Forester,Sport Utility Vehicle - 4WD,4.0,2.5,Automatic 4,AWD,Premium Gasoline,20,22,MAPLE AVE,Municipality,SHERMAN AVE,Municipality,36908737759546,20912,TAKOMA PARK,51232.0653417,65209197.2692,38.98254687160147,-77.00204079343348,14.998,62.09532,0.0,0.0,0.0,18.971008,213.38853,211216227002089825,2021-12-16 22:00:00,22,PM,350,3,Thursday,0,12,December,2021,0,Unknown
MCP2799006J,612CEF99189C453CB1D25274E21A5F5E,False,NO APPARENT INJURY,NONE,NOT DISTRACTED,PASSENGER,SLOWING OR STOPPING,West,FUNCTIONAL,30,False,False,2,5555581395897406,210051296,Montgomery County Police,Property Damage ,False,West,1,2,LEVEL,False,False,DRIVER,SAME DIR REAR END,DRY,DARK LIGHTS ON,NO CONTROLS,NON INTERSECTION,UNKNOWN,STRAIGHT,NO DEFECTS,"TWO-WAY, NOT DIVIDED",38.9914734,-77.0257028,887072325756327,5660893524410086,0,0,0,2021121701,7703596439001907,Subaru,2021,Crosstrek,Small Sport Utility Vehicle 4WD,4.0,2.0,Automatic 8,AWD,Regular Gasoline,22,29,SILVER SPRING AVE,County,GEORGIA AVE,US (State),5660893524410086,20910,SILVER SPRING,82846.1568889,126320091.137,39.00190768010143,-77.03596497235911,14.2965,67.66525,0.0,0.0,0.0,16.800856,224.9999,211217017035990019,2021-12-17 01:00:00,1,AM,351,4,Friday,0,12,December,2021,0,Unknown
MCP2799006J,F85A065E87F34BFB9FB6E4E5175EA2CC,True,NO APPARENT INJURY,ALCOHOL,NOT DISTRACTED,PASSENGER,MOVING CONSTANT SPEED,West,FUNCTIONAL,30,False,False,2,3706795429459167,210051296,Montgomery County Police,Property Damage ,False,West,1,2,LEVEL,False,False,DRIVER,SAME DIR REAR END,DRY,DARK LIGHTS ON,NO CONTROLS,NON INTERSECTION,UNKNOWN,STRAIGHT,NO DEFECTS,"TWO-WAY, NOT DIVIDED",38.9914734,-77.0257028,887072325756327,5660893524410086,0,0,0,2021121701,7703596439001907,Mercedes-Benz,0,Unknown,Unknown,0.0,0.0,Unknown,Unknown,Unknown,0,0,SILVER SPRING AVE,County,GEORGIA AVE,US (State),5660893524410086,20910,SILVER SPRING,82846.1568889,126320091.137,39.00190768010143,-77.03596497235911,14.2965,67.66525,0.0,0.0,0.0,16.800856,224.9999,211217017035990019,2021-12-17 01:00:00,1,AM,351,4,Friday,0,12,December,2021,0,Unknown
DM84970013,46F9813CA95F492A97A0A2A0F277B44B,True,NO APPARENT INJURY,UNKNOWN,NOT DISTRACTED,BUS,SLOWING OR STOPPING,North,NO DAMAGE,25,False,False,1,6691677547236723,210051321,Takoma Park Police Depart,Property Damage ,False,North,2,2,GRADE DOWNHILL,False,False,DRIVER,SAME DIRECTION SIDESWIPE,DRY,DAWN,UNKNOWN,NON INTERSECTION,UNKNOWN,STRAIGHT,NO DEFECTS,"TWO-WAY, NOT DIVIDED",38.96867441,-77.00205275,7513562504642485,2067974557904549,0,0,0,2021121706,7700204038982546,Thomas,0,Unknown,Unknown,0.0,0.0,Unknown,Unknown,Unknown,0,0,ORCHARD AVE,Municipality,5TH AVE,Municipality,2067974557904549,20912,TAKOMA PARK,51232.0653417,65209197.2692,38.98254687160147,-77.00204079343348,11.998,82.15606,0.0,0.0,0.0,9.793058,287.1028,211217067002089825,2021-12-17 06:00:00,6,AM,351,4,Friday,0,12,December,2021,0,Unknown