ReportNumber,VehicleCrashKey,DriverAtFault,DriverInjurySeverity,DriverSubstanceAbuse,DriverDistractedBy,VehicleType,VehicleMovement,VehicleGoingDir,VehicleDamageExtent,SpeedLimit,ParkedVehicle,SubstanceAbuseContributed,VehiclesCrashedTotal,VehicleKey,LocalCaseNumber,AgencyName,ACRSReportType,HitRun,LaneDirection,LaneNumber,NumberOfLanes,RoadGrade,NonTraffic,OffRoadIncident,AccidentAtFault,CollisionType,SurfaceCondition,Light,TrafficControl,Junction,IntersectionType,RoadAlignment,RoadCondition,RoadDivision,Latitude,Longitude,RoadKey_x,CrossStreetKey,NonMotoristTotal,NonMotoristInjury,NonMotoristFatal,DateHourKey,LocationAreaKey,Make,Year_x,BaseModel,BodyClass,Cylinders,Displacement,Transmission,Drivetrain,FuelType,CityMPG,HighwayMPG,RoadName_x,RouteType_x,RoadName_y,RouteType_y,RoadKey_y,Zipcode,MailCity,ShapeLength,ShapeArea,CentroidLatitude,CentroidLongitude,Temperature,Humidity,Precipitation,Rain,Snow,WindSpeed,WindDirection,WeatherKey,Datetime,Hour,TimeOfDay,DayNumber,WeekDayNumber,WeekDayName,WeekendFlag,MonthNumber,MonthName,Year_y,HolidayFlag,HolidayName
MCP137800ZT,63C88CDAD24D4E7BB6AE402CF6AAD83D,True,POSSIBLE INJURY,NONE,NOT DISTRACTED,PASSENGER,MOVING CONSTANT SPEED,East,DISABLING,30,False,False,1,8352562874641363,210051865,Montgomery County Police,Injury ,False,East,1,2,HILL UPHILL,False,False,DRIVER,SAME DIRECTION SIDESWIPE,DRY,DAYLIGHT,NO CONTROLS,NON INTERSECTION,UNKNOWN,STRAIGHT,NO DEFECTS,"TWO-WAY, NOT DIVIDED",39.06260833,-77.04750167,670409629174736,8073720238398338,0,0,0,2021122014,7705486039088590,Toyota,2017,86,Minicompact Cars,4.0,2.0,Automatic 6,RWD,Premium Gasoline,21,28,GLENALLAN AVE,County,RANDOLPH RD,County,8073720238398338,20906,SILVER SPRING,133207.174949,359110751.771,39.08859082555049,-77.05486091907257,3.6325,38.50663,0.0,0.0,0.0,5.7599998,180.0,211220147054890885,2021-12-20 14:00:00,14,PM,354,0,Monday,0,12,December,2021,0,Unknown
MCP12330049,76DD33FA2D324F368CF28FDC5645DE3D,True,NO APPARENT INJURY,NONE,NOT DISTRACTED,PASSENGER,MOVING CONSTANT SPEED,East,FUNCTIONAL,35,False,False,2,9458501100942616,210051878,Montgomery County Police,Property Damage ,False,East,3,3,LEVEL,False,False,DRIVER,OTHER,DRY,DAYLIGHT,TRAFFIC SIGNAL,INTERSECTION,FOUR-WAY INTERSECTION,STRAIGHT,NO DEFECTS,"TWO-WAY, DIVIDED, POSITIVE MEDIAN BARRIER",39.02784667,-77.07645333,915669685319325,1627793738140795,0,0,0,2021122015,7707527239025656,Ford,1997,Crown Victoria,Large Cars,8.0,4.6,Automatic 4,RWD,Regular Gasoline,15,23,KNOWLES AVE,Maryland (State),CONNECTICUT AVE,Maryland (State),1627793738140795,20895,KENSINGTON,70838.1492765,106180148.023,39.02565657266069,-77.07527294437958,3.9455001,39.825867,0.0,0.0,0.0,6.130579,176.6336,211220157075290256,2021-12-20 15:00:00,15,PM,354,0,Monday,0,12,December,2021,0,Unknown
MCP12330049,3BE158BC40154788B825F22C6E7D1373,False,NO APPARENT INJURY,NONE,NOT DISTRACTED,BUS,MAKING LEFT TURN,East,SUPERFICIAL,35,False,False,2,240722642832247,210051878,Montgomery County Police,Property Damage ,False,East,3,3,LEVEL,False,False,DRIVER,OTHER,DRY,DAYLIGHT,TRAFFIC SIGNAL,INTERSECTION,FOUR-WAY INTERSECTION,STRAIGHT,NO DEFECTS,"TWO-WAY, DIVIDED, POSITIVE MEDIAN BARRIER",39.02784667,-77.07645333,915669685319325,1627793738140795,0,0,0,2021122015,7707527239025656,Gillig,0,Unknown,Unknown,0.0,0.0,Unknown,Unknown,Unknown,0,0,KNOWLES AVE,Maryland (State),CONNECTICUT AVE,Maryland (State),1627793738140795,20895,KENSINGTON,70838.1492765,106180148.023,39.02565657266069,-77.07527294437958,3.9455001,39.825867,0.0,0.0,0.0,6.130579,176.6336,211220157075290256,2021-12-20 15:00:00,15,PM,354,0,Monday,0,12,December,2021,0,Unknown
MCP3270001C,CD4065BF532B4EC1939CAB5694C37C0C,False,NO APPARENT INJURY,NONE,NOT DISTRACTED,PASSENGER,PARKED,UNKNOWN,SUPERFICIAL,15,True,False,2,8525273538772488,210051902,Montgomery County Police,Property Damage ,True,UNKNOWN,0,0,UNKNOWN,True,True,DRIVER,UNKNOWN,UNKNOWN,DAYLIGHT,NO CONTROLS,UNKNOWN,UNKNOWN,UNKNOWN,UNKNOWN,UNKNOWN,38.99330787,-77.02615715,7781945108562677,7781945108562677,0,0,0,2021122015,7703596439001907,Toyota,2007,Camry,Compact Cars,4.0,2.4,Automatic 5,FWD,Regular Gasoline,21,31,UNKNOWN,UNKNOWN,UNKNOWN,UNKNOWN,7781945108562677,20910,SILVER SPRING,82846.1568889,126320091.137,39.00190768010143,-77.03596497235911,3.7465,40.864155,0.0,0.0,0.0,5.8603754,169.3804,211220157035990019,2021-12-20 15:00:00,15,PM,354,0,Monday,0,12,December,2021,0,Unknown
MCP3270001C,383A83C2A3794374A2057C73E6F344CB,True,NO APPARENT INJURY,NONE,LOOKED BUT DID NOT SEE,PASSENGER,PARKED,UNKNOWN,SUPERFICIAL,15,True,False,2,7147011996976861,210051902,Montgomery County Police,Property Damage ,True,UNKNOWN,0,0,UNKNOWN,True,True,DRIVER,UNKNOWN,UNKNOWN,DAYLIGHT,NO CONTROLS,UNKNOWN,UNKNOWN,UNKNOWN,UNKNOWN,UNKNOWN,38.99330787,-77.02615715,7781945108562677,7781945108562677,0,0,0,2021122015,7703596439001907,Jeep,2012,Liberty,Sport Utility Vehicle - 2WD,6.0,3.7,Automatic 4,4WD,Regular Gasoline,15,21,UNKNOWN,UNKNOWN,UNKNOWN,UNKNOWN,7781945108562677,20910,SILVER SPRING,82846.1568889,126320091.137,39.00190768010143,-77.03596497235911,3.7465,40.864155,0.0,0.0,0.0,5.8603754,169.3804,211220157035990019,2021-12-20 15:00:00,15,PM,354,0,Monday,0,12,December,2021,0,Unknown
MCP3301000W,AE00B52FC8DA4A2BA8FCF3388BBDC9AF,True,NO APPARENT INJURY,NONE,LOOKED BUT DID NOT SEE,PASSENGER,ENTERING TRAFFIC LANE,North,FUNCTIONAL,30,False,False,2,3233063173565461,210051883,Montgomery County Police,Property Damage ,False,East,0,4,GRADE DOWNHILL,False,False,DRIVER,STRAIGHT MOVEMENT ANGLE,DRY,DAYLIGHT,STOP SIGN,INTERSECTION,FOUR-WAY INTERSECTION,STRAIGHT,NO DEFECTS,"TWO-WAY, NOT DIVIDED",39.00942833,-77.04134167,8155717206200682,8688193672432466,0,0,0,2021122015,7703596439001907,Toyota,0,Unknown,Unknown,0.0,0.0,Unknown,Unknown,Unknown,0,0,SEMINARY PL,County,SELWAY LA,County,8688193672432466,20910,SILVER SPRING,82846.1568889,126320091.137,39.00190768010143,-77.03596497235911,3.7465,40.864155,0.0,0.0,0.0,5.8603754,169.3804,211220157035990019,2021-12-20 15:00:00,15,PM,354,0,Monday,0,12,December,2021,0,Unknown
MCP3301000W,09C95AF8330D4B5693E153BF4B9E3A0C,False,NO APPARENT INJURY,NONE,NOT DISTRACTED,PASSENGER,MOVING CONSTANT SPEED,East,DISABLING,30,False,False,2,6502835440897582,210051883,Montgomery County Police,Property Damage ,False,East,0,4,GRADE DOWNHILL,False,False,DRIVER,STRAIGHT MOVEMENT ANGLE,DRY,DAYLIGHT,STOP SIGN,INTERSECTION,FOUR-WAY INTERSECTION,STRAIGHT,NO DEFECTS,"TWO-WAY, NOT DIVIDED",39.00942833,-77.04134167,8155717206200682,8688193672432466,0,0,0,2021122015,7703596439001907,Nissan,2015,Sentra,Midsize Cars,4.0,1.8,Automatic CVT,FWD,Regular Gasoline,27,35,SEMINARY PL,County,SELWAY LA,County,8688193672432466,20910,SILVER SPRING,82846.1568889,126320091.137,39.00190768010143,-77.03596497235911,3.7465,40.864155,0.0,0.0,0.0,5.8603754,169.3804,211220157035990019,2021-12-20 15:00:00,15,PM,354,0,Monday,0,12,December,2021,0,Unknown
MCP3257003T,A7DE875EA9BE44B8A9156999BFBA39D1,False,NO APPARENT INJURY,NONE,NOT DISTRACTED,PASSENGER,STOPPED IN TRAFFIC LANE,North,SUPERFICIAL,25,False,False,3,5552969786754156,210051899,Montgomery County Police,Property Damage ,False,North,1,2,LEVEL,False,False,DRIVER,SAME DIR REAR END,DRY,DUSK,OTHER,NON INTERSECTION,UNKNOWN,STRAIGHT,NO DEFECTS,"TWO-WAY, NOT DIVIDED",39.00962399,-77.06323129,6531045230451124,3299219256958318,0,0,0,2021122016,7707842038983818,Chevrolet,2019,Silverado,Standard Pickup Trucks 4WD,8.0,5.3,Automatic 6,4WD,Regular Gasoline,15,20,JONES MILL RD,County,LE VELLE DR,County,3299219256958318,20815,CHEVY CHASE,78258.2702851,151813895.483,38.98381860627773,-77.07842006190148,3.8745003,40.271893,0.0,0.0,0.0,6.519877,173.6599,211220167078489838,2021-12-20 16:00:00,16,PM,354,0,Monday,0,12,December,2021,0,Unknown
MCP3257003T,C163768F02BA4D3E86F252A102C1C6CE,False,NO APPARENT INJURY,NONE,NOT DISTRACTED,PASSENGER,STOPPED IN TRAFFIC LANE,North,FUNCTIONAL,25,False,False,3,2534137744596170,210051899,Montgomery County Police,Property Damage ,False,North,1,2,LEVEL,False,False,DRIVER,SAME DIR REAR END,DRY,DUSK,OTHER,NON INTERSECTION,UNKNOWN,STRAIGHT,NO DEFECTS,"TWO-WAY, NOT DIVIDED",39.00962399,-77.06323129,6531045230451124,3299219256958318,0,0,0,2021122016,7707842038983818,Honda,2021,Accord,Large Cars,4.0,2.0,Automatic CVT,FWD,Regular Gasoline,22,32,JONES MILL RD,County,LE VELLE DR,County,3299219256958318,20815,CHEVY CHASE,78258.2702851,151813895.483,38.98381860627773,-77.07842006190148,3.8745003,40.271893,0.0,0.0,0.0,6.519877,173.6599,211220167078489838,2021-12-20 16:00:00,16,PM,354,0,Monday,0,12,December,2021,0,Unknown
MCP3257003T,C75C78DA0162454C911BFE9E415EA25C,True,NO APPARENT INJURY,NONE,LOOKED BUT DID NOT SEE,PASSENGER,MOVING CONSTANT SPEED,North,DISABLING,25,False,False,3,6701279340056394,210051899,Montgomery County Police,Property Damage ,False,North,1,2,LEVEL,False,False,DRIVER,SAME DIR REAR END,DRY,DUSK,OTHER,NON INTERSECTION,UNKNOWN,STRAIGHT,NO DEFECTS,"TWO-WAY, NOT DIVIDED",39.00962399,-77.06323129,6531045230451124,3299219256958318,0,0,0,2021122016,7707842038983818,Honda,2016,CR-Z,Two Seaters,4.0,1.5,Automatic 7,FWD,Regular Gasoline,31,37,JONES MILL RD,County,LE VELLE DR,County,3299219256958318,20815,CHEVY CHASE,78258.2702851,151813895.483,38.98381860627773,-77.07842006190148,3.8745003,40.271893,0.0,0.0,0.0,6.519877,173.6599,211220167078489838,2021-12-20 16:00:00,16,PM,354,0,Monday,0,12,December,2021,0,Unknown
MCP29360050,B8A51AFD9DB94926BFDF70E00D9A16CA,False,NO APPARENT INJURY,NONE,NOT DISTRACTED,PASSENGER,SLOWING OR STOPPING,West,DISABLING,35,False,False,2,1306988614044693,210051917,Montgomery County Police,Injury ,False,West,1,2,LEVEL,False,False,DRIVER,SAME DIR REAR END,DRY,DARK LIGHTS ON,TRAFFIC SIGNAL,INTERSECTION RELATED,FOUR-WAY INTERSECTION,STRAIGHT,NO DEFECTS,"TWO-WAY, DIVIDED, POSITIVE MEDIAN BARRIER",39.02682173,-77.13130819,5682945118739953,9639173670162862,0,0,0,2021122017,7715220038996189,Tesla,2018,Model 3,Midsize Cars,0.0,0.0,Automatic 1,AWD,Electricity,120,112,ROCK SPRING DR,County,ROCKLEDGE DR,County,9639173670162862,20817,BETHESDA,143234.920079,403664948.588,38.996189145680184,-77.15220044157795,3.593,45.841072,0.0,0.0,0.0,6.638072,167.4712,211220177152289961,2021-12-20 17:00:00,17,PM,354,0,Monday,0,12,December,2021,0,Unknown
MCP29360050,93D3829AF0E647289DBBA5BA4649093D,True,SUSPECTED MINOR INJURY,NONE,LOOKED BUT DID NOT SEE,PASSENGER,MOVING CONSTANT SPEED,West,DISABLING,35,False,False,2,538750854884049,210051917,Montgomery County Police,Injury ,False,West,1,2,LEVEL,False,False,DRIVER,SAME DIR REAR END,DRY,DARK LIGHTS ON,TRAFFIC SIGNAL,INTERSECTION RELATED,FOUR-WAY INTERSECTION,STRAIGHT,NO DEFECTS,"TWO-WAY, DIVIDED, POSITIVE MEDIAN BARRIER",39.02682173,-77.13130819,5682945118739953,9639173670162862,0,0,0,2021122017,7715220038996189,Lexus,2014,ES,Midsize Cars,4.0,2.5,Automatic 6,FWD,Regular Gasoline,21,30,ROCK SPRING DR,County,ROCKLEDGE DR,County,9639173670162862,20817,BETHESDA,143234.920079,403664948.588,38.996189145680184,-77.15220044157795,3.593,45.841072,0.0,0.0,0.0,6.638072,167.4712,211220177152289961,2021-12-20 17:00:00,17,PM,354,0,Monday,0,12,December,2021,0,Unknown
MCP2291005R,ACD28BEB278245ED993B5515C82F82E4,False,POSSIBLE INJURY,NONE,NOT DISTRACTED,PASSENGER,MOVING CONSTANT SPEED,East,DISABLING,25,False,False,2,4909102112133355,210051931,Montgomery County Police,Injury ,False,East,1,1,LEVEL,False,False,DRIVER,OPPOSITE DIRECTION SIDESWIPE,DRY,DARK LIGHTS ON,NO CONTROLS,NON INTERSECTION,UNKNOWN,STRAIGHT,NO DEFECTS,"TWO-WAY, NOT DIVIDED",39.00019482,-77.11124445,4574047290405965,4494898042244063,0,0,0,2021122019,7715220038996189,Jeep,0,Unknown,Unknown,0.0,0.0,Unknown,Unknown,Unknown,0,0,GREENTREE RD,County,OLD GEORGETOWN RD,Maryland (State),4494898042244063,20817,BETHESDA,143234.920079,403664948.588,38.996189145680184,-77.15220044157795,0.593,61.9941,0.0,0.0,0.0,11.792404,192.33908,211220197152289961,2021-12-20 19:00:00,19,PM,354,0,Monday,0,12,December,2021,0,Unknown
MCP2291005R,0CEAAA6AC8D642E6B24D930B2A560416,True,NO APPARENT INJURY,NONE,OTHER ELECTRONIC DEVICE (NAVIGATIONAL PALM PILOT),PASSENGER,MOVING CONSTANT SPEED,West,DISABLING,25,False,False,2,6492669368587403,210051931,Montgomery County Police,Injury ,False,East,1,1,LEVEL,False,False,DRIVER,OPPOSITE DIRECTION SIDESWIPE,DRY,DARK LIGHTS ON,NO CONTROLS,NON INTERSECTION,UNKNOWN,STRAIGHT,NO DEFECTS,"TWO-WAY, NOT DIVIDED",39.00019482,-77.11124445,4574047290405965,4494898042244063,0,0,0,2021122019,7715220038996189,Kia,2012,Optima,Midsize Cars,4.0,2.4,Automatic 6,FWD,Regular Gasoline,24,34,GREENTREE RD,County,OLD GEORGETOWN RD,Maryland (State),4494898042244063,20817,BETHESDA,143234.920079,403664948.588,38.996189145680184,-77.15220044157795,0.593,61.9941,0.0,0.0,0.0,11.792404,192.33908,211220197152289961,2021-12-20 19:00:00,19,PM,354,0,Monday,0,12,December,2021,0,Unknown
MCP2203005M,8BFE3306BB6A4E44B76E4FD998BA4AF4,True,NO APPARENT INJURY,UNKNOWN,UNKNOWN,PASSENGER,PARKING,UNKNOWN,UNKNOWN,25,False,False,1,3063454728179589,210051988,Montgomery County Police,Property Damage ,True,UNKNOWN,0,0,UNKNOWN,True,True,DRIVER,SAME DIRECTION SIDESWIPE,UNKNOWN,DARK -- UNKNOWN LIGHTING,NO CONTROLS,UNKNOWN,UNKNOWN,UNKNOWN,UNKNOWN,UNKNOWN,39.06015133,-77.04943267,7781945108562677,7781945108562677,0,0,0,2021122019,7705486039088590,Ford,2016,F150,Standard Pickup Trucks 2WD,6.0,3.5,Automatic 6,4WD,Regular Gasoline,18,22,UNKNOWN,UNKNOWN,UNKNOWN,UNKNOWN,7781945108562677,20906,SILVER SPRING,133207.174949,359110751.771,39.08859082555049,-77.05486091907257,0.8325,52.215244,0.0,0.0,0.0,9.178235,191.30989,211220197054890885,2021-12-20 19:00:00,19,PM,354,0,Monday,0,12,December,2021,0,Unknown
MCP30510055,F9F740DA440D41DA85D8DF723F91AC4B,False,NO APPARENT INJURY,NONE,UNKNOWN,PASSENGER,MOVING CONSTANT SPEED,North,SUPERFICIAL,30,False,False,2,8243785626679992,210051938,Montgomery County Police,Property Damage ,False,North,1,2,LEVEL,False,False,DRIVER,HEAD ON LEFT TURN,DRY,DARK LIGHTS ON,UNKNOWN,INTERSECTION RELATED,T-INTERSECTION,STRAIGHT,NO DEFECTS,"TWO-WAY, NOT DIVIDED",39.0234,-77.14971833,8057051263767246,6477653073943693,0,0,0,2021122019,7715220038996189,Toyota,2014,Camry,Midsize Cars,4.0,2.5,Automatic 6,FWD,Regular Gasoline,21,30,WESTLAKE DR,County,DEMOCRACY BLVD,County,6477653073943693,20817,BETHESDA,143234.920079,403664948.588,38.996189145680184,-77.15220044157795,0.593,61.9941,0.0,0.0,0.0,11.792404,192.33908,211220197152289961,2021-12-20 19:00:00,19,PM,354,0,Monday,0,12,December,2021,0,Unknown
MCP30510055,EB78EFFB70D045CE9F447B07875661AF,True,NO APPARENT INJURY,NONE,UNKNOWN,PASSENGER,MAKING LEFT TURN,South,SUPERFICIAL,30,False,False,2,7428728894773299,210051938,Montgomery County Police,Property Damage ,False,North,1,2,LEVEL,False,False,DRIVER,HEAD ON LEFT TURN,DRY,DARK LIGHTS ON,UNKNOWN,INTERSECTION RELATED,T-INTERSECTION,STRAIGHT,NO DEFECTS,"TWO-WAY, NOT DIVIDED",39.0234,-77.14971833,8057051263767246,6477653073943693,0,0,0,2021122019,7715220038996189,BMW,2021,M,Subcompact Cars,6.0,3.0,Automatic 8,AWD,Premium Gasoline,15,21,WESTLAKE DR,County,DEMOCRACY BLVD,County,6477653073943693,20817,BETHESDA,143234.920079,403664948.588,38.996189145680184,-77.15220044157795,0.593,61.9941,0.0,0.0,0.0,11.792404,192.33908,211220197152289961,2021-12-20 19:00:00,19,PM,354,0,Monday,0,12,December,2021,0,Unknown
MCP3144001X,F3CB653D96CD4DE0BB77B70BF8727811,False,SUSPECTED MINOR INJURY,NONE,UNKNOWN,PASSENGER,MOVING CONSTANT SPEED,East,DESTROYED,25,False,False,2,2255883639849241,210051951,Montgomery County Police,Injury ,False,South,1,4,LEVEL,False,False,UNKNOWN,STRAIGHT MOVEMENT ANGLE,DRY,DARK LIGHTS ON,TRAFFIC SIGNAL,INTERSECTION,FOUR-WAY INTERSECTION,STRAIGHT,NO DEFECTS,"TWO-WAY, DIVIDED, UNPROTECTED PAINTED MIN 4 FEET",39.02243833,-77.102785,5925405510732472,9624603609515706,0,0,0,2021122021,7710519939016894,Lincoln,1999,Continental,Large Cars,8.0,4.6,Automatic 4,FWD,Premium Gasoline,15,23,ROCKVILLE PIKE,Maryland (State),GROSVENOR LA,County,9624603609515706,20814,BETHESDA,58373.8630538,68540697.609,39.016894075883464,-77.10519990449882,-0.21550001,62.508274,0.0,0.0,0.0,9.028754,184.57384,211220217105190168,2021-12-20 21:00:00,21,PM,354,0,Monday,0,12,December,2021,0,Unknown
MCP3144001X,A15C136449A3461EB44A6722BFFDEFF0,False,NO APPARENT INJURY,NONE,UNKNOWN,PASSENGER,MOVING CONSTANT SPEED,South,SUPERFICIAL,45,False,False,2,170151672322060,210051951,Montgomery County Police,Injury ,False,South,1,4,LEVEL,False,False,UNKNOWN,STRAIGHT MOVEMENT ANGLE,DRY,DARK LIGHTS ON,TRAFFIC SIGNAL,INTERSECTION,FOUR-WAY INTERSECTION,STRAIGHT,NO DEFECTS,"TWO-WAY, DIVIDED, UNPROTECTED PAINTED MIN 4 FEET",39.02243833,-77.102785,5925405510732472,9624603609515706,0,0,0,2021122021,7710519939016894,Jeep,2018,Wrangler,Small Sport Utility Vehicle 4WD,6.0,3.6,Automatic 8,4WD,Regular Gasoline,17,21,ROCKVILLE PIKE,Maryland (State),GROSVENOR LA,County,9624603609515706,20814,BETHESDA,58373.8630538,68540697.609,39.016894075883464,-77.10519990449882,-0.21550001,62.508274,0.0,0.0,0.0,9.028754,184.57384,211220217105190168,2021-12-20 21:00:00,21,PM,354,0,Monday,0,12,December,2021,0,Unknown
MCP284800BR,61D665AF8AFA4083ADA5F639F36BD449,False,NO APPARENT INJURY,NONE,NOT DISTRACTED,TRUCK,MOVING CONSTANT SPEED,East,FUNCTIONAL,35,False,False,2,3063454661069113,210051786,Montgomery County Police,Property Damage ,True,East,1,2,LEVEL,False,False,DRIVER,SAME DIRECTION RIGHT TURN,DRY,DAWN,TRAFFIC SIGNAL,INTERSECTION RELATED,FOUR-WAY INTERSECTION,STRAIGHT,NO DEFECTS,"TWO-WAY, DIVIDED, UNPROTECTED PAINTED MIN 4 FEET",38.99731,-77.09355,8313298178840333,5864182112940338,0,0,0,2021122106,7709047139001824,Ford,2012,F150,Standard Pickup Trucks 4WD,6.0,3.5,Automatic 6,4WD,Regular Gasoline,15,21,JONES BRIDGE RD,County,GLENBROOK PKWY,County,5864182112940338,20889,BETHESDA,13519.8810592,10781552.967,39.00182400847492,-77.09047126593259,-2.0715,80.22605,0.0,0.0,0.0,6.763786,244.7989,211221067090490018,2021-12-21 06:00:00,6,AM,355,1,Tuesday,0,12,December,2021,0,Unknown
MCP284800BR,D00DBF24C07F449DBCBCDC1E85D5D300,True,NO APPARENT INJURY,NONE,UNKNOWN,UNKNOWN,CHANGING LANES,East,FUNCTIONAL,35,False,False,2,8168321465439775,210051786,Montgomery County Police,Property Damage ,True,East,1,2,LEVEL,False,False,DRIVER,SAME DIRECTION RIGHT TURN,DRY,DAWN,TRAFFIC SIGNAL,INTERSECTION RELATED,FOUR-WAY INTERSECTION,STRAIGHT,NO DEFECTS,"TWO-WAY, DIVIDED, UNPROTECTED PAINTED MIN 4 FEET",38.99731,-77.09355,8313298178840333,5864182112940338,0,0,0,2021122106,7709047139001824,Unknown,0,Unknown,Unknown,0.0,0.0,Unknown,Unknown,Unknown,0,0,JONES BRIDGE RD,County,GLENBROOK PKWY,County,5864182112940338,20889,BETHESDA,13519.8810592,10781552.967,39.00182400847492,-77.09047126593259,-2.0715,80.22605,0.0,0.0,0.0,6.763786,244.7989,211221067090490018,2021-12-21 06:00:00,6,AM,355,1,Tuesday,0,12,December,2021,0,Unknown
MCP15500033,1C5E2B1F961B4A70B8BE4B11B6DA43F9,True,NO APPARENT INJURY,UNKNOWN,UNKNOWN,PASSENGER,UNKNOWN,UNKNOWN,UNKNOWN,15,False,False,1,9201232229454015,210052003,Montgomery County Police,Property Damage ,True,UNKNOWN,0,0,UNKNOWN,True,True,DRIVER,OTHER,UNKNOWN,DAYLIGHT,NO CONTROLS,UNKNOWN,UNKNOWN,UNKNOWN,UNKNOWN,UNKNOWN,39.03018594,-77.07614821,7781945108562677,7781945108562677,0,0,0,2021122108,7707527239025656,Chrysler,2018,300,Large Cars,6.0,3.6,Automatic 8,RWD,Regular Gasoline,18,27,UNKNOWN,UNKNOWN,UNKNOWN,UNKNOWN,7781945108562677,20895,KENSINGTON,70838.1492765,106180148.023,39.02565657266069,-77.07527294437958,-2.4045,76.02036,0.0,0.0,0.0,7.729527,297.75842,211221087075290256,2021-12-21 08:00:00,8,AM,355,1,Tuesday,0,12,December,2021,0,Unknown
HA2485000G,C655B73E47E94427A5E3840424333FB0,False,NO APPARENT INJURY,NONE,UNKNOWN,PASSENGER,PARKED,UNKNOWN,FUNCTIONAL,35,True,False,2,660615385035114,21002432,Maryland-National Capital,Property Damage ,False,South,3,3,LEVEL,False,False,UNKNOWN,SAME DIRECTION RIGHT TURN,DRY,DAYLIGHT,TRAFFIC SIGNAL,UNKNOWN,FOUR-WAY INTERSECTION,STRAIGHT,NO DEFECTS,"TWO-WAY, DIVIDED, UNPROTECTED PAINTED MIN 4 FEET",39.00940767,-77.04068817,8554262040045692,424439313025704,0,0,0,2021122110,7703596439001907,Ford,0,Unknown,Unknown,0.0,0.0,Unknown,Unknown,Unknown,0,0,GEORGIA AVE,Maryland (State),SEMINARY RD,County,424439313025704,20910,SILVER SPRING,82846.1568889,126320091.137,39.00190768010143,-77.03596497235911,-0.7535,70.21966,0.0,0.0,0.0,1.484318,345.9637,211221107035990019,2021-12-21 10:00:00,10,AM,355,1,Tuesday,0,12,December,2021,0,Unknown
HA2485000G,C92F90C9A2E246F4BFD42BB91160E23C,False,NO APPARENT INJURY,NONE,UNKNOWN,BUS,CHANGING LANES,South,FUNCTIONAL,35,False,False,2,789604639519848,21002432,Maryland-National Capital,Property Damage ,False,South,3,3,LEVEL,False,False,UNKNOWN,SAME DIRECTION RIGHT TURN,DRY,DAYLIGHT,TRAFFIC SIGNAL,UNKNOWN,FOUR-WAY INTERSECTION,STRAIGHT,NO DEFECTS,"TWO-WAY, DIVIDED, UNPROTECTED PAINTED MIN 4 FEET",39.00940767,-77.04068817,8554262040045692,424439313025704,0,0,0,2021122110,7703596439001907,Metro,0,Unknown,Unknown,0.0,0.0,Unknown,Unknown,Unknown,0,0,GEORGIA AVE,Maryland (State),SEMINARY RD,County,424439313025704,20910,SILVER SPRING,82846.1568889,126320091.137,39.00190768010143,-77.03596497235911,-0.7535,70.21966,0.0,0.0,0.0,1.484318,345.9637,211221107035990019,2021-12-21 10:00:00,10,AM,355,1,Tuesday,0,12,December,2021,0,Unknown
MCP295200C8,EFE00347355143159E75BEB72F0CBD55,True,NO APPARENT INJURY,UNKNOWN,UNKNOWN,PASSENGER,MAKING LEFT TURN,UNKNOWN,UNKNOWN,15,False,False,2,6502835424119963,210052011,Montgomery County Police,Property Damage ,True,UNKNOWN,0,0,UNKNOWN,True,True,DRIVER,OPPOSITE DIRECTION SIDESWIPE,UNKNOWN,DAYLIGHT,NO CONTROLS,UNKNOWN,UNKNOWN,UNKNOWN,UNKNOWN,UNKNOWN,39.00038167,-77.033615,7781945108562677,7781945108562677,0,0,0,2021122112,7703596439001907,Nissan,2016,Sentra,Midsize Cars,4.0,1.8,Automatic CVT,FWD,Regular Gasoline,27,35,UNKNOWN,UNKNOWN,UNKNOWN,UNKNOWN,7781945108562677,20910,SILVER SPRING,82846.1568889,126320091.137,39.00190768010143,-77.03596497235911,3.6465,51.227886,0.0,0.0,0.0,2.52,90.0,211221127035990019,2021-12-21 12:00:00,12,PM,355,1,Tuesday,0,12,December,2021,0,Unknown
MCP295200C8,E5BDB4764A184AFEBF013CCF67998A7B,False,NO APPARENT INJURY,NONE,NOT DISTRACTED,PASSENGER,SLOWING OR STOPPING,UNKNOWN,SUPERFICIAL,15,False,False,2,5889671040051326,210052011,Montgomery County Police,Property Damage ,True,UNKNOWN,0,0,UNKNOWN,True,True,DRIVER,OPPOSITE DIRECTION SIDESWIPE,UNKNOWN,DAYLIGHT,NO CONTROLS,UNKNOWN,UNKNOWN,UNKNOWN,UNKNOWN,UNKNOWN,39.00038167,-77.033615,7781945108562677,7781945108562677,0,0,0,2021122112,7703596439001907,Dodge,2002,Stratus,Compact Cars,6.0,3.0,Automatic 4,FWD,Regular Gasoline,18,26,UNKNOWN,UNKNOWN,UNKNOWN,UNKNOWN,7781945108562677,20910,SILVER SPRING,82846.1568889,126320091.137,39.00190768010143,-77.03596497235911,3.6465,51.227886,0.0,0.0,0.0,2.52,90.0,211221127035990019,2021-12-21 12:00:00,12,PM,355,1,Tuesday,0,12,December,2021,0,Unknown
MCP289100B6,73477DA11EEB493F85C72C891467DB05,True,NO APPARENT INJURY,UNKNOWN,UNKNOWN,PASSENGER,BACKING,North,FUNCTIONAL,10,False,False,2,6502835424119963,210052010,Montgomery County Police,Property Damage ,True,UNKNOWN,0,0,UNKNOWN,True,True,DRIVER,OTHER,UNKNOWN,DAYLIGHT,UNKNOWN,UNKNOWN,UNKNOWN,UNKNOWN,UNKNOWN,UNKNOWN,39.00034333,-77.03335667,7781945108562677,7781945108562677,0,0,0,2021122112,7703596439001907,Nissan,2016,Sentra,Midsize Cars,4.0,1.8,Automatic CVT,FWD,Regular Gasoline,27,35,UNKNOWN,UNKNOWN,UNKNOWN,UNKNOWN,7781945108562677,20910,SILVER SPRING,82846.1568889,126320091.137,39.00190768010143,-77.03596497235911,3.6465,51.227886,0.0,0.0,0.0,2.52,90.0,211221127035990019,2021-12-21 12:00:00,12,PM,355,1,Tuesday,0,12,December,2021,0,Unknown