ReportNumber,VehicleCrashKey,DriverAtFault,DriverInjurySeverity,DriverSubstanceAbuse,DriverDistractedBy,VehicleType,VehicleMovement,VehicleGoingDir,VehicleDamageExtent,SpeedLimit,ParkedVehicle,SubstanceAbuseContributed,VehiclesCrashedTotal,VehicleKey,LocalCaseNumber,AgencyName,ACRSReportType,HitRun,LaneDirection,LaneNumber,NumberOfLanes,RoadGrade,NonTraffic,OffRoadIncident,AccidentAtFault,CollisionType,SurfaceCondition,Light,TrafficControl,Junction,IntersectionType,RoadAlignment,RoadCondition,RoadDivision,Latitude,Longitude,RoadKey_x,CrossStreetKey,NonMotoristTotal,NonMotoristInjury,NonMotoristFatal,DateHourKey,LocationAreaKey,Make,Year_x,BaseModel,BodyClass,Cylinders,Displacement,Transmission,Drivetrain,FuelType,CityMPG,HighwayMPG,RoadName_x,RouteType_x,RoadName_y,RouteType_y,RoadKey_y,Zipcode,MailCity,ShapeLength,ShapeArea,CentroidLatitude,CentroidLongitude,Temperature,Humidity,Precipitation,Rain,Snow,WindSpeed,WindDirection,WeatherKey,Datetime,Hour,TimeOfDay,DayNumber,WeekDayNumber,WeekDayName,WeekendFlag,MonthNumber,MonthName,Year_y,HolidayFlag,HolidayName
MCP289100B6,AD8C3363DA2D4DC5A45A8EB44D4039BA,False,NO APPARENT INJURY,NONE,NOT DISTRACTED,PASSENGER,PARKED,UNKNOWN,SUPERFICIAL,0,True,False,2,8224256020419033,210052010,Montgomery County Police,Property Damage ,True,UNKNOWN,0,0,UNKNOWN,True,True,DRIVER,OTHER,UNKNOWN,DAYLIGHT,UNKNOWN,UNKNOWN,UNKNOWN,UNKNOWN,UNKNOWN,UNKNOWN,39.00034333,-77.03335667,7781945108562677,7781945108562677,0,0,0,2021122112,7703596439001907,Toyota,2012,Prius,Midsize Cars,4.0,1.8,Automatic CVT,FWD,Regular Gasoline,49,46,UNKNOWN,UNKNOWN,UNKNOWN,UNKNOWN,7781945108562677,20910,SILVER SPRING,82846.1568889,126320091.137,39.00190768010143,-77.03596497235911,3.6465,51.227886,0.0,0.0,0.0,2.52,90.0,211221127035990019,2021-12-21 12:00:00,12,PM,355,1,Tuesday,0,12,December,2021,0,Unknown
MCP2886002L,2FE178F1031641DF9695F3D32871FF22,True,NO APPARENT INJURY,UNKNOWN,UNKNOWN,UNKNOWN,MAKING LEFT TURN,East,SUPERFICIAL,35,False,False,2,8168321465439775,210052043,Montgomery County Police,Property Damage ,True,West,1,4,LEVEL,False,False,DRIVER,HEAD ON LEFT TURN,DRY,DAYLIGHT,TRAFFIC SIGNAL,INTERSECTION,FOUR-WAY INTERSECTION,STRAIGHT,NO DEFECTS,"TWO-WAY, NOT DIVIDED",39.09142333,-77.06315,3786639377990067,4506373220064526,0,0,0,2021122115,7705486039088590,Unknown,0,Unknown,Unknown,0.0,0.0,Unknown,Unknown,Unknown,0,0,BEL PRE RD,County,HOMECREST RD,County,4506373220064526,20906,SILVER SPRING,133207.174949,359110751.771,39.08859082555049,-77.05486091907257,5.9325,37.7264,0.0,0.0,0.0,8.647496,92.385895,211221157054890885,2021-12-21 15:00:00,15,PM,355,1,Tuesday,0,12,December,2021,0,Unknown
MCP2886002L,1192DDDDF9FC47E798895CF9D671B7DF,False,NO APPARENT INJURY,NONE,NOT DISTRACTED,PASSENGER,MOVING CONSTANT SPEED,West,DISABLING,35,False,False,2,1374907413150362,210052043,Montgomery County Police,Property Damage ,True,West,1,4,LEVEL,False,False,DRIVER,HEAD ON LEFT TURN,DRY,DAYLIGHT,TRAFFIC SIGNAL,INTERSECTION,FOUR-WAY INTERSECTION,STRAIGHT,NO DEFECTS,"TWO-WAY, NOT DIVIDED",39.09142333,-77.06315,3786639377990067,4506373220064526,0,0,0,2021122115,7705486039088590,Toyota,2007,Sienna,Minivan - 2WD,6.0,3.5,Automatic 5,AWD,Regular Gasoline,16,21,BEL PRE RD,County,HOMECREST RD,County,4506373220064526,20906,SILVER SPRING,133207.174949,359110751.771,39.08859082555049,-77.05486091907257,5.9325,37.7264,0.0,0.0,0.0,8.647496,92.385895,211221157054890885,2021-12-21 15:00:00,15,PM,355,1,Tuesday,0,12,December,2021,0,Unknown
MCP93180023,9F5D72F301B84BBA9AE83367A0C6F46D,True,NO APPARENT INJURY,NONE,UNKNOWN,PASSENGER,MOVING CONSTANT SPEED,East,FUNCTIONAL,40,False,False,2,4708503902941436,210052047,Montgomery County Police,Property Damage ,False,East,1,1,LEVEL,False,False,DRIVER,SAME DIR REAR END,DRY,DAYLIGHT,TRAFFIC SIGNAL,INTERSECTION,FOUR-WAY INTERSECTION,STRAIGHT,NO DEFECTS,"TWO-WAY, DIVIDED, UNPROTECTED PAINTED MIN 4 FEET",39.01631044,-77.03202158,6348574661209490,8891242047416743,0,0,0,2021122115,7703596439001907,Chevrolet,2020,Silverado,Standard Pickup Trucks 4WD,8.0,5.3,Automatic 6,4WD,Regular Gasoline,14,18,FOREST GLEN RD,County,SLIGO CREEK PKWY,Government,8891242047416743,20910,SILVER SPRING,82846.1568889,126320091.137,39.00190768010143,-77.03596497235911,5.0965,47.89027,0.0,0.0,0.0,8.287822,87.5105,211221157035990019,2021-12-21 15:00:00,15,PM,355,1,Tuesday,0,12,December,2021,0,Unknown
MCP93180023,9B575AFF88CE4432853D237B1F2FFA59,False,NO APPARENT INJURY,NONE,NOT DISTRACTED,TRUCK,STOPPED IN TRAFFIC LANE,East,FUNCTIONAL,40,False,False,2,1683704625196473,210052047,Montgomery County Police,Property Damage ,False,East,1,1,LEVEL,False,False,DRIVER,SAME DIR REAR END,DRY,DAYLIGHT,TRAFFIC SIGNAL,INTERSECTION,FOUR-WAY INTERSECTION,STRAIGHT,NO DEFECTS,"TWO-WAY, DIVIDED, UNPROTECTED PAINTED MIN 4 FEET",39.01631044,-77.03202158,6348574661209490,8891242047416743,0,0,0,2021122115,7703596439001907,Ford,2017,Transit Connect,Special Purpose Vehicle 2WD,4.0,2.5,Automatic 6,FWD,Regular Gasoline,19,27,FOREST GLEN RD,County,SLIGO CREEK PKWY,Government,8891242047416743,20910,SILVER SPRING,82846.1568889,126320091.137,39.00190768010143,-77.03596497235911,5.0965,47.89027,0.0,0.0,0.0,8.287822,87.5105,211221157035990019,2021-12-21 15:00:00,15,PM,355,1,Tuesday,0,12,December,2021,0,Unknown
MCP32270035,B799D6C8487E4DF3A05EA837A44A536D,False,NO APPARENT INJURY,NONE,NOT DISTRACTED,PASSENGER,STOPPED IN TRAFFIC LANE,West,SUPERFICIAL,30,False,False,2,8922103755821849,210052081,Montgomery County Police,Property Damage ,False,West,2,3,LEVEL,False,False,DRIVER,SAME DIR REAR END,WET,DARK LIGHTS ON,TRAFFIC SIGNAL,INTERSECTION,FOUR-WAY INTERSECTION,STRAIGHT,NO DEFECTS,"TWO-WAY, DIVIDED, POSITIVE MEDIAN BARRIER",39.01137383,-76.97859167,8901981419077344,2997347885756929,0,0,0,2021122118,7698354239018293,Dodge,2014,Durango,Standard Sport Utility Vehicle 2WD,6.0,3.6,Automatic 8,4WD,Midgrade Gasoline,14,22,NEW HAMPSHIRE AVE,Maryland (State),ADELPHI RD,County,2997347885756929,20903,SILVER SPRING,50204.7192451,65972447.4483,39.01829365940637,-76.9835422251861,3.1845,58.549652,0.0,0.0,0.0,7.2805495,81.46932,211221186983590182,2021-12-21 18:00:00,18,PM,355,1,Tuesday,0,12,December,2021,0,Unknown
MCP32270035,1A02C824B758476685D6BEAEC33E4CD8,True,NO APPARENT INJURY,NONE,UNKNOWN,PASSENGER,STARTING FROM LANE,West,FUNCTIONAL,30,False,False,2,3611013929459350,210052081,Montgomery County Police,Property Damage ,False,West,2,3,LEVEL,False,False,DRIVER,SAME DIR REAR END,WET,DARK LIGHTS ON,TRAFFIC SIGNAL,INTERSECTION,FOUR-WAY INTERSECTION,STRAIGHT,NO DEFECTS,"TWO-WAY, DIVIDED, POSITIVE MEDIAN BARRIER",39.01137383,-76.97859167,8901981419077344,2997347885756929,0,0,0,2021122118,7698354239018293,Volkswagen,2016,Golf/GTI,Compact Cars,4.0,1.8,Automatic 6,FWD,Regular Gasoline,25,34,NEW HAMPSHIRE AVE,Maryland (State),ADELPHI RD,County,2997347885756929,20903,SILVER SPRING,50204.7192451,65972447.4483,39.01829365940637,-76.9835422251861,3.1845,58.549652,0.0,0.0,0.0,7.2805495,81.46932,211221186983590182,2021-12-21 18:00:00,18,PM,355,1,Tuesday,0,12,December,2021,0,Unknown
MCP29270041,E444AD4367344822B8540C8B00EC28FD,True,NO APPARENT INJURY,NONE,LOOKED BUT DID NOT SEE,EMERGENCY,STARTING FROM LANE,UNKNOWN,FUNCTIONAL,5,False,False,1,4621936576342464,210052116,Montgomery County Police,Property Damage ,False,UNKNOWN,0,0,UNKNOWN,True,True,DRIVER,SINGLE VEHICLE,UNKNOWN,DARK LIGHTS ON,UNKNOWN,UNKNOWN,UNKNOWN,UNKNOWN,UNKNOWN,UNKNOWN,39.00003471,-77.03359906,7781945108562677,7781945108562677,0,0,0,2021122118,7703596439001907,Ford,2021,Explorer,Standard Sport Utility Vehicle 4WD,4.0,2.3,Automatic 10,4WD,Regular Gasoline,18,28,UNKNOWN,UNKNOWN,UNKNOWN,UNKNOWN,7781945108562677,20910,SILVER SPRING,82846.1568889,126320091.137,39.00190768010143,-77.03596497235911,3.3465,59.922497,0.0,0.0,0.0,6.519877,83.659904,211221187035990019,2021-12-21 18:00:00,18,PM,355,1,Tuesday,0,12,December,2021,0,Unknown
MCP2844005J,1409574F913248E9B4C7CA7478076E0D,True,SUSPECTED MINOR INJURY,ALCOHOL,OTHER DISTRACTION,PASSENGER,OTHER,West,DISABLING,25,False,True,1,1445890047467548,210052125,Montgomery County Police,Injury ,False,UNKNOWN,1,1,LEVEL,False,False,DRIVER,SINGLE VEHICLE,DRY,DARK -- UNKNOWN LIGHTING,NO CONTROLS,NON INTERSECTION,UNKNOWN,CURVE RIGHT,NO DEFECTS,"TWO-WAY, DIVIDED, UNPROTECTED PAINTED MIN 4 FEET",39.04511319,-77.08192951,491649005311875,8249558529328990,0,0,0,2021122201,7705486039088590,Chevrolet,2014,Captiva,Small Sport Utility Vehicle 2WD,6.0,3.0,Automatic 6,FWD,Regular Gasoline,16,22,IVY GLEN RD,County,GARRETT PARK RD,County,8249558529328990,20906,SILVER SPRING,133207.174949,359110751.771,39.08859082555049,-77.05486091907257,2.8825,93.468254,0.0,0.0,0.0,3.319036,77.4712,211222017054890885,2021-12-22 01:00:00,1,AM,356,2,Wednesday,0,12,December,2021,0,Unknown
MCP2776003Q,22B0AFA135FB4993A63890689DE87816,True,NO APPARENT INJURY,NONE,UNKNOWN,PASSENGER,MOVING CONSTANT SPEED,East,DISABLING,40,False,False,1,5115928390379342,210052128,Montgomery County Police,Injury ,False,East,1,1,LEVEL,False,False,DRIVER,SINGLE VEHICLE,WET,DARK NO LIGHTS,NO CONTROLS,NON INTERSECTION,UNKNOWN,STRAIGHT,NO DEFECTS,"TWO-WAY, NOT DIVIDED",39.11231667,-77.07149,418179445979580,975844256683454,0,0,0,2021122201,7705486039088590,Honda,2007,Pilot,Sport Utility Vehicle - 2WD,6.0,3.5,Automatic 5,AWD,Regular Gasoline,15,20,NORBECK RD,Maryland (State),COOLIDGE AVE,UNKNOWN,975844256683454,20906,SILVER SPRING,133207.174949,359110751.771,39.08859082555049,-77.05486091907257,2.8825,93.468254,0.0,0.0,0.0,3.319036,77.4712,211222017054890885,2021-12-22 01:00:00,1,AM,356,2,Wednesday,0,12,December,2021,0,Unknown
MCP3169004W,3F56F6E0D27A497AB3A432AAEB4130A7,True,NO APPARENT INJURY,UNKNOWN,LOOKED BUT DID NOT SEE,PASSENGER,BACKING,North,SUPERFICIAL,15,False,False,1,2815627300895328,210052161,Montgomery County Police,Property Damage ,True,UNKNOWN,0,0,UNKNOWN,True,True,DRIVER,OTHER,UNKNOWN,DUSK,NO CONTROLS,UNKNOWN,UNKNOWN,UNKNOWN,UNKNOWN,UNKNOWN,39.00681,-76.98492833,7781945108562677,7781945108562677,0,0,0,2021122207,7698354239018293,Honda,2012,Accord,Compact Cars,4.0,2.4,Automatic 5,FWD,Regular Gasoline,22,33,UNKNOWN,UNKNOWN,UNKNOWN,UNKNOWN,7781945108562677,20903,SILVER SPRING,50204.7192451,65972447.4483,39.01829365940637,-76.9835422251861,0.8845,88.08219,0.0,0.0,0.0,13.246826,312.7974,211222076983590182,2021-12-22 07:00:00,7,AM,356,2,Wednesday,0,12,December,2021,0,Unknown
MCP2278003P,32FA69B1AD8C4A3FABEDAE0B73FA374F,True,SUSPECTED MINOR INJURY,NONE,UNKNOWN,PASSENGER,SLOWING OR STOPPING,South,DISABLING,30,False,False,1,1093417236079301,210052152,Montgomery County Police,Injury ,False,South,1,2,LEVEL,False,False,DRIVER,SINGLE VEHICLE,UNKNOWN,DUSK,NO CONTROLS,INTERSECTION RELATED,T-INTERSECTION,CURVE RIGHT,NO DEFECTS,"TWO-WAY, NOT DIVIDED",39.03190801,-77.13409188,3091046278772576,4594934942697833,0,0,0,2021122207,7715220038996189,Toyota,2011,Sienna,Minivan - 2WD,6.0,3.5,Automatic 6,FWD,Regular Gasoline,16,24,ROCKLEDGE BLVD,Maryland (State),RAMP 3 FR RAMP 6 (FR IS270) TO MD 187B,Ramp,4594934942697833,20817,BETHESDA,143234.920079,403664948.588,38.996189145680184,-77.15220044157795,0.793,90.35266,0.0,0.0,0.0,13.513193,311.7602,211222077152289961,2021-12-22 07:00:00,7,AM,356,2,Wednesday,0,12,December,2021,0,Unknown
MCP2456005V,EECDC24F3D754F648A46D0DA54B00E29,True,NO APPARENT INJURY,NONE,UNKNOWN,PASSENGER,MOVING CONSTANT SPEED,South,DISABLING,40,False,False,2,2781967151639473,210052150,Montgomery County Police,Injury ,True,South,2,3,GRADE DOWNHILL,False,False,DRIVER,SAME DIR REAR END,DRY,DAYLIGHT,NO CONTROLS,NON INTERSECTION,UNKNOWN,OTHER,NO DEFECTS,"TWO-WAY, DIVIDED, POSITIVE MEDIAN BARRIER",39.013085,-76.97867333,8901981419077344,2997347885756929,0,0,0,2021122208,7698354239018293,Ford,2005,F150,Standard Pickup Trucks 2WD,8.0,4.2,Automatic 4,RWD,Regular Gasoline,13,17,NEW HAMPSHIRE AVE,Maryland (State),ADELPHI RD,County,2997347885756929,20903,SILVER SPRING,50204.7192451,65972447.4483,39.01829365940637,-76.9835422251861,1.5345,75.569695,0.0,0.0,0.0,12.475961,313.83093,211222086983590182,2021-12-22 08:00:00,8,AM,356,2,Wednesday,0,12,December,2021,0,Unknown
MCP2456005V,670D8C3115AC473A8EAD413FBB23C026,False,POSSIBLE INJURY,NONE,NOT DISTRACTED,PASSENGER,MOVING CONSTANT SPEED,South,DISABLING,40,False,False,2,1032943166774445,210052150,Montgomery County Police,Injury ,True,South,2,3,GRADE DOWNHILL,False,False,DRIVER,SAME DIR REAR END,DRY,DAYLIGHT,NO CONTROLS,NON INTERSECTION,UNKNOWN,OTHER,NO DEFECTS,"TWO-WAY, DIVIDED, POSITIVE MEDIAN BARRIER",39.013085,-76.97867333,8901981419077344,2997347885756929,0,0,0,2021122208,7698354239018293,Toyota,2019,Corolla,Midsize Cars,4.0,1.8,Automatic CVT,FWD,Regular Gasoline,28,35,NEW HAMPSHIRE AVE,Maryland (State),ADELPHI RD,County,2997347885756929,20903,SILVER SPRING,50204.7192451,65972447.4483,39.01829365940637,-76.9835422251861,1.5345,75.569695,0.0,0.0,0.0,12.475961,313.83093,211222086983590182,2021-12-22 08:00:00,8,AM,356,2,Wednesday,0,12,December,2021,0,Unknown
MCP2456005W,A29F12B28F624D01862AFEC61E7CF171,True,NO APPARENT INJURY,UNKNOWN,UNKNOWN,TRUCK,UNKNOWN,East,SUPERFICIAL,20,False,False,1,213975767330911,210052185,Montgomery County Police,Property Damage ,True,East,1,1,LEVEL,False,False,DRIVER,UNKNOWN,DRY,DAYLIGHT,UNKNOWN,COMMERCIAL DRIVEWAY,UNKNOWN,STRAIGHT,NO DEFECTS,"TWO-WAY, DIVIDED, UNPROTECTED PAINTED MIN 4 FEET",39.020065,-76.97482167,6418727789277950,8901981419077344,0,0,0,2021122212,7698354239018293,Mack,0,Unknown,Unknown,0.0,0.0,Unknown,Unknown,Unknown,0,0,ELTON RD,County,NEW HAMPSHIRE AVE,Maryland (State),8901981419077344,20903,SILVER SPRING,50204.7192451,65972447.4483,39.01829365940637,-76.9835422251861,7.2345,55.391685,0.0,0.0,0.0,24.850431,308.5302,211222126983590182,2021-12-22 12:00:00,12,PM,356,2,Wednesday,0,12,December,2021,0,Unknown
MCP2617009Z,91EE697C1FB14EF5AE9A96A5187C87B6,False,NO APPARENT INJURY,NONE,NOT DISTRACTED,PASSENGER,MOVING CONSTANT SPEED,North,FUNCTIONAL,30,False,False,2,170151772987774,210052204,Montgomery County Police,Injury ,False,North,2,4,HILL UPHILL,False,False,DRIVER,STRAIGHT MOVEMENT ANGLE,DRY,DAYLIGHT,NO CONTROLS,INTERSECTION RELATED,OTHER,STRAIGHT,NO DEFECTS,"TWO-WAY, NOT DIVIDED",39.08023148,-77.08005058,4115245564239867,1627793738140795,0,0,0,2021122214,7705486039088590,Jeep,2016,Wrangler,Small Sport Utility Vehicle 4WD,6.0,3.6,Automatic 5,4WD,Regular Gasoline,16,21,ASPEN HILL RD,County,CONNECTICUT AVE,Maryland (State),1627793738140795,20906,SILVER SPRING,133207.174949,359110751.771,39.08859082555049,-77.05486091907257,6.9325,41.35238,0.0,0.0,0.0,24.192429,306.52896,211222147054890885,2021-12-22 14:00:00,14,PM,356,2,Wednesday,0,12,December,2021,0,Unknown
MCP2617009Z,C2E4DE4AA56C4A538E01046801E2A4D0,True,POSSIBLE INJURY,NONE,LOOKED BUT DID NOT SEE,PASSENGER,ENTERING TRAFFIC LANE,East,DISABLING,30,False,False,2,8243785710568087,210052204,Montgomery County Police,Injury ,False,North,2,4,HILL UPHILL,False,False,DRIVER,STRAIGHT MOVEMENT ANGLE,DRY,DAYLIGHT,NO CONTROLS,INTERSECTION RELATED,OTHER,STRAIGHT,NO DEFECTS,"TWO-WAY, NOT DIVIDED",39.08023148,-77.08005058,4115245564239867,1627793738140795,0,0,0,2021122214,7705486039088590,Toyota,2011,Camry,Midsize Cars,4.0,2.5,Automatic 6,FWD,Regular Gasoline,22,29,ASPEN HILL RD,County,CONNECTICUT AVE,Maryland (State),1627793738140795,20906,SILVER SPRING,133207.174949,359110751.771,39.08859082555049,-77.05486091907257,6.9325,41.35238,0.0,0.0,0.0,24.192429,306.52896,211222147054890885,2021-12-22 14:00:00,14,PM,356,2,Wednesday,0,12,December,2021,0,Unknown
MCP32230015,E0ABDC45F37A4EB495DD01B2AA2C94DB,True,NO APPARENT INJURY,NONE,UNKNOWN,PASSENGER,MOVING CONSTANT SPEED,East,FUNCTIONAL,25,False,False,1,7026902021977563,210052284,Montgomery County Police,Property Damage ,True,East,1,2,LEVEL,False,False,DRIVER,SAME DIRECTION SIDESWIPE,DRY,DARK -- UNKNOWN LIGHTING,STOP SIGN,INTERSECTION,FOUR-WAY INTERSECTION,STRAIGHT,NO DEFECTS,"TWO-WAY, NOT DIVIDED",39.00681748,-77.04052986,8707635645706481,5267462721107280,0,0,0,2021122223,7703596439001907,Toyota,2021,RAV4,Small Sport Utility Vehicle 4WD,4.0,2.5,Automatic 8,AWD,Regular Gasoline,27,33,LUZERNE AVE,County,COLUMBIA BLVD,County,5267462721107280,20910,SILVER SPRING,82846.1568889,126320091.137,39.00190768010143,-77.03596497235911,0.19649997,47.183598,0.0,0.0,0.0,13.044722,320.59937,211222237035990019,2021-12-22 23:00:00,23,PM,356,2,Wednesday,0,12,December,2021,0,Unknown
MCP2536003W,B5C1EC4DF7EE47BCAD6BF77B0B8C61D9,True,NO APPARENT INJURY,UNKNOWN,NOT DISTRACTED,PASSENGER,MOVING CONSTANT SPEED,North,NO DAMAGE,40,False,False,1,2815627317672947,210052291,Montgomery County Police,Property Damage ,True,North,1,3,LEVEL,False,False,DRIVER,SINGLE VEHICLE,DRY,DARK LIGHTS ON,NO CONTROLS,NON INTERSECTION,UNKNOWN,STRAIGHT,NO DEFECTS,"TWO-WAY, DIVIDED, POSITIVE MEDIAN BARRIER",39.07142,-77.07670833,1627793738140795,6995932442052456,0,0,0,2021122301,7705486039088590,Honda,2013,Accord,Midsize Cars,4.0,2.4,Automatic 6,FWD,Regular Gasoline,21,34,CONNECTICUT AVE,Maryland (State),BEGIN BRIDGE,UNKNOWN,6995932442052456,20906,SILVER SPRING,133207.174949,359110751.771,39.08859082555049,-77.05486091907257,-1.4675,53.841846,0.0,0.0,0.0,10.514218,308.0471,211223017054890885,2021-12-23 01:00:00,1,AM,357,3,Thursday,0,12,December,2021,0,Unknown
MCP30260077,6F40810F1FB64CB6944CDDF0764FE3DA,False,NO APPARENT INJURY,NONE,NOT DISTRACTED,EMERGENCY,MOVING CONSTANT SPEED,North,FUNCTIONAL,35,False,False,2,5738617156272498,210052336,Montgomery County Police,Property Damage ,True,North,2,3,LEVEL,False,False,DRIVER,SAME DIRECTION LEFT TURN,DRY,DAYLIGHT,NO CONTROLS,NON INTERSECTION,UNKNOWN,STRAIGHT,NO DEFECTS,"TWO-WAY, DIVIDED, POSITIVE MEDIAN BARRIER",39.02708833,-77.074655,1627793738140795,1513359322686154,0,0,0,2021122312,7707527239025656,Lexus,2013,RX,Small Sport Utility Vehicle 4WD,6.0,3.5,Automatic 6,AWD,Regular Gasoline,18,24,CONNECTICUT AVE,Maryland (State),EVERETT ST,Municipality,1513359322686154,20895,KENSINGTON,70838.1492765,106180148.023,39.02565657266069,-77.07527294437958,1.6955,45.808804,0.0,0.0,0.0,9.504272,307.30402,211223127075290256,2021-12-23 12:00:00,12,PM,357,3,Thursday,0,12,December,2021,0,Unknown
MCP30260077,A9631457DD454FB6A7C56C57D477A145,True,NO APPARENT INJURY,NONE,NOT DISTRACTED,PASSENGER,CHANGING LANES,North,FUNCTIONAL,35,False,False,2,1032942948665398,210052336,Montgomery County Police,Property Damage ,True,North,2,3,LEVEL,False,False,DRIVER,SAME DIRECTION LEFT TURN,DRY,DAYLIGHT,NO CONTROLS,NON INTERSECTION,UNKNOWN,STRAIGHT,NO DEFECTS,"TWO-WAY, DIVIDED, POSITIVE MEDIAN BARRIER",39.02708833,-77.074655,1627793738140795,1513359322686154,0,0,0,2021122312,7707527239025656,Toyota,2014,Corolla,Midsize Cars,4.0,1.8,Automatic CVT,FWD,Regular Gasoline,29,36,CONNECTICUT AVE,Maryland (State),EVERETT ST,Municipality,1513359322686154,20895,KENSINGTON,70838.1492765,106180148.023,39.02565657266069,-77.07527294437958,1.6955,45.808804,0.0,0.0,0.0,9.504272,307.30402,211223127075290256,2021-12-23 12:00:00,12,PM,357,3,Thursday,0,12,December,2021,0,Unknown
MCP3200004K,7C6AF444ACA940C78D7C68730E68B694,False,NO APPARENT INJURY,NONE,NOT DISTRACTED,PASSENGER,STOPPED IN TRAFFIC LANE,South,FUNCTIONAL,25,False,False,2,5867016935291335,210052328,Montgomery County Police,Injury ,False,North,1,1,LEVEL,False,False,DRIVER,HEAD ON,DRY,DAYLIGHT,NO CONTROLS,UNKNOWN,UNKNOWN,STRAIGHT,NO DEFECTS,"TWO-WAY, NOT DIVIDED",39.02787017,-77.074564,8635800210324742,2898034228332955,0,0,0,2021122312,7707527239025656,Honda,2019,CR-V,Small Sport Utility Vehicle 2WD,4.0,1.5,Automatic CVT,AWD,Regular Gasoline,25,31,ARMORY AVE,Municipality,HOWARD AVE,Municipality,2898034228332955,20895,KENSINGTON,70838.1492765,106180148.023,39.02565657266069,-77.07527294437958,1.6955,45.808804,0.0,0.0,0.0,9.504272,307.30402,211223127075290256,2021-12-23 12:00:00,12,PM,357,3,Thursday,0,12,December,2021,0,Unknown
MCP3200004K,0B170AA1D5DD4B6AB11808FDE9715709,True,POSSIBLE INJURY,NONE,UNKNOWN,PASSENGER,MOVING CONSTANT SPEED,North,FUNCTIONAL,25,False,False,2,8243785626679992,210052328,Montgomery County Police,Injury ,False,North,1,1,LEVEL,False,False,DRIVER,HEAD ON,DRY,DAYLIGHT,NO CONTROLS,UNKNOWN,UNKNOWN,STRAIGHT,NO DEFECTS,"TWO-WAY, NOT DIVIDED",39.02787017,-77.074564,8635800210324742,2898034228332955,0,0,0,2021122312,7707527239025656,Toyota,2014,Camry,Midsize Cars,4.0,2.5,Automatic 6,FWD,Regular Gasoline,21,30,ARMORY AVE,Municipality,HOWARD AVE,Municipality,2898034228332955,20895,KENSINGTON,70838.1492765,106180148.023,39.02565657266069,-77.07527294437958,1.6955,45.808804,0.0,0.0,0.0,9.504272,307.30402,211223127075290256,2021-12-23 12:00:00,12,PM,357,3,Thursday,0,12,December,2021,0,Unknown
MCP30840059,E943BEE1D25545CEBA70387E84CE383F,False,NO APPARENT INJURY,NONE,NOT DISTRACTED,EMERGENCY,STOPPED IN TRAFFIC LANE,North,FUNCTIONAL,40,False,False,2,7030541539811171,210052342,Montgomery County Police,Property Damage ,False,North,2,3,LEVEL,False,False,DRIVER,SAME DIR REAR END,DRY,DAYLIGHT,TRAFFIC SIGNAL,INTERSECTION,FOUR-WAY INTERSECTION,STRAIGHT,NO DEFECTS,"TWO-WAY, DIVIDED, POSITIVE MEDIAN BARRIER",39.03850167,-77.07551333,1627793738140795,3977719113483138,0,0,0,2021122312,7707527239025656,Dodge,2007,Nitro,Sport Utility Vehicle - 2WD,6.0,3.7,Automatic 4,AWD,Regular Gasoline,16,22,CONNECTICUT AVE,Maryland (State),DENFELD AVE,County,3977719113483138,20895,KENSINGTON,70838.1492765,106180148.023,39.02565657266069,-77.07527294437958,1.6955,45.808804,0.0,0.0,0.0,9.504272,307.30402,211223127075290256,2021-12-23 12:00:00,12,PM,357,3,Thursday,0,12,December,2021,0,Unknown
MCP30840059,79756EDB86EB49EBAC1000F3209C7479,True,NO APPARENT INJURY,NONE,INATTENTIVE OR LOST IN THOUGHT,PASSENGER,MOVING CONSTANT SPEED,North,DISABLING,40,False,False,2,7004010053981027,210052342,Montgomery County Police,Property Damage ,False,North,2,3,LEVEL,False,False,DRIVER,SAME DIR REAR END,DRY,DAYLIGHT,TRAFFIC SIGNAL,INTERSECTION,FOUR-WAY INTERSECTION,STRAIGHT,NO DEFECTS,"TWO-WAY, DIVIDED, POSITIVE MEDIAN BARRIER",39.03850167,-77.07551333,1627793738140795,3977719113483138,0,0,0,2021122312,7707527239025656,Honda,2017,Civic,Compact Cars,4.0,1.5,Manual 6,FWD,Regular Gasoline,30,39,CONNECTICUT AVE,Maryland (State),DENFELD AVE,County,3977719113483138,20895,KENSINGTON,70838.1492765,106180148.023,39.02565657266069,-77.07527294437958,1.6955,45.808804,0.0,0.0,0.0,9.504272,307.30402,211223127075290256,2021-12-23 12:00:00,12,PM,357,3,Thursday,0,12,December,2021,0,Unknown
MCP2612004C,2721C1E22E1C4A66974C20DD5C6C5475,True,NO APPARENT INJURY,NONE,UNKNOWN,PASSENGER,MOVING CONSTANT SPEED,East,DESTROYED,40,False,False,2,3097115431096871,210052369,Montgomery County Police,Injury ,False,West,0,2,LEVEL,False,False,DRIVER,SAME DIR REND LEFT TURN,DRY,DAYLIGHT,TRAFFIC SIGNAL,INTERSECTION,T-INTERSECTION,STRAIGHT,NO DEFECTS,"TWO-WAY, NOT DIVIDED",39.11232537,-77.05906743,418179445979580,9421867476716124,0,0,0,2021122315,7705486039088590,Honda,2008,Accord,Compact Cars,4.0,2.4,Automatic 5,FWD,Regular Gasoline,19,31,NORBECK RD,Maryland (State),WINTERGATE DR,County,9421867476716124,20906,SILVER SPRING,133207.174949,359110751.771,39.08859082555049,-77.05486091907257,3.9825,40.777264,0.0,0.0,0.0,6.130579,273.3664,211223157054890885,2021-12-23 15:00:00,15,PM,357,3,Thursday,0,12,December,2021,0,Unknown