ReportNumber,VehicleCrashKey,DriverAtFault,DriverInjurySeverity,DriverSubstanceAbuse,DriverDistractedBy,VehicleType,VehicleMovement,VehicleGoingDir,VehicleDamageExtent,SpeedLimit,ParkedVehicle,SubstanceAbuseContributed,VehiclesCrashedTotal,VehicleKey,LocalCaseNumber,AgencyName,ACRSReportType,HitRun,LaneDirection,LaneNumber,NumberOfLanes,RoadGrade,NonTraffic,OffRoadIncident,AccidentAtFault,CollisionType,SurfaceCondition,Light,TrafficControl,Junction,IntersectionType,RoadAlignment,RoadCondition,RoadDivision,Latitude,Longitude,RoadKey_x,CrossStreetKey,NonMotoristTotal,NonMotoristInjury,NonMotoristFatal,DateHourKey,LocationAreaKey,Make,Year_x,BaseModel,BodyClass,Cylinders,Displacement,Transmission,Drivetrain,FuelType,CityMPG,HighwayMPG,RoadName_x,RouteType_x,RoadName_y,RouteType_y,RoadKey_y,Zipcode,MailCity,ShapeLength,ShapeArea,CentroidLatitude,CentroidLongitude,Temperature,Humidity,Precipitation,Rain,Snow,WindSpeed,WindDirection,WeatherKey,Datetime,Hour,TimeOfDay,DayNumber,WeekDayNumber,WeekDayName,WeekendFlag,MonthNumber,MonthName,Year_y,HolidayFlag,HolidayName
MCP2940005G,89031019433945B9B16E4FF0E679DDE3,False,NO APPARENT INJURY,NONE,NOT DISTRACTED,EMERGENCY,ACCELERATING,South,NO DAMAGE,35,False,False,2,9029915557031419,210052793,Montgomery County Police,Property Damage ,False,South,3,3,LEVEL,False,False,DRIVER,OTHER,DRY,DAYLIGHT,TRAFFIC SIGNAL,INTERSECTION RELATED,FOUR-WAY INTERSECTION,STRAIGHT,NO DEFECTS,"TWO-WAY, DIVIDED, POSITIVE MEDIAN BARRIER",38.97732183,-77.09091883,7307765282026999,7806589269723106,0,0,0,2021122713,7707842038983818,Pierce,0,Unknown,Unknown,0.0,0.0,Unknown,Unknown,Unknown,0,0,WISCONSIN AVE,Maryland (State),BRADLEY LA,Maryland (State),7806589269723106,20815,CHEVY CHASE,78258.2702851,151813895.483,38.98381860627773,-77.07842006190148,4.7245,69.28142,0.0,0.0,0.0,12.979984,109.440125,211227137078489838,2021-12-27 13:00:00,13,PM,361,0,Monday,0,12,December,2021,0,Unknown
MCP3301000Y,5D24B0FEF6EE478C99E0CC777DAD5C3A,False,NO APPARENT INJURY,NONE,NOT DISTRACTED,PASSENGER,MOVING CONSTANT SPEED,North,SUPERFICIAL,35,False,False,2,7871367519905046,210052806,Montgomery County Police,Property Damage ,False,North,2,3,GRADE DOWNHILL,False,False,DRIVER,SAME DIRECTION SIDESWIPE,DRY,DAYLIGHT,TRAFFIC SIGNAL,INTERSECTION,FOUR-WAY INTERSECTION,STRAIGHT,NO DEFECTS,"TWO-WAY, DIVIDED, POSITIVE MEDIAN BARRIER",39.00630428,-77.03891536,8554262040045692,118399697147806,0,0,0,2021122715,7703596439001907,Toyota,2013,RAV4,Small Sport Utility Vehicle 2WD,4.0,2.5,Automatic 6,AWD,Regular Gasoline,22,28,GEORGIA AVE,Maryland (State),16TH ST,Maryland (State),118399697147806,20910,SILVER SPRING,82846.1568889,126320091.137,39.00190768010143,-77.03596497235911,4.0965,72.77321,0.0,0.0,0.0,15.141414,108.00426,211227157035990019,2021-12-27 15:00:00,15,PM,361,0,Monday,0,12,December,2021,0,Unknown
MCP3301000Y,546B2481B71148E3B5EB23505AF6ABCC,True,NO APPARENT INJURY,NONE,LOOKED BUT DID NOT SEE,PASSENGER,CHANGING LANES,North,SUPERFICIAL,35,False,False,2,7679050866365636,210052806,Montgomery County Police,Property Damage ,False,North,2,3,GRADE DOWNHILL,False,False,DRIVER,SAME DIRECTION SIDESWIPE,DRY,DAYLIGHT,TRAFFIC SIGNAL,INTERSECTION,FOUR-WAY INTERSECTION,STRAIGHT,NO DEFECTS,"TWO-WAY, DIVIDED, POSITIVE MEDIAN BARRIER",39.00630428,-77.03891536,8554262040045692,118399697147806,0,0,0,2021122715,7703596439001907,Saturn,0,Unknown,Unknown,0.0,0.0,Unknown,Unknown,Unknown,0,0,GEORGIA AVE,Maryland (State),16TH ST,Maryland (State),118399697147806,20910,SILVER SPRING,82846.1568889,126320091.137,39.00190768010143,-77.03596497235911,4.0965,72.77321,0.0,0.0,0.0,15.141414,108.00426,211227157035990019,2021-12-27 15:00:00,15,PM,361,0,Monday,0,12,December,2021,0,Unknown
MCP26080033,E310F4326A6C4BEB8FA319090FB596EB,True,NO APPARENT INJURY,UNKNOWN,NOT DISTRACTED,UNKNOWN,MOVING CONSTANT SPEED,South,FUNCTIONAL,40,False,False,4,8168321465439775,210052828,Montgomery County Police,Property Damage ,True,South,2,4,LEVEL,False,False,DRIVER,SAME DIRECTION SIDESWIPE,DRY,DARK LIGHTS ON,NO CONTROLS,NON INTERSECTION,UNKNOWN,STRAIGHT,NO DEFECTS,"TWO-WAY, DIVIDED, POSITIVE MEDIAN BARRIER",39.01278667,-76.978665,8901981419077344,7259754787171885,0,0,0,2021122717,7698354239018293,Unknown,0,Unknown,Unknown,0.0,0.0,Unknown,Unknown,Unknown,0,0,NEW HAMPSHIRE AVE,Maryland (State),DILSTON RD,County,7259754787171885,20903,SILVER SPRING,50204.7192451,65972447.4483,39.01829365940637,-76.9835422251861,4.1844997,77.97208,0.0,0.0,0.0,11.966953,111.16133,211227176983590182,2021-12-27 17:00:00,17,PM,361,0,Monday,0,12,December,2021,0,Unknown
MCP26080033,1A606C0401C94C65BAB48F4722E115B7,False,NO APPARENT INJURY,NONE,NOT DISTRACTED,OTHER,SLOWING OR STOPPING,South,FUNCTIONAL,30,False,False,4,8801448013568044,210052828,Montgomery County Police,Property Damage ,True,South,2,4,LEVEL,False,False,DRIVER,SAME DIRECTION SIDESWIPE,DRY,DARK LIGHTS ON,NO CONTROLS,NON INTERSECTION,UNKNOWN,STRAIGHT,NO DEFECTS,"TWO-WAY, DIVIDED, POSITIVE MEDIAN BARRIER",39.01278667,-76.978665,8901981419077344,7259754787171885,0,0,0,2021122717,7698354239018293,Chevrolet,2015,Equinox,Small Sport Utility Vehicle 2WD,4.0,2.4,Automatic 6,AWD,Regular Gasoline,20,28,NEW HAMPSHIRE AVE,Maryland (State),DILSTON RD,County,7259754787171885,20903,SILVER SPRING,50204.7192451,65972447.4483,39.01829365940637,-76.9835422251861,4.1844997,77.97208,0.0,0.0,0.0,11.966953,111.16133,211227176983590182,2021-12-27 17:00:00,17,PM,361,0,Monday,0,12,December,2021,0,Unknown
MCP26080033,B8B4418F07E446828900A3152174C973,False,NO APPARENT INJURY,NONE,NOT DISTRACTED,PASSENGER,SLOWING OR STOPPING,South,FUNCTIONAL,30,False,False,4,771639281259193,210052828,Montgomery County Police,Property Damage ,True,South,2,4,LEVEL,False,False,DRIVER,SAME DIRECTION SIDESWIPE,DRY,DARK LIGHTS ON,NO CONTROLS,NON INTERSECTION,UNKNOWN,STRAIGHT,NO DEFECTS,"TWO-WAY, DIVIDED, POSITIVE MEDIAN BARRIER",39.01278667,-76.978665,8901981419077344,7259754787171885,0,0,0,2021122717,7698354239018293,Honda,2009,S2000,Two Seaters,4.0,2.2,Manual 6,RWD,Premium Gasoline,18,25,NEW HAMPSHIRE AVE,Maryland (State),DILSTON RD,County,7259754787171885,20903,SILVER SPRING,50204.7192451,65972447.4483,39.01829365940637,-76.9835422251861,4.1844997,77.97208,0.0,0.0,0.0,11.966953,111.16133,211227176983590182,2021-12-27 17:00:00,17,PM,361,0,Monday,0,12,December,2021,0,Unknown
MCP26080033,8C80D1AC2A784659A553C3C84BCAAB76,False,NO APPARENT INJURY,NONE,NOT DISTRACTED,PASSENGER,SLOWING OR STOPPING,South,FUNCTIONAL,30,False,False,4,8243785626679992,210052828,Montgomery County Police,Property Damage ,True,South,2,4,LEVEL,False,False,DRIVER,SAME DIRECTION SIDESWIPE,DRY,DARK LIGHTS ON,NO CONTROLS,NON INTERSECTION,UNKNOWN,STRAIGHT,NO DEFECTS,"TWO-WAY, DIVIDED, POSITIVE MEDIAN BARRIER",39.01278667,-76.978665,8901981419077344,7259754787171885,0,0,0,2021122717,7698354239018293,Toyota,2014,Camry,Midsize Cars,4.0,2.5,Automatic 6,FWD,Regular Gasoline,21,30,NEW HAMPSHIRE AVE,Maryland (State),DILSTON RD,County,7259754787171885,20903,SILVER SPRING,50204.7192451,65972447.4483,39.01829365940637,-76.9835422251861,4.1844997,77.97208,0.0,0.0,0.0,11.966953,111.16133,211227176983590182,2021-12-27 17:00:00,17,PM,361,0,Monday,0,12,December,2021,0,Unknown
MCP3305001D,B49CFBD2E85C44FFB584E543F22BB7C7,True,NO APPARENT INJURY,NONE,LOOKED BUT DID NOT SEE,PASSENGER,ENTERING TRAFFIC LANE,North,DISABLING,35,False,False,2,7871367553460284,210052835,Montgomery County Police,Injury ,False,North,2,3,LEVEL,False,False,DRIVER,SAME DIRECTION SIDESWIPE,DRY,DARK LIGHTS ON,NO CONTROLS,NON INTERSECTION,UNKNOWN,STRAIGHT,NO DEFECTS,"TWO-WAY, NOT DIVIDED",38.99812,-77.02671833,7228418003688286,8356792977061148,0,0,0,2021122717,7703596439001907,Toyota,2015,RAV4,Small Sport Utility Vehicle 2WD,4.0,2.5,Automatic 6,AWD,Regular Gasoline,22,28,COLESVILLE RD,US (State),SPRING ST,County,8356792977061148,20910,SILVER SPRING,82846.1568889,126320091.137,39.00190768010143,-77.03596497235911,4.3965,74.700096,0.0,0.0,0.0,12.181625,108.970505,211227177035990019,2021-12-27 17:00:00,17,PM,361,0,Monday,0,12,December,2021,0,Unknown
MCP3305001D,152EE2A0952E4F89ABDFE7B42E080EEB,False,SUSPECTED MINOR INJURY,NONE,NOT DISTRACTED,PASSENGER,MOVING CONSTANT SPEED,North,DISABLING,35,False,False,2,5867016733959907,210052835,Montgomery County Police,Injury ,False,North,2,3,LEVEL,False,False,DRIVER,SAME DIRECTION SIDESWIPE,DRY,DARK LIGHTS ON,NO CONTROLS,NON INTERSECTION,UNKNOWN,STRAIGHT,NO DEFECTS,"TWO-WAY, NOT DIVIDED",38.99812,-77.02671833,7228418003688286,8356792977061148,0,0,0,2021122717,7703596439001907,Honda,2015,CR-V,Small Sport Utility Vehicle 2WD,4.0,2.4,Automatic CVT,AWD,Regular Gasoline,26,32,COLESVILLE RD,US (State),SPRING ST,County,8356792977061148,20910,SILVER SPRING,82846.1568889,126320091.137,39.00190768010143,-77.03596497235911,4.3965,74.700096,0.0,0.0,0.0,12.181625,108.970505,211227177035990019,2021-12-27 17:00:00,17,PM,361,0,Monday,0,12,December,2021,0,Unknown
MCP3019004D,54F34EF91A4147DFBC4CFD1E53DB48AC,True,NO APPARENT INJURY,UNKNOWN,UNKNOWN,PASSENGER,MOVING CONSTANT SPEED,West,UNKNOWN,15,False,False,2,3233063173565461,210052841,Montgomery County Police,Property Damage ,True,West,1,1,UNKNOWN,False,False,DRIVER,SAME DIRECTION LEFT TURN,DRY,DARK LIGHTS ON,NO CONTROLS,UNKNOWN,UNKNOWN,STRAIGHT,NO DEFECTS,"TWO-WAY, DIVIDED, UNPROTECTED PAINTED MIN 4 FEET",38.98804833,-77.09830333,9030182442049257,4494898042244063,0,0,0,2021122718,7710072538987731,Toyota,0,Unknown,Unknown,0.0,0.0,Unknown,Unknown,Unknown,0,0,ST ELMO AVE,County,OLD GEORGETOWN RD,Maryland (State),4494898042244063,20814,BETHESDA,46411.6876883,47837334.4314,38.98773167577017,-77.10072590539887,4.4485,76.3457,0.0,0.0,0.0,9.826088,98.42689,211227187100789877,2021-12-27 18:00:00,18,PM,361,0,Monday,0,12,December,2021,0,Unknown
MCP3019004D,FA65F7090FCA4258BA1371E82D6534C8,False,NO APPARENT INJURY,UNKNOWN,NOT DISTRACTED,PASSENGER,MOVING CONSTANT SPEED,West,FUNCTIONAL,20,False,False,2,2458098247076286,210052841,Montgomery County Police,Property Damage ,True,West,1,1,UNKNOWN,False,False,DRIVER,SAME DIRECTION LEFT TURN,DRY,DARK LIGHTS ON,NO CONTROLS,UNKNOWN,UNKNOWN,STRAIGHT,NO DEFECTS,"TWO-WAY, DIVIDED, UNPROTECTED PAINTED MIN 4 FEET",38.98804833,-77.09830333,9030182442049257,4494898042244063,0,0,0,2021122718,7710072538987731,Ford,2019,Fiesta,Subcompact Cars,4.0,1.6,Automatic 6,FWD,Regular Gasoline,27,32,ST ELMO AVE,County,OLD GEORGETOWN RD,Maryland (State),4494898042244063,20814,BETHESDA,46411.6876883,47837334.4314,38.98773167577017,-77.10072590539887,4.4485,76.3457,0.0,0.0,0.0,9.826088,98.42689,211227187100789877,2021-12-27 18:00:00,18,PM,361,0,Monday,0,12,December,2021,0,Unknown
MCP30510056,103E9C3EBB194498B89C429845F96424,False,NO APPARENT INJURY,NONE,NOT DISTRACTED,PASSENGER,MOVING CONSTANT SPEED,East,SUPERFICIAL,35,False,False,2,2220025435247230,210052846,Montgomery County Police,Property Damage ,True,East,1,2,GRADE DOWNHILL,False,False,DRIVER,SAME DIR REAR END,DRY,DARK LIGHTS ON,TRAFFIC SIGNAL,UNKNOWN,UNKNOWN,STRAIGHT,NO DEFECTS,"TWO-WAY, DIVIDED, POSITIVE MEDIAN BARRIER",39.05343048,-77.08955934,8073720238398338,8886326516954162,0,0,0,2021122718,7705486039088590,Volkswagen,2015,Jetta,Compact Cars,4.0,2.0,Automatic 6,FWD,Regular Gasoline,25,33,RANDOLPH RD,County,DEWEY RD,County,8886326516954162,20906,SILVER SPRING,133207.174949,359110751.771,39.08859082555049,-77.05486091907257,3.5325,83.69892,0.0,0.0,0.0,9.793058,107.10281,211227187054890885,2021-12-27 18:00:00,18,PM,361,0,Monday,0,12,December,2021,0,Unknown
MCP30510056,29E90803F5864738908EE0328ABD9126,True,NO APPARENT INJURY,NONE,UNKNOWN,PASSENGER,MOVING CONSTANT SPEED,East,SUPERFICIAL,35,False,False,2,9514804799796362,210052846,Montgomery County Police,Property Damage ,True,East,1,2,GRADE DOWNHILL,False,False,DRIVER,SAME DIR REAR END,DRY,DARK LIGHTS ON,TRAFFIC SIGNAL,UNKNOWN,UNKNOWN,STRAIGHT,NO DEFECTS,"TWO-WAY, DIVIDED, POSITIVE MEDIAN BARRIER",39.05343048,-77.08955934,8073720238398338,8886326516954162,0,0,0,2021122718,7705486039088590,Honda,2003,Odyssey,Minivan - 2WD,6.0,3.5,Automatic 5,FWD,Regular Gasoline,16,23,RANDOLPH RD,County,DEWEY RD,County,8886326516954162,20906,SILVER SPRING,133207.174949,359110751.771,39.08859082555049,-77.05486091907257,3.5325,83.69892,0.0,0.0,0.0,9.793058,107.10281,211227187054890885,2021-12-27 18:00:00,18,PM,361,0,Monday,0,12,December,2021,0,Unknown
MCP3305001F,11938032A60347A1824EC3B01A1180DA,True,NO APPARENT INJURY,NONE,NOT DISTRACTED,PASSENGER,PARKED,UNKNOWN,SUPERFICIAL,25,True,False,2,1012713997864522,210052843,Montgomery County Police,Property Damage ,False,West,1,1,LEVEL,False,False,DRIVER,SAME DIRECTION SIDESWIPE,DRY,DARK LIGHTS ON,NO CONTROLS,NON INTERSECTION,UNKNOWN,STRAIGHT,NO DEFECTS,"TWO-WAY, NOT DIVIDED",38.99289167,-77.02766667,3134902987589904,2565745431328008,0,0,0,2021122719,7703596439001907,Audi,2017,A7,Midsize Cars,6.0,3.0,Automatic 8,AWD,Premium Gasoline,21,29,DIXON AVE,County,BONIFANT ST,County,2565745431328008,20910,SILVER SPRING,82846.1568889,126320091.137,39.00190768010143,-77.03596497235911,4.0965,79.66218,0.0,0.0,0.0,8.427383,109.98319,211227197035990019,2021-12-27 19:00:00,19,PM,361,0,Monday,0,12,December,2021,0,Unknown
MCP3305001F,CCF574FBFF5F468CA1ECEBE588482538,True,NO APPARENT INJURY,NONE,LOOKED BUT DID NOT SEE,BUS,MOVING CONSTANT SPEED,West,SUPERFICIAL,25,False,False,2,6259949909495943,210052843,Montgomery County Police,Property Damage ,False,West,1,1,LEVEL,False,False,DRIVER,SAME DIRECTION SIDESWIPE,DRY,DARK LIGHTS ON,NO CONTROLS,NON INTERSECTION,UNKNOWN,STRAIGHT,NO DEFECTS,"TWO-WAY, NOT DIVIDED",38.99289167,-77.02766667,3134902987589904,2565745431328008,0,0,0,2021122719,7703596439001907,New Flyer,0,Unknown,Unknown,0.0,0.0,Unknown,Unknown,Unknown,0,0,DIXON AVE,County,BONIFANT ST,County,2565745431328008,20910,SILVER SPRING,82846.1568889,126320091.137,39.00190768010143,-77.03596497235911,4.0965,79.66218,0.0,0.0,0.0,8.427383,109.98319,211227197035990019,2021-12-27 19:00:00,19,PM,361,0,Monday,0,12,December,2021,0,Unknown
MCP3129003R,CE3410133D7F4963BF9B33173DCBBFB7,False,NO APPARENT INJURY,NONE,NOT DISTRACTED,PASSENGER,SLOWING OR STOPPING,South,SUPERFICIAL,40,False,False,2,7871367637348379,210052582,Montgomery County Police,Property Damage ,False,South,3,3,HILL UPHILL,False,False,DRIVER,SAME DIR REAR END,DRY,DARK LIGHTS ON,TRAFFIC SIGNAL,INTERSECTION,FOUR-WAY INTERSECTION,CURVE RIGHT,NO DEFECTS,"TWO-WAY, DIVIDED, POSITIVE MEDIAN BARRIER",39.06920582,-77.0457979,1498137660831595,8583905435870232,0,0,0,2021122720,7705486039088590,Toyota,2018,RAV4,Small Sport Utility Vehicle 4WD,4.0,2.5,Automatic 6,AWD,Regular Gasoline,22,28,LAYHILL RD,Maryland (State),BRIGGS RD,County,8583905435870232,20906,SILVER SPRING,133207.174949,359110751.771,39.08859082555049,-77.05486091907257,2.9825,84.23797,0.0,0.0,0.0,7.8954163,136.8476,211227207054890885,2021-12-27 20:00:00,20,PM,361,0,Monday,0,12,December,2021,0,Unknown
MCP3129003R,4E3F88EB2F68426D994204EDAEB69480,True,NO APPARENT INJURY,NONE,LOOKED BUT DID NOT SEE,PASSENGER,ACCELERATING,South,FUNCTIONAL,40,False,False,2,7871367587015522,210052582,Montgomery County Police,Property Damage ,False,South,3,3,HILL UPHILL,False,False,DRIVER,SAME DIR REAR END,DRY,DARK LIGHTS ON,TRAFFIC SIGNAL,INTERSECTION,FOUR-WAY INTERSECTION,CURVE RIGHT,NO DEFECTS,"TWO-WAY, DIVIDED, POSITIVE MEDIAN BARRIER",39.06920582,-77.0457979,1498137660831595,8583905435870232,0,0,0,2021122720,7705486039088590,Toyota,2017,RAV4,Small Sport Utility Vehicle 4WD,4.0,2.5,Automatic 6,AWD,Regular Gasoline,22,28,LAYHILL RD,Maryland (State),BRIGGS RD,County,8583905435870232,20906,SILVER SPRING,133207.174949,359110751.771,39.08859082555049,-77.05486091907257,2.9825,84.23797,0.0,0.0,0.0,7.8954163,136.8476,211227207054890885,2021-12-27 20:00:00,20,PM,361,0,Monday,0,12,December,2021,0,Unknown
MCP2965005K,611F33DBE0CF41A790E1A674FF34CE5C,False,NO APPARENT INJURY,NONE,NOT DISTRACTED,PASSENGER,STARTING FROM LANE,North,FUNCTIONAL,40,False,False,2,2408098796284327,210052897,Montgomery County Police,Property Damage ,False,North,2,2,LEVEL,False,False,DRIVER,STRAIGHT MOVEMENT ANGLE,DRY,DAYLIGHT,TRAFFIC SIGNAL,INTERSECTION,T-INTERSECTION,STRAIGHT,NO DEFECTS,"TWO-WAY, DIVIDED, POSITIVE MEDIAN BARRIER",39.115175,-77.07511333,8554262040045692,7068864924111812,0,0,0,2021122809,7705486039088590,Ford,2018,Focus,Compact Cars,4.0,2.0,Automatic 6,FWD,Regular Gasoline,19,34,GEORGIA AVE,Maryland (State),RAMP 4 FR MD 97 NB TO MD 200 EB,Ramp,7068864924111812,20906,SILVER SPRING,133207.174949,359110751.771,39.08859082555049,-77.05486091907257,7.3325,74.42098,0.0,0.0,0.0,17.566378,314.16977,211228097054890885,2021-12-28 09:00:00,9,AM,362,1,Tuesday,0,12,December,2021,0,Unknown
MCP2965005K,D9083734D0AC4FBBBE48B96CFCDA7D58,True,NO APPARENT INJURY,NONE,LOOKED BUT DID NOT SEE,PASSENGER,STARTING FROM LANE,East,DISABLING,40,False,False,2,4834438297196376,210052897,Montgomery County Police,Property Damage ,False,North,2,2,LEVEL,False,False,DRIVER,STRAIGHT MOVEMENT ANGLE,DRY,DAYLIGHT,TRAFFIC SIGNAL,INTERSECTION,T-INTERSECTION,STRAIGHT,NO DEFECTS,"TWO-WAY, DIVIDED, POSITIVE MEDIAN BARRIER",39.115175,-77.07511333,8554262040045692,7068864924111812,0,0,0,2021122809,7705486039088590,Honda,2012,Pilot,Sport Utility Vehicle - 2WD,6.0,3.5,Automatic 5,AWD,Regular Gasoline,17,24,GEORGIA AVE,Maryland (State),RAMP 4 FR MD 97 NB TO MD 200 EB,Ramp,7068864924111812,20906,SILVER SPRING,133207.174949,359110751.771,39.08859082555049,-77.05486091907257,7.3325,74.42098,0.0,0.0,0.0,17.566378,314.16977,211228097054890885,2021-12-28 09:00:00,9,AM,362,1,Tuesday,0,12,December,2021,0,Unknown
MCP3169004X,0A4AC453FA0F42B8895EE7D36362D9EF,False,NO APPARENT INJURY,UNKNOWN,NOT DISTRACTED,TRUCK,MOVING CONSTANT SPEED,South,DISABLING,45,False,False,2,2781967118084235,210052899,Montgomery County Police,Property Damage ,False,South,2,3,LEVEL,False,False,DRIVER,STRAIGHT MOVEMENT ANGLE,DRY,DAYLIGHT,NO CONTROLS,INTERSECTION,T-INTERSECTION,STRAIGHT,NO DEFECTS,"TWO-WAY, DIVIDED, POSITIVE MEDIAN BARRIER",39.03085833,-76.984055,8901981419077344,2068490210450865,0,0,0,2021122809,7698354239018293,Ford,2007,F150,Standard Pickup Trucks 2WD,8.0,5.4,Automatic 4,RWD,Regular Gasoline,13,18,NEW HAMPSHIRE AVE,Maryland (State),CRESTHAVEN DR,County,2068490210450865,20903,SILVER SPRING,50204.7192451,65972447.4483,39.01829365940637,-76.9835422251861,7.5344996,74.71997,0.0,0.0,0.0,18.864824,318.09415,211228096983590182,2021-12-28 09:00:00,9,AM,362,1,Tuesday,0,12,December,2021,0,Unknown
MCP3169004X,F2A6E6204CE6470EA094F1E88F9F89FD,True,NO APPARENT INJURY,UNKNOWN,OTHER CELLULAR PHONE RELATED,PASSENGER,MAKING LEFT TURN,North,DESTROYED,35,False,False,2,2556346029443810,210052899,Montgomery County Police,Property Damage ,False,South,2,3,LEVEL,False,False,DRIVER,STRAIGHT MOVEMENT ANGLE,DRY,DAYLIGHT,NO CONTROLS,INTERSECTION,T-INTERSECTION,STRAIGHT,NO DEFECTS,"TWO-WAY, DIVIDED, POSITIVE MEDIAN BARRIER",39.03085833,-76.984055,8901981419077344,2068490210450865,0,0,0,2021122809,7698354239018293,Ford,2017,Fusion,Midsize Cars,4.0,2.0,Automatic 6,FWD,Regular Gasoline,21,41,NEW HAMPSHIRE AVE,Maryland (State),CRESTHAVEN DR,County,2068490210450865,20903,SILVER SPRING,50204.7192451,65972447.4483,39.01829365940637,-76.9835422251861,7.5344996,74.71997,0.0,0.0,0.0,18.864824,318.09415,211228096983590182,2021-12-28 09:00:00,9,AM,362,1,Tuesday,0,12,December,2021,0,Unknown
MCP32270036,7025D1ACF59B409195007785C8B68848,False,NO APPARENT INJURY,NONE,NOT DISTRACTED,PASSENGER,STOPPED IN TRAFFIC LANE,West,DISABLING,35,False,False,2,7004010272090074,210052985,Montgomery County Police,Property Damage ,False,West,1,3,LEVEL,False,False,DRIVER,SAME DIR REAR END,DRY,DARK LIGHTS ON,TRAFFIC SIGNAL,INTERSECTION,FOUR-WAY INTERSECTION,STRAIGHT,NO DEFECTS,"TWO-WAY, DIVIDED, UNPROTECTED PAINTED MIN 4 FEET",38.99417789,-76.99253731,5005946941929880,4977678367391385,0,0,0,2021122819,7698354239018293,Honda,2018,Civic,Compact Cars,4.0,1.5,Manual 6,FWD,Regular Gasoline,28,38,UNIVERSITY BLVD E,Maryland (State),CARROLL AVE,County,4977678367391385,20903,SILVER SPRING,50204.7192451,65972447.4483,39.01829365940637,-76.9835422251861,9.2345,57.34466,0.0,0.0,0.0,6.849467,86.98728,211228196983590182,2021-12-28 19:00:00,19,PM,362,1,Tuesday,0,12,December,2021,0,Unknown
MCP32270036,5C81E4498D4049CEB9D3564C8F9FA9D8,True,NO APPARENT INJURY,ALCOHOL,UNKNOWN,PASSENGER,MOVING CONSTANT SPEED,West,DISABLING,35,False,False,2,4070651245166534,210052985,Montgomery County Police,Property Damage ,False,West,1,3,LEVEL,False,False,DRIVER,SAME DIR REAR END,DRY,DARK LIGHTS ON,TRAFFIC SIGNAL,INTERSECTION,FOUR-WAY INTERSECTION,STRAIGHT,NO DEFECTS,"TWO-WAY, DIVIDED, UNPROTECTED PAINTED MIN 4 FEET",38.99417789,-76.99253731,5005946941929880,4977678367391385,0,0,0,2021122819,7698354239018293,Nissan,2000,Frontier,Standard Pickup Trucks 2WD,6.0,3.3,Manual 5,RWD,Regular Gasoline,14,17,UNIVERSITY BLVD E,Maryland (State),CARROLL AVE,County,4977678367391385,20903,SILVER SPRING,50204.7192451,65972447.4483,39.01829365940637,-76.9835422251861,9.2345,57.34466,0.0,0.0,0.0,6.849467,86.98728,211228196983590182,2021-12-28 19:00:00,19,PM,362,1,Tuesday,0,12,December,2021,0,Unknown
MCP32750013,1F764DE66E254098A52A30E654084E8D,True,NO APPARENT INJURY,NONE,LOOKED BUT DID NOT SEE,BUS,CHANGING LANES,East,SUPERFICIAL,30,False,False,2,240722642832247,210052993,Montgomery County Police,Property Damage ,False,East,1,2,LEVEL,False,False,DRIVER,SAME DIRECTION SIDESWIPE,DRY,DARK LIGHTS ON,NO CONTROLS,NON INTERSECTION,UNKNOWN,STRAIGHT,NO DEFECTS,"TWO-WAY, NOT DIVIDED",38.99912654,-77.0172947,8825017167010994,3912318926152506,0,0,0,2021122822,7703596439001907,Gillig,0,Unknown,Unknown,0.0,0.0,Unknown,Unknown,Unknown,0,0,WAYNE AVE,County,DALE DR,County,3912318926152506,20910,SILVER SPRING,82846.1568889,126320091.137,39.00190768010143,-77.03596497235911,9.3465,46.142807,0.4,0.4,0.0,7.69592,79.21575,211228227035990019,2021-12-28 22:00:00,22,PM,362,1,Tuesday,0,12,December,2021,0,Unknown
MCP32750013,5B66885F37FF4835A362DCBE43CD28C6,False,NO APPARENT INJURY,NONE,NOT DISTRACTED,PASSENGER,MOVING CONSTANT SPEED,East,SUPERFICIAL,30,False,False,2,2815627351228185,210052993,Montgomery County Police,Property Damage ,False,East,1,2,LEVEL,False,False,DRIVER,SAME DIRECTION SIDESWIPE,DRY,DARK LIGHTS ON,NO CONTROLS,NON INTERSECTION,UNKNOWN,STRAIGHT,NO DEFECTS,"TWO-WAY, NOT DIVIDED",38.99912654,-77.0172947,8825017167010994,3912318926152506,0,0,0,2021122822,7703596439001907,Honda,2011,Accord,Compact Cars,4.0,2.4,Automatic 5,FWD,Regular Gasoline,22,32,WAYNE AVE,County,DALE DR,County,3912318926152506,20910,SILVER SPRING,82846.1568889,126320091.137,39.00190768010143,-77.03596497235911,9.3465,46.142807,0.4,0.4,0.0,7.69592,79.21575,211228227035990019,2021-12-28 22:00:00,22,PM,362,1,Tuesday,0,12,December,2021,0,Unknown