ReportNumber,VehicleCrashKey,DriverAtFault,DriverInjurySeverity,DriverSubstanceAbuse,DriverDistractedBy,VehicleType,VehicleMovement,VehicleGoingDir,VehicleDamageExtent,SpeedLimit,ParkedVehicle,SubstanceAbuseContributed,VehiclesCrashedTotal,VehicleKey,LocalCaseNumber,AgencyName,ACRSReportType,HitRun,LaneDirection,LaneNumber,NumberOfLanes,RoadGrade,NonTraffic,OffRoadIncident,AccidentAtFault,CollisionType,SurfaceCondition,Light,TrafficControl,Junction,IntersectionType,RoadAlignment,RoadCondition,RoadDivision,Latitude,Longitude,RoadKey_x,CrossStreetKey,NonMotoristTotal,NonMotoristInjury,NonMotoristFatal,DateHourKey,LocationAreaKey,Make,Year_x,BaseModel,BodyClass,Cylinders,Displacement,Transmission,Drivetrain,FuelType,CityMPG,HighwayMPG,RoadName_x,RouteType_x,RoadName_y,RouteType_y,RoadKey_y,Zipcode,MailCity,ShapeLength,ShapeArea,CentroidLatitude,CentroidLongitude,Temperature,Humidity,Precipitation,Rain,Snow,WindSpeed,WindDirection,WeatherKey,Datetime,Hour,TimeOfDay,DayNumber,WeekDayNumber,WeekDayName,WeekendFlag,MonthNumber,MonthName,Year_y,HolidayFlag,HolidayName
MCP3038005L,9A7684823F3649FCAF5A60B649804C37,True,NO APPARENT INJURY,UNKNOWN,LOOKED BUT DID NOT SEE,PASSENGER,BACKING,South,UNKNOWN,10,False,False,2,9123397514747065,220000471,Montgomery County Police,Property Damage ,True,UNKNOWN,0,0,UNKNOWN,True,True,DRIVER,SAME DIR REAR END,UNKNOWN,DARK LIGHTS ON,NO CONTROLS,UNKNOWN,UNKNOWN,UNKNOWN,UNKNOWN,UNKNOWN,38.99397634,-77.02501262,7781945108562677,7781945108562677,0,0,0,2021122904,7703596439001907,Toyota,2010,FJ Cruiser,Sport Utility Vehicle - 4WD,6.0,4.0,Automatic 5,4WD,Regular Gasoline,17,19,UNKNOWN,UNKNOWN,UNKNOWN,UNKNOWN,7781945108562677,20910,SILVER SPRING,82846.1568889,126320091.137,39.00190768010143,-77.03596497235911,7.7465,83.32564,0.0,0.0,0.0,5.815978,68.19853,211229047035990019,2021-12-29 04:00:00,4,AM,363,2,Wednesday,0,12,December,2021,0,Unknown
MCP3038005L,1FDA31A29F564F2E9004E96FD8AD1116,False,NO APPARENT INJURY,UNKNOWN,NOT DISTRACTED,PASSENGER,STOPPED IN TRAFFIC LANE,North,SUPERFICIAL,10,False,False,2,3706795429459167,220000471,Montgomery County Police,Property Damage ,True,UNKNOWN,0,0,UNKNOWN,True,True,DRIVER,SAME DIR REAR END,UNKNOWN,DARK LIGHTS ON,NO CONTROLS,UNKNOWN,UNKNOWN,UNKNOWN,UNKNOWN,UNKNOWN,38.99397634,-77.02501262,7781945108562677,7781945108562677,0,0,0,2021122904,7703596439001907,Mercedes-Benz,0,Unknown,Unknown,0.0,0.0,Unknown,Unknown,Unknown,0,0,UNKNOWN,UNKNOWN,UNKNOWN,UNKNOWN,7781945108562677,20910,SILVER SPRING,82846.1568889,126320091.137,39.00190768010143,-77.03596497235911,7.7465,83.32564,0.0,0.0,0.0,5.815978,68.19853,211229047035990019,2021-12-29 04:00:00,4,AM,363,2,Wednesday,0,12,December,2021,0,Unknown
MCP204600CW,4EAC5F968C3F4B648FFE6D119A39F26A,True,NO APPARENT INJURY,NONE,NOT DISTRACTED,PASSENGER,MOVING CONSTANT SPEED,South,DISABLING,35,False,False,3,3652012040202359,21053070,Montgomery County Police,Property Damage ,False,South,2,3,HILL UPHILL,False,False,DRIVER,SAME DIR REAR END,DRY,DAYLIGHT,TRAFFIC SIGNAL,INTERSECTION RELATED,T-INTERSECTION,STRAIGHT,UNKNOWN,"TWO-WAY, NOT DIVIDED",39.01310033,-77.0418665,8554262040045692,2262757322158515,0,0,0,2021122916,7703596439001907,Chevrolet,2000,Prizm,Compact Cars,4.0,1.8,Automatic 3,FWD,Regular Gasoline,24,34,GEORGIA AVE,Maryland (State),CAPITAL BELTWAY,Interstate (State),2262757322158515,20910,SILVER SPRING,82846.1568889,126320091.137,39.00190768010143,-77.03596497235911,14.3465,74.36778,0.0,0.0,0.0,4.2136917,109.98319,211229167035990019,2021-12-29 16:00:00,16,PM,363,2,Wednesday,0,12,December,2021,0,Unknown
MCP204600CW,98FE81DD523A4C90BEF681CFF624C643,False,NO APPARENT INJURY,NONE,NOT DISTRACTED,PASSENGER,STOPPED IN TRAFFIC LANE,South,FUNCTIONAL,35,False,False,3,3777471212635933,21053070,Montgomery County Police,Property Damage ,False,South,2,3,HILL UPHILL,False,False,DRIVER,SAME DIR REAR END,DRY,DAYLIGHT,TRAFFIC SIGNAL,INTERSECTION RELATED,T-INTERSECTION,STRAIGHT,UNKNOWN,"TWO-WAY, NOT DIVIDED",39.01310033,-77.0418665,8554262040045692,2262757322158515,0,0,0,2021122916,7703596439001907,Ford,2017,Explorer,Standard Sport Utility Vehicle 4WD,6.0,3.5,Automatic 6,AWD,Regular Gasoline,16,23,GEORGIA AVE,Maryland (State),CAPITAL BELTWAY,Interstate (State),2262757322158515,20910,SILVER SPRING,82846.1568889,126320091.137,39.00190768010143,-77.03596497235911,14.3465,74.36778,0.0,0.0,0.0,4.2136917,109.98319,211229167035990019,2021-12-29 16:00:00,16,PM,363,2,Wednesday,0,12,December,2021,0,Unknown
MCP204600CW,80B510A768B247009E9C781584D43248,False,NO APPARENT INJURY,NONE,NOT DISTRACTED,PASSENGER,STOPPED IN TRAFFIC LANE,South,DISABLING,35,False,False,3,7004010272090074,21053070,Montgomery County Police,Property Damage ,False,South,2,3,HILL UPHILL,False,False,DRIVER,SAME DIR REAR END,DRY,DAYLIGHT,TRAFFIC SIGNAL,INTERSECTION RELATED,T-INTERSECTION,STRAIGHT,UNKNOWN,"TWO-WAY, NOT DIVIDED",39.01310033,-77.0418665,8554262040045692,2262757322158515,0,0,0,2021122916,7703596439001907,Honda,2018,Civic,Compact Cars,4.0,1.5,Manual 6,FWD,Regular Gasoline,28,38,GEORGIA AVE,Maryland (State),CAPITAL BELTWAY,Interstate (State),2262757322158515,20910,SILVER SPRING,82846.1568889,126320091.137,39.00190768010143,-77.03596497235911,14.3465,74.36778,0.0,0.0,0.0,4.2136917,109.98319,211229167035990019,2021-12-29 16:00:00,16,PM,363,2,Wednesday,0,12,December,2021,0,Unknown
MCP20390071,041136683EA94D858967A5C52C4040B9,True,NO APPARENT INJURY,UNKNOWN,TALKING OR LISTENING TO CELLULAR PHONE,PASSENGER,MOVING CONSTANT SPEED,South,FUNCTIONAL,5,False,False,2,1461480958277477,210053074,Montgomery County Police,Property Damage ,False,UNKNOWN,0,0,UNKNOWN,True,True,DRIVER,STRAIGHT MOVEMENT ANGLE,UNKNOWN,DAYLIGHT,UNKNOWN,UNKNOWN,UNKNOWN,UNKNOWN,UNKNOWN,UNKNOWN,39.09131167,-77.04713,7781945108562677,7781945108562677,0,0,0,2021122916,7705486039088590,Kia,2018,Sorento,Small Sport Utility Vehicle 4WD,4.0,3.3,Automatic 6,AWD,Regular Gasoline,18,25,UNKNOWN,UNKNOWN,UNKNOWN,UNKNOWN,7781945108562677,20906,SILVER SPRING,133207.174949,359110751.771,39.08859082555049,-77.05486091907257,15.0325,73.010216,0.0,0.0,0.0,2.16,90.0,211229167054890885,2021-12-29 16:00:00,16,PM,363,2,Wednesday,0,12,December,2021,0,Unknown
MCP20390071,A17A017A71364862ABC5B25B144D71E5,False,NO APPARENT INJURY,UNKNOWN,NOT DISTRACTED,PASSENGER,UNKNOWN,East,FUNCTIONAL,5,False,False,2,4223640546324938,210053074,Montgomery County Police,Property Damage ,False,UNKNOWN,0,0,UNKNOWN,True,True,DRIVER,STRAIGHT MOVEMENT ANGLE,UNKNOWN,DAYLIGHT,UNKNOWN,UNKNOWN,UNKNOWN,UNKNOWN,UNKNOWN,UNKNOWN,39.09131167,-77.04713,7781945108562677,7781945108562677,0,0,0,2021122916,7705486039088590,Nissan,2015,Versa,Compact Cars,4.0,1.6,Automatic 4,FWD,Regular Gasoline,26,35,UNKNOWN,UNKNOWN,UNKNOWN,UNKNOWN,7781945108562677,20906,SILVER SPRING,133207.174949,359110751.771,39.08859082555049,-77.05486091907257,15.0325,73.010216,0.0,0.0,0.0,2.16,90.0,211229167054890885,2021-12-29 16:00:00,16,PM,363,2,Wednesday,0,12,December,2021,0,Unknown
MCP2917008Q,2955F375F8E1406C8538D19D8C8B25E1,False,NO APPARENT INJURY,NONE,NOT DISTRACTED,PASSENGER,MOVING CONSTANT SPEED,East,FUNCTIONAL,35,False,False,2,5651757887089033,210053089,Montgomery County Police,Injury ,False,East,0,2,LEVEL,False,False,DRIVER,HEAD ON LEFT TURN,DRY,DARK NO LIGHTS,TRAFFIC SIGNAL,INTERSECTION,FOUR-WAY INTERSECTION,STRAIGHT,NO DEFECTS,"TWO-WAY, NOT DIVIDED",39.06315833,-77.0734,1627793738140795,3597642028494755,0,0,0,2021122917,7705486039088590,Subaru,2016,WRX,Compact Cars,4.0,2.0,Manual 6,AWD,Premium Gasoline,17,23,CONNECTICUT AVE,Maryland (State),WELLER RD,County,3597642028494755,20906,SILVER SPRING,133207.174949,359110751.771,39.08859082555049,-77.05486091907257,14.0325,78.14018,0.0,0.0,0.0,5.154415,114.775116,211229177054890885,2021-12-29 17:00:00,17,PM,363,2,Wednesday,0,12,December,2021,0,Unknown
MCP2917008Q,DAF1E651D898438480BE73072BEB08EB,True,POSSIBLE INJURY,NONE,NOT DISTRACTED,PASSENGER,MAKING LEFT TURN,West,DISABLING,35,False,False,2,2446108541552243,210053089,Montgomery County Police,Injury ,False,East,0,2,LEVEL,False,False,DRIVER,HEAD ON LEFT TURN,DRY,DARK NO LIGHTS,TRAFFIC SIGNAL,INTERSECTION,FOUR-WAY INTERSECTION,STRAIGHT,NO DEFECTS,"TWO-WAY, NOT DIVIDED",39.06315833,-77.0734,1627793738140795,3597642028494755,0,0,0,2021122917,7705486039088590,Mazda,2017,CX-5,Small Sport Utility Vehicle 2WD,4.0,2.5,Automatic 6,4WD,Regular Gasoline,23,29,CONNECTICUT AVE,Maryland (State),WELLER RD,County,3597642028494755,20906,SILVER SPRING,133207.174949,359110751.771,39.08859082555049,-77.05486091907257,14.0325,78.14018,0.0,0.0,0.0,5.154415,114.775116,211229177054890885,2021-12-29 17:00:00,17,PM,363,2,Wednesday,0,12,December,2021,0,Unknown
MCP2917008S,D6D795EFDD5842A4B8FEB3265CDF1BBB,True,NO APPARENT INJURY,NONE,LOOKED BUT DID NOT SEE,PASSENGER,ACCELERATING,East,SUPERFICIAL,15,False,False,2,9530107283453070,210052972,Montgomery County Police,Property Damage ,False,East,1,1,LEVEL,False,False,DRIVER,STRAIGHT MOVEMENT ANGLE,DRY,DARK LIGHTS ON,NO CONTROLS,COMMERCIAL DRIVEWAY,T-INTERSECTION,STRAIGHT,NO DEFECTS,"TWO-WAY, NOT DIVIDED",39.08012636,-77.07992834,4115245564239867,1627793738140795,0,0,0,2021122918,7705486039088590,Nissan,2014,Rogue,Small Sport Utility Vehicle 2WD,4.0,2.5,Automatic CVT,AWD,Regular Gasoline,25,27,ASPEN HILL RD,County,CONNECTICUT AVE,Maryland (State),1627793738140795,20906,SILVER SPRING,133207.174949,359110751.771,39.08859082555049,-77.05486091907257,11.382501,86.632996,0.0,0.0,0.0,9.114471,99.090195,211229187054890885,2021-12-29 18:00:00,18,PM,363,2,Wednesday,0,12,December,2021,0,Unknown
MCP2917008S,BF6694A9B42C4484B6A3047077F65781,False,NO APPARENT INJURY,NONE,NOT DISTRACTED,PASSENGER,MOVING CONSTANT SPEED,East,SUPERFICIAL,15,False,False,2,2553140357844959,210052972,Montgomery County Police,Property Damage ,False,East,1,1,LEVEL,False,False,DRIVER,STRAIGHT MOVEMENT ANGLE,DRY,DARK LIGHTS ON,NO CONTROLS,COMMERCIAL DRIVEWAY,T-INTERSECTION,STRAIGHT,NO DEFECTS,"TWO-WAY, NOT DIVIDED",39.08012636,-77.07992834,4115245564239867,1627793738140795,0,0,0,2021122918,7705486039088590,BMW,2012,X5,Sport Utility Vehicle - 4WD,6.0,3.0,Automatic 6,AWD,Premium Gasoline,12,17,ASPEN HILL RD,County,CONNECTICUT AVE,Maryland (State),1627793738140795,20906,SILVER SPRING,133207.174949,359110751.771,39.08859082555049,-77.05486091907257,11.382501,86.632996,0.0,0.0,0.0,9.114471,99.090195,211229187054890885,2021-12-29 18:00:00,18,PM,363,2,Wednesday,0,12,December,2021,0,Unknown
MCP1220008D,0364CFCAA8C54A6D8BE93094AA494883,False,NO APPARENT INJURY,NONE,NOT DISTRACTED,PASSENGER,MOVING CONSTANT SPEED,North,DISABLING,35,False,False,2,7285497949295904,210053097,Montgomery County Police,Injury ,False,North,1,4,LEVEL,False,False,DRIVER,SAME DIRECTION LEFT TURN,WET,DARK LIGHTS ON,UNKNOWN,NON INTERSECTION,UNKNOWN,STRAIGHT,NO DEFECTS,"TWO-WAY, NOT DIVIDED",39.0113615,-77.041229,8554262040045692,4497651537622044,0,0,0,2021122918,7703596439001907,Honda,2009,Civic,Subcompact Cars,4.0,1.8,Automatic 5,FWD,Regular Gasoline,21,36,GEORGIA AVE,Maryland (State),LOCUST GROVE RD,County,4497651537622044,20910,SILVER SPRING,82846.1568889,126320091.137,39.00190768010143,-77.03596497235911,11.7465,83.521065,0.0,0.0,0.0,8.4042845,99.865746,211229187035990019,2021-12-29 18:00:00,18,PM,363,2,Wednesday,0,12,December,2021,0,Unknown
MCP1220008D,D107E885A1C24DC6907EA72B7547CB09,True,POSSIBLE INJURY,NONE,UNKNOWN,PASSENGER,CHANGING LANES,North,DISABLING,35,False,False,2,1857375348403831,210053097,Montgomery County Police,Injury ,False,North,1,4,LEVEL,False,False,DRIVER,SAME DIRECTION LEFT TURN,WET,DARK LIGHTS ON,UNKNOWN,NON INTERSECTION,UNKNOWN,STRAIGHT,NO DEFECTS,"TWO-WAY, NOT DIVIDED",39.0113615,-77.041229,8554262040045692,4497651537622044,0,0,0,2021122918,7703596439001907,Nissan,2017,Murano,Midsize Station Wagons,6.0,3.5,Automatic 7,AWD,Regular Gasoline,21,28,GEORGIA AVE,Maryland (State),LOCUST GROVE RD,County,4497651537622044,20910,SILVER SPRING,82846.1568889,126320091.137,39.00190768010143,-77.03596497235911,11.7465,83.521065,0.0,0.0,0.0,8.4042845,99.865746,211229187035990019,2021-12-29 18:00:00,18,PM,363,2,Wednesday,0,12,December,2021,0,Unknown
MCP3093003J,715727BB96C94B6D9D3C298B7E2DFB91,False,NO APPARENT INJURY,UNKNOWN,LOOKED BUT DID NOT SEE,BUS,MOVING CONSTANT SPEED,West,SUPERFICIAL,35,False,False,2,240722642832247,210053111,Montgomery County Police,Property Damage ,False,West,1,2,HILL UPHILL,False,False,UNKNOWN,OTHER,WET,DARK LIGHTS ON,UNKNOWN,UNKNOWN,UNKNOWN,STRAIGHT,NO DEFECTS,"TWO-WAY, DIVIDED, POSITIVE MEDIAN BARRIER",38.99516167,-77.04647667,4570729910170239,6739461664500198,0,0,0,2021122919,7703596439001907,Gillig,0,Unknown,Unknown,0.0,0.0,Unknown,Unknown,Unknown,0,0,EAST WEST HWY,Maryland (State),SUNDALE DR,County,6739461664500198,20910,SILVER SPRING,82846.1568889,126320091.137,39.00190768010143,-77.03596497235911,10.8465,82.00853,0.0,0.0,0.0,9.007196,92.29056,211229197035990019,2021-12-29 19:00:00,19,PM,363,2,Wednesday,0,12,December,2021,0,Unknown
MCP3093003J,69D38AD37DFB4D74A7D48BECD834137A,False,NO APPARENT INJURY,UNKNOWN,LOOKED BUT DID NOT SEE,PASSENGER,MOVING CONSTANT SPEED,West,FUNCTIONAL,35,False,False,2,2815627368005804,210053111,Montgomery County Police,Property Damage ,False,West,1,2,HILL UPHILL,False,False,UNKNOWN,OTHER,WET,DARK LIGHTS ON,UNKNOWN,UNKNOWN,UNKNOWN,STRAIGHT,NO DEFECTS,"TWO-WAY, DIVIDED, POSITIVE MEDIAN BARRIER",38.99516167,-77.04647667,4570729910170239,6739461664500198,0,0,0,2021122919,7703596439001907,Honda,2016,Accord,Midsize Cars,4.0,2.4,Automatic 6,FWD,Regular Gasoline,21,33,EAST WEST HWY,Maryland (State),SUNDALE DR,County,6739461664500198,20910,SILVER SPRING,82846.1568889,126320091.137,39.00190768010143,-77.03596497235911,10.8465,82.00853,0.0,0.0,0.0,9.007196,92.29056,211229197035990019,2021-12-29 19:00:00,19,PM,363,2,Wednesday,0,12,December,2021,0,Unknown
MCP1531000W,C96D790A94CF4330A625375CE195D9EB,True,NO APPARENT INJURY,NONE,NOT DISTRACTED,PASSENGER,MOVING CONSTANT SPEED,East,DISABLING,35,False,False,1,7285498167404951,210053122,Montgomery County Police,Property Damage ,False,East,0,1,LEVEL,False,False,DRIVER,SINGLE VEHICLE,WET,DARK LIGHTS ON,NO CONTROLS,NON INTERSECTION,UNKNOWN,STRAIGHT,NO DEFECTS,"TWO-WAY, NOT DIVIDED",39.00022967,-77.176463,1363718650800826,8659486064429145,0,0,0,2021122921,7715220038996189,Honda,2004,Civic,Compact Cars,4.0,1.7,Manual 5,FWD,Regular Gasoline,26,34,RIVER RD,Maryland (State),BRADLEY BLVD,Maryland (State),8659486064429145,20817,BETHESDA,143234.920079,403664948.588,38.996189145680184,-77.15220044157795,8.792999,99.6628,1.5,1.5,0.0,10.8955765,97.59455,211229217152289961,2021-12-29 21:00:00,21,PM,363,2,Wednesday,0,12,December,2021,0,Unknown
DM8493000Q,2E5A9591C79041B1BABF473A5B7DE29E,True,NO APPARENT INJURY,UNKNOWN,UNKNOWN,PASSENGER,MOVING CONSTANT SPEED,East,FUNCTIONAL,30,False,False,2,2408098578175280,210053127,Takoma Park Police Depart,Property Damage ,True,East,0,3,LEVEL,False,False,DRIVER,STRAIGHT MOVEMENT ANGLE,WET,DARK LIGHTS ON,UNKNOWN,INTERSECTION,FOUR-WAY INTERSECTION,STRAIGHT,UNKNOWN,"TWO-WAY, DIVIDED, POSITIVE MEDIAN BARRIER",38.99264763,-76.9915333,5005946941929880,7881664133005444,0,0,0,2021122923,7700204038982546,Ford,2015,Focus,Compact Cars,4.0,2.0,Automatic 6,FWD,Regular Gasoline,26,35,UNIVERSITY BLVD E,Maryland (State),MERRIMAC DR,Municipality,7881664133005444,20912,TAKOMA PARK,51232.0653417,65209197.2692,38.98254687160147,-77.00204079343348,9.048,96.02703,1.0,1.0,0.0,7.386582,46.97493,211229237002089825,2021-12-29 23:00:00,23,PM,363,2,Wednesday,0,12,December,2021,0,Unknown
DM8493000Q,790F0DE7B7D24B69BC4C3E8AE025EDF9,False,NO APPARENT INJURY,UNKNOWN,NOT DISTRACTED,PASSENGER,MOVING CONSTANT SPEED,South,FUNCTIONAL,30,False,False,2,7285498133849713,210053127,Takoma Park Police Depart,Property Damage ,True,East,0,3,LEVEL,False,False,DRIVER,STRAIGHT MOVEMENT ANGLE,WET,DARK LIGHTS ON,UNKNOWN,INTERSECTION,FOUR-WAY INTERSECTION,STRAIGHT,UNKNOWN,"TWO-WAY, DIVIDED, POSITIVE MEDIAN BARRIER",38.99264763,-76.9915333,5005946941929880,7881664133005444,0,0,0,2021122923,7700204038982546,Honda,2002,Civic,Compact Cars,4.0,1.7,Manual 5,FWD,Regular Gasoline,26,36,UNIVERSITY BLVD E,Maryland (State),MERRIMAC DR,Municipality,7881664133005444,20912,TAKOMA PARK,51232.0653417,65209197.2692,38.98254687160147,-77.00204079343348,9.048,96.02703,1.0,1.0,0.0,7.386582,46.97493,211229237002089825,2021-12-29 23:00:00,23,PM,363,2,Wednesday,0,12,December,2021,0,Unknown
MCP20390072,01971AC75F71494A884B697D98959244,False,NO APPARENT INJURY,UNKNOWN,NOT DISTRACTED,PASSENGER,MOVING CONSTANT SPEED,East,SUPERFICIAL,25,False,False,2,5115928390379342,210053169,Montgomery County Police,Property Damage ,False,North,1,1,LEVEL,False,False,DRIVER,HEAD ON LEFT TURN,WET,DAYLIGHT,NO CONTROLS,UNKNOWN,UNKNOWN,STRAIGHT,NO DEFECTS,"TWO-WAY, NOT DIVIDED",39.075845,-77.07446167,1242379577104961,517697458473908,0,0,0,2021123010,7705486039088590,Honda,2007,Pilot,Sport Utility Vehicle - 2WD,6.0,3.5,Automatic 5,AWD,Regular Gasoline,15,20,RALPH RD,County,GALVEZ ST,County,517697458473908,20906,SILVER SPRING,133207.174949,359110751.771,39.08859082555049,-77.05486091907257,8.2825,100.0,0.2,0.2,0.0,2.9024127,119.74479,211230107054890885,2021-12-30 10:00:00,10,AM,364,3,Thursday,0,12,December,2021,0,Unknown
MCP20390072,707D272EBA50400985A2C8E10CDDCDAA,True,NO APPARENT INJURY,UNKNOWN,NOT DISTRACTED,PASSENGER,MAKING LEFT TURN,West,SUPERFICIAL,25,False,False,2,7004010053981027,210053169,Montgomery County Police,Property Damage ,False,North,1,1,LEVEL,False,False,DRIVER,HEAD ON LEFT TURN,WET,DAYLIGHT,NO CONTROLS,UNKNOWN,UNKNOWN,STRAIGHT,NO DEFECTS,"TWO-WAY, NOT DIVIDED",39.075845,-77.07446167,1242379577104961,517697458473908,0,0,0,2021123010,7705486039088590,Honda,2017,Civic,Compact Cars,4.0,1.5,Manual 6,FWD,Regular Gasoline,30,39,RALPH RD,County,GALVEZ ST,County,517697458473908,20906,SILVER SPRING,133207.174949,359110751.771,39.08859082555049,-77.05486091907257,8.2825,100.0,0.2,0.2,0.0,2.9024127,119.74479,211230107054890885,2021-12-30 10:00:00,10,AM,364,3,Thursday,0,12,December,2021,0,Unknown
MCP2372003X,92E0C0A7D377462EAFA90DE94801AF35,False,NO APPARENT INJURY,NONE,NOT DISTRACTED,PASSENGER,SLOWING OR STOPPING,South,FUNCTIONAL,40,False,False,2,6148504880939069,210053168,Montgomery County Police,Property Damage ,False,South,3,3,LEVEL,False,False,DRIVER,SAME DIR REAR END,WET,DAYLIGHT,NO CONTROLS,INTERSECTION,UNKNOWN,STRAIGHT,NO DEFECTS,"TWO-WAY, DIVIDED, POSITIVE MEDIAN BARRIER",39.026559,-77.12633617,4494898042244063,6829153251446906,0,0,0,2021123010,7715220038996189,Honda,2008,CR-V,Sport Utility Vehicle - 2WD,4.0,2.4,Automatic 5,AWD,Regular Gasoline,20,26,OLD GEORGETOWN RD,Maryland (State),ENT TO GEORGETOWN SQUARE,UNKNOWN,6829153251446906,20817,BETHESDA,143234.920079,403664948.588,38.996189145680184,-77.15220044157795,8.792999,100.0,0.8,0.8,0.0,3.096837,144.46223,211230107152289961,2021-12-30 10:00:00,10,AM,364,3,Thursday,0,12,December,2021,0,Unknown
MCP2372003X,9F2ED679E9454B70A500DEC9563BE1EB,True,NO APPARENT INJURY,NONE,NOT DISTRACTED,PASSENGER,SLOWING OR STOPPING,South,DISABLING,40,False,False,2,8160280829902482,210053168,Montgomery County Police,Property Damage ,False,South,3,3,LEVEL,False,False,DRIVER,SAME DIR REAR END,WET,DAYLIGHT,NO CONTROLS,INTERSECTION,UNKNOWN,STRAIGHT,NO DEFECTS,"TWO-WAY, DIVIDED, POSITIVE MEDIAN BARRIER",39.026559,-77.12633617,4494898042244063,6829153251446906,0,0,0,2021123010,7715220038996189,Toyota,1998,Corolla,Compact Cars,4.0,1.8,Automatic 3,FWD,Regular Gasoline,24,30,OLD GEORGETOWN RD,Maryland (State),ENT TO GEORGETOWN SQUARE,UNKNOWN,6829153251446906,20817,BETHESDA,143234.920079,403664948.588,38.996189145680184,-77.15220044157795,8.792999,100.0,0.8,0.8,0.0,3.096837,144.46223,211230107152289961,2021-12-30 10:00:00,10,AM,364,3,Thursday,0,12,December,2021,0,Unknown
MCP12020057,71059C630C1D4450824B9B2CCD4F970C,False,NO APPARENT INJURY,NONE,NOT DISTRACTED,PASSENGER,MOVING CONSTANT SPEED,North,DISABLING,30,False,False,2,7004010037203408,210053206,Montgomery County Police,Property Damage ,False,North,0,4,LEVEL,False,False,DRIVER,STRAIGHT MOVEMENT ANGLE,WET,DAYLIGHT,TRAFFIC SIGNAL,INTERSECTION,T-INTERSECTION,STRAIGHT,NO DEFECTS,"TWO-WAY, DIVIDED, POSITIVE MEDIAN BARRIER",38.97574833,-77.10552333,8659486064429145,4534450561785329,0,0,0,2021123013,7707842038983818,Honda,2016,Civic,Compact Cars,4.0,2.0,Automatic CVT,FWD,Regular Gasoline,30,37,BRADLEY BLVD,Maryland (State),GOLDSBORO RD,Maryland (State),4534450561785329,20815,CHEVY CHASE,78258.2702851,151813895.483,38.98381860627773,-77.07842006190148,9.5745,95.39741,0.2,0.2,0.0,5.00128,120.256355,211230137078489838,2021-12-30 13:00:00,13,PM,364,3,Thursday,0,12,December,2021,0,Unknown
MCP12020057,A796981352FB4B67BF151B0F730CFFD3,True,NO APPARENT INJURY,NONE,NOT DISTRACTED,PASSENGER,MAKING LEFT TURN,South,FUNCTIONAL,30,False,False,2,3063454744957208,210053206,Montgomery County Police,Property Damage ,False,North,0,4,LEVEL,False,False,DRIVER,STRAIGHT MOVEMENT ANGLE,WET,DAYLIGHT,TRAFFIC SIGNAL,INTERSECTION,T-INTERSECTION,STRAIGHT,NO DEFECTS,"TWO-WAY, DIVIDED, POSITIVE MEDIAN BARRIER",38.97574833,-77.10552333,8659486064429145,4534450561785329,0,0,0,2021123013,7707842038983818,Ford,2019,F150,Standard Pickup Trucks 4WD,6.0,3.5,Automatic 10,4WD,Regular Gasoline,17,25,BRADLEY BLVD,Maryland (State),GOLDSBORO RD,Maryland (State),4534450561785329,20815,CHEVY CHASE,78258.2702851,151813895.483,38.98381860627773,-77.07842006190148,9.5745,95.39741,0.2,0.2,0.0,5.00128,120.256355,211230137078489838,2021-12-30 13:00:00,13,PM,364,3,Thursday,0,12,December,2021,0,Unknown
MCP3200004L,0A031775E1E44475ABD02252D06ED91B,False,NO APPARENT INJURY,NONE,NOT DISTRACTED,PASSENGER,MAKING LEFT TURN,North,FUNCTIONAL,35,False,False,2,8243785710568087,210053213,Montgomery County Police,Property Damage ,False,North,1,3,LEVEL,False,False,DRIVER,SAME DIR REAR END,WET,DAYLIGHT,NO CONTROLS,INTERSECTION,FOUR-WAY INTERSECTION,STRAIGHT,NO DEFECTS,"TWO-WAY, DIVIDED, POSITIVE MEDIAN BARRIER",38.9889435,-77.0956955,7307765282026999,7677905177989486,0,0,0,2021123015,7710072538987731,Toyota,2011,Camry,Midsize Cars,4.0,2.5,Automatic 6,FWD,Regular Gasoline,22,29,WISCONSIN AVE,Maryland (State),FAIRMONT AVE,County,7677905177989486,20814,BETHESDA,46411.6876883,47837334.4314,38.98773167577017,-77.10072590539887,11.1485,87.19578,0.0,0.0,0.0,8.891344,158.62932,211230157100789877,2021-12-30 15:00:00,15,PM,364,3,Thursday,0,12,December,2021,0,Unknown
MCP3200004L,3831586DFEB140679591B73290F575C7,True,NO APPARENT INJURY,NONE,UNKNOWN,PASSENGER,MOVING CONSTANT SPEED,North,FUNCTIONAL,35,False,False,2,5552969887419870,210053213,Montgomery County Police,Property Damage ,False,North,1,3,LEVEL,False,False,DRIVER,SAME DIR REAR END,WET,DAYLIGHT,NO CONTROLS,INTERSECTION,FOUR-WAY INTERSECTION,STRAIGHT,NO DEFECTS,"TWO-WAY, DIVIDED, POSITIVE MEDIAN BARRIER",38.9889435,-77.0956955,7307765282026999,7677905177989486,0,0,0,2021123015,7710072538987731,Chevrolet,2017,Silverado,Standard Pickup Trucks 2WD,8.0,5.3,Automatic 6,4WD,Regular Gasoline,16,22,WISCONSIN AVE,Maryland (State),FAIRMONT AVE,County,7677905177989486,20814,BETHESDA,46411.6876883,47837334.4314,38.98773167577017,-77.10072590539887,11.1485,87.19578,0.0,0.0,0.0,8.891344,158.62932,211230157100789877,2021-12-30 15:00:00,15,PM,364,3,Thursday,0,12,December,2021,0,Unknown